============================================================
🔥 VILONA DAEMON INITIALIZED
   Adaptive Learning: ENABLED
   RR Target: 2:1 minimum
   Loop interval: 15 minutes
============================================================

────────────────────────────────────────────────────────────
CYCLE #1
────────────────────────────────────────────────────────────

============================================================
🤖 VILONA DAEMON — 2026-06-01 09:33:04 WIB
============================================================
📈 Adaptive: OBI threshold=0.20, WR=N/A
📍 Active positions: 0
🔄 Running screening cycle...

============================================================
🤖 VILONA AUTONOMOUS TRADER — 2026-06-01 09:33:07 WIB
   Session: OFF_SESSION | Daily PnL: $0.00
============================================================
Traceback (most recent call last):
  File "/home/openclaw/projects/1ai-trade-bot/engines/bitget/scripts/vilona_autonomous_trader.py", line 1171, in <module>
    main()
    ~~~~^^
  File "/home/openclaw/projects/1ai-trade-bot/engines/bitget/scripts/vilona_autonomous_trader.py", line 1167, in main
    trader.run_screening_cycle()
    ~~~~~~~~~~~~~~~~~~~~~~~~~~^^
  File "/home/openclaw/projects/1ai-trade-bot/engines/bitget/scripts/vilona_autonomous_trader.py", line 962, in run_screening_cycle
    macro_risk_mult = self._run_macro_filter()
                      ^^^^^^^^^^^^^^^^^^^^^^
AttributeError: 'VilonaTrader' object has no attribute '_run_macro_filter'
⚠️ Screening returned exit code: 256

💤 Sleeping 15 min until 09:48:08...

────────────────────────────────────────────────────────────
CYCLE #2
────────────────────────────────────────────────────────────

============================================================
🤖 VILONA DAEMON — 2026-06-01 09:48:08 WIB
============================================================
📈 Adaptive: OBI threshold=0.20, WR=N/A
📍 Active positions: 0
🔄 Running screening cycle...

============================================================
🤖 VILONA AUTONOMOUS TRADER — 2026-06-01 09:48:11 WIB
   Session: OFF_SESSION | Daily PnL: $0.00
============================================================
Traceback (most recent call last):
  File "/home/openclaw/projects/1ai-trade-bot/engines/bitget/scripts/vilona_autonomous_trader.py", line 1171, in <module>
    main()
    ~~~~^^
  File "/home/openclaw/projects/1ai-trade-bot/engines/bitget/scripts/vilona_autonomous_trader.py", line 1167, in main
    trader.run_screening_cycle()
    ~~~~~~~~~~~~~~~~~~~~~~~~~~^^
  File "/home/openclaw/projects/1ai-trade-bot/engines/bitget/scripts/vilona_autonomous_trader.py", line 962, in run_screening_cycle
    macro_risk_mult = self._run_macro_filter()
                      ^^^^^^^^^^^^^^^^^^^^^^
AttributeError: 'VilonaTrader' object has no attribute '_run_macro_filter'
⚠️ Screening returned exit code: 256

💤 Sleeping 15 min until 10:03:11...

────────────────────────────────────────────────────────────
CYCLE #3
────────────────────────────────────────────────────────────

============================================================
🤖 VILONA DAEMON — 2026-06-01 10:03:11 WIB
============================================================
📈 Adaptive: OBI threshold=0.20, WR=N/A
📍 Active positions: 0
🔄 Running screening cycle...

============================================================
🤖 VILONA AUTONOMOUS TRADER — 2026-06-01 10:03:14 WIB
   Session: OFF_SESSION | Daily PnL: $0.00
============================================================
Traceback (most recent call last):
  File "/home/openclaw/projects/1ai-trade-bot/engines/bitget/scripts/vilona_autonomous_trader.py", line 1171, in <module>
    main()
    ~~~~^^
  File "/home/openclaw/projects/1ai-trade-bot/engines/bitget/scripts/vilona_autonomous_trader.py", line 1167, in main
    trader.run_screening_cycle()
    ~~~~~~~~~~~~~~~~~~~~~~~~~~^^
  File "/home/openclaw/projects/1ai-trade-bot/engines/bitget/scripts/vilona_autonomous_trader.py", line 962, in run_screening_cycle
    macro_risk_mult = self._run_macro_filter()
                      ^^^^^^^^^^^^^^^^^^^^^^
AttributeError: 'VilonaTrader' object has no attribute '_run_macro_filter'
⚠️ Screening returned exit code: 256

💤 Sleeping 15 min until 10:18:15...

────────────────────────────────────────────────────────────
CYCLE #4
────────────────────────────────────────────────────────────

============================================================
🤖 VILONA DAEMON — 2026-06-01 10:18:15 WIB
============================================================
📈 Adaptive: OBI threshold=0.20, WR=N/A
📍 Active positions: 0
🔄 Running screening cycle...

============================================================
🤖 VILONA AUTONOMOUS TRADER — 2026-06-01 10:18:17 WIB
   Session: OFF_SESSION | Daily PnL: $0.00
============================================================
Traceback (most recent call last):
  File "/home/openclaw/projects/1ai-trade-bot/engines/bitget/scripts/vilona_autonomous_trader.py", line 1171, in <module>
    main()
    ~~~~^^
  File "/home/openclaw/projects/1ai-trade-bot/engines/bitget/scripts/vilona_autonomous_trader.py", line 1167, in main
    trader.run_screening_cycle()
    ~~~~~~~~~~~~~~~~~~~~~~~~~~^^
  File "/home/openclaw/projects/1ai-trade-bot/engines/bitget/scripts/vilona_autonomous_trader.py", line 962, in run_screening_cycle
    macro_risk_mult = self._run_macro_filter()
                      ^^^^^^^^^^^^^^^^^^^^^^
AttributeError: 'VilonaTrader' object has no attribute '_run_macro_filter'
⚠️ Screening returned exit code: 256

💤 Sleeping 15 min until 10:33:17...

────────────────────────────────────────────────────────────
CYCLE #5
────────────────────────────────────────────────────────────

============================================================
🤖 VILONA DAEMON — 2026-06-01 10:33:17 WIB
============================================================
📈 Adaptive: OBI threshold=0.20, WR=N/A
📍 Active positions: 0
🔄 Running screening cycle...

============================================================
🤖 VILONA AUTONOMOUS TRADER — 2026-06-01 10:33:20 WIB
   Session: OFF_SESSION | Daily PnL: $0.00
============================================================
Traceback (most recent call last):
  File "/home/openclaw/projects/1ai-trade-bot/engines/bitget/scripts/vilona_autonomous_trader.py", line 1171, in <module>
    main()
    ~~~~^^
  File "/home/openclaw/projects/1ai-trade-bot/engines/bitget/scripts/vilona_autonomous_trader.py", line 1167, in main
    trader.run_screening_cycle()
    ~~~~~~~~~~~~~~~~~~~~~~~~~~^^
  File "/home/openclaw/projects/1ai-trade-bot/engines/bitget/scripts/vilona_autonomous_trader.py", line 962, in run_screening_cycle
    macro_risk_mult = self._run_macro_filter()
                      ^^^^^^^^^^^^^^^^^^^^^^
AttributeError: 'VilonaTrader' object has no attribute '_run_macro_filter'
⚠️ Screening returned exit code: 256

💤 Sleeping 15 min until 10:48:20...

────────────────────────────────────────────────────────────
CYCLE #6
────────────────────────────────────────────────────────────

============================================================
🤖 VILONA DAEMON — 2026-06-01 10:48:20 WIB
============================================================
📈 Adaptive: OBI threshold=0.20, WR=N/A
📍 Active positions: 0
🔄 Running screening cycle...

============================================================
🤖 VILONA AUTONOMOUS TRADER — 2026-06-01 10:48:22 WIB
   Session: OFF_SESSION | Daily PnL: $0.00
============================================================
Traceback (most recent call last):
  File "/home/openclaw/projects/1ai-trade-bot/engines/bitget/scripts/vilona_autonomous_trader.py", line 1171, in <module>
    main()
    ~~~~^^
  File "/home/openclaw/projects/1ai-trade-bot/engines/bitget/scripts/vilona_autonomous_trader.py", line 1167, in main
    trader.run_screening_cycle()
    ~~~~~~~~~~~~~~~~~~~~~~~~~~^^
  File "/home/openclaw/projects/1ai-trade-bot/engines/bitget/scripts/vilona_autonomous_trader.py", line 962, in run_screening_cycle
    macro_risk_mult = self._run_macro_filter()
                      ^^^^^^^^^^^^^^^^^^^^^^
AttributeError: 'VilonaTrader' object has no attribute '_run_macro_filter'
⚠️ Screening returned exit code: 256

💤 Sleeping 15 min until 11:03:23...

────────────────────────────────────────────────────────────
CYCLE #7
────────────────────────────────────────────────────────────

============================================================
🤖 VILONA DAEMON — 2026-06-01 11:03:23 WIB
============================================================
📈 Adaptive: OBI threshold=0.20, WR=N/A
📍 Active positions: 0
🔄 Running screening cycle...

============================================================
🤖 VILONA AUTONOMOUS TRADER — 2026-06-01 11:03:25 WIB
   Session: OFF_SESSION | Daily PnL: $0.00
============================================================
Traceback (most recent call last):
  File "/home/openclaw/projects/1ai-trade-bot/engines/bitget/scripts/vilona_autonomous_trader.py", line 1171, in <module>
    main()
    ~~~~^^
  File "/home/openclaw/projects/1ai-trade-bot/engines/bitget/scripts/vilona_autonomous_trader.py", line 1167, in main
    trader.run_screening_cycle()
    ~~~~~~~~~~~~~~~~~~~~~~~~~~^^
  File "/home/openclaw/projects/1ai-trade-bot/engines/bitget/scripts/vilona_autonomous_trader.py", line 962, in run_screening_cycle
    macro_risk_mult = self._run_macro_filter()
                      ^^^^^^^^^^^^^^^^^^^^^^
AttributeError: 'VilonaTrader' object has no attribute '_run_macro_filter'
⚠️ Screening returned exit code: 256

💤 Sleeping 15 min until 11:18:25...

────────────────────────────────────────────────────────────
CYCLE #8
────────────────────────────────────────────────────────────

============================================================
🤖 VILONA DAEMON — 2026-06-01 11:18:25 WIB
============================================================
📈 Adaptive: OBI threshold=0.20, WR=N/A
📍 Active positions: 0
🔄 Running screening cycle...

============================================================
🤖 VILONA AUTONOMOUS TRADER — 2026-06-01 11:18:28 WIB
   Session: OFF_SESSION | Daily PnL: $0.00
============================================================
Traceback (most recent call last):
  File "/home/openclaw/projects/1ai-trade-bot/engines/bitget/scripts/vilona_autonomous_trader.py", line 1171, in <module>
    main()
    ~~~~^^
  File "/home/openclaw/projects/1ai-trade-bot/engines/bitget/scripts/vilona_autonomous_trader.py", line 1167, in main
    trader.run_screening_cycle()
    ~~~~~~~~~~~~~~~~~~~~~~~~~~^^
  File "/home/openclaw/projects/1ai-trade-bot/engines/bitget/scripts/vilona_autonomous_trader.py", line 962, in run_screening_cycle
    macro_risk_mult = self._run_macro_filter()
                      ^^^^^^^^^^^^^^^^^^^^^^
AttributeError: 'VilonaTrader' object has no attribute '_run_macro_filter'
⚠️ Screening returned exit code: 256

💤 Sleeping 15 min until 11:33:28...

────────────────────────────────────────────────────────────
CYCLE #9
────────────────────────────────────────────────────────────

============================================================
🤖 VILONA DAEMON — 2026-06-01 11:33:28 WIB
============================================================
📈 Adaptive: OBI threshold=0.20, WR=N/A
📍 Active positions: 0
🔄 Running screening cycle...

============================================================
🤖 VILONA AUTONOMOUS TRADER — 2026-06-01 11:33:30 WIB
   Session: OFF_SESSION | Daily PnL: $0.00
============================================================
Traceback (most recent call last):
  File "/home/openclaw/projects/1ai-trade-bot/engines/bitget/scripts/vilona_autonomous_trader.py", line 1171, in <module>
    main()
    ~~~~^^
  File "/home/openclaw/projects/1ai-trade-bot/engines/bitget/scripts/vilona_autonomous_trader.py", line 1167, in main
    trader.run_screening_cycle()
    ~~~~~~~~~~~~~~~~~~~~~~~~~~^^
  File "/home/openclaw/projects/1ai-trade-bot/engines/bitget/scripts/vilona_autonomous_trader.py", line 962, in run_screening_cycle
    macro_risk_mult = self._run_macro_filter()
                      ^^^^^^^^^^^^^^^^^^^^^^
AttributeError: 'VilonaTrader' object has no attribute '_run_macro_filter'
⚠️ Screening returned exit code: 256

💤 Sleeping 15 min until 11:48:30...

────────────────────────────────────────────────────────────
CYCLE #10
────────────────────────────────────────────────────────────

============================================================
🤖 VILONA DAEMON — 2026-06-01 11:48:30 WIB
============================================================
📈 Adaptive: OBI threshold=0.20, WR=N/A
📍 Active positions: 0
🔄 Running screening cycle...

============================================================
🤖 VILONA AUTONOMOUS TRADER — 2026-06-01 11:48:32 WIB
   Session: OFF_SESSION | Daily PnL: $0.00
============================================================
Traceback (most recent call last):
  File "/home/openclaw/projects/1ai-trade-bot/engines/bitget/scripts/vilona_autonomous_trader.py", line 1171, in <module>
    main()
    ~~~~^^
  File "/home/openclaw/projects/1ai-trade-bot/engines/bitget/scripts/vilona_autonomous_trader.py", line 1167, in main
    trader.run_screening_cycle()
    ~~~~~~~~~~~~~~~~~~~~~~~~~~^^
  File "/home/openclaw/projects/1ai-trade-bot/engines/bitget/scripts/vilona_autonomous_trader.py", line 962, in run_screening_cycle
    macro_risk_mult = self._run_macro_filter()
                      ^^^^^^^^^^^^^^^^^^^^^^
AttributeError: 'VilonaTrader' object has no attribute '_run_macro_filter'
⚠️ Screening returned exit code: 256

💤 Sleeping 15 min until 12:03:32...

────────────────────────────────────────────────────────────
CYCLE #11
────────────────────────────────────────────────────────────

============================================================
🤖 VILONA DAEMON — 2026-06-01 12:03:32 WIB
============================================================
📈 Adaptive: OBI threshold=0.20, WR=N/A
📍 Active positions: 0
🔄 Running screening cycle...

============================================================
🤖 VILONA AUTONOMOUS TRADER — 2026-06-01 12:03:35 WIB
   Session: OFF_SESSION | Daily PnL: $0.00
============================================================
Traceback (most recent call last):
  File "/home/openclaw/projects/1ai-trade-bot/engines/bitget/scripts/vilona_autonomous_trader.py", line 1171, in <module>
    main()
    ~~~~^^
  File "/home/openclaw/projects/1ai-trade-bot/engines/bitget/scripts/vilona_autonomous_trader.py", line 1167, in main
    trader.run_screening_cycle()
    ~~~~~~~~~~~~~~~~~~~~~~~~~~^^
  File "/home/openclaw/projects/1ai-trade-bot/engines/bitget/scripts/vilona_autonomous_trader.py", line 962, in run_screening_cycle
    macro_risk_mult = self._run_macro_filter()
                      ^^^^^^^^^^^^^^^^^^^^^^
AttributeError: 'VilonaTrader' object has no attribute '_run_macro_filter'
⚠️ Screening returned exit code: 256

💤 Sleeping 15 min until 12:18:35...

────────────────────────────────────────────────────────────
CYCLE #12
────────────────────────────────────────────────────────────

============================================================
🤖 VILONA DAEMON — 2026-06-01 12:18:35 WIB
============================================================
📈 Adaptive: OBI threshold=0.20, WR=N/A
📍 Active positions: 0
🔄 Running screening cycle...

============================================================
🤖 VILONA AUTONOMOUS TRADER — 2026-06-01 12:18:37 WIB
   Session: OFF_SESSION | Daily PnL: $0.00
============================================================
Traceback (most recent call last):
  File "/home/openclaw/projects/1ai-trade-bot/engines/bitget/scripts/vilona_autonomous_trader.py", line 1171, in <module>
    main()
    ~~~~^^
  File "/home/openclaw/projects/1ai-trade-bot/engines/bitget/scripts/vilona_autonomous_trader.py", line 1167, in main
    trader.run_screening_cycle()
    ~~~~~~~~~~~~~~~~~~~~~~~~~~^^
  File "/home/openclaw/projects/1ai-trade-bot/engines/bitget/scripts/vilona_autonomous_trader.py", line 962, in run_screening_cycle
    macro_risk_mult = self._run_macro_filter()
                      ^^^^^^^^^^^^^^^^^^^^^^
AttributeError: 'VilonaTrader' object has no attribute '_run_macro_filter'
⚠️ Screening returned exit code: 256

💤 Sleeping 15 min until 12:33:38...

────────────────────────────────────────────────────────────
CYCLE #13
────────────────────────────────────────────────────────────

============================================================
🤖 VILONA DAEMON — 2026-06-01 12:33:38 WIB
============================================================
📈 Adaptive: OBI threshold=0.20, WR=N/A
📍 Active positions: 0
🔄 Running screening cycle...

============================================================
🤖 VILONA AUTONOMOUS TRADER — 2026-06-01 12:33:41 WIB
   Session: OFF_SESSION | Daily PnL: $0.00
============================================================
Traceback (most recent call last):
  File "/home/openclaw/projects/1ai-trade-bot/engines/bitget/scripts/vilona_autonomous_trader.py", line 1171, in <module>
    main()
    ~~~~^^
  File "/home/openclaw/projects/1ai-trade-bot/engines/bitget/scripts/vilona_autonomous_trader.py", line 1167, in main
    trader.run_screening_cycle()
    ~~~~~~~~~~~~~~~~~~~~~~~~~~^^
  File "/home/openclaw/projects/1ai-trade-bot/engines/bitget/scripts/vilona_autonomous_trader.py", line 962, in run_screening_cycle
    macro_risk_mult = self._run_macro_filter()
                      ^^^^^^^^^^^^^^^^^^^^^^
AttributeError: 'VilonaTrader' object has no attribute '_run_macro_filter'
⚠️ Screening returned exit code: 256

💤 Sleeping 15 min until 12:48:41...

────────────────────────────────────────────────────────────
CYCLE #14
────────────────────────────────────────────────────────────

============================================================
🤖 VILONA DAEMON — 2026-06-01 12:48:41 WIB
============================================================
📈 Adaptive: OBI threshold=0.20, WR=N/A
📍 Active positions: 0
🔄 Running screening cycle...

============================================================
🤖 VILONA AUTONOMOUS TRADER — 2026-06-01 12:48:43 WIB
   Session: OFF_SESSION | Daily PnL: $0.00
============================================================
Traceback (most recent call last):
  File "/home/openclaw/projects/1ai-trade-bot/engines/bitget/scripts/vilona_autonomous_trader.py", line 1171, in <module>
    main()
    ~~~~^^
  File "/home/openclaw/projects/1ai-trade-bot/engines/bitget/scripts/vilona_autonomous_trader.py", line 1167, in main
    trader.run_screening_cycle()
    ~~~~~~~~~~~~~~~~~~~~~~~~~~^^
  File "/home/openclaw/projects/1ai-trade-bot/engines/bitget/scripts/vilona_autonomous_trader.py", line 962, in run_screening_cycle
    macro_risk_mult = self._run_macro_filter()
                      ^^^^^^^^^^^^^^^^^^^^^^
AttributeError: 'VilonaTrader' object has no attribute '_run_macro_filter'
⚠️ Screening returned exit code: 256

💤 Sleeping 15 min until 13:03:43...

────────────────────────────────────────────────────────────
CYCLE #15
────────────────────────────────────────────────────────────

============================================================
🤖 VILONA DAEMON — 2026-06-01 13:03:43 WIB
============================================================
📈 Adaptive: OBI threshold=0.20, WR=N/A
📍 Active positions: 0
🔄 Running screening cycle...

============================================================
🤖 VILONA AUTONOMOUS TRADER — 2026-06-01 13:03:45 WIB
   Session: OFF_SESSION | Daily PnL: $0.00
============================================================
Traceback (most recent call last):
  File "/home/openclaw/projects/1ai-trade-bot/engines/bitget/scripts/vilona_autonomous_trader.py", line 1171, in <module>
    main()
    ~~~~^^
  File "/home/openclaw/projects/1ai-trade-bot/engines/bitget/scripts/vilona_autonomous_trader.py", line 1167, in main
    trader.run_screening_cycle()
    ~~~~~~~~~~~~~~~~~~~~~~~~~~^^
  File "/home/openclaw/projects/1ai-trade-bot/engines/bitget/scripts/vilona_autonomous_trader.py", line 962, in run_screening_cycle
    macro_risk_mult = self._run_macro_filter()
                      ^^^^^^^^^^^^^^^^^^^^^^
AttributeError: 'VilonaTrader' object has no attribute '_run_macro_filter'
⚠️ Screening returned exit code: 256

💤 Sleeping 15 min until 13:18:45...

────────────────────────────────────────────────────────────
CYCLE #16
────────────────────────────────────────────────────────────

============================================================
🤖 VILONA DAEMON — 2026-06-01 13:18:45 WIB
============================================================
📈 Adaptive: OBI threshold=0.20, WR=N/A
📍 Active positions: 0
🔄 Running screening cycle...

============================================================
🤖 VILONA AUTONOMOUS TRADER — 2026-06-01 13:18:48 WIB
   Session: OFF_SESSION | Daily PnL: $0.00
============================================================
Traceback (most recent call last):
  File "/home/openclaw/projects/1ai-trade-bot/engines/bitget/scripts/vilona_autonomous_trader.py", line 1171, in <module>
    main()
    ~~~~^^
  File "/home/openclaw/projects/1ai-trade-bot/engines/bitget/scripts/vilona_autonomous_trader.py", line 1167, in main
    trader.run_screening_cycle()
    ~~~~~~~~~~~~~~~~~~~~~~~~~~^^
  File "/home/openclaw/projects/1ai-trade-bot/engines/bitget/scripts/vilona_autonomous_trader.py", line 962, in run_screening_cycle
    macro_risk_mult = self._run_macro_filter()
                      ^^^^^^^^^^^^^^^^^^^^^^
AttributeError: 'VilonaTrader' object has no attribute '_run_macro_filter'
⚠️ Screening returned exit code: 256

💤 Sleeping 15 min until 13:33:49...

────────────────────────────────────────────────────────────
CYCLE #17
────────────────────────────────────────────────────────────

============================================================
🤖 VILONA DAEMON — 2026-06-01 13:33:49 WIB
============================================================
📈 Adaptive: OBI threshold=0.20, WR=N/A
📍 Active positions: 0
🔄 Running screening cycle...

============================================================
🤖 VILONA AUTONOMOUS TRADER — 2026-06-01 13:33:51 WIB
   Session: OFF_SESSION | Daily PnL: $0.00
============================================================
Traceback (most recent call last):
  File "/home/openclaw/projects/1ai-trade-bot/engines/bitget/scripts/vilona_autonomous_trader.py", line 1171, in <module>
    main()
    ~~~~^^
  File "/home/openclaw/projects/1ai-trade-bot/engines/bitget/scripts/vilona_autonomous_trader.py", line 1167, in main
    trader.run_screening_cycle()
    ~~~~~~~~~~~~~~~~~~~~~~~~~~^^
  File "/home/openclaw/projects/1ai-trade-bot/engines/bitget/scripts/vilona_autonomous_trader.py", line 962, in run_screening_cycle
    macro_risk_mult = self._run_macro_filter()
                      ^^^^^^^^^^^^^^^^^^^^^^
AttributeError: 'VilonaTrader' object has no attribute '_run_macro_filter'
⚠️ Screening returned exit code: 256

💤 Sleeping 15 min until 13:48:51...

────────────────────────────────────────────────────────────
CYCLE #18
────────────────────────────────────────────────────────────

============================================================
🤖 VILONA DAEMON — 2026-06-01 13:48:51 WIB
============================================================
📈 Adaptive: OBI threshold=0.20, WR=N/A
📍 Active positions: 0
🔄 Running screening cycle...

============================================================
🤖 VILONA AUTONOMOUS TRADER — 2026-06-01 13:48:54 WIB
   Session: OFF_SESSION | Daily PnL: $0.00
============================================================
Traceback (most recent call last):
  File "/home/openclaw/projects/1ai-trade-bot/engines/bitget/scripts/vilona_autonomous_trader.py", line 1171, in <module>
    main()
    ~~~~^^
  File "/home/openclaw/projects/1ai-trade-bot/engines/bitget/scripts/vilona_autonomous_trader.py", line 1167, in main
    trader.run_screening_cycle()
    ~~~~~~~~~~~~~~~~~~~~~~~~~~^^
  File "/home/openclaw/projects/1ai-trade-bot/engines/bitget/scripts/vilona_autonomous_trader.py", line 962, in run_screening_cycle
    macro_risk_mult = self._run_macro_filter()
                      ^^^^^^^^^^^^^^^^^^^^^^
AttributeError: 'VilonaTrader' object has no attribute '_run_macro_filter'
⚠️ Screening returned exit code: 256

💤 Sleeping 15 min until 14:03:54...

────────────────────────────────────────────────────────────
CYCLE #19
────────────────────────────────────────────────────────────

============================================================
🤖 VILONA DAEMON — 2026-06-01 14:03:54 WIB
============================================================
📈 Adaptive: OBI threshold=0.20, WR=N/A
📍 Active positions: 0
🔄 Running screening cycle...

============================================================
🤖 VILONA AUTONOMOUS TRADER — 2026-06-01 14:03:57 WIB
   Session: LONDON_OPEN | Daily PnL: $0.00
============================================================
Traceback (most recent call last):
  File "/home/openclaw/projects/1ai-trade-bot/engines/bitget/scripts/vilona_autonomous_trader.py", line 1171, in <module>
    main()
    ~~~~^^
  File "/home/openclaw/projects/1ai-trade-bot/engines/bitget/scripts/vilona_autonomous_trader.py", line 1167, in main
    trader.run_screening_cycle()
    ~~~~~~~~~~~~~~~~~~~~~~~~~~^^
  File "/home/openclaw/projects/1ai-trade-bot/engines/bitget/scripts/vilona_autonomous_trader.py", line 962, in run_screening_cycle
    macro_risk_mult = self._run_macro_filter()
                      ^^^^^^^^^^^^^^^^^^^^^^
AttributeError: 'VilonaTrader' object has no attribute '_run_macro_filter'
⚠️ Screening returned exit code: 256

💤 Sleeping 15 min until 14:18:57...

────────────────────────────────────────────────────────────
CYCLE #20
────────────────────────────────────────────────────────────

============================================================
🤖 VILONA DAEMON — 2026-06-01 14:18:57 WIB
============================================================
📈 Adaptive: OBI threshold=0.20, WR=N/A
📍 Active positions: 0
🔄 Running screening cycle...

============================================================
🤖 VILONA AUTONOMOUS TRADER — 2026-06-01 14:18:59 WIB
   Session: LONDON_OPEN | Daily PnL: $0.00
============================================================
Traceback (most recent call last):
  File "/home/openclaw/projects/1ai-trade-bot/engines/bitget/scripts/vilona_autonomous_trader.py", line 1171, in <module>
    main()
    ~~~~^^
  File "/home/openclaw/projects/1ai-trade-bot/engines/bitget/scripts/vilona_autonomous_trader.py", line 1167, in main
    trader.run_screening_cycle()
    ~~~~~~~~~~~~~~~~~~~~~~~~~~^^
  File "/home/openclaw/projects/1ai-trade-bot/engines/bitget/scripts/vilona_autonomous_trader.py", line 962, in run_screening_cycle
    macro_risk_mult = self._run_macro_filter()
                      ^^^^^^^^^^^^^^^^^^^^^^
AttributeError: 'VilonaTrader' object has no attribute '_run_macro_filter'
⚠️ Screening returned exit code: 256

💤 Sleeping 15 min until 14:33:59...

────────────────────────────────────────────────────────────
CYCLE #21
────────────────────────────────────────────────────────────

============================================================
🤖 VILONA DAEMON — 2026-06-01 14:33:59 WIB
============================================================
📈 Adaptive: OBI threshold=0.20, WR=N/A
📍 Active positions: 0
🔄 Running screening cycle...

============================================================
🤖 VILONA AUTONOMOUS TRADER — 2026-06-01 14:34:02 WIB
   Session: LONDON_OPEN | Daily PnL: $0.00
============================================================
Traceback (most recent call last):
  File "/home/openclaw/projects/1ai-trade-bot/engines/bitget/scripts/vilona_autonomous_trader.py", line 1171, in <module>
    main()
    ~~~~^^
  File "/home/openclaw/projects/1ai-trade-bot/engines/bitget/scripts/vilona_autonomous_trader.py", line 1167, in main
    trader.run_screening_cycle()
    ~~~~~~~~~~~~~~~~~~~~~~~~~~^^
  File "/home/openclaw/projects/1ai-trade-bot/engines/bitget/scripts/vilona_autonomous_trader.py", line 962, in run_screening_cycle
    macro_risk_mult = self._run_macro_filter()
                      ^^^^^^^^^^^^^^^^^^^^^^
AttributeError: 'VilonaTrader' object has no attribute '_run_macro_filter'
⚠️ Screening returned exit code: 256

💤 Sleeping 15 min until 14:49:02...

────────────────────────────────────────────────────────────
CYCLE #22
────────────────────────────────────────────────────────────

============================================================
🤖 VILONA DAEMON — 2026-06-01 14:49:02 WIB
============================================================
📈 Adaptive: OBI threshold=0.20, WR=N/A
📍 Active positions: 0
🔄 Running screening cycle...

============================================================
🤖 VILONA AUTONOMOUS TRADER — 2026-06-01 14:49:04 WIB
   Session: LONDON_OPEN | Daily PnL: $0.00
============================================================
Traceback (most recent call last):
  File "/home/openclaw/projects/1ai-trade-bot/engines/bitget/scripts/vilona_autonomous_trader.py", line 1171, in <module>
    main()
    ~~~~^^
  File "/home/openclaw/projects/1ai-trade-bot/engines/bitget/scripts/vilona_autonomous_trader.py", line 1167, in main
    trader.run_screening_cycle()
    ~~~~~~~~~~~~~~~~~~~~~~~~~~^^
  File "/home/openclaw/projects/1ai-trade-bot/engines/bitget/scripts/vilona_autonomous_trader.py", line 962, in run_screening_cycle
    macro_risk_mult = self._run_macro_filter()
                      ^^^^^^^^^^^^^^^^^^^^^^
AttributeError: 'VilonaTrader' object has no attribute '_run_macro_filter'
⚠️ Screening returned exit code: 256

💤 Sleeping 15 min until 15:04:04...

────────────────────────────────────────────────────────────
CYCLE #23
────────────────────────────────────────────────────────────

============================================================
🤖 VILONA DAEMON — 2026-06-01 15:04:04 WIB
============================================================
📈 Adaptive: OBI threshold=0.20, WR=N/A
📍 Active positions: 0
🔄 Running screening cycle...

============================================================
🤖 VILONA AUTONOMOUS TRADER — 2026-06-01 15:04:07 WIB
   Session: LONDON_OPEN | Daily PnL: $0.00
============================================================
Traceback (most recent call last):
  File "/home/openclaw/projects/1ai-trade-bot/engines/bitget/scripts/vilona_autonomous_trader.py", line 1171, in <module>
    main()
    ~~~~^^
  File "/home/openclaw/projects/1ai-trade-bot/engines/bitget/scripts/vilona_autonomous_trader.py", line 1167, in main
    trader.run_screening_cycle()
    ~~~~~~~~~~~~~~~~~~~~~~~~~~^^
  File "/home/openclaw/projects/1ai-trade-bot/engines/bitget/scripts/vilona_autonomous_trader.py", line 962, in run_screening_cycle
    macro_risk_mult = self._run_macro_filter()
                      ^^^^^^^^^^^^^^^^^^^^^^
AttributeError: 'VilonaTrader' object has no attribute '_run_macro_filter'
⚠️ Screening returned exit code: 256

💤 Sleeping 15 min until 15:19:08...

────────────────────────────────────────────────────────────
CYCLE #24
────────────────────────────────────────────────────────────

============================================================
🤖 VILONA DAEMON — 2026-06-01 15:19:08 WIB
============================================================
📈 Adaptive: OBI threshold=0.20, WR=N/A
📍 Active positions: 0
🔄 Running screening cycle...

============================================================
🤖 VILONA AUTONOMOUS TRADER — 2026-06-01 15:19:10 WIB
   Session: LONDON_OPEN | Daily PnL: $0.00
============================================================
Traceback (most recent call last):
  File "/home/openclaw/projects/1ai-trade-bot/engines/bitget/scripts/vilona_autonomous_trader.py", line 1171, in <module>
    main()
    ~~~~^^
  File "/home/openclaw/projects/1ai-trade-bot/engines/bitget/scripts/vilona_autonomous_trader.py", line 1167, in main
    trader.run_screening_cycle()
    ~~~~~~~~~~~~~~~~~~~~~~~~~~^^
  File "/home/openclaw/projects/1ai-trade-bot/engines/bitget/scripts/vilona_autonomous_trader.py", line 962, in run_screening_cycle
    macro_risk_mult = self._run_macro_filter()
                      ^^^^^^^^^^^^^^^^^^^^^^
AttributeError: 'VilonaTrader' object has no attribute '_run_macro_filter'
⚠️ Screening returned exit code: 256

💤 Sleeping 15 min until 15:34:10...

────────────────────────────────────────────────────────────
CYCLE #25
────────────────────────────────────────────────────────────

============================================================
🤖 VILONA DAEMON — 2026-06-01 15:34:10 WIB
============================================================
📈 Adaptive: OBI threshold=0.20, WR=N/A
📍 Active positions: 0
🔄 Running screening cycle...

============================================================
🤖 VILONA AUTONOMOUS TRADER — 2026-06-01 15:34:13 WIB
   Session: LONDON_OPEN | Daily PnL: $0.00
============================================================
Traceback (most recent call last):
  File "/home/openclaw/projects/1ai-trade-bot/engines/bitget/scripts/vilona_autonomous_trader.py", line 1171, in <module>
    main()
    ~~~~^^
  File "/home/openclaw/projects/1ai-trade-bot/engines/bitget/scripts/vilona_autonomous_trader.py", line 1167, in main
    trader.run_screening_cycle()
    ~~~~~~~~~~~~~~~~~~~~~~~~~~^^
  File "/home/openclaw/projects/1ai-trade-bot/engines/bitget/scripts/vilona_autonomous_trader.py", line 962, in run_screening_cycle
    macro_risk_mult = self._run_macro_filter()
                      ^^^^^^^^^^^^^^^^^^^^^^
AttributeError: 'VilonaTrader' object has no attribute '_run_macro_filter'
⚠️ Screening returned exit code: 256

💤 Sleeping 15 min until 15:49:13...

────────────────────────────────────────────────────────────
CYCLE #26
────────────────────────────────────────────────────────────

============================================================
🤖 VILONA DAEMON — 2026-06-01 15:49:13 WIB
============================================================
📈 Adaptive: OBI threshold=0.20, WR=N/A
📍 Active positions: 0
🔄 Running screening cycle...

============================================================
🤖 VILONA AUTONOMOUS TRADER — 2026-06-01 15:49:16 WIB
   Session: LONDON_OPEN | Daily PnL: $0.00
============================================================
Traceback (most recent call last):
  File "/home/openclaw/projects/1ai-trade-bot/engines/bitget/scripts/vilona_autonomous_trader.py", line 1171, in <module>
    main()
    ~~~~^^
  File "/home/openclaw/projects/1ai-trade-bot/engines/bitget/scripts/vilona_autonomous_trader.py", line 1167, in main
    trader.run_screening_cycle()
    ~~~~~~~~~~~~~~~~~~~~~~~~~~^^
  File "/home/openclaw/projects/1ai-trade-bot/engines/bitget/scripts/vilona_autonomous_trader.py", line 962, in run_screening_cycle
    macro_risk_mult = self._run_macro_filter()
                      ^^^^^^^^^^^^^^^^^^^^^^
AttributeError: 'VilonaTrader' object has no attribute '_run_macro_filter'
⚠️ Screening returned exit code: 256

💤 Sleeping 15 min until 16:04:16...

────────────────────────────────────────────────────────────
CYCLE #27
────────────────────────────────────────────────────────────

============================================================
🤖 VILONA DAEMON — 2026-06-01 16:04:16 WIB
============================================================
📈 Adaptive: OBI threshold=0.20, WR=N/A
📍 Active positions: 0
🔄 Running screening cycle...

============================================================
🤖 VILONA AUTONOMOUS TRADER — 2026-06-01 16:04:18 WIB
   Session: LONDON_OPEN | Daily PnL: $0.00
============================================================
Traceback (most recent call last):
  File "/home/openclaw/projects/1ai-trade-bot/engines/bitget/scripts/vilona_autonomous_trader.py", line 1171, in <module>
    main()
    ~~~~^^
  File "/home/openclaw/projects/1ai-trade-bot/engines/bitget/scripts/vilona_autonomous_trader.py", line 1167, in main
    trader.run_screening_cycle()
    ~~~~~~~~~~~~~~~~~~~~~~~~~~^^
  File "/home/openclaw/projects/1ai-trade-bot/engines/bitget/scripts/vilona_autonomous_trader.py", line 962, in run_screening_cycle
    macro_risk_mult = self._run_macro_filter()
                      ^^^^^^^^^^^^^^^^^^^^^^
AttributeError: 'VilonaTrader' object has no attribute '_run_macro_filter'
⚠️ Screening returned exit code: 256

💤 Sleeping 15 min until 16:19:19...

────────────────────────────────────────────────────────────
CYCLE #28
────────────────────────────────────────────────────────────

============================================================
🤖 VILONA DAEMON — 2026-06-01 16:19:19 WIB
============================================================
📈 Adaptive: OBI threshold=0.20, WR=N/A
📍 Active positions: 0
🔄 Running screening cycle...

============================================================
🤖 VILONA AUTONOMOUS TRADER — 2026-06-01 16:19:21 WIB
   Session: LONDON_OPEN | Daily PnL: $0.00
============================================================
Traceback (most recent call last):
  File "/home/openclaw/projects/1ai-trade-bot/engines/bitget/scripts/vilona_autonomous_trader.py", line 1171, in <module>
    main()
    ~~~~^^
  File "/home/openclaw/projects/1ai-trade-bot/engines/bitget/scripts/vilona_autonomous_trader.py", line 1167, in main
    trader.run_screening_cycle()
    ~~~~~~~~~~~~~~~~~~~~~~~~~~^^
  File "/home/openclaw/projects/1ai-trade-bot/engines/bitget/scripts/vilona_autonomous_trader.py", line 962, in run_screening_cycle
    macro_risk_mult = self._run_macro_filter()
                      ^^^^^^^^^^^^^^^^^^^^^^
AttributeError: 'VilonaTrader' object has no attribute '_run_macro_filter'
⚠️ Screening returned exit code: 256

💤 Sleeping 15 min until 16:34:21...

────────────────────────────────────────────────────────────
CYCLE #29
────────────────────────────────────────────────────────────

============================================================
🤖 VILONA DAEMON — 2026-06-01 16:34:21 WIB
============================================================
📈 Adaptive: OBI threshold=0.20, WR=N/A
📍 Active positions: 0
🔄 Running screening cycle...

============================================================
🤖 VILONA AUTONOMOUS TRADER — 2026-06-01 16:34:24 WIB
   Session: LONDON_OPEN | Daily PnL: $0.00
============================================================
Traceback (most recent call last):
  File "/home/openclaw/projects/1ai-trade-bot/engines/bitget/scripts/vilona_autonomous_trader.py", line 1171, in <module>
    main()
    ~~~~^^
  File "/home/openclaw/projects/1ai-trade-bot/engines/bitget/scripts/vilona_autonomous_trader.py", line 1167, in main
    trader.run_screening_cycle()
    ~~~~~~~~~~~~~~~~~~~~~~~~~~^^
  File "/home/openclaw/projects/1ai-trade-bot/engines/bitget/scripts/vilona_autonomous_trader.py", line 962, in run_screening_cycle
    macro_risk_mult = self._run_macro_filter()
                      ^^^^^^^^^^^^^^^^^^^^^^
AttributeError: 'VilonaTrader' object has no attribute '_run_macro_filter'
⚠️ Screening returned exit code: 256

💤 Sleeping 15 min until 16:49:24...

────────────────────────────────────────────────────────────
CYCLE #30
────────────────────────────────────────────────────────────

============================================================
🤖 VILONA DAEMON — 2026-06-01 16:49:24 WIB
============================================================
📈 Adaptive: OBI threshold=0.20, WR=N/A
📍 Active positions: 0
🔄 Running screening cycle...

============================================================
🤖 VILONA AUTONOMOUS TRADER — 2026-06-01 16:49:27 WIB
   Session: LONDON_OPEN | Daily PnL: $0.00
============================================================
Traceback (most recent call last):
  File "/home/openclaw/projects/1ai-trade-bot/engines/bitget/scripts/vilona_autonomous_trader.py", line 1171, in <module>
    main()
    ~~~~^^
  File "/home/openclaw/projects/1ai-trade-bot/engines/bitget/scripts/vilona_autonomous_trader.py", line 1167, in main
    trader.run_screening_cycle()
    ~~~~~~~~~~~~~~~~~~~~~~~~~~^^
  File "/home/openclaw/projects/1ai-trade-bot/engines/bitget/scripts/vilona_autonomous_trader.py", line 962, in run_screening_cycle
    macro_risk_mult = self._run_macro_filter()
                      ^^^^^^^^^^^^^^^^^^^^^^
AttributeError: 'VilonaTrader' object has no attribute '_run_macro_filter'
⚠️ Screening returned exit code: 256

💤 Sleeping 15 min until 17:04:27...

────────────────────────────────────────────────────────────
CYCLE #31
────────────────────────────────────────────────────────────

============================================================
🤖 VILONA DAEMON — 2026-06-01 17:04:28 WIB
============================================================
📈 Adaptive: OBI threshold=0.20, WR=N/A
📍 Active positions: 0
🔄 Running screening cycle...

============================================================
🤖 VILONA AUTONOMOUS TRADER — 2026-06-01 17:04:37 WIB
   Session: OFF_SESSION | Daily PnL: $0.00
============================================================
Traceback (most recent call last):
  File "/home/openclaw/projects/1ai-trade-bot/engines/bitget/scripts/vilona_autonomous_trader.py", line 1171, in <module>
    main()
    ~~~~^^
  File "/home/openclaw/projects/1ai-trade-bot/engines/bitget/scripts/vilona_autonomous_trader.py", line 1167, in main
    trader.run_screening_cycle()
    ~~~~~~~~~~~~~~~~~~~~~~~~~~^^
  File "/home/openclaw/projects/1ai-trade-bot/engines/bitget/scripts/vilona_autonomous_trader.py", line 962, in run_screening_cycle
    macro_risk_mult = self._run_macro_filter()
                      ^^^^^^^^^^^^^^^^^^^^^^
AttributeError: 'VilonaTrader' object has no attribute '_run_macro_filter'
⚠️ Screening returned exit code: 256

💤 Sleeping 15 min until 17:19:38...

────────────────────────────────────────────────────────────
CYCLE #32
────────────────────────────────────────────────────────────

============================================================
🤖 VILONA DAEMON — 2026-06-01 17:19:38 WIB
============================================================
📈 Adaptive: OBI threshold=0.20, WR=N/A
📍 Active positions: 0
🔄 Running screening cycle...

============================================================
🤖 VILONA AUTONOMOUS TRADER — 2026-06-01 17:19:40 WIB
   Session: OFF_SESSION | Daily PnL: $0.00
============================================================
Traceback (most recent call last):
  File "/home/openclaw/projects/1ai-trade-bot/engines/bitget/scripts/vilona_autonomous_trader.py", line 1171, in <module>
    main()
    ~~~~^^
  File "/home/openclaw/projects/1ai-trade-bot/engines/bitget/scripts/vilona_autonomous_trader.py", line 1167, in main
    trader.run_screening_cycle()
    ~~~~~~~~~~~~~~~~~~~~~~~~~~^^
  File "/home/openclaw/projects/1ai-trade-bot/engines/bitget/scripts/vilona_autonomous_trader.py", line 962, in run_screening_cycle
    macro_risk_mult = self._run_macro_filter()
                      ^^^^^^^^^^^^^^^^^^^^^^
AttributeError: 'VilonaTrader' object has no attribute '_run_macro_filter'
⚠️ Screening returned exit code: 256

💤 Sleeping 15 min until 17:34:41...

────────────────────────────────────────────────────────────
CYCLE #33
────────────────────────────────────────────────────────────

============================================================
🤖 VILONA DAEMON — 2026-06-01 17:34:41 WIB
============================================================
📈 Adaptive: OBI threshold=0.20, WR=N/A
📍 Active positions: 0
🔄 Running screening cycle...

============================================================
🤖 VILONA AUTONOMOUS TRADER — 2026-06-01 17:34:43 WIB
   Session: OFF_SESSION | Daily PnL: $0.00
============================================================
Traceback (most recent call last):
  File "/home/openclaw/projects/1ai-trade-bot/engines/bitget/scripts/vilona_autonomous_trader.py", line 1171, in <module>
    main()
    ~~~~^^
  File "/home/openclaw/projects/1ai-trade-bot/engines/bitget/scripts/vilona_autonomous_trader.py", line 1167, in main
    trader.run_screening_cycle()
    ~~~~~~~~~~~~~~~~~~~~~~~~~~^^
  File "/home/openclaw/projects/1ai-trade-bot/engines/bitget/scripts/vilona_autonomous_trader.py", line 962, in run_screening_cycle
    macro_risk_mult = self._run_macro_filter()
                      ^^^^^^^^^^^^^^^^^^^^^^
AttributeError: 'VilonaTrader' object has no attribute '_run_macro_filter'
⚠️ Screening returned exit code: 256

💤 Sleeping 15 min until 17:49:43...

────────────────────────────────────────────────────────────
CYCLE #34
────────────────────────────────────────────────────────────

============================================================
🤖 VILONA DAEMON — 2026-06-01 17:49:43 WIB
============================================================
📈 Adaptive: OBI threshold=0.20, WR=N/A
📍 Active positions: 0
🔄 Running screening cycle...

============================================================
🤖 VILONA AUTONOMOUS TRADER — 2026-06-01 17:49:46 WIB
   Session: OFF_SESSION | Daily PnL: $0.00
============================================================
Traceback (most recent call last):
  File "/home/openclaw/projects/1ai-trade-bot/engines/bitget/scripts/vilona_autonomous_trader.py", line 1171, in <module>
    main()
    ~~~~^^
  File "/home/openclaw/projects/1ai-trade-bot/engines/bitget/scripts/vilona_autonomous_trader.py", line 1167, in main
    trader.run_screening_cycle()
    ~~~~~~~~~~~~~~~~~~~~~~~~~~^^
  File "/home/openclaw/projects/1ai-trade-bot/engines/bitget/scripts/vilona_autonomous_trader.py", line 962, in run_screening_cycle
    macro_risk_mult = self._run_macro_filter()
                      ^^^^^^^^^^^^^^^^^^^^^^
AttributeError: 'VilonaTrader' object has no attribute '_run_macro_filter'
⚠️ Screening returned exit code: 256

💤 Sleeping 15 min until 18:04:46...

────────────────────────────────────────────────────────────
CYCLE #35
────────────────────────────────────────────────────────────

============================================================
🤖 VILONA DAEMON — 2026-06-01 18:04:46 WIB
============================================================
📈 Adaptive: OBI threshold=0.20, WR=N/A
📍 Active positions: 0
🔄 Running screening cycle...

============================================================
🤖 VILONA AUTONOMOUS TRADER — 2026-06-01 18:05:00 WIB
   Session: OFF_SESSION | Daily PnL: $0.00
============================================================
Traceback (most recent call last):
  File "/home/openclaw/projects/1ai-trade-bot/engines/bitget/scripts/vilona_autonomous_trader.py", line 1171, in <module>
    main()
    ~~~~^^
  File "/home/openclaw/projects/1ai-trade-bot/engines/bitget/scripts/vilona_autonomous_trader.py", line 1167, in main
    trader.run_screening_cycle()
    ~~~~~~~~~~~~~~~~~~~~~~~~~~^^
  File "/home/openclaw/projects/1ai-trade-bot/engines/bitget/scripts/vilona_autonomous_trader.py", line 962, in run_screening_cycle
    macro_risk_mult = self._run_macro_filter()
                      ^^^^^^^^^^^^^^^^^^^^^^
AttributeError: 'VilonaTrader' object has no attribute '_run_macro_filter'
⚠️ Screening returned exit code: 256

💤 Sleeping 15 min until 18:20:00...

────────────────────────────────────────────────────────────
CYCLE #36
────────────────────────────────────────────────────────────

============================================================
🤖 VILONA DAEMON — 2026-06-01 18:20:00 WIB
============================================================
📈 Adaptive: OBI threshold=0.20, WR=N/A
📍 Active positions: 0
🔄 Running screening cycle...

============================================================
🤖 VILONA AUTONOMOUS TRADER — 2026-06-01 18:20:03 WIB
   Session: OFF_SESSION | Daily PnL: $0.00
============================================================
Traceback (most recent call last):
  File "/home/openclaw/projects/1ai-trade-bot/engines/bitget/scripts/vilona_autonomous_trader.py", line 1171, in <module>
    main()
    ~~~~^^
  File "/home/openclaw/projects/1ai-trade-bot/engines/bitget/scripts/vilona_autonomous_trader.py", line 1167, in main
    trader.run_screening_cycle()
    ~~~~~~~~~~~~~~~~~~~~~~~~~~^^
  File "/home/openclaw/projects/1ai-trade-bot/engines/bitget/scripts/vilona_autonomous_trader.py", line 962, in run_screening_cycle
    macro_risk_mult = self._run_macro_filter()
                      ^^^^^^^^^^^^^^^^^^^^^^
AttributeError: 'VilonaTrader' object has no attribute '_run_macro_filter'
⚠️ Screening returned exit code: 256

💤 Sleeping 15 min until 18:35:03...

────────────────────────────────────────────────────────────
CYCLE #37
────────────────────────────────────────────────────────────

============================================================
🤖 VILONA DAEMON — 2026-06-01 18:35:03 WIB
============================================================
📈 Adaptive: OBI threshold=0.20, WR=N/A
📍 Active positions: 0
🔄 Running screening cycle...

============================================================
🤖 VILONA AUTONOMOUS TRADER — 2026-06-01 18:35:05 WIB
   Session: OFF_SESSION | Daily PnL: $0.00
============================================================
Traceback (most recent call last):
  File "/home/openclaw/projects/1ai-trade-bot/engines/bitget/scripts/vilona_autonomous_trader.py", line 1171, in <module>
    main()
    ~~~~^^
  File "/home/openclaw/projects/1ai-trade-bot/engines/bitget/scripts/vilona_autonomous_trader.py", line 1167, in main
    trader.run_screening_cycle()
    ~~~~~~~~~~~~~~~~~~~~~~~~~~^^
  File "/home/openclaw/projects/1ai-trade-bot/engines/bitget/scripts/vilona_autonomous_trader.py", line 962, in run_screening_cycle
    macro_risk_mult = self._run_macro_filter()
                      ^^^^^^^^^^^^^^^^^^^^^^
AttributeError: 'VilonaTrader' object has no attribute '_run_macro_filter'
⚠️ Screening returned exit code: 256

💤 Sleeping 15 min until 18:50:06...

────────────────────────────────────────────────────────────
CYCLE #38
────────────────────────────────────────────────────────────

============================================================
🤖 VILONA DAEMON — 2026-06-01 18:50:06 WIB
============================================================
📈 Adaptive: OBI threshold=0.20, WR=N/A
📍 Active positions: 0
🔄 Running screening cycle...

============================================================
🤖 VILONA AUTONOMOUS TRADER — 2026-06-01 18:50:08 WIB
   Session: OFF_SESSION | Daily PnL: $0.00
============================================================
Traceback (most recent call last):
  File "/home/openclaw/projects/1ai-trade-bot/engines/bitget/scripts/vilona_autonomous_trader.py", line 1171, in <module>
    main()
    ~~~~^^
  File "/home/openclaw/projects/1ai-trade-bot/engines/bitget/scripts/vilona_autonomous_trader.py", line 1167, in main
    trader.run_screening_cycle()
    ~~~~~~~~~~~~~~~~~~~~~~~~~~^^
  File "/home/openclaw/projects/1ai-trade-bot/engines/bitget/scripts/vilona_autonomous_trader.py", line 962, in run_screening_cycle
    macro_risk_mult = self._run_macro_filter()
                      ^^^^^^^^^^^^^^^^^^^^^^
AttributeError: 'VilonaTrader' object has no attribute '_run_macro_filter'
⚠️ Screening returned exit code: 256

💤 Sleeping 15 min until 19:05:09...

────────────────────────────────────────────────────────────
CYCLE #39
────────────────────────────────────────────────────────────

============================================================
🤖 VILONA DAEMON — 2026-06-01 19:05:09 WIB
============================================================
📈 Adaptive: OBI threshold=0.20, WR=N/A
📍 Active positions: 0
🔄 Running screening cycle...

============================================================
🤖 VILONA AUTONOMOUS TRADER — 2026-06-01 19:05:13 WIB
   Session: NY_OPEN | Daily PnL: $0.00
============================================================
Traceback (most recent call last):
  File "/home/openclaw/projects/1ai-trade-bot/engines/bitget/scripts/vilona_autonomous_trader.py", line 1171, in <module>
    main()
    ~~~~^^
  File "/home/openclaw/projects/1ai-trade-bot/engines/bitget/scripts/vilona_autonomous_trader.py", line 1167, in main
    trader.run_screening_cycle()
    ~~~~~~~~~~~~~~~~~~~~~~~~~~^^
  File "/home/openclaw/projects/1ai-trade-bot/engines/bitget/scripts/vilona_autonomous_trader.py", line 962, in run_screening_cycle
    macro_risk_mult = self._run_macro_filter()
                      ^^^^^^^^^^^^^^^^^^^^^^
AttributeError: 'VilonaTrader' object has no attribute '_run_macro_filter'
⚠️ Screening returned exit code: 256

💤 Sleeping 15 min until 19:20:13...

────────────────────────────────────────────────────────────
CYCLE #40
────────────────────────────────────────────────────────────

============================================================
🤖 VILONA DAEMON — 2026-06-01 19:20:13 WIB
============================================================
📈 Adaptive: OBI threshold=0.20, WR=N/A
📍 Active positions: 0
🔄 Running screening cycle...

============================================================
🤖 VILONA AUTONOMOUS TRADER — 2026-06-01 19:20:22 WIB
   Session: NY_OPEN | Daily PnL: $0.00
============================================================
Traceback (most recent call last):
  File "/home/openclaw/projects/1ai-trade-bot/engines/bitget/scripts/vilona_autonomous_trader.py", line 1171, in <module>
    main()
    ~~~~^^
  File "/home/openclaw/projects/1ai-trade-bot/engines/bitget/scripts/vilona_autonomous_trader.py", line 1167, in main
    trader.run_screening_cycle()
    ~~~~~~~~~~~~~~~~~~~~~~~~~~^^
  File "/home/openclaw/projects/1ai-trade-bot/engines/bitget/scripts/vilona_autonomous_trader.py", line 962, in run_screening_cycle
    macro_risk_mult = self._run_macro_filter()
                      ^^^^^^^^^^^^^^^^^^^^^^
AttributeError: 'VilonaTrader' object has no attribute '_run_macro_filter'
⚠️ Screening returned exit code: 256

💤 Sleeping 15 min until 19:35:22...

────────────────────────────────────────────────────────────
CYCLE #41
────────────────────────────────────────────────────────────

============================================================
🤖 VILONA DAEMON — 2026-06-01 19:35:22 WIB
============================================================
📈 Adaptive: OBI threshold=0.20, WR=N/A
📍 Active positions: 0
🔄 Running screening cycle...

============================================================
🤖 VILONA AUTONOMOUS TRADER — 2026-06-01 19:35:38 WIB
   Session: NY_OPEN | Daily PnL: $0.00
============================================================
Traceback (most recent call last):
  File "/home/openclaw/projects/1ai-trade-bot/engines/bitget/scripts/vilona_autonomous_trader.py", line 1171, in <module>
    main()
    ~~~~^^
  File "/home/openclaw/projects/1ai-trade-bot/engines/bitget/scripts/vilona_autonomous_trader.py", line 1167, in main
    trader.run_screening_cycle()
    ~~~~~~~~~~~~~~~~~~~~~~~~~~^^
  File "/home/openclaw/projects/1ai-trade-bot/engines/bitget/scripts/vilona_autonomous_trader.py", line 962, in run_screening_cycle
    macro_risk_mult = self._run_macro_filter()
                      ^^^^^^^^^^^^^^^^^^^^^^
AttributeError: 'VilonaTrader' object has no attribute '_run_macro_filter'
⚠️ Screening returned exit code: 256

💤 Sleeping 15 min until 19:50:38...

────────────────────────────────────────────────────────────
CYCLE #42
────────────────────────────────────────────────────────────

============================================================
🤖 VILONA DAEMON — 2026-06-01 19:50:38 WIB
============================================================
📈 Adaptive: OBI threshold=0.20, WR=N/A
📍 Active positions: 0
🔄 Running screening cycle...

============================================================
🤖 VILONA AUTONOMOUS TRADER — 2026-06-01 19:51:02 WIB
   Session: NY_OPEN | Daily PnL: $0.00
============================================================
Traceback (most recent call last):
  File "/home/openclaw/projects/1ai-trade-bot/engines/bitget/scripts/vilona_autonomous_trader.py", line 1171, in <module>
    main()
    ~~~~^^
  File "/home/openclaw/projects/1ai-trade-bot/engines/bitget/scripts/vilona_autonomous_trader.py", line 1167, in main
    trader.run_screening_cycle()
    ~~~~~~~~~~~~~~~~~~~~~~~~~~^^
  File "/home/openclaw/projects/1ai-trade-bot/engines/bitget/scripts/vilona_autonomous_trader.py", line 962, in run_screening_cycle
    macro_risk_mult = self._run_macro_filter()
                      ^^^^^^^^^^^^^^^^^^^^^^
AttributeError: 'VilonaTrader' object has no attribute '_run_macro_filter'
⚠️ Screening returned exit code: 256

💤 Sleeping 15 min until 20:06:02...

────────────────────────────────────────────────────────────
CYCLE #43
────────────────────────────────────────────────────────────

============================================================
🤖 VILONA DAEMON — 2026-06-01 20:06:02 WIB
============================================================
📈 Adaptive: OBI threshold=0.20, WR=N/A
📍 Active positions: 0
🔄 Running screening cycle...

============================================================
🤖 VILONA AUTONOMOUS TRADER — 2026-06-01 20:06:15 WIB
   Session: NY_OPEN | Daily PnL: $0.00
============================================================
Traceback (most recent call last):
  File "/home/openclaw/projects/1ai-trade-bot/engines/bitget/scripts/vilona_autonomous_trader.py", line 1171, in <module>
    main()
    ~~~~^^
  File "/home/openclaw/projects/1ai-trade-bot/engines/bitget/scripts/vilona_autonomous_trader.py", line 1167, in main
    trader.run_screening_cycle()
    ~~~~~~~~~~~~~~~~~~~~~~~~~~^^
  File "/home/openclaw/projects/1ai-trade-bot/engines/bitget/scripts/vilona_autonomous_trader.py", line 962, in run_screening_cycle
    macro_risk_mult = self._run_macro_filter()
                      ^^^^^^^^^^^^^^^^^^^^^^
AttributeError: 'VilonaTrader' object has no attribute '_run_macro_filter'
⚠️ Screening returned exit code: 256

💤 Sleeping 15 min until 20:21:15...

────────────────────────────────────────────────────────────
CYCLE #44
────────────────────────────────────────────────────────────

============================================================
🤖 VILONA DAEMON — 2026-06-01 20:21:15 WIB
============================================================
📈 Adaptive: OBI threshold=0.20, WR=N/A
📍 Active positions: 0
🔄 Running screening cycle...

============================================================
🤖 VILONA AUTONOMOUS TRADER — 2026-06-01 20:21:18 WIB
   Session: NY_OPEN | Daily PnL: $0.00
============================================================
Traceback (most recent call last):
  File "/home/openclaw/projects/1ai-trade-bot/engines/bitget/scripts/vilona_autonomous_trader.py", line 1171, in <module>
    main()
    ~~~~^^
  File "/home/openclaw/projects/1ai-trade-bot/engines/bitget/scripts/vilona_autonomous_trader.py", line 1167, in main
    trader.run_screening_cycle()
    ~~~~~~~~~~~~~~~~~~~~~~~~~~^^
  File "/home/openclaw/projects/1ai-trade-bot/engines/bitget/scripts/vilona_autonomous_trader.py", line 962, in run_screening_cycle
    macro_risk_mult = self._run_macro_filter()
                      ^^^^^^^^^^^^^^^^^^^^^^
AttributeError: 'VilonaTrader' object has no attribute '_run_macro_filter'
⚠️ Screening returned exit code: 256

💤 Sleeping 15 min until 20:36:18...

────────────────────────────────────────────────────────────
CYCLE #45
────────────────────────────────────────────────────────────

============================================================
🤖 VILONA DAEMON — 2026-06-01 20:36:18 WIB
============================================================
📈 Adaptive: OBI threshold=0.20, WR=N/A
📍 Active positions: 0
🔄 Running screening cycle...

============================================================
🤖 VILONA AUTONOMOUS TRADER — 2026-06-01 20:36:21 WIB
   Session: NY_OPEN | Daily PnL: $0.00
============================================================
Traceback (most recent call last):
  File "/home/openclaw/projects/1ai-trade-bot/engines/bitget/scripts/vilona_autonomous_trader.py", line 1171, in <module>
    main()
    ~~~~^^
  File "/home/openclaw/projects/1ai-trade-bot/engines/bitget/scripts/vilona_autonomous_trader.py", line 1167, in main
    trader.run_screening_cycle()
    ~~~~~~~~~~~~~~~~~~~~~~~~~~^^
  File "/home/openclaw/projects/1ai-trade-bot/engines/bitget/scripts/vilona_autonomous_trader.py", line 962, in run_screening_cycle
    macro_risk_mult = self._run_macro_filter()
                      ^^^^^^^^^^^^^^^^^^^^^^
AttributeError: 'VilonaTrader' object has no attribute '_run_macro_filter'
⚠️ Screening returned exit code: 256

💤 Sleeping 15 min until 20:51:21...

────────────────────────────────────────────────────────────
CYCLE #46
────────────────────────────────────────────────────────────

============================================================
🤖 VILONA DAEMON — 2026-06-01 20:51:21 WIB
============================================================
📈 Adaptive: OBI threshold=0.20, WR=N/A
📍 Active positions: 0
🔄 Running screening cycle...

============================================================
🤖 VILONA AUTONOMOUS TRADER — 2026-06-01 20:51:24 WIB
   Session: NY_OPEN | Daily PnL: $0.00
============================================================
Traceback (most recent call last):
  File "/home/openclaw/projects/1ai-trade-bot/engines/bitget/scripts/vilona_autonomous_trader.py", line 1171, in <module>
    main()
    ~~~~^^
  File "/home/openclaw/projects/1ai-trade-bot/engines/bitget/scripts/vilona_autonomous_trader.py", line 1167, in main
    trader.run_screening_cycle()
    ~~~~~~~~~~~~~~~~~~~~~~~~~~^^
  File "/home/openclaw/projects/1ai-trade-bot/engines/bitget/scripts/vilona_autonomous_trader.py", line 962, in run_screening_cycle
    macro_risk_mult = self._run_macro_filter()
                      ^^^^^^^^^^^^^^^^^^^^^^
AttributeError: 'VilonaTrader' object has no attribute '_run_macro_filter'
⚠️ Screening returned exit code: 256

💤 Sleeping 15 min until 21:06:24...

────────────────────────────────────────────────────────────
CYCLE #47
────────────────────────────────────────────────────────────

============================================================
🤖 VILONA DAEMON — 2026-06-01 21:06:24 WIB
============================================================
📈 Adaptive: OBI threshold=0.20, WR=N/A
📍 Active positions: 0
🔄 Running screening cycle...

============================================================
🤖 VILONA AUTONOMOUS TRADER — 2026-06-01 21:06:27 WIB
   Session: NY_OPEN | Daily PnL: $0.00
============================================================
Traceback (most recent call last):
  File "/home/openclaw/projects/1ai-trade-bot/engines/bitget/scripts/vilona_autonomous_trader.py", line 1171, in <module>
    main()
    ~~~~^^
  File "/home/openclaw/projects/1ai-trade-bot/engines/bitget/scripts/vilona_autonomous_trader.py", line 1167, in main
    trader.run_screening_cycle()
    ~~~~~~~~~~~~~~~~~~~~~~~~~~^^
  File "/home/openclaw/projects/1ai-trade-bot/engines/bitget/scripts/vilona_autonomous_trader.py", line 962, in run_screening_cycle
    macro_risk_mult = self._run_macro_filter()
                      ^^^^^^^^^^^^^^^^^^^^^^
AttributeError: 'VilonaTrader' object has no attribute '_run_macro_filter'
⚠️ Screening returned exit code: 256

💤 Sleeping 15 min until 21:21:27...

────────────────────────────────────────────────────────────
CYCLE #48
────────────────────────────────────────────────────────────

============================================================
🤖 VILONA DAEMON — 2026-06-01 21:21:27 WIB
============================================================
📈 Adaptive: OBI threshold=0.20, WR=N/A
📍 Active positions: 0
🔄 Running screening cycle...

============================================================
🤖 VILONA AUTONOMOUS TRADER — 2026-06-01 21:21:29 WIB
   Session: NY_OPEN | Daily PnL: $0.00
============================================================
Traceback (most recent call last):
  File "/home/openclaw/projects/1ai-trade-bot/engines/bitget/scripts/vilona_autonomous_trader.py", line 1171, in <module>
    main()
    ~~~~^^
  File "/home/openclaw/projects/1ai-trade-bot/engines/bitget/scripts/vilona_autonomous_trader.py", line 1167, in main
    trader.run_screening_cycle()
    ~~~~~~~~~~~~~~~~~~~~~~~~~~^^
  File "/home/openclaw/projects/1ai-trade-bot/engines/bitget/scripts/vilona_autonomous_trader.py", line 962, in run_screening_cycle
    macro_risk_mult = self._run_macro_filter()
                      ^^^^^^^^^^^^^^^^^^^^^^
AttributeError: 'VilonaTrader' object has no attribute '_run_macro_filter'
⚠️ Screening returned exit code: 256

💤 Sleeping 15 min until 21:36:29...

────────────────────────────────────────────────────────────
CYCLE #49
────────────────────────────────────────────────────────────

============================================================
🤖 VILONA DAEMON — 2026-06-01 21:36:29 WIB
============================================================
📈 Adaptive: OBI threshold=0.20, WR=N/A
📍 Active positions: 0
🔄 Running screening cycle...

============================================================
🤖 VILONA AUTONOMOUS TRADER — 2026-06-01 21:36:32 WIB
   Session: NY_OPEN | Daily PnL: $0.00
============================================================
Traceback (most recent call last):
  File "/home/openclaw/projects/1ai-trade-bot/engines/bitget/scripts/vilona_autonomous_trader.py", line 1171, in <module>
    main()
    ~~~~^^
  File "/home/openclaw/projects/1ai-trade-bot/engines/bitget/scripts/vilona_autonomous_trader.py", line 1167, in main
    trader.run_screening_cycle()
    ~~~~~~~~~~~~~~~~~~~~~~~~~~^^
  File "/home/openclaw/projects/1ai-trade-bot/engines/bitget/scripts/vilona_autonomous_trader.py", line 962, in run_screening_cycle
    macro_risk_mult = self._run_macro_filter()
                      ^^^^^^^^^^^^^^^^^^^^^^
AttributeError: 'VilonaTrader' object has no attribute '_run_macro_filter'
⚠️ Screening returned exit code: 256

💤 Sleeping 15 min until 21:51:32...

────────────────────────────────────────────────────────────
CYCLE #50
────────────────────────────────────────────────────────────

============================================================
🤖 VILONA DAEMON — 2026-06-01 21:51:32 WIB
============================================================
📈 Adaptive: OBI threshold=0.20, WR=N/A
📍 Active positions: 0
🔄 Running screening cycle...

============================================================
🤖 VILONA AUTONOMOUS TRADER — 2026-06-01 21:51:34 WIB
   Session: NY_OPEN | Daily PnL: $0.00
============================================================
Traceback (most recent call last):
  File "/home/openclaw/projects/1ai-trade-bot/engines/bitget/scripts/vilona_autonomous_trader.py", line 1171, in <module>
    main()
    ~~~~^^
  File "/home/openclaw/projects/1ai-trade-bot/engines/bitget/scripts/vilona_autonomous_trader.py", line 1167, in main
    trader.run_screening_cycle()
    ~~~~~~~~~~~~~~~~~~~~~~~~~~^^
  File "/home/openclaw/projects/1ai-trade-bot/engines/bitget/scripts/vilona_autonomous_trader.py", line 962, in run_screening_cycle
    macro_risk_mult = self._run_macro_filter()
                      ^^^^^^^^^^^^^^^^^^^^^^
AttributeError: 'VilonaTrader' object has no attribute '_run_macro_filter'
⚠️ Screening returned exit code: 256

💤 Sleeping 15 min until 22:06:34...

────────────────────────────────────────────────────────────
CYCLE #51
────────────────────────────────────────────────────────────

============================================================
🤖 VILONA DAEMON — 2026-06-01 22:06:34 WIB
============================================================
📈 Adaptive: OBI threshold=0.20, WR=N/A
📍 Active positions: 0
🌙 Off-session (22:00 WIB) — monitoring only, no entries

💤 Sleeping 15 min until 22:21:34...

────────────────────────────────────────────────────────────
CYCLE #52
────────────────────────────────────────────────────────────

============================================================
🤖 VILONA DAEMON — 2026-06-01 22:21:34 WIB
============================================================
📈 Adaptive: OBI threshold=0.20, WR=N/A
📍 Active positions: 0
🌙 Off-session (22:00 WIB) — monitoring only, no entries

💤 Sleeping 15 min until 22:36:35...

────────────────────────────────────────────────────────────
CYCLE #53
────────────────────────────────────────────────────────────

============================================================
🤖 VILONA DAEMON — 2026-06-01 22:36:35 WIB
============================================================
📈 Adaptive: OBI threshold=0.20, WR=N/A
📍 Active positions: 0
🌙 Off-session (22:00 WIB) — monitoring only, no entries

💤 Sleeping 15 min until 22:51:35...

────────────────────────────────────────────────────────────
CYCLE #54
────────────────────────────────────────────────────────────

============================================================
🤖 VILONA DAEMON — 2026-06-01 22:51:35 WIB
============================================================
📈 Adaptive: OBI threshold=0.20, WR=N/A
📍 Active positions: 0
🌙 Off-session (22:00 WIB) — monitoring only, no entries

💤 Sleeping 15 min until 23:06:35...

────────────────────────────────────────────────────────────
CYCLE #55
────────────────────────────────────────────────────────────

============================================================
🤖 VILONA DAEMON — 2026-06-01 23:06:35 WIB
============================================================
📈 Adaptive: OBI threshold=0.20, WR=N/A
📍 Active positions: 0
🌙 Off-session (23:00 WIB) — monitoring only, no entries

💤 Sleeping 15 min until 23:21:35...

────────────────────────────────────────────────────────────
CYCLE #56
────────────────────────────────────────────────────────────

============================================================
🤖 VILONA DAEMON — 2026-06-01 23:21:35 WIB
============================================================
📈 Adaptive: OBI threshold=0.20, WR=N/A
📍 Active positions: 0
🌙 Off-session (23:00 WIB) — monitoring only, no entries

💤 Sleeping 15 min until 23:36:35...

────────────────────────────────────────────────────────────
CYCLE #57
────────────────────────────────────────────────────────────

============================================================
🤖 VILONA DAEMON — 2026-06-01 23:36:35 WIB
============================================================
📈 Adaptive: OBI threshold=0.20, WR=N/A
📍 Active positions: 0
🌙 Off-session (23:00 WIB) — monitoring only, no entries

💤 Sleeping 15 min until 23:51:36...

────────────────────────────────────────────────────────────
CYCLE #58
────────────────────────────────────────────────────────────

============================================================
🤖 VILONA DAEMON — 2026-06-01 23:51:36 WIB
============================================================
📈 Adaptive: OBI threshold=0.20, WR=N/A
📍 Active positions: 0
🌙 Off-session (23:00 WIB) — monitoring only, no entries

💤 Sleeping 15 min until 00:06:36...

────────────────────────────────────────────────────────────
CYCLE #59
────────────────────────────────────────────────────────────

============================================================
🤖 VILONA DAEMON — 2026-06-02 00:06:36 WIB
============================================================
📈 Adaptive: OBI threshold=0.20, WR=N/A
📍 Active positions: 0
🌙 Off-session (0:00 WIB) — monitoring only, no entries

💤 Sleeping 15 min until 00:21:36...

────────────────────────────────────────────────────────────
CYCLE #60
────────────────────────────────────────────────────────────

============================================================
🤖 VILONA DAEMON — 2026-06-02 00:21:36 WIB
============================================================
📈 Adaptive: OBI threshold=0.20, WR=N/A
📍 Active positions: 0
🌙 Off-session (0:00 WIB) — monitoring only, no entries

💤 Sleeping 15 min until 00:36:36...

────────────────────────────────────────────────────────────
CYCLE #61
────────────────────────────────────────────────────────────

============================================================
🤖 VILONA DAEMON — 2026-06-02 00:36:36 WIB
============================================================
📈 Adaptive: OBI threshold=0.20, WR=N/A
📍 Active positions: 0
🌙 Off-session (0:00 WIB) — monitoring only, no entries

💤 Sleeping 15 min until 00:51:37...

────────────────────────────────────────────────────────────
CYCLE #62
────────────────────────────────────────────────────────────

============================================================
🤖 VILONA DAEMON — 2026-06-02 00:51:37 WIB
============================================================
📈 Adaptive: OBI threshold=0.20, WR=N/A
📍 Active positions: 0
🌙 Off-session (0:00 WIB) — monitoring only, no entries

💤 Sleeping 15 min until 01:06:37...

────────────────────────────────────────────────────────────
CYCLE #63
────────────────────────────────────────────────────────────

============================================================
🤖 VILONA DAEMON — 2026-06-02 01:06:37 WIB
============================================================
📈 Adaptive: OBI threshold=0.20, WR=N/A
📍 Active positions: 0
🌙 Off-session (1:00 WIB) — monitoring only, no entries

💤 Sleeping 15 min until 01:21:37...

────────────────────────────────────────────────────────────
CYCLE #64
────────────────────────────────────────────────────────────

============================================================
🤖 VILONA DAEMON — 2026-06-02 01:21:37 WIB
============================================================
📈 Adaptive: OBI threshold=0.20, WR=N/A
📍 Active positions: 0
🌙 Off-session (1:00 WIB) — monitoring only, no entries

💤 Sleeping 15 min until 01:36:37...

────────────────────────────────────────────────────────────
CYCLE #65
────────────────────────────────────────────────────────────

============================================================
🤖 VILONA DAEMON — 2026-06-02 01:36:37 WIB
============================================================
📈 Adaptive: OBI threshold=0.20, WR=N/A
📍 Active positions: 0
🌙 Off-session (1:00 WIB) — monitoring only, no entries

💤 Sleeping 15 min until 01:51:37...

────────────────────────────────────────────────────────────
CYCLE #66
────────────────────────────────────────────────────────────

============================================================
🤖 VILONA DAEMON — 2026-06-02 01:51:37 WIB
============================================================
📈 Adaptive: OBI threshold=0.20, WR=N/A
📍 Active positions: 0
🌙 Off-session (1:00 WIB) — monitoring only, no entries

💤 Sleeping 15 min until 02:06:38...

────────────────────────────────────────────────────────────
CYCLE #67
────────────────────────────────────────────────────────────

============================================================
🤖 VILONA DAEMON — 2026-06-02 02:06:38 WIB
============================================================
📈 Adaptive: OBI threshold=0.20, WR=N/A
📍 Active positions: 0
🌙 Off-session (2:00 WIB) — monitoring only, no entries

💤 Sleeping 15 min until 02:21:38...

────────────────────────────────────────────────────────────
CYCLE #68
────────────────────────────────────────────────────────────

============================================================
🤖 VILONA DAEMON — 2026-06-02 02:21:38 WIB
============================================================
📈 Adaptive: OBI threshold=0.20, WR=N/A
📍 Active positions: 0
🌙 Off-session (2:00 WIB) — monitoring only, no entries

💤 Sleeping 15 min until 02:36:38...

────────────────────────────────────────────────────────────
CYCLE #69
────────────────────────────────────────────────────────────

============================================================
🤖 VILONA DAEMON — 2026-06-02 02:36:38 WIB
============================================================
📈 Adaptive: OBI threshold=0.20, WR=N/A
📍 Active positions: 0
🌙 Off-session (2:00 WIB) — monitoring only, no entries

💤 Sleeping 15 min until 02:51:38...

────────────────────────────────────────────────────────────
CYCLE #70
────────────────────────────────────────────────────────────

============================================================
🤖 VILONA DAEMON — 2026-06-02 02:51:38 WIB
============================================================
📈 Adaptive: OBI threshold=0.20, WR=N/A
📍 Active positions: 0
🌙 Off-session (2:00 WIB) — monitoring only, no entries

💤 Sleeping 15 min until 03:06:39...

────────────────────────────────────────────────────────────
CYCLE #71
────────────────────────────────────────────────────────────

============================================================
🤖 VILONA DAEMON — 2026-06-02 03:06:39 WIB
============================================================
📈 Adaptive: OBI threshold=0.20, WR=N/A
📍 Active positions: 0
🌙 Off-session (3:00 WIB) — monitoring only, no entries

💤 Sleeping 15 min until 03:21:39...

────────────────────────────────────────────────────────────
CYCLE #72
────────────────────────────────────────────────────────────

============================================================
🤖 VILONA DAEMON — 2026-06-02 03:21:39 WIB
============================================================
📈 Adaptive: OBI threshold=0.20, WR=N/A
📍 Active positions: 0
🌙 Off-session (3:00 WIB) — monitoring only, no entries

💤 Sleeping 15 min until 03:36:39...

────────────────────────────────────────────────────────────
CYCLE #73
────────────────────────────────────────────────────────────

============================================================
🤖 VILONA DAEMON — 2026-06-02 03:36:39 WIB
============================================================
📈 Adaptive: OBI threshold=0.20, WR=N/A
📍 Active positions: 0
🌙 Off-session (3:00 WIB) — monitoring only, no entries

💤 Sleeping 15 min until 03:51:39...

────────────────────────────────────────────────────────────
CYCLE #74
────────────────────────────────────────────────────────────

============================================================
🤖 VILONA DAEMON — 2026-06-02 03:51:39 WIB
============================================================
📈 Adaptive: OBI threshold=0.20, WR=N/A
📍 Active positions: 0
🌙 Off-session (3:00 WIB) — monitoring only, no entries

💤 Sleeping 15 min until 04:06:39...

────────────────────────────────────────────────────────────
CYCLE #75
────────────────────────────────────────────────────────────

============================================================
🤖 VILONA DAEMON — 2026-06-02 04:06:39 WIB
============================================================
📈 Adaptive: OBI threshold=0.20, WR=N/A
📍 Active positions: 0
🌙 Off-session (4:00 WIB) — monitoring only, no entries

💤 Sleeping 15 min until 04:21:40...

────────────────────────────────────────────────────────────
CYCLE #76
────────────────────────────────────────────────────────────

============================================================
🤖 VILONA DAEMON — 2026-06-02 04:21:40 WIB
============================================================
📈 Adaptive: OBI threshold=0.20, WR=N/A
📍 Active positions: 0
🌙 Off-session (4:00 WIB) — monitoring only, no entries

💤 Sleeping 15 min until 04:36:40...

────────────────────────────────────────────────────────────
CYCLE #77
────────────────────────────────────────────────────────────

============================================================
🤖 VILONA DAEMON — 2026-06-02 04:36:40 WIB
============================================================
📈 Adaptive: OBI threshold=0.20, WR=N/A
📍 Active positions: 0
🌙 Off-session (4:00 WIB) — monitoring only, no entries

💤 Sleeping 15 min until 04:51:40...

────────────────────────────────────────────────────────────
CYCLE #78
────────────────────────────────────────────────────────────

============================================================
🤖 VILONA DAEMON — 2026-06-02 04:51:40 WIB
============================================================
📈 Adaptive: OBI threshold=0.20, WR=N/A
📍 Active positions: 0
🌙 Off-session (4:00 WIB) — monitoring only, no entries

💤 Sleeping 15 min until 05:06:40...

────────────────────────────────────────────────────────────
CYCLE #79
────────────────────────────────────────────────────────────

============================================================
🤖 VILONA DAEMON — 2026-06-02 05:06:40 WIB
============================================================
📈 Adaptive: OBI threshold=0.20, WR=N/A
📍 Active positions: 0
🌙 Off-session (5:00 WIB) — monitoring only, no entries

💤 Sleeping 15 min until 05:21:40...

────────────────────────────────────────────────────────────
CYCLE #80
────────────────────────────────────────────────────────────

============================================================
🤖 VILONA DAEMON — 2026-06-02 05:21:40 WIB
============================================================
📈 Adaptive: OBI threshold=0.20, WR=N/A
📍 Active positions: 0
🌙 Off-session (5:00 WIB) — monitoring only, no entries

💤 Sleeping 15 min until 05:36:41...

────────────────────────────────────────────────────────────
CYCLE #81
────────────────────────────────────────────────────────────

============================================================
🤖 VILONA DAEMON — 2026-06-02 05:36:41 WIB
============================================================
📈 Adaptive: OBI threshold=0.20, WR=N/A
📍 Active positions: 0
🌙 Off-session (5:00 WIB) — monitoring only, no entries

💤 Sleeping 15 min until 05:51:41...

────────────────────────────────────────────────────────────
CYCLE #82
────────────────────────────────────────────────────────────

============================================================
🤖 VILONA DAEMON — 2026-06-02 05:51:41 WIB
============================================================
📈 Adaptive: OBI threshold=0.20, WR=N/A
📍 Active positions: 0
🌙 Off-session (5:00 WIB) — monitoring only, no entries

💤 Sleeping 15 min until 06:06:41...

────────────────────────────────────────────────────────────
CYCLE #83
────────────────────────────────────────────────────────────

============================================================
🤖 VILONA DAEMON — 2026-06-02 06:06:41 WIB
============================================================
📈 Adaptive: OBI threshold=0.20, WR=N/A
📍 Active positions: 0
🔄 Running screening cycle...

============================================================
🤖 VILONA AUTONOMOUS TRADER — 2026-06-02 06:06:43 WIB
   Session: ASIA_OPEN | Daily PnL: $0.00
============================================================
Traceback (most recent call last):
  File "/home/openclaw/projects/1ai-trade-bot/engines/bitget/scripts/vilona_autonomous_trader.py", line 1171, in <module>
    main()
    ~~~~^^
  File "/home/openclaw/projects/1ai-trade-bot/engines/bitget/scripts/vilona_autonomous_trader.py", line 1167, in main
    trader.run_screening_cycle()
    ~~~~~~~~~~~~~~~~~~~~~~~~~~^^
  File "/home/openclaw/projects/1ai-trade-bot/engines/bitget/scripts/vilona_autonomous_trader.py", line 962, in run_screening_cycle
    macro_risk_mult = self._run_macro_filter()
                      ^^^^^^^^^^^^^^^^^^^^^^
AttributeError: 'VilonaTrader' object has no attribute '_run_macro_filter'
⚠️ Screening returned exit code: 256

💤 Sleeping 15 min until 06:21:44...

────────────────────────────────────────────────────────────
CYCLE #84
────────────────────────────────────────────────────────────

============================================================
🤖 VILONA DAEMON — 2026-06-02 06:21:44 WIB
============================================================
📈 Adaptive: OBI threshold=0.20, WR=N/A
📍 Active positions: 0
🔄 Running screening cycle...

============================================================
🤖 VILONA AUTONOMOUS TRADER — 2026-06-02 06:21:46 WIB
   Session: ASIA_OPEN | Daily PnL: $0.00
============================================================
Traceback (most recent call last):
  File "/home/openclaw/projects/1ai-trade-bot/engines/bitget/scripts/vilona_autonomous_trader.py", line 1171, in <module>
    main()
    ~~~~^^
  File "/home/openclaw/projects/1ai-trade-bot/engines/bitget/scripts/vilona_autonomous_trader.py", line 1167, in main
    trader.run_screening_cycle()
    ~~~~~~~~~~~~~~~~~~~~~~~~~~^^
  File "/home/openclaw/projects/1ai-trade-bot/engines/bitget/scripts/vilona_autonomous_trader.py", line 962, in run_screening_cycle
    macro_risk_mult = self._run_macro_filter()
                      ^^^^^^^^^^^^^^^^^^^^^^
AttributeError: 'VilonaTrader' object has no attribute '_run_macro_filter'
⚠️ Screening returned exit code: 256

💤 Sleeping 15 min until 06:36:46...

────────────────────────────────────────────────────────────
CYCLE #85
────────────────────────────────────────────────────────────

============================================================
🤖 VILONA DAEMON — 2026-06-02 06:36:46 WIB
============================================================
📈 Adaptive: OBI threshold=0.20, WR=N/A
📍 Active positions: 0
🔄 Running screening cycle...

============================================================
🤖 VILONA AUTONOMOUS TRADER — 2026-06-02 06:36:48 WIB
   Session: ASIA_OPEN | Daily PnL: $0.00
============================================================
Traceback (most recent call last):
  File "/home/openclaw/projects/1ai-trade-bot/engines/bitget/scripts/vilona_autonomous_trader.py", line 1171, in <module>
    main()
    ~~~~^^
  File "/home/openclaw/projects/1ai-trade-bot/engines/bitget/scripts/vilona_autonomous_trader.py", line 1167, in main
    trader.run_screening_cycle()
    ~~~~~~~~~~~~~~~~~~~~~~~~~~^^
  File "/home/openclaw/projects/1ai-trade-bot/engines/bitget/scripts/vilona_autonomous_trader.py", line 962, in run_screening_cycle
    macro_risk_mult = self._run_macro_filter()
                      ^^^^^^^^^^^^^^^^^^^^^^
AttributeError: 'VilonaTrader' object has no attribute '_run_macro_filter'
⚠️ Screening returned exit code: 256

💤 Sleeping 15 min until 06:51:48...

────────────────────────────────────────────────────────────
CYCLE #86
────────────────────────────────────────────────────────────

============================================================
🤖 VILONA DAEMON — 2026-06-02 06:51:48 WIB
============================================================
📈 Adaptive: OBI threshold=0.20, WR=N/A
📍 Active positions: 0
🔄 Running screening cycle...

============================================================
🤖 VILONA AUTONOMOUS TRADER — 2026-06-02 06:51:50 WIB
   Session: ASIA_OPEN | Daily PnL: $0.00
============================================================
Traceback (most recent call last):
  File "/home/openclaw/projects/1ai-trade-bot/engines/bitget/scripts/vilona_autonomous_trader.py", line 1171, in <module>
    main()
    ~~~~^^
  File "/home/openclaw/projects/1ai-trade-bot/engines/bitget/scripts/vilona_autonomous_trader.py", line 1167, in main
    trader.run_screening_cycle()
    ~~~~~~~~~~~~~~~~~~~~~~~~~~^^
  File "/home/openclaw/projects/1ai-trade-bot/engines/bitget/scripts/vilona_autonomous_trader.py", line 962, in run_screening_cycle
    macro_risk_mult = self._run_macro_filter()
                      ^^^^^^^^^^^^^^^^^^^^^^
AttributeError: 'VilonaTrader' object has no attribute '_run_macro_filter'
⚠️ Screening returned exit code: 256

💤 Sleeping 15 min until 07:06:50...

────────────────────────────────────────────────────────────
CYCLE #87
────────────────────────────────────────────────────────────

============================================================
🤖 VILONA DAEMON — 2026-06-02 07:06:50 WIB
============================================================
📈 Adaptive: OBI threshold=0.20, WR=N/A
📍 Active positions: 0
🔄 Running screening cycle...

============================================================
🤖 VILONA AUTONOMOUS TRADER — 2026-06-02 07:06:52 WIB
   Session: ASIA_OPEN | Daily PnL: $0.00
============================================================
Traceback (most recent call last):
  File "/home/openclaw/projects/1ai-trade-bot/engines/bitget/scripts/vilona_autonomous_trader.py", line 1171, in <module>
    main()
    ~~~~^^
  File "/home/openclaw/projects/1ai-trade-bot/engines/bitget/scripts/vilona_autonomous_trader.py", line 1167, in main
    trader.run_screening_cycle()
    ~~~~~~~~~~~~~~~~~~~~~~~~~~^^
  File "/home/openclaw/projects/1ai-trade-bot/engines/bitget/scripts/vilona_autonomous_trader.py", line 962, in run_screening_cycle
    macro_risk_mult = self._run_macro_filter()
                      ^^^^^^^^^^^^^^^^^^^^^^
AttributeError: 'VilonaTrader' object has no attribute '_run_macro_filter'
⚠️ Screening returned exit code: 256

💤 Sleeping 15 min until 07:21:52...

────────────────────────────────────────────────────────────
CYCLE #88
────────────────────────────────────────────────────────────

============================================================
🤖 VILONA DAEMON — 2026-06-02 07:21:52 WIB
============================================================
📈 Adaptive: OBI threshold=0.20, WR=N/A
📍 Active positions: 0
🔄 Running screening cycle...

============================================================
🤖 VILONA AUTONOMOUS TRADER — 2026-06-02 07:21:54 WIB
   Session: ASIA_OPEN | Daily PnL: $0.00
============================================================
Traceback (most recent call last):
  File "/home/openclaw/projects/1ai-trade-bot/engines/bitget/scripts/vilona_autonomous_trader.py", line 1171, in <module>
    main()
    ~~~~^^
  File "/home/openclaw/projects/1ai-trade-bot/engines/bitget/scripts/vilona_autonomous_trader.py", line 1167, in main
    trader.run_screening_cycle()
    ~~~~~~~~~~~~~~~~~~~~~~~~~~^^
  File "/home/openclaw/projects/1ai-trade-bot/engines/bitget/scripts/vilona_autonomous_trader.py", line 962, in run_screening_cycle
    macro_risk_mult = self._run_macro_filter()
                      ^^^^^^^^^^^^^^^^^^^^^^
AttributeError: 'VilonaTrader' object has no attribute '_run_macro_filter'
⚠️ Screening returned exit code: 256

💤 Sleeping 15 min until 07:36:54...

────────────────────────────────────────────────────────────
CYCLE #89
────────────────────────────────────────────────────────────

============================================================
🤖 VILONA DAEMON — 2026-06-02 07:36:54 WIB
============================================================
📈 Adaptive: OBI threshold=0.20, WR=N/A
📍 Active positions: 0
🔄 Running screening cycle...

============================================================
🤖 VILONA AUTONOMOUS TRADER — 2026-06-02 07:36:56 WIB
   Session: ASIA_OPEN | Daily PnL: $0.00
============================================================
Traceback (most recent call last):
  File "/home/openclaw/projects/1ai-trade-bot/engines/bitget/scripts/vilona_autonomous_trader.py", line 1171, in <module>
    main()
    ~~~~^^
  File "/home/openclaw/projects/1ai-trade-bot/engines/bitget/scripts/vilona_autonomous_trader.py", line 1167, in main
    trader.run_screening_cycle()
    ~~~~~~~~~~~~~~~~~~~~~~~~~~^^
  File "/home/openclaw/projects/1ai-trade-bot/engines/bitget/scripts/vilona_autonomous_trader.py", line 962, in run_screening_cycle
    macro_risk_mult = self._run_macro_filter()
                      ^^^^^^^^^^^^^^^^^^^^^^
AttributeError: 'VilonaTrader' object has no attribute '_run_macro_filter'
⚠️ Screening returned exit code: 256

💤 Sleeping 15 min until 07:51:56...

────────────────────────────────────────────────────────────
CYCLE #90
────────────────────────────────────────────────────────────

============================================================
🤖 VILONA DAEMON — 2026-06-02 07:51:56 WIB
============================================================
📈 Adaptive: OBI threshold=0.20, WR=N/A
📍 Active positions: 0
🔄 Running screening cycle...

============================================================
🤖 VILONA AUTONOMOUS TRADER — 2026-06-02 07:51:58 WIB
   Session: ASIA_OPEN | Daily PnL: $0.00
============================================================
Traceback (most recent call last):
  File "/home/openclaw/projects/1ai-trade-bot/engines/bitget/scripts/vilona_autonomous_trader.py", line 1171, in <module>
    main()
    ~~~~^^
  File "/home/openclaw/projects/1ai-trade-bot/engines/bitget/scripts/vilona_autonomous_trader.py", line 1167, in main
    trader.run_screening_cycle()
    ~~~~~~~~~~~~~~~~~~~~~~~~~~^^
  File "/home/openclaw/projects/1ai-trade-bot/engines/bitget/scripts/vilona_autonomous_trader.py", line 962, in run_screening_cycle
    macro_risk_mult = self._run_macro_filter()
                      ^^^^^^^^^^^^^^^^^^^^^^
AttributeError: 'VilonaTrader' object has no attribute '_run_macro_filter'
⚠️ Screening returned exit code: 256

💤 Sleeping 15 min until 08:06:58...

────────────────────────────────────────────────────────────
CYCLE #91
────────────────────────────────────────────────────────────

============================================================
🤖 VILONA DAEMON — 2026-06-02 08:06:58 WIB
============================================================
📈 Adaptive: OBI threshold=0.20, WR=N/A
📍 Active positions: 0
🔄 Running screening cycle...

============================================================
🤖 VILONA AUTONOMOUS TRADER — 2026-06-02 08:07:00 WIB
   Session: ASIA_OPEN | Daily PnL: $0.00
============================================================
Traceback (most recent call last):
  File "/home/openclaw/projects/1ai-trade-bot/engines/bitget/scripts/vilona_autonomous_trader.py", line 1171, in <module>
    main()
    ~~~~^^
  File "/home/openclaw/projects/1ai-trade-bot/engines/bitget/scripts/vilona_autonomous_trader.py", line 1167, in main
    trader.run_screening_cycle()
    ~~~~~~~~~~~~~~~~~~~~~~~~~~^^
  File "/home/openclaw/projects/1ai-trade-bot/engines/bitget/scripts/vilona_autonomous_trader.py", line 962, in run_screening_cycle
    macro_risk_mult = self._run_macro_filter()
                      ^^^^^^^^^^^^^^^^^^^^^^
AttributeError: 'VilonaTrader' object has no attribute '_run_macro_filter'
⚠️ Screening returned exit code: 256

💤 Sleeping 15 min until 08:22:00...

────────────────────────────────────────────────────────────
CYCLE #92
────────────────────────────────────────────────────────────

============================================================
🤖 VILONA DAEMON — 2026-06-02 08:22:00 WIB
============================================================
📈 Adaptive: OBI threshold=0.20, WR=N/A
📍 Active positions: 0
🔄 Running screening cycle...

============================================================
🤖 VILONA AUTONOMOUS TRADER — 2026-06-02 08:22:03 WIB
   Session: ASIA_OPEN | Daily PnL: $0.00
============================================================
Traceback (most recent call last):
  File "/home/openclaw/projects/1ai-trade-bot/engines/bitget/scripts/vilona_autonomous_trader.py", line 1171, in <module>
    main()
    ~~~~^^
  File "/home/openclaw/projects/1ai-trade-bot/engines/bitget/scripts/vilona_autonomous_trader.py", line 1167, in main
    trader.run_screening_cycle()
    ~~~~~~~~~~~~~~~~~~~~~~~~~~^^
  File "/home/openclaw/projects/1ai-trade-bot/engines/bitget/scripts/vilona_autonomous_trader.py", line 962, in run_screening_cycle
    macro_risk_mult = self._run_macro_filter()
                      ^^^^^^^^^^^^^^^^^^^^^^
AttributeError: 'VilonaTrader' object has no attribute '_run_macro_filter'
⚠️ Screening returned exit code: 256

💤 Sleeping 15 min until 08:37:03...

────────────────────────────────────────────────────────────
CYCLE #93
────────────────────────────────────────────────────────────

============================================================
🤖 VILONA DAEMON — 2026-06-02 08:37:03 WIB
============================================================
📈 Adaptive: OBI threshold=0.20, WR=N/A
📍 Active positions: 0
🔄 Running screening cycle...

============================================================
🤖 VILONA AUTONOMOUS TRADER — 2026-06-02 08:37:05 WIB
   Session: ASIA_OPEN | Daily PnL: $0.00
============================================================
Traceback (most recent call last):
  File "/home/openclaw/projects/1ai-trade-bot/engines/bitget/scripts/vilona_autonomous_trader.py", line 1171, in <module>
    main()
    ~~~~^^
  File "/home/openclaw/projects/1ai-trade-bot/engines/bitget/scripts/vilona_autonomous_trader.py", line 1167, in main
    trader.run_screening_cycle()
    ~~~~~~~~~~~~~~~~~~~~~~~~~~^^
  File "/home/openclaw/projects/1ai-trade-bot/engines/bitget/scripts/vilona_autonomous_trader.py", line 962, in run_screening_cycle
    macro_risk_mult = self._run_macro_filter()
                      ^^^^^^^^^^^^^^^^^^^^^^
AttributeError: 'VilonaTrader' object has no attribute '_run_macro_filter'
⚠️ Screening returned exit code: 256

💤 Sleeping 15 min until 08:52:06...

────────────────────────────────────────────────────────────
CYCLE #94
────────────────────────────────────────────────────────────

============================================================
🤖 VILONA DAEMON — 2026-06-02 08:52:06 WIB
============================================================
📈 Adaptive: OBI threshold=0.20, WR=N/A
📍 Active positions: 0
🔄 Running screening cycle...

============================================================
🤖 VILONA AUTONOMOUS TRADER — 2026-06-02 08:52:08 WIB
   Session: ASIA_OPEN | Daily PnL: $0.00
============================================================
Traceback (most recent call last):
  File "/home/openclaw/projects/1ai-trade-bot/engines/bitget/scripts/vilona_autonomous_trader.py", line 1171, in <module>
    main()
    ~~~~^^
  File "/home/openclaw/projects/1ai-trade-bot/engines/bitget/scripts/vilona_autonomous_trader.py", line 1167, in main
    trader.run_screening_cycle()
    ~~~~~~~~~~~~~~~~~~~~~~~~~~^^
  File "/home/openclaw/projects/1ai-trade-bot/engines/bitget/scripts/vilona_autonomous_trader.py", line 962, in run_screening_cycle
    macro_risk_mult = self._run_macro_filter()
                      ^^^^^^^^^^^^^^^^^^^^^^
AttributeError: 'VilonaTrader' object has no attribute '_run_macro_filter'
⚠️ Screening returned exit code: 256

💤 Sleeping 15 min until 09:07:08...

────────────────────────────────────────────────────────────
CYCLE #95
────────────────────────────────────────────────────────────

============================================================
🤖 VILONA DAEMON — 2026-06-02 09:07:08 WIB
============================================================
📈 Adaptive: OBI threshold=0.20, WR=N/A
📍 Active positions: 0
🔄 Running screening cycle...

============================================================
🤖 VILONA AUTONOMOUS TRADER — 2026-06-02 09:07:11 WIB
   Session: OFF_SESSION | Daily PnL: $0.00
============================================================
Traceback (most recent call last):
  File "/home/openclaw/projects/1ai-trade-bot/engines/bitget/scripts/vilona_autonomous_trader.py", line 1171, in <module>
    main()
    ~~~~^^
  File "/home/openclaw/projects/1ai-trade-bot/engines/bitget/scripts/vilona_autonomous_trader.py", line 1167, in main
    trader.run_screening_cycle()
    ~~~~~~~~~~~~~~~~~~~~~~~~~~^^
  File "/home/openclaw/projects/1ai-trade-bot/engines/bitget/scripts/vilona_autonomous_trader.py", line 962, in run_screening_cycle
    macro_risk_mult = self._run_macro_filter()
                      ^^^^^^^^^^^^^^^^^^^^^^
AttributeError: 'VilonaTrader' object has no attribute '_run_macro_filter'
⚠️ Screening returned exit code: 256

💤 Sleeping 15 min until 09:22:12...

────────────────────────────────────────────────────────────
CYCLE #96
────────────────────────────────────────────────────────────

============================================================
🤖 VILONA DAEMON — 2026-06-02 09:22:12 WIB
============================================================
📈 Adaptive: OBI threshold=0.20, WR=N/A
📍 Active positions: 0
🔄 Running screening cycle...

============================================================
🤖 VILONA AUTONOMOUS TRADER — 2026-06-02 09:22:14 WIB
   Session: OFF_SESSION | Daily PnL: $0.00
============================================================
Traceback (most recent call last):
  File "/home/openclaw/projects/1ai-trade-bot/engines/bitget/scripts/vilona_autonomous_trader.py", line 1171, in <module>
    main()
    ~~~~^^
  File "/home/openclaw/projects/1ai-trade-bot/engines/bitget/scripts/vilona_autonomous_trader.py", line 1167, in main
    trader.run_screening_cycle()
    ~~~~~~~~~~~~~~~~~~~~~~~~~~^^
  File "/home/openclaw/projects/1ai-trade-bot/engines/bitget/scripts/vilona_autonomous_trader.py", line 962, in run_screening_cycle
    macro_risk_mult = self._run_macro_filter()
                      ^^^^^^^^^^^^^^^^^^^^^^
AttributeError: 'VilonaTrader' object has no attribute '_run_macro_filter'
⚠️ Screening returned exit code: 256

💤 Sleeping 15 min until 09:37:14...

────────────────────────────────────────────────────────────
CYCLE #97
────────────────────────────────────────────────────────────

============================================================
🤖 VILONA DAEMON — 2026-06-02 09:37:14 WIB
============================================================
📈 Adaptive: OBI threshold=0.20, WR=N/A
📍 Active positions: 0
🔄 Running screening cycle...

============================================================
🤖 VILONA AUTONOMOUS TRADER — 2026-06-02 09:37:17 WIB
   Session: OFF_SESSION | Daily PnL: $0.00
============================================================
Traceback (most recent call last):
  File "/home/openclaw/projects/1ai-trade-bot/engines/bitget/scripts/vilona_autonomous_trader.py", line 1171, in <module>
    main()
    ~~~~^^
  File "/home/openclaw/projects/1ai-trade-bot/engines/bitget/scripts/vilona_autonomous_trader.py", line 1167, in main
    trader.run_screening_cycle()
    ~~~~~~~~~~~~~~~~~~~~~~~~~~^^
  File "/home/openclaw/projects/1ai-trade-bot/engines/bitget/scripts/vilona_autonomous_trader.py", line 962, in run_screening_cycle
    macro_risk_mult = self._run_macro_filter()
                      ^^^^^^^^^^^^^^^^^^^^^^
AttributeError: 'VilonaTrader' object has no attribute '_run_macro_filter'
⚠️ Screening returned exit code: 256

💤 Sleeping 15 min until 09:52:17...

────────────────────────────────────────────────────────────
CYCLE #98
────────────────────────────────────────────────────────────

============================================================
🤖 VILONA DAEMON — 2026-06-02 09:52:17 WIB
============================================================
📈 Adaptive: OBI threshold=0.20, WR=N/A
📍 Active positions: 0
🔄 Running screening cycle...

============================================================
🤖 VILONA AUTONOMOUS TRADER — 2026-06-02 09:52:19 WIB
   Session: OFF_SESSION | Daily PnL: $0.00
============================================================
Traceback (most recent call last):
  File "/home/openclaw/projects/1ai-trade-bot/engines/bitget/scripts/vilona_autonomous_trader.py", line 1171, in <module>
    main()
    ~~~~^^
  File "/home/openclaw/projects/1ai-trade-bot/engines/bitget/scripts/vilona_autonomous_trader.py", line 1167, in main
    trader.run_screening_cycle()
    ~~~~~~~~~~~~~~~~~~~~~~~~~~^^
  File "/home/openclaw/projects/1ai-trade-bot/engines/bitget/scripts/vilona_autonomous_trader.py", line 962, in run_screening_cycle
    macro_risk_mult = self._run_macro_filter()
                      ^^^^^^^^^^^^^^^^^^^^^^
AttributeError: 'VilonaTrader' object has no attribute '_run_macro_filter'
⚠️ Screening returned exit code: 256

💤 Sleeping 15 min until 10:07:19...

────────────────────────────────────────────────────────────
CYCLE #99
────────────────────────────────────────────────────────────

============================================================
🤖 VILONA DAEMON — 2026-06-02 10:07:19 WIB
============================================================
📈 Adaptive: OBI threshold=0.20, WR=N/A
📍 Active positions: 0
🔄 Running screening cycle...

============================================================
🤖 VILONA AUTONOMOUS TRADER — 2026-06-02 10:07:22 WIB
   Session: OFF_SESSION | Daily PnL: $0.00
============================================================
Traceback (most recent call last):
  File "/home/openclaw/projects/1ai-trade-bot/engines/bitget/scripts/vilona_autonomous_trader.py", line 1171, in <module>
    main()
    ~~~~^^
  File "/home/openclaw/projects/1ai-trade-bot/engines/bitget/scripts/vilona_autonomous_trader.py", line 1167, in main
    trader.run_screening_cycle()
    ~~~~~~~~~~~~~~~~~~~~~~~~~~^^
  File "/home/openclaw/projects/1ai-trade-bot/engines/bitget/scripts/vilona_autonomous_trader.py", line 962, in run_screening_cycle
    macro_risk_mult = self._run_macro_filter()
                      ^^^^^^^^^^^^^^^^^^^^^^
AttributeError: 'VilonaTrader' object has no attribute '_run_macro_filter'
⚠️ Screening returned exit code: 256

💤 Sleeping 15 min until 10:22:22...

────────────────────────────────────────────────────────────
CYCLE #100
────────────────────────────────────────────────────────────

============================================================
🤖 VILONA DAEMON — 2026-06-02 10:22:22 WIB
============================================================
📈 Adaptive: OBI threshold=0.20, WR=N/A
📍 Active positions: 0
🔄 Running screening cycle...

============================================================
🤖 VILONA AUTONOMOUS TRADER — 2026-06-02 10:22:24 WIB
   Session: OFF_SESSION | Daily PnL: $0.00
============================================================
Traceback (most recent call last):
  File "/home/openclaw/projects/1ai-trade-bot/engines/bitget/scripts/vilona_autonomous_trader.py", line 1171, in <module>
    main()
    ~~~~^^
  File "/home/openclaw/projects/1ai-trade-bot/engines/bitget/scripts/vilona_autonomous_trader.py", line 1167, in main
    trader.run_screening_cycle()
    ~~~~~~~~~~~~~~~~~~~~~~~~~~^^
  File "/home/openclaw/projects/1ai-trade-bot/engines/bitget/scripts/vilona_autonomous_trader.py", line 962, in run_screening_cycle
    macro_risk_mult = self._run_macro_filter()
                      ^^^^^^^^^^^^^^^^^^^^^^
AttributeError: 'VilonaTrader' object has no attribute '_run_macro_filter'
⚠️ Screening returned exit code: 256

💤 Sleeping 15 min until 10:37:24...

────────────────────────────────────────────────────────────
CYCLE #101
────────────────────────────────────────────────────────────

============================================================
🤖 VILONA DAEMON — 2026-06-02 10:37:24 WIB
============================================================
📈 Adaptive: OBI threshold=0.20, WR=N/A
📍 Active positions: 0
🔄 Running screening cycle...

============================================================
🤖 VILONA AUTONOMOUS TRADER — 2026-06-02 10:37:27 WIB
   Session: OFF_SESSION | Daily PnL: $0.00
============================================================
Traceback (most recent call last):
  File "/home/openclaw/projects/1ai-trade-bot/engines/bitget/scripts/vilona_autonomous_trader.py", line 1171, in <module>
    main()
    ~~~~^^
  File "/home/openclaw/projects/1ai-trade-bot/engines/bitget/scripts/vilona_autonomous_trader.py", line 1167, in main
    trader.run_screening_cycle()
    ~~~~~~~~~~~~~~~~~~~~~~~~~~^^
  File "/home/openclaw/projects/1ai-trade-bot/engines/bitget/scripts/vilona_autonomous_trader.py", line 962, in run_screening_cycle
    macro_risk_mult = self._run_macro_filter()
                      ^^^^^^^^^^^^^^^^^^^^^^
AttributeError: 'VilonaTrader' object has no attribute '_run_macro_filter'
⚠️ Screening returned exit code: 256

💤 Sleeping 15 min until 10:52:27...

────────────────────────────────────────────────────────────
CYCLE #102
────────────────────────────────────────────────────────────

============================================================
🤖 VILONA DAEMON — 2026-06-02 10:52:27 WIB
============================================================
📈 Adaptive: OBI threshold=0.20, WR=N/A
📍 Active positions: 0
🔄 Running screening cycle...

============================================================
🤖 VILONA AUTONOMOUS TRADER — 2026-06-02 10:52:30 WIB
   Session: OFF_SESSION | Daily PnL: $0.00
============================================================
Traceback (most recent call last):
  File "/home/openclaw/projects/1ai-trade-bot/engines/bitget/scripts/vilona_autonomous_trader.py", line 1171, in <module>
    main()
    ~~~~^^
  File "/home/openclaw/projects/1ai-trade-bot/engines/bitget/scripts/vilona_autonomous_trader.py", line 1167, in main
    trader.run_screening_cycle()
    ~~~~~~~~~~~~~~~~~~~~~~~~~~^^
  File "/home/openclaw/projects/1ai-trade-bot/engines/bitget/scripts/vilona_autonomous_trader.py", line 962, in run_screening_cycle
    macro_risk_mult = self._run_macro_filter()
                      ^^^^^^^^^^^^^^^^^^^^^^
AttributeError: 'VilonaTrader' object has no attribute '_run_macro_filter'
⚠️ Screening returned exit code: 256

💤 Sleeping 15 min until 11:07:30...

────────────────────────────────────────────────────────────
CYCLE #103
────────────────────────────────────────────────────────────

============================================================
🤖 VILONA DAEMON — 2026-06-02 11:07:30 WIB
============================================================
📈 Adaptive: OBI threshold=0.20, WR=N/A
📍 Active positions: 0
🔄 Running screening cycle...

============================================================
🤖 VILONA AUTONOMOUS TRADER — 2026-06-02 11:07:33 WIB
   Session: OFF_SESSION | Daily PnL: $0.00
============================================================
Traceback (most recent call last):
  File "/home/openclaw/projects/1ai-trade-bot/engines/bitget/scripts/vilona_autonomous_trader.py", line 1171, in <module>
    main()
    ~~~~^^
  File "/home/openclaw/projects/1ai-trade-bot/engines/bitget/scripts/vilona_autonomous_trader.py", line 1167, in main
    trader.run_screening_cycle()
    ~~~~~~~~~~~~~~~~~~~~~~~~~~^^
  File "/home/openclaw/projects/1ai-trade-bot/engines/bitget/scripts/vilona_autonomous_trader.py", line 962, in run_screening_cycle
    macro_risk_mult = self._run_macro_filter()
                      ^^^^^^^^^^^^^^^^^^^^^^
AttributeError: 'VilonaTrader' object has no attribute '_run_macro_filter'
⚠️ Screening returned exit code: 256

💤 Sleeping 15 min until 11:22:33...

────────────────────────────────────────────────────────────
CYCLE #104
────────────────────────────────────────────────────────────

============================================================
🤖 VILONA DAEMON — 2026-06-02 11:22:33 WIB
============================================================
📈 Adaptive: OBI threshold=0.20, WR=N/A
📍 Active positions: 0
🔄 Running screening cycle...

============================================================
🤖 VILONA AUTONOMOUS TRADER — 2026-06-02 11:22:35 WIB
   Session: OFF_SESSION | Daily PnL: $0.00
============================================================
Traceback (most recent call last):
  File "/home/openclaw/projects/1ai-trade-bot/engines/bitget/scripts/vilona_autonomous_trader.py", line 1171, in <module>
    main()
    ~~~~^^
  File "/home/openclaw/projects/1ai-trade-bot/engines/bitget/scripts/vilona_autonomous_trader.py", line 1167, in main
    trader.run_screening_cycle()
    ~~~~~~~~~~~~~~~~~~~~~~~~~~^^
  File "/home/openclaw/projects/1ai-trade-bot/engines/bitget/scripts/vilona_autonomous_trader.py", line 962, in run_screening_cycle
    macro_risk_mult = self._run_macro_filter()
                      ^^^^^^^^^^^^^^^^^^^^^^
AttributeError: 'VilonaTrader' object has no attribute '_run_macro_filter'
⚠️ Screening returned exit code: 256

💤 Sleeping 15 min until 11:37:35...

────────────────────────────────────────────────────────────
CYCLE #105
────────────────────────────────────────────────────────────

============================================================
🤖 VILONA DAEMON — 2026-06-02 11:37:35 WIB
============================================================
📈 Adaptive: OBI threshold=0.20, WR=N/A
📍 Active positions: 0
🔄 Running screening cycle...

============================================================
🤖 VILONA AUTONOMOUS TRADER — 2026-06-02 11:37:37 WIB
   Session: OFF_SESSION | Daily PnL: $0.00
============================================================
Traceback (most recent call last):
  File "/home/openclaw/projects/1ai-trade-bot/engines/bitget/scripts/vilona_autonomous_trader.py", line 1171, in <module>
    main()
    ~~~~^^
  File "/home/openclaw/projects/1ai-trade-bot/engines/bitget/scripts/vilona_autonomous_trader.py", line 1167, in main
    trader.run_screening_cycle()
    ~~~~~~~~~~~~~~~~~~~~~~~~~~^^
  File "/home/openclaw/projects/1ai-trade-bot/engines/bitget/scripts/vilona_autonomous_trader.py", line 962, in run_screening_cycle
    macro_risk_mult = self._run_macro_filter()
                      ^^^^^^^^^^^^^^^^^^^^^^
AttributeError: 'VilonaTrader' object has no attribute '_run_macro_filter'
⚠️ Screening returned exit code: 256

💤 Sleeping 15 min until 11:52:37...

────────────────────────────────────────────────────────────
CYCLE #106
────────────────────────────────────────────────────────────

============================================================
🤖 VILONA DAEMON — 2026-06-02 11:52:37 WIB
============================================================
📈 Adaptive: OBI threshold=0.20, WR=N/A
📍 Active positions: 0
🔄 Running screening cycle...

============================================================
🤖 VILONA AUTONOMOUS TRADER — 2026-06-02 11:52:39 WIB
   Session: OFF_SESSION | Daily PnL: $0.00
============================================================
Traceback (most recent call last):
  File "/home/openclaw/projects/1ai-trade-bot/engines/bitget/scripts/vilona_autonomous_trader.py", line 1171, in <module>
    main()
    ~~~~^^
  File "/home/openclaw/projects/1ai-trade-bot/engines/bitget/scripts/vilona_autonomous_trader.py", line 1167, in main
    trader.run_screening_cycle()
    ~~~~~~~~~~~~~~~~~~~~~~~~~~^^
  File "/home/openclaw/projects/1ai-trade-bot/engines/bitget/scripts/vilona_autonomous_trader.py", line 962, in run_screening_cycle
    macro_risk_mult = self._run_macro_filter()
                      ^^^^^^^^^^^^^^^^^^^^^^
AttributeError: 'VilonaTrader' object has no attribute '_run_macro_filter'
⚠️ Screening returned exit code: 256

💤 Sleeping 15 min until 12:07:40...

────────────────────────────────────────────────────────────
CYCLE #107
────────────────────────────────────────────────────────────

============================================================
🤖 VILONA DAEMON — 2026-06-02 12:07:40 WIB
============================================================
📈 Adaptive: OBI threshold=0.20, WR=N/A
📍 Active positions: 0
🔄 Running screening cycle...

============================================================
🤖 VILONA AUTONOMOUS TRADER — 2026-06-02 12:07:42 WIB
   Session: OFF_SESSION | Daily PnL: $0.00
============================================================
Traceback (most recent call last):
  File "/home/openclaw/projects/1ai-trade-bot/engines/bitget/scripts/vilona_autonomous_trader.py", line 1171, in <module>
    main()
    ~~~~^^
  File "/home/openclaw/projects/1ai-trade-bot/engines/bitget/scripts/vilona_autonomous_trader.py", line 1167, in main
    trader.run_screening_cycle()
    ~~~~~~~~~~~~~~~~~~~~~~~~~~^^
  File "/home/openclaw/projects/1ai-trade-bot/engines/bitget/scripts/vilona_autonomous_trader.py", line 962, in run_screening_cycle
    macro_risk_mult = self._run_macro_filter()
                      ^^^^^^^^^^^^^^^^^^^^^^
AttributeError: 'VilonaTrader' object has no attribute '_run_macro_filter'
⚠️ Screening returned exit code: 256

💤 Sleeping 15 min until 12:22:42...

────────────────────────────────────────────────────────────
CYCLE #108
────────────────────────────────────────────────────────────

============================================================
🤖 VILONA DAEMON — 2026-06-02 12:22:42 WIB
============================================================
📈 Adaptive: OBI threshold=0.20, WR=N/A
📍 Active positions: 0
🔄 Running screening cycle...

============================================================
🤖 VILONA AUTONOMOUS TRADER — 2026-06-02 12:22:44 WIB
   Session: OFF_SESSION | Daily PnL: $0.00
============================================================
Traceback (most recent call last):
  File "/home/openclaw/projects/1ai-trade-bot/engines/bitget/scripts/vilona_autonomous_trader.py", line 1171, in <module>
    main()
    ~~~~^^
  File "/home/openclaw/projects/1ai-trade-bot/engines/bitget/scripts/vilona_autonomous_trader.py", line 1167, in main
    trader.run_screening_cycle()
    ~~~~~~~~~~~~~~~~~~~~~~~~~~^^
  File "/home/openclaw/projects/1ai-trade-bot/engines/bitget/scripts/vilona_autonomous_trader.py", line 962, in run_screening_cycle
    macro_risk_mult = self._run_macro_filter()
                      ^^^^^^^^^^^^^^^^^^^^^^
AttributeError: 'VilonaTrader' object has no attribute '_run_macro_filter'
⚠️ Screening returned exit code: 256

💤 Sleeping 15 min until 12:37:44...

────────────────────────────────────────────────────────────
CYCLE #109
────────────────────────────────────────────────────────────

============================================================
🤖 VILONA DAEMON — 2026-06-02 12:37:44 WIB
============================================================
📈 Adaptive: OBI threshold=0.20, WR=N/A
📍 Active positions: 0
🔄 Running screening cycle...

============================================================
🤖 VILONA AUTONOMOUS TRADER — 2026-06-02 12:37:47 WIB
   Session: OFF_SESSION | Daily PnL: $0.00
============================================================
Traceback (most recent call last):
  File "/home/openclaw/projects/1ai-trade-bot/engines/bitget/scripts/vilona_autonomous_trader.py", line 1171, in <module>
    main()
    ~~~~^^
  File "/home/openclaw/projects/1ai-trade-bot/engines/bitget/scripts/vilona_autonomous_trader.py", line 1167, in main
    trader.run_screening_cycle()
    ~~~~~~~~~~~~~~~~~~~~~~~~~~^^
  File "/home/openclaw/projects/1ai-trade-bot/engines/bitget/scripts/vilona_autonomous_trader.py", line 962, in run_screening_cycle
    macro_risk_mult = self._run_macro_filter()
                      ^^^^^^^^^^^^^^^^^^^^^^
AttributeError: 'VilonaTrader' object has no attribute '_run_macro_filter'
⚠️ Screening returned exit code: 256

💤 Sleeping 15 min until 12:52:47...

────────────────────────────────────────────────────────────
CYCLE #110
────────────────────────────────────────────────────────────

============================================================
🤖 VILONA DAEMON — 2026-06-02 12:52:47 WIB
============================================================
📈 Adaptive: OBI threshold=0.20, WR=N/A
📍 Active positions: 0
🔄 Running screening cycle...

============================================================
🤖 VILONA AUTONOMOUS TRADER — 2026-06-02 12:52:49 WIB
   Session: OFF_SESSION | Daily PnL: $0.00
============================================================
Traceback (most recent call last):
  File "/home/openclaw/projects/1ai-trade-bot/engines/bitget/scripts/vilona_autonomous_trader.py", line 1171, in <module>
    main()
    ~~~~^^
  File "/home/openclaw/projects/1ai-trade-bot/engines/bitget/scripts/vilona_autonomous_trader.py", line 1167, in main
    trader.run_screening_cycle()
    ~~~~~~~~~~~~~~~~~~~~~~~~~~^^
  File "/home/openclaw/projects/1ai-trade-bot/engines/bitget/scripts/vilona_autonomous_trader.py", line 962, in run_screening_cycle
    macro_risk_mult = self._run_macro_filter()
                      ^^^^^^^^^^^^^^^^^^^^^^
AttributeError: 'VilonaTrader' object has no attribute '_run_macro_filter'
⚠️ Screening returned exit code: 256

💤 Sleeping 15 min until 13:07:49...

────────────────────────────────────────────────────────────
CYCLE #111
────────────────────────────────────────────────────────────

============================================================
🤖 VILONA DAEMON — 2026-06-02 13:07:49 WIB
============================================================
📈 Adaptive: OBI threshold=0.20, WR=N/A
📍 Active positions: 0
🔄 Running screening cycle...

============================================================
🤖 VILONA AUTONOMOUS TRADER — 2026-06-02 13:07:51 WIB
   Session: OFF_SESSION | Daily PnL: $0.00
============================================================
Traceback (most recent call last):
  File "/home/openclaw/projects/1ai-trade-bot/engines/bitget/scripts/vilona_autonomous_trader.py", line 1171, in <module>
    main()
    ~~~~^^
  File "/home/openclaw/projects/1ai-trade-bot/engines/bitget/scripts/vilona_autonomous_trader.py", line 1167, in main
    trader.run_screening_cycle()
    ~~~~~~~~~~~~~~~~~~~~~~~~~~^^
  File "/home/openclaw/projects/1ai-trade-bot/engines/bitget/scripts/vilona_autonomous_trader.py", line 962, in run_screening_cycle
    macro_risk_mult = self._run_macro_filter()
                      ^^^^^^^^^^^^^^^^^^^^^^
AttributeError: 'VilonaTrader' object has no attribute '_run_macro_filter'
⚠️ Screening returned exit code: 256

💤 Sleeping 15 min until 13:22:51...

────────────────────────────────────────────────────────────
CYCLE #112
────────────────────────────────────────────────────────────

============================================================
🤖 VILONA DAEMON — 2026-06-02 13:22:51 WIB
============================================================
📈 Adaptive: OBI threshold=0.20, WR=N/A
📍 Active positions: 0
🔄 Running screening cycle...

============================================================
🤖 VILONA AUTONOMOUS TRADER — 2026-06-02 13:22:53 WIB
   Session: OFF_SESSION | Daily PnL: $0.00
============================================================
Traceback (most recent call last):
  File "/home/openclaw/projects/1ai-trade-bot/engines/bitget/scripts/vilona_autonomous_trader.py", line 1171, in <module>
    main()
    ~~~~^^
  File "/home/openclaw/projects/1ai-trade-bot/engines/bitget/scripts/vilona_autonomous_trader.py", line 1167, in main
    trader.run_screening_cycle()
    ~~~~~~~~~~~~~~~~~~~~~~~~~~^^
  File "/home/openclaw/projects/1ai-trade-bot/engines/bitget/scripts/vilona_autonomous_trader.py", line 962, in run_screening_cycle
    macro_risk_mult = self._run_macro_filter()
                      ^^^^^^^^^^^^^^^^^^^^^^
AttributeError: 'VilonaTrader' object has no attribute '_run_macro_filter'
⚠️ Screening returned exit code: 256

💤 Sleeping 15 min until 13:37:53...

────────────────────────────────────────────────────────────
CYCLE #113
────────────────────────────────────────────────────────────

============================================================
🤖 VILONA DAEMON — 2026-06-02 13:37:53 WIB
============================================================
📈 Adaptive: OBI threshold=0.20, WR=N/A
📍 Active positions: 0
🔄 Running screening cycle...

============================================================
🤖 VILONA AUTONOMOUS TRADER — 2026-06-02 13:37:55 WIB
   Session: OFF_SESSION | Daily PnL: $0.00
============================================================
Traceback (most recent call last):
  File "/home/openclaw/projects/1ai-trade-bot/engines/bitget/scripts/vilona_autonomous_trader.py", line 1171, in <module>
    main()
    ~~~~^^
  File "/home/openclaw/projects/1ai-trade-bot/engines/bitget/scripts/vilona_autonomous_trader.py", line 1167, in main
    trader.run_screening_cycle()
    ~~~~~~~~~~~~~~~~~~~~~~~~~~^^
  File "/home/openclaw/projects/1ai-trade-bot/engines/bitget/scripts/vilona_autonomous_trader.py", line 962, in run_screening_cycle
    macro_risk_mult = self._run_macro_filter()
                      ^^^^^^^^^^^^^^^^^^^^^^
AttributeError: 'VilonaTrader' object has no attribute '_run_macro_filter'
⚠️ Screening returned exit code: 256

💤 Sleeping 15 min until 13:52:56...

────────────────────────────────────────────────────────────
CYCLE #114
────────────────────────────────────────────────────────────

============================================================
🤖 VILONA DAEMON — 2026-06-02 13:52:56 WIB
============================================================
📈 Adaptive: OBI threshold=0.20, WR=N/A
📍 Active positions: 0
🔄 Running screening cycle...

============================================================
🤖 VILONA AUTONOMOUS TRADER — 2026-06-02 13:52:58 WIB
   Session: OFF_SESSION | Daily PnL: $0.00
============================================================
Traceback (most recent call last):
  File "/home/openclaw/projects/1ai-trade-bot/engines/bitget/scripts/vilona_autonomous_trader.py", line 1171, in <module>
    main()
    ~~~~^^
  File "/home/openclaw/projects/1ai-trade-bot/engines/bitget/scripts/vilona_autonomous_trader.py", line 1167, in main
    trader.run_screening_cycle()
    ~~~~~~~~~~~~~~~~~~~~~~~~~~^^
  File "/home/openclaw/projects/1ai-trade-bot/engines/bitget/scripts/vilona_autonomous_trader.py", line 962, in run_screening_cycle
    macro_risk_mult = self._run_macro_filter()
                      ^^^^^^^^^^^^^^^^^^^^^^
AttributeError: 'VilonaTrader' object has no attribute '_run_macro_filter'
⚠️ Screening returned exit code: 256

💤 Sleeping 15 min until 14:07:58...

────────────────────────────────────────────────────────────
CYCLE #115
────────────────────────────────────────────────────────────

============================================================
🤖 VILONA DAEMON — 2026-06-02 14:07:58 WIB
============================================================
📈 Adaptive: OBI threshold=0.20, WR=N/A
📍 Active positions: 0
🔄 Running screening cycle...

============================================================
🤖 VILONA AUTONOMOUS TRADER — 2026-06-02 14:08:00 WIB
   Session: LONDON_OPEN | Daily PnL: $0.00
============================================================
Traceback (most recent call last):
  File "/home/openclaw/projects/1ai-trade-bot/engines/bitget/scripts/vilona_autonomous_trader.py", line 1171, in <module>
    main()
    ~~~~^^
  File "/home/openclaw/projects/1ai-trade-bot/engines/bitget/scripts/vilona_autonomous_trader.py", line 1167, in main
    trader.run_screening_cycle()
    ~~~~~~~~~~~~~~~~~~~~~~~~~~^^
  File "/home/openclaw/projects/1ai-trade-bot/engines/bitget/scripts/vilona_autonomous_trader.py", line 962, in run_screening_cycle
    macro_risk_mult = self._run_macro_filter()
                      ^^^^^^^^^^^^^^^^^^^^^^
AttributeError: 'VilonaTrader' object has no attribute '_run_macro_filter'
⚠️ Screening returned exit code: 256

💤 Sleeping 15 min until 14:23:00...

────────────────────────────────────────────────────────────
CYCLE #116
────────────────────────────────────────────────────────────

============================================================
🤖 VILONA DAEMON — 2026-06-02 14:23:00 WIB
============================================================
📈 Adaptive: OBI threshold=0.20, WR=N/A
📍 Active positions: 0
🔄 Running screening cycle...

============================================================
🤖 VILONA AUTONOMOUS TRADER — 2026-06-02 14:23:02 WIB
   Session: LONDON_OPEN | Daily PnL: $0.00
============================================================
Traceback (most recent call last):
  File "/home/openclaw/projects/1ai-trade-bot/engines/bitget/scripts/vilona_autonomous_trader.py", line 1171, in <module>
    main()
    ~~~~^^
  File "/home/openclaw/projects/1ai-trade-bot/engines/bitget/scripts/vilona_autonomous_trader.py", line 1167, in main
    trader.run_screening_cycle()
    ~~~~~~~~~~~~~~~~~~~~~~~~~~^^
  File "/home/openclaw/projects/1ai-trade-bot/engines/bitget/scripts/vilona_autonomous_trader.py", line 962, in run_screening_cycle
    macro_risk_mult = self._run_macro_filter()
                      ^^^^^^^^^^^^^^^^^^^^^^
AttributeError: 'VilonaTrader' object has no attribute '_run_macro_filter'
⚠️ Screening returned exit code: 256

💤 Sleeping 15 min until 14:38:03...

────────────────────────────────────────────────────────────
CYCLE #117
────────────────────────────────────────────────────────────

============================================================
🤖 VILONA DAEMON — 2026-06-02 14:38:03 WIB
============================================================
📈 Adaptive: OBI threshold=0.20, WR=N/A
📍 Active positions: 0
🔄 Running screening cycle...

============================================================
🤖 VILONA AUTONOMOUS TRADER — 2026-06-02 14:38:06 WIB
   Session: LONDON_OPEN | Daily PnL: $0.00
============================================================
Traceback (most recent call last):
  File "/home/openclaw/projects/1ai-trade-bot/engines/bitget/scripts/vilona_autonomous_trader.py", line 1171, in <module>
    main()
    ~~~~^^
  File "/home/openclaw/projects/1ai-trade-bot/engines/bitget/scripts/vilona_autonomous_trader.py", line 1167, in main
    trader.run_screening_cycle()
    ~~~~~~~~~~~~~~~~~~~~~~~~~~^^
  File "/home/openclaw/projects/1ai-trade-bot/engines/bitget/scripts/vilona_autonomous_trader.py", line 962, in run_screening_cycle
    macro_risk_mult = self._run_macro_filter()
                      ^^^^^^^^^^^^^^^^^^^^^^
AttributeError: 'VilonaTrader' object has no attribute '_run_macro_filter'
⚠️ Screening returned exit code: 256

💤 Sleeping 15 min until 14:53:06...

────────────────────────────────────────────────────────────
CYCLE #118
────────────────────────────────────────────────────────────

============================================================
🤖 VILONA DAEMON — 2026-06-02 14:53:06 WIB
============================================================
📈 Adaptive: OBI threshold=0.20, WR=N/A
📍 Active positions: 0
🔄 Running screening cycle...

============================================================
🤖 VILONA AUTONOMOUS TRADER — 2026-06-02 14:53:08 WIB
   Session: LONDON_OPEN | Daily PnL: $0.00
============================================================
Traceback (most recent call last):
  File "/home/openclaw/projects/1ai-trade-bot/engines/bitget/scripts/vilona_autonomous_trader.py", line 1171, in <module>
    main()
    ~~~~^^
  File "/home/openclaw/projects/1ai-trade-bot/engines/bitget/scripts/vilona_autonomous_trader.py", line 1167, in main
    trader.run_screening_cycle()
    ~~~~~~~~~~~~~~~~~~~~~~~~~~^^
  File "/home/openclaw/projects/1ai-trade-bot/engines/bitget/scripts/vilona_autonomous_trader.py", line 962, in run_screening_cycle
    macro_risk_mult = self._run_macro_filter()
                      ^^^^^^^^^^^^^^^^^^^^^^
AttributeError: 'VilonaTrader' object has no attribute '_run_macro_filter'
⚠️ Screening returned exit code: 256

💤 Sleeping 15 min until 15:08:08...

────────────────────────────────────────────────────────────
CYCLE #119
────────────────────────────────────────────────────────────

============================================================
🤖 VILONA DAEMON — 2026-06-02 15:08:08 WIB
============================================================
📈 Adaptive: OBI threshold=0.20, WR=N/A
📍 Active positions: 0
🔄 Running screening cycle...

============================================================
🤖 VILONA AUTONOMOUS TRADER — 2026-06-02 15:08:10 WIB
   Session: LONDON_OPEN | Daily PnL: $0.00
============================================================
Traceback (most recent call last):
  File "/home/openclaw/projects/1ai-trade-bot/engines/bitget/scripts/vilona_autonomous_trader.py", line 1171, in <module>
    main()
    ~~~~^^
  File "/home/openclaw/projects/1ai-trade-bot/engines/bitget/scripts/vilona_autonomous_trader.py", line 1167, in main
    trader.run_screening_cycle()
    ~~~~~~~~~~~~~~~~~~~~~~~~~~^^
  File "/home/openclaw/projects/1ai-trade-bot/engines/bitget/scripts/vilona_autonomous_trader.py", line 962, in run_screening_cycle
    macro_risk_mult = self._run_macro_filter()
                      ^^^^^^^^^^^^^^^^^^^^^^
AttributeError: 'VilonaTrader' object has no attribute '_run_macro_filter'
⚠️ Screening returned exit code: 256

💤 Sleeping 15 min until 15:23:11...

────────────────────────────────────────────────────────────
CYCLE #120
────────────────────────────────────────────────────────────

============================================================
🤖 VILONA DAEMON — 2026-06-02 15:23:11 WIB
============================================================
📈 Adaptive: OBI threshold=0.20, WR=N/A
📍 Active positions: 0
🔄 Running screening cycle...

============================================================
🤖 VILONA AUTONOMOUS TRADER — 2026-06-02 15:23:13 WIB
   Session: LONDON_OPEN | Daily PnL: $0.00
============================================================
Traceback (most recent call last):
  File "/home/openclaw/projects/1ai-trade-bot/engines/bitget/scripts/vilona_autonomous_trader.py", line 1171, in <module>
    main()
    ~~~~^^
  File "/home/openclaw/projects/1ai-trade-bot/engines/bitget/scripts/vilona_autonomous_trader.py", line 1167, in main
    trader.run_screening_cycle()
    ~~~~~~~~~~~~~~~~~~~~~~~~~~^^
  File "/home/openclaw/projects/1ai-trade-bot/engines/bitget/scripts/vilona_autonomous_trader.py", line 962, in run_screening_cycle
    macro_risk_mult = self._run_macro_filter()
                      ^^^^^^^^^^^^^^^^^^^^^^
AttributeError: 'VilonaTrader' object has no attribute '_run_macro_filter'
⚠️ Screening returned exit code: 256

💤 Sleeping 15 min until 15:38:14...

────────────────────────────────────────────────────────────
CYCLE #121
────────────────────────────────────────────────────────────

============================================================
🤖 VILONA DAEMON — 2026-06-02 15:38:14 WIB
============================================================
📈 Adaptive: OBI threshold=0.20, WR=N/A
📍 Active positions: 0
🔄 Running screening cycle...

============================================================
🤖 VILONA AUTONOMOUS TRADER — 2026-06-02 15:38:16 WIB
   Session: LONDON_OPEN | Daily PnL: $0.00
============================================================
Traceback (most recent call last):
  File "/home/openclaw/projects/1ai-trade-bot/engines/bitget/scripts/vilona_autonomous_trader.py", line 1171, in <module>
    main()
    ~~~~^^
  File "/home/openclaw/projects/1ai-trade-bot/engines/bitget/scripts/vilona_autonomous_trader.py", line 1167, in main
    trader.run_screening_cycle()
    ~~~~~~~~~~~~~~~~~~~~~~~~~~^^
  File "/home/openclaw/projects/1ai-trade-bot/engines/bitget/scripts/vilona_autonomous_trader.py", line 962, in run_screening_cycle
    macro_risk_mult = self._run_macro_filter()
                      ^^^^^^^^^^^^^^^^^^^^^^
AttributeError: 'VilonaTrader' object has no attribute '_run_macro_filter'
⚠️ Screening returned exit code: 256

💤 Sleeping 15 min until 15:53:16...

────────────────────────────────────────────────────────────
CYCLE #122
────────────────────────────────────────────────────────────

============================================================
🤖 VILONA DAEMON — 2026-06-02 15:53:16 WIB
============================================================
📈 Adaptive: OBI threshold=0.20, WR=N/A
📍 Active positions: 0
🔄 Running screening cycle...

============================================================
🤖 VILONA AUTONOMOUS TRADER — 2026-06-02 15:53:18 WIB
   Session: LONDON_OPEN | Daily PnL: $0.00
============================================================
Traceback (most recent call last):
  File "/home/openclaw/projects/1ai-trade-bot/engines/bitget/scripts/vilona_autonomous_trader.py", line 1171, in <module>
    main()
    ~~~~^^
  File "/home/openclaw/projects/1ai-trade-bot/engines/bitget/scripts/vilona_autonomous_trader.py", line 1167, in main
    trader.run_screening_cycle()
    ~~~~~~~~~~~~~~~~~~~~~~~~~~^^
  File "/home/openclaw/projects/1ai-trade-bot/engines/bitget/scripts/vilona_autonomous_trader.py", line 962, in run_screening_cycle
    macro_risk_mult = self._run_macro_filter()
                      ^^^^^^^^^^^^^^^^^^^^^^
AttributeError: 'VilonaTrader' object has no attribute '_run_macro_filter'
⚠️ Screening returned exit code: 256

💤 Sleeping 15 min until 16:08:18...

────────────────────────────────────────────────────────────
CYCLE #123
────────────────────────────────────────────────────────────

============================================================
🤖 VILONA DAEMON — 2026-06-02 16:08:18 WIB
============================================================
📈 Adaptive: OBI threshold=0.20, WR=N/A
📍 Active positions: 0
🔄 Running screening cycle...

============================================================
🤖 VILONA AUTONOMOUS TRADER — 2026-06-02 16:08:21 WIB
   Session: LONDON_OPEN | Daily PnL: $0.00
============================================================
Traceback (most recent call last):
  File "/home/openclaw/projects/1ai-trade-bot/engines/bitget/scripts/vilona_autonomous_trader.py", line 1171, in <module>
    main()
    ~~~~^^
  File "/home/openclaw/projects/1ai-trade-bot/engines/bitget/scripts/vilona_autonomous_trader.py", line 1167, in main
    trader.run_screening_cycle()
    ~~~~~~~~~~~~~~~~~~~~~~~~~~^^
  File "/home/openclaw/projects/1ai-trade-bot/engines/bitget/scripts/vilona_autonomous_trader.py", line 962, in run_screening_cycle
    macro_risk_mult = self._run_macro_filter()
                      ^^^^^^^^^^^^^^^^^^^^^^
AttributeError: 'VilonaTrader' object has no attribute '_run_macro_filter'
⚠️ Screening returned exit code: 256

💤 Sleeping 15 min until 16:23:21...
============================================================
🔥 VILONA DAEMON INITIALIZED
   Adaptive Learning: ENABLED
   RR Target: 2:1 minimum
   Loop interval: 15 minutes
============================================================

────────────────────────────────────────────────────────────
CYCLE #1
────────────────────────────────────────────────────────────

============================================================
🤖 VILONA DAEMON — 2026-06-02 16:22:13 WIB
============================================================
📈 Adaptive: OBI threshold=0.20, WR=N/A
📍 Active positions: 0
🔄 Running screening cycle...

============================================================
🤖 VILONA AUTONOMOUS TRADER — 2026-06-02 16:22:18 WIB
   Session: LONDON_OPEN | Daily PnL: $0.00
============================================================
Traceback (most recent call last):
  File "/home/openclaw/projects/1ai-trade-bot/engines/bitget/scripts/vilona_autonomous_trader.py", line 1171, in <module>
    main()
    ~~~~^^
  File "/home/openclaw/projects/1ai-trade-bot/engines/bitget/scripts/vilona_autonomous_trader.py", line 1167, in main
    trader.run_screening_cycle()
    ~~~~~~~~~~~~~~~~~~~~~~~~~~^^
  File "/home/openclaw/projects/1ai-trade-bot/engines/bitget/scripts/vilona_autonomous_trader.py", line 962, in run_screening_cycle
    macro_risk_mult = self._run_macro_filter()
                      ^^^^^^^^^^^^^^^^^^^^^^
AttributeError: 'VilonaTrader' object has no attribute '_run_macro_filter'
⚠️ Screening returned exit code: 256

💤 Sleeping 15 min until 16:37:18...

────────────────────────────────────────────────────────────
CYCLE #2
────────────────────────────────────────────────────────────

============================================================
🤖 VILONA DAEMON — 2026-06-02 16:37:18 WIB
============================================================
📈 Adaptive: OBI threshold=0.20, WR=N/A
📍 Active positions: 0
🔄 Running screening cycle...

============================================================
🤖 VILONA AUTONOMOUS TRADER — 2026-06-02 16:37:21 WIB
   Session: LONDON_OPEN | Daily PnL: $0.00
============================================================
Traceback (most recent call last):
  File "/home/openclaw/projects/1ai-trade-bot/engines/bitget/scripts/vilona_autonomous_trader.py", line 1171, in <module>
    main()
    ~~~~^^
  File "/home/openclaw/projects/1ai-trade-bot/engines/bitget/scripts/vilona_autonomous_trader.py", line 1167, in main
    trader.run_screening_cycle()
    ~~~~~~~~~~~~~~~~~~~~~~~~~~^^
  File "/home/openclaw/projects/1ai-trade-bot/engines/bitget/scripts/vilona_autonomous_trader.py", line 962, in run_screening_cycle
    macro_risk_mult = self._run_macro_filter()
                      ^^^^^^^^^^^^^^^^^^^^^^
AttributeError: 'VilonaTrader' object has no attribute '_run_macro_filter'
⚠️ Screening returned exit code: 256

💤 Sleeping 15 min until 16:52:21...

────────────────────────────────────────────────────────────
CYCLE #3
────────────────────────────────────────────────────────────

============================================================
🤖 VILONA DAEMON — 2026-06-02 16:52:21 WIB
============================================================
📈 Adaptive: OBI threshold=0.20, WR=N/A
📍 Active positions: 0
🔄 Running screening cycle...

============================================================
🤖 VILONA AUTONOMOUS TRADER — 2026-06-02 16:52:23 WIB
   Session: LONDON_OPEN | Daily PnL: $0.00
============================================================
Traceback (most recent call last):
  File "/home/openclaw/projects/1ai-trade-bot/engines/bitget/scripts/vilona_autonomous_trader.py", line 1171, in <module>
    main()
    ~~~~^^
  File "/home/openclaw/projects/1ai-trade-bot/engines/bitget/scripts/vilona_autonomous_trader.py", line 1167, in main
    trader.run_screening_cycle()
    ~~~~~~~~~~~~~~~~~~~~~~~~~~^^
  File "/home/openclaw/projects/1ai-trade-bot/engines/bitget/scripts/vilona_autonomous_trader.py", line 962, in run_screening_cycle
    macro_risk_mult = self._run_macro_filter()
                      ^^^^^^^^^^^^^^^^^^^^^^
AttributeError: 'VilonaTrader' object has no attribute '_run_macro_filter'
⚠️ Screening returned exit code: 256

💤 Sleeping 15 min until 17:07:23...

────────────────────────────────────────────────────────────
CYCLE #4
────────────────────────────────────────────────────────────

============================================================
🤖 VILONA DAEMON — 2026-06-02 17:07:23 WIB
============================================================
📈 Adaptive: OBI threshold=0.20, WR=N/A
📍 Active positions: 0
🔄 Running screening cycle...

============================================================
🤖 VILONA AUTONOMOUS TRADER — 2026-06-02 17:07:26 WIB
   Session: OFF_SESSION | Daily PnL: $0.00
============================================================
Traceback (most recent call last):
  File "/home/openclaw/projects/1ai-trade-bot/engines/bitget/scripts/vilona_autonomous_trader.py", line 1171, in <module>
    main()
    ~~~~^^
  File "/home/openclaw/projects/1ai-trade-bot/engines/bitget/scripts/vilona_autonomous_trader.py", line 1167, in main
    trader.run_screening_cycle()
    ~~~~~~~~~~~~~~~~~~~~~~~~~~^^
  File "/home/openclaw/projects/1ai-trade-bot/engines/bitget/scripts/vilona_autonomous_trader.py", line 962, in run_screening_cycle
    macro_risk_mult = self._run_macro_filter()
                      ^^^^^^^^^^^^^^^^^^^^^^
AttributeError: 'VilonaTrader' object has no attribute '_run_macro_filter'
⚠️ Screening returned exit code: 256

💤 Sleeping 15 min until 17:22:26...

────────────────────────────────────────────────────────────
CYCLE #5
────────────────────────────────────────────────────────────

============================================================
🤖 VILONA DAEMON — 2026-06-02 17:22:26 WIB
============================================================
📈 Adaptive: OBI threshold=0.20, WR=N/A
📍 Active positions: 0
🔄 Running screening cycle...

============================================================
🤖 VILONA AUTONOMOUS TRADER — 2026-06-02 17:22:29 WIB
   Session: OFF_SESSION | Daily PnL: $0.00
============================================================
Traceback (most recent call last):
  File "/home/openclaw/projects/1ai-trade-bot/engines/bitget/scripts/vilona_autonomous_trader.py", line 1171, in <module>
    main()
    ~~~~^^
  File "/home/openclaw/projects/1ai-trade-bot/engines/bitget/scripts/vilona_autonomous_trader.py", line 1167, in main
    trader.run_screening_cycle()
    ~~~~~~~~~~~~~~~~~~~~~~~~~~^^
  File "/home/openclaw/projects/1ai-trade-bot/engines/bitget/scripts/vilona_autonomous_trader.py", line 962, in run_screening_cycle
    macro_risk_mult = self._run_macro_filter()
                      ^^^^^^^^^^^^^^^^^^^^^^
AttributeError: 'VilonaTrader' object has no attribute '_run_macro_filter'
⚠️ Screening returned exit code: 256

💤 Sleeping 15 min until 17:37:29...

────────────────────────────────────────────────────────────
CYCLE #6
────────────────────────────────────────────────────────────

============================================================
🤖 VILONA DAEMON — 2026-06-02 17:37:29 WIB
============================================================
📈 Adaptive: OBI threshold=0.20, WR=N/A
📍 Active positions: 0
🔄 Running screening cycle...

============================================================
🤖 VILONA AUTONOMOUS TRADER — 2026-06-02 17:37:31 WIB
   Session: OFF_SESSION | Daily PnL: $0.00
============================================================
Traceback (most recent call last):
  File "/home/openclaw/projects/1ai-trade-bot/engines/bitget/scripts/vilona_autonomous_trader.py", line 1171, in <module>
    main()
    ~~~~^^
  File "/home/openclaw/projects/1ai-trade-bot/engines/bitget/scripts/vilona_autonomous_trader.py", line 1167, in main
    trader.run_screening_cycle()
    ~~~~~~~~~~~~~~~~~~~~~~~~~~^^
  File "/home/openclaw/projects/1ai-trade-bot/engines/bitget/scripts/vilona_autonomous_trader.py", line 962, in run_screening_cycle
    macro_risk_mult = self._run_macro_filter()
                      ^^^^^^^^^^^^^^^^^^^^^^
AttributeError: 'VilonaTrader' object has no attribute '_run_macro_filter'
⚠️ Screening returned exit code: 256

💤 Sleeping 15 min until 17:52:31...

────────────────────────────────────────────────────────────
CYCLE #7
────────────────────────────────────────────────────────────

============================================================
🤖 VILONA DAEMON — 2026-06-02 17:52:31 WIB
============================================================
📈 Adaptive: OBI threshold=0.20, WR=N/A
📍 Active positions: 0
🔄 Running screening cycle...

============================================================
🤖 VILONA AUTONOMOUS TRADER — 2026-06-02 17:52:33 WIB
   Session: OFF_SESSION | Daily PnL: $0.00
============================================================
Traceback (most recent call last):
  File "/home/openclaw/projects/1ai-trade-bot/engines/bitget/scripts/vilona_autonomous_trader.py", line 1171, in <module>
    main()
    ~~~~^^
  File "/home/openclaw/projects/1ai-trade-bot/engines/bitget/scripts/vilona_autonomous_trader.py", line 1167, in main
    trader.run_screening_cycle()
    ~~~~~~~~~~~~~~~~~~~~~~~~~~^^
  File "/home/openclaw/projects/1ai-trade-bot/engines/bitget/scripts/vilona_autonomous_trader.py", line 962, in run_screening_cycle
    macro_risk_mult = self._run_macro_filter()
                      ^^^^^^^^^^^^^^^^^^^^^^
AttributeError: 'VilonaTrader' object has no attribute '_run_macro_filter'
⚠️ Screening returned exit code: 256

💤 Sleeping 15 min until 18:07:34...

────────────────────────────────────────────────────────────
CYCLE #8
────────────────────────────────────────────────────────────

============================================================
🤖 VILONA DAEMON — 2026-06-02 18:07:34 WIB
============================================================
📈 Adaptive: OBI threshold=0.20, WR=N/A
📍 Active positions: 0
🔄 Running screening cycle...

============================================================
🤖 VILONA AUTONOMOUS TRADER — 2026-06-02 18:07:36 WIB
   Session: OFF_SESSION | Daily PnL: $0.00
============================================================
Traceback (most recent call last):
  File "/home/openclaw/projects/1ai-trade-bot/engines/bitget/scripts/vilona_autonomous_trader.py", line 1171, in <module>
    main()
    ~~~~^^
  File "/home/openclaw/projects/1ai-trade-bot/engines/bitget/scripts/vilona_autonomous_trader.py", line 1167, in main
    trader.run_screening_cycle()
    ~~~~~~~~~~~~~~~~~~~~~~~~~~^^
  File "/home/openclaw/projects/1ai-trade-bot/engines/bitget/scripts/vilona_autonomous_trader.py", line 962, in run_screening_cycle
    macro_risk_mult = self._run_macro_filter()
                      ^^^^^^^^^^^^^^^^^^^^^^
AttributeError: 'VilonaTrader' object has no attribute '_run_macro_filter'
⚠️ Screening returned exit code: 256

💤 Sleeping 15 min until 18:22:36...

────────────────────────────────────────────────────────────
CYCLE #9
────────────────────────────────────────────────────────────

============================================================
🤖 VILONA DAEMON — 2026-06-02 18:22:36 WIB
============================================================
📈 Adaptive: OBI threshold=0.20, WR=N/A
📍 Active positions: 0
🔄 Running screening cycle...

============================================================
🤖 VILONA AUTONOMOUS TRADER — 2026-06-02 18:22:38 WIB
   Session: OFF_SESSION | Daily PnL: $0.00
============================================================
Traceback (most recent call last):
  File "/home/openclaw/projects/1ai-trade-bot/engines/bitget/scripts/vilona_autonomous_trader.py", line 1171, in <module>
    main()
    ~~~~^^
  File "/home/openclaw/projects/1ai-trade-bot/engines/bitget/scripts/vilona_autonomous_trader.py", line 1167, in main
    trader.run_screening_cycle()
    ~~~~~~~~~~~~~~~~~~~~~~~~~~^^
  File "/home/openclaw/projects/1ai-trade-bot/engines/bitget/scripts/vilona_autonomous_trader.py", line 962, in run_screening_cycle
    macro_risk_mult = self._run_macro_filter()
                      ^^^^^^^^^^^^^^^^^^^^^^
AttributeError: 'VilonaTrader' object has no attribute '_run_macro_filter'
⚠️ Screening returned exit code: 256

💤 Sleeping 15 min until 18:37:38...

────────────────────────────────────────────────────────────
CYCLE #10
────────────────────────────────────────────────────────────

============================================================
🤖 VILONA DAEMON — 2026-06-02 18:37:38 WIB
============================================================
📈 Adaptive: OBI threshold=0.20, WR=N/A
📍 Active positions: 0
🔄 Running screening cycle...

============================================================
🤖 VILONA AUTONOMOUS TRADER — 2026-06-02 18:37:41 WIB
   Session: OFF_SESSION | Daily PnL: $0.00
============================================================
Traceback (most recent call last):
  File "/home/openclaw/projects/1ai-trade-bot/engines/bitget/scripts/vilona_autonomous_trader.py", line 1171, in <module>
    main()
    ~~~~^^
  File "/home/openclaw/projects/1ai-trade-bot/engines/bitget/scripts/vilona_autonomous_trader.py", line 1167, in main
    trader.run_screening_cycle()
    ~~~~~~~~~~~~~~~~~~~~~~~~~~^^
  File "/home/openclaw/projects/1ai-trade-bot/engines/bitget/scripts/vilona_autonomous_trader.py", line 962, in run_screening_cycle
    macro_risk_mult = self._run_macro_filter()
                      ^^^^^^^^^^^^^^^^^^^^^^
AttributeError: 'VilonaTrader' object has no attribute '_run_macro_filter'
⚠️ Screening returned exit code: 256

💤 Sleeping 15 min until 18:52:41...

────────────────────────────────────────────────────────────
CYCLE #11
────────────────────────────────────────────────────────────

============================================================
🤖 VILONA DAEMON — 2026-06-02 18:52:41 WIB
============================================================
📈 Adaptive: OBI threshold=0.20, WR=N/A
📍 Active positions: 0
🔄 Running screening cycle...

============================================================
🤖 VILONA AUTONOMOUS TRADER — 2026-06-02 18:52:43 WIB
   Session: OFF_SESSION | Daily PnL: $0.00
============================================================
Traceback (most recent call last):
  File "/home/openclaw/projects/1ai-trade-bot/engines/bitget/scripts/vilona_autonomous_trader.py", line 1171, in <module>
    main()
    ~~~~^^
  File "/home/openclaw/projects/1ai-trade-bot/engines/bitget/scripts/vilona_autonomous_trader.py", line 1167, in main
    trader.run_screening_cycle()
    ~~~~~~~~~~~~~~~~~~~~~~~~~~^^
  File "/home/openclaw/projects/1ai-trade-bot/engines/bitget/scripts/vilona_autonomous_trader.py", line 962, in run_screening_cycle
    macro_risk_mult = self._run_macro_filter()
                      ^^^^^^^^^^^^^^^^^^^^^^
AttributeError: 'VilonaTrader' object has no attribute '_run_macro_filter'
⚠️ Screening returned exit code: 256

💤 Sleeping 15 min until 19:07:43...

────────────────────────────────────────────────────────────
CYCLE #12
────────────────────────────────────────────────────────────

============================================================
🤖 VILONA DAEMON — 2026-06-02 19:07:43 WIB
============================================================
📈 Adaptive: OBI threshold=0.20, WR=N/A
📍 Active positions: 0
🔄 Running screening cycle...

============================================================
🤖 VILONA AUTONOMOUS TRADER — 2026-06-02 19:07:46 WIB
   Session: NY_OPEN | Daily PnL: $0.00
============================================================
Traceback (most recent call last):
  File "/home/openclaw/projects/1ai-trade-bot/engines/bitget/scripts/vilona_autonomous_trader.py", line 1171, in <module>
    main()
    ~~~~^^
  File "/home/openclaw/projects/1ai-trade-bot/engines/bitget/scripts/vilona_autonomous_trader.py", line 1167, in main
    trader.run_screening_cycle()
    ~~~~~~~~~~~~~~~~~~~~~~~~~~^^
  File "/home/openclaw/projects/1ai-trade-bot/engines/bitget/scripts/vilona_autonomous_trader.py", line 962, in run_screening_cycle
    macro_risk_mult = self._run_macro_filter()
                      ^^^^^^^^^^^^^^^^^^^^^^
AttributeError: 'VilonaTrader' object has no attribute '_run_macro_filter'
⚠️ Screening returned exit code: 256

💤 Sleeping 15 min until 19:22:46...

────────────────────────────────────────────────────────────
CYCLE #13
────────────────────────────────────────────────────────────

============================================================
🤖 VILONA DAEMON — 2026-06-02 19:22:46 WIB
============================================================
📈 Adaptive: OBI threshold=0.20, WR=N/A
📍 Active positions: 0
🔄 Running screening cycle...

============================================================
🤖 VILONA AUTONOMOUS TRADER — 2026-06-02 19:22:50 WIB
   Session: NY_OPEN | Daily PnL: $0.00
============================================================
Traceback (most recent call last):
  File "/home/openclaw/projects/1ai-trade-bot/engines/bitget/scripts/vilona_autonomous_trader.py", line 1171, in <module>
    main()
    ~~~~^^
  File "/home/openclaw/projects/1ai-trade-bot/engines/bitget/scripts/vilona_autonomous_trader.py", line 1167, in main
    trader.run_screening_cycle()
    ~~~~~~~~~~~~~~~~~~~~~~~~~~^^
  File "/home/openclaw/projects/1ai-trade-bot/engines/bitget/scripts/vilona_autonomous_trader.py", line 962, in run_screening_cycle
    macro_risk_mult = self._run_macro_filter()
                      ^^^^^^^^^^^^^^^^^^^^^^
AttributeError: 'VilonaTrader' object has no attribute '_run_macro_filter'
⚠️ Screening returned exit code: 256

💤 Sleeping 15 min until 19:37:50...

────────────────────────────────────────────────────────────
CYCLE #14
────────────────────────────────────────────────────────────

============================================================
🤖 VILONA DAEMON — 2026-06-02 19:37:50 WIB
============================================================
📈 Adaptive: OBI threshold=0.20, WR=N/A
📍 Active positions: 0
🔄 Running screening cycle...

============================================================
🤖 VILONA AUTONOMOUS TRADER — 2026-06-02 19:37:53 WIB
   Session: NY_OPEN | Daily PnL: $0.00
============================================================
Traceback (most recent call last):
  File "/home/openclaw/projects/1ai-trade-bot/engines/bitget/scripts/vilona_autonomous_trader.py", line 1171, in <module>
    main()
    ~~~~^^
  File "/home/openclaw/projects/1ai-trade-bot/engines/bitget/scripts/vilona_autonomous_trader.py", line 1167, in main
    trader.run_screening_cycle()
    ~~~~~~~~~~~~~~~~~~~~~~~~~~^^
  File "/home/openclaw/projects/1ai-trade-bot/engines/bitget/scripts/vilona_autonomous_trader.py", line 962, in run_screening_cycle
    macro_risk_mult = self._run_macro_filter()
                      ^^^^^^^^^^^^^^^^^^^^^^
AttributeError: 'VilonaTrader' object has no attribute '_run_macro_filter'
⚠️ Screening returned exit code: 256

💤 Sleeping 15 min until 19:52:53...

────────────────────────────────────────────────────────────
CYCLE #15
────────────────────────────────────────────────────────────

============================================================
🤖 VILONA DAEMON — 2026-06-02 19:52:53 WIB
============================================================
📈 Adaptive: OBI threshold=0.20, WR=N/A
📍 Active positions: 0
🔄 Running screening cycle...

============================================================
🤖 VILONA AUTONOMOUS TRADER — 2026-06-02 19:52:56 WIB
   Session: NY_OPEN | Daily PnL: $0.00
============================================================
Traceback (most recent call last):
  File "/home/openclaw/projects/1ai-trade-bot/engines/bitget/scripts/vilona_autonomous_trader.py", line 1171, in <module>
    main()
    ~~~~^^
  File "/home/openclaw/projects/1ai-trade-bot/engines/bitget/scripts/vilona_autonomous_trader.py", line 1167, in main
    trader.run_screening_cycle()
    ~~~~~~~~~~~~~~~~~~~~~~~~~~^^
  File "/home/openclaw/projects/1ai-trade-bot/engines/bitget/scripts/vilona_autonomous_trader.py", line 962, in run_screening_cycle
    macro_risk_mult = self._run_macro_filter()
                      ^^^^^^^^^^^^^^^^^^^^^^
AttributeError: 'VilonaTrader' object has no attribute '_run_macro_filter'
⚠️ Screening returned exit code: 256

💤 Sleeping 15 min until 20:07:56...

────────────────────────────────────────────────────────────
CYCLE #16
────────────────────────────────────────────────────────────

============================================================
🤖 VILONA DAEMON — 2026-06-02 20:07:56 WIB
============================================================
📈 Adaptive: OBI threshold=0.20, WR=N/A
📍 Active positions: 0
🔄 Running screening cycle...

============================================================
🤖 VILONA AUTONOMOUS TRADER — 2026-06-02 20:07:58 WIB
   Session: NY_OPEN | Daily PnL: $0.00
============================================================
Traceback (most recent call last):
  File "/home/openclaw/projects/1ai-trade-bot/engines/bitget/scripts/vilona_autonomous_trader.py", line 1171, in <module>
    main()
    ~~~~^^
  File "/home/openclaw/projects/1ai-trade-bot/engines/bitget/scripts/vilona_autonomous_trader.py", line 1167, in main
    trader.run_screening_cycle()
    ~~~~~~~~~~~~~~~~~~~~~~~~~~^^
  File "/home/openclaw/projects/1ai-trade-bot/engines/bitget/scripts/vilona_autonomous_trader.py", line 962, in run_screening_cycle
    macro_risk_mult = self._run_macro_filter()
                      ^^^^^^^^^^^^^^^^^^^^^^
AttributeError: 'VilonaTrader' object has no attribute '_run_macro_filter'
⚠️ Screening returned exit code: 256

💤 Sleeping 15 min until 20:22:59...

────────────────────────────────────────────────────────────
CYCLE #17
────────────────────────────────────────────────────────────

============================================================
🤖 VILONA DAEMON — 2026-06-02 20:22:59 WIB
============================================================
📈 Adaptive: OBI threshold=0.20, WR=N/A
📍 Active positions: 0
🔄 Running screening cycle...

============================================================
🤖 VILONA AUTONOMOUS TRADER — 2026-06-02 20:23:02 WIB
   Session: NY_OPEN | Daily PnL: $0.00
============================================================
Traceback (most recent call last):
  File "/home/openclaw/projects/1ai-trade-bot/engines/bitget/scripts/vilona_autonomous_trader.py", line 1171, in <module>
    main()
    ~~~~^^
  File "/home/openclaw/projects/1ai-trade-bot/engines/bitget/scripts/vilona_autonomous_trader.py", line 1167, in main
    trader.run_screening_cycle()
    ~~~~~~~~~~~~~~~~~~~~~~~~~~^^
  File "/home/openclaw/projects/1ai-trade-bot/engines/bitget/scripts/vilona_autonomous_trader.py", line 962, in run_screening_cycle
    macro_risk_mult = self._run_macro_filter()
                      ^^^^^^^^^^^^^^^^^^^^^^
AttributeError: 'VilonaTrader' object has no attribute '_run_macro_filter'
⚠️ Screening returned exit code: 256

💤 Sleeping 15 min until 20:38:02...

────────────────────────────────────────────────────────────
CYCLE #18
────────────────────────────────────────────────────────────

============================================================
🤖 VILONA DAEMON — 2026-06-02 20:38:02 WIB
============================================================
📈 Adaptive: OBI threshold=0.20, WR=N/A
📍 Active positions: 0
🔄 Running screening cycle...

============================================================
🤖 VILONA AUTONOMOUS TRADER — 2026-06-02 20:38:05 WIB
   Session: NY_OPEN | Daily PnL: $0.00
============================================================
Traceback (most recent call last):
  File "/home/openclaw/projects/1ai-trade-bot/engines/bitget/scripts/vilona_autonomous_trader.py", line 1171, in <module>
    main()
    ~~~~^^
  File "/home/openclaw/projects/1ai-trade-bot/engines/bitget/scripts/vilona_autonomous_trader.py", line 1167, in main
    trader.run_screening_cycle()
    ~~~~~~~~~~~~~~~~~~~~~~~~~~^^
  File "/home/openclaw/projects/1ai-trade-bot/engines/bitget/scripts/vilona_autonomous_trader.py", line 962, in run_screening_cycle
    macro_risk_mult = self._run_macro_filter()
                      ^^^^^^^^^^^^^^^^^^^^^^
AttributeError: 'VilonaTrader' object has no attribute '_run_macro_filter'
⚠️ Screening returned exit code: 256

💤 Sleeping 15 min until 20:53:06...

────────────────────────────────────────────────────────────
CYCLE #19
────────────────────────────────────────────────────────────

============================================================
🤖 VILONA DAEMON — 2026-06-02 20:53:06 WIB
============================================================
📈 Adaptive: OBI threshold=0.20, WR=N/A
📍 Active positions: 0
🔄 Running screening cycle...

============================================================
🤖 VILONA AUTONOMOUS TRADER — 2026-06-02 20:53:09 WIB
   Session: NY_OPEN | Daily PnL: $0.00
============================================================
Traceback (most recent call last):
  File "/home/openclaw/projects/1ai-trade-bot/engines/bitget/scripts/vilona_autonomous_trader.py", line 1171, in <module>
    main()
    ~~~~^^
  File "/home/openclaw/projects/1ai-trade-bot/engines/bitget/scripts/vilona_autonomous_trader.py", line 1167, in main
    trader.run_screening_cycle()
    ~~~~~~~~~~~~~~~~~~~~~~~~~~^^
  File "/home/openclaw/projects/1ai-trade-bot/engines/bitget/scripts/vilona_autonomous_trader.py", line 962, in run_screening_cycle
    macro_risk_mult = self._run_macro_filter()
                      ^^^^^^^^^^^^^^^^^^^^^^
AttributeError: 'VilonaTrader' object has no attribute '_run_macro_filter'
⚠️ Screening returned exit code: 256

💤 Sleeping 15 min until 21:08:09...

────────────────────────────────────────────────────────────
CYCLE #20
────────────────────────────────────────────────────────────

============================================================
🤖 VILONA DAEMON — 2026-06-02 21:08:09 WIB
============================================================
📈 Adaptive: OBI threshold=0.20, WR=N/A
📍 Active positions: 0
🔄 Running screening cycle...

============================================================
🤖 VILONA AUTONOMOUS TRADER — 2026-06-02 21:08:12 WIB
   Session: NY_OPEN | Daily PnL: $0.00
============================================================
Traceback (most recent call last):
  File "/home/openclaw/projects/1ai-trade-bot/engines/bitget/scripts/vilona_autonomous_trader.py", line 1171, in <module>
    main()
    ~~~~^^
  File "/home/openclaw/projects/1ai-trade-bot/engines/bitget/scripts/vilona_autonomous_trader.py", line 1167, in main
    trader.run_screening_cycle()
    ~~~~~~~~~~~~~~~~~~~~~~~~~~^^
  File "/home/openclaw/projects/1ai-trade-bot/engines/bitget/scripts/vilona_autonomous_trader.py", line 962, in run_screening_cycle
    macro_risk_mult = self._run_macro_filter()
                      ^^^^^^^^^^^^^^^^^^^^^^
AttributeError: 'VilonaTrader' object has no attribute '_run_macro_filter'
⚠️ Screening returned exit code: 256

💤 Sleeping 15 min until 21:23:12...

────────────────────────────────────────────────────────────
CYCLE #21
────────────────────────────────────────────────────────────

============================================================
🤖 VILONA DAEMON — 2026-06-02 21:23:12 WIB
============================================================
📈 Adaptive: OBI threshold=0.20, WR=N/A
📍 Active positions: 0
🔄 Running screening cycle...

============================================================
🤖 VILONA AUTONOMOUS TRADER — 2026-06-02 21:23:15 WIB
   Session: NY_OPEN | Daily PnL: $0.00
============================================================
Traceback (most recent call last):
  File "/home/openclaw/projects/1ai-trade-bot/engines/bitget/scripts/vilona_autonomous_trader.py", line 1171, in <module>
    main()
    ~~~~^^
  File "/home/openclaw/projects/1ai-trade-bot/engines/bitget/scripts/vilona_autonomous_trader.py", line 1167, in main
    trader.run_screening_cycle()
    ~~~~~~~~~~~~~~~~~~~~~~~~~~^^
  File "/home/openclaw/projects/1ai-trade-bot/engines/bitget/scripts/vilona_autonomous_trader.py", line 962, in run_screening_cycle
    macro_risk_mult = self._run_macro_filter()
                      ^^^^^^^^^^^^^^^^^^^^^^
AttributeError: 'VilonaTrader' object has no attribute '_run_macro_filter'
⚠️ Screening returned exit code: 256

💤 Sleeping 15 min until 21:38:15...

────────────────────────────────────────────────────────────
CYCLE #22
────────────────────────────────────────────────────────────

============================================================
🤖 VILONA DAEMON — 2026-06-02 21:38:15 WIB
============================================================
📈 Adaptive: OBI threshold=0.20, WR=N/A
📍 Active positions: 0
🔄 Running screening cycle...

============================================================
🤖 VILONA AUTONOMOUS TRADER — 2026-06-02 21:38:18 WIB
   Session: NY_OPEN | Daily PnL: $0.00
============================================================
Traceback (most recent call last):
  File "/home/openclaw/projects/1ai-trade-bot/engines/bitget/scripts/vilona_autonomous_trader.py", line 1171, in <module>
    main()
    ~~~~^^
  File "/home/openclaw/projects/1ai-trade-bot/engines/bitget/scripts/vilona_autonomous_trader.py", line 1167, in main
    trader.run_screening_cycle()
    ~~~~~~~~~~~~~~~~~~~~~~~~~~^^
  File "/home/openclaw/projects/1ai-trade-bot/engines/bitget/scripts/vilona_autonomous_trader.py", line 962, in run_screening_cycle
    macro_risk_mult = self._run_macro_filter()
                      ^^^^^^^^^^^^^^^^^^^^^^
AttributeError: 'VilonaTrader' object has no attribute '_run_macro_filter'
⚠️ Screening returned exit code: 256

💤 Sleeping 15 min until 21:53:18...

────────────────────────────────────────────────────────────
CYCLE #23
────────────────────────────────────────────────────────────

============================================================
🤖 VILONA DAEMON — 2026-06-02 21:53:19 WIB
============================================================
📈 Adaptive: OBI threshold=0.20, WR=N/A
📍 Active positions: 0
🔄 Running screening cycle...

============================================================
🤖 VILONA AUTONOMOUS TRADER — 2026-06-02 21:53:21 WIB
   Session: NY_OPEN | Daily PnL: $0.00
============================================================
Traceback (most recent call last):
  File "/home/openclaw/projects/1ai-trade-bot/engines/bitget/scripts/vilona_autonomous_trader.py", line 1171, in <module>
    main()
    ~~~~^^
  File "/home/openclaw/projects/1ai-trade-bot/engines/bitget/scripts/vilona_autonomous_trader.py", line 1167, in main
    trader.run_screening_cycle()
    ~~~~~~~~~~~~~~~~~~~~~~~~~~^^
  File "/home/openclaw/projects/1ai-trade-bot/engines/bitget/scripts/vilona_autonomous_trader.py", line 962, in run_screening_cycle
    macro_risk_mult = self._run_macro_filter()
                      ^^^^^^^^^^^^^^^^^^^^^^
AttributeError: 'VilonaTrader' object has no attribute '_run_macro_filter'
⚠️ Screening returned exit code: 256

💤 Sleeping 15 min until 22:08:21...

────────────────────────────────────────────────────────────
CYCLE #24
────────────────────────────────────────────────────────────

============================================================
🤖 VILONA DAEMON — 2026-06-02 22:08:21 WIB
============================================================
📈 Adaptive: OBI threshold=0.20, WR=N/A
📍 Active positions: 0
🌙 Off-session (22:00 WIB) — monitoring only, no entries

💤 Sleeping 15 min until 22:23:22...

────────────────────────────────────────────────────────────
CYCLE #25
────────────────────────────────────────────────────────────

============================================================
🤖 VILONA DAEMON — 2026-06-02 22:23:22 WIB
============================================================
📈 Adaptive: OBI threshold=0.20, WR=N/A
📍 Active positions: 0
🌙 Off-session (22:00 WIB) — monitoring only, no entries

💤 Sleeping 15 min until 22:38:22...

────────────────────────────────────────────────────────────
CYCLE #26
────────────────────────────────────────────────────────────

============================================================
🤖 VILONA DAEMON — 2026-06-02 22:38:22 WIB
============================================================
📈 Adaptive: OBI threshold=0.20, WR=N/A
📍 Active positions: 0
🌙 Off-session (22:00 WIB) — monitoring only, no entries

💤 Sleeping 15 min until 22:53:22...

────────────────────────────────────────────────────────────
CYCLE #27
────────────────────────────────────────────────────────────

============================================================
🤖 VILONA DAEMON — 2026-06-02 22:53:22 WIB
============================================================
📈 Adaptive: OBI threshold=0.20, WR=N/A
📍 Active positions: 0
🌙 Off-session (22:00 WIB) — monitoring only, no entries

💤 Sleeping 15 min until 23:08:23...

────────────────────────────────────────────────────────────
CYCLE #28
────────────────────────────────────────────────────────────

============================================================
🤖 VILONA DAEMON — 2026-06-02 23:08:23 WIB
============================================================
📈 Adaptive: OBI threshold=0.20, WR=N/A
📍 Active positions: 0
🌙 Off-session (23:00 WIB) — monitoring only, no entries

💤 Sleeping 15 min until 23:23:23...

────────────────────────────────────────────────────────────
CYCLE #29
────────────────────────────────────────────────────────────

============================================================
🤖 VILONA DAEMON — 2026-06-02 23:23:23 WIB
============================================================
📈 Adaptive: OBI threshold=0.20, WR=N/A
📍 Active positions: 0
🌙 Off-session (23:00 WIB) — monitoring only, no entries

💤 Sleeping 15 min until 23:38:23...

────────────────────────────────────────────────────────────
CYCLE #30
────────────────────────────────────────────────────────────

============================================================
🤖 VILONA DAEMON — 2026-06-02 23:38:23 WIB
============================================================
📈 Adaptive: OBI threshold=0.20, WR=N/A
📍 Active positions: 0
🌙 Off-session (23:00 WIB) — monitoring only, no entries

💤 Sleeping 15 min until 23:53:23...

────────────────────────────────────────────────────────────
CYCLE #31
────────────────────────────────────────────────────────────

============================================================
🤖 VILONA DAEMON — 2026-06-02 23:53:23 WIB
============================================================
📈 Adaptive: OBI threshold=0.20, WR=N/A
📍 Active positions: 0
🌙 Off-session (23:00 WIB) — monitoring only, no entries

💤 Sleeping 15 min until 00:08:23...

────────────────────────────────────────────────────────────
CYCLE #32
────────────────────────────────────────────────────────────

============================================================
🤖 VILONA DAEMON — 2026-06-03 00:08:23 WIB
============================================================
📈 Adaptive: OBI threshold=0.20, WR=N/A
📍 Active positions: 0
🌙 Off-session (0:00 WIB) — monitoring only, no entries

💤 Sleeping 15 min until 00:23:24...

────────────────────────────────────────────────────────────
CYCLE #33
────────────────────────────────────────────────────────────

============================================================
🤖 VILONA DAEMON — 2026-06-03 00:23:24 WIB
============================================================
📈 Adaptive: OBI threshold=0.20, WR=N/A
📍 Active positions: 0
🌙 Off-session (0:00 WIB) — monitoring only, no entries

💤 Sleeping 15 min until 00:38:24...

────────────────────────────────────────────────────────────
CYCLE #34
────────────────────────────────────────────────────────────

============================================================
🤖 VILONA DAEMON — 2026-06-03 00:38:24 WIB
============================================================
📈 Adaptive: OBI threshold=0.20, WR=N/A
📍 Active positions: 0
🌙 Off-session (0:00 WIB) — monitoring only, no entries

💤 Sleeping 15 min until 00:53:24...

────────────────────────────────────────────────────────────
CYCLE #35
────────────────────────────────────────────────────────────

============================================================
🤖 VILONA DAEMON — 2026-06-03 00:53:24 WIB
============================================================
📈 Adaptive: OBI threshold=0.20, WR=N/A
📍 Active positions: 0
🌙 Off-session (0:00 WIB) — monitoring only, no entries

💤 Sleeping 15 min until 01:08:24...

────────────────────────────────────────────────────────────
CYCLE #36
────────────────────────────────────────────────────────────

============================================================
🤖 VILONA DAEMON — 2026-06-03 01:08:24 WIB
============================================================
📈 Adaptive: OBI threshold=0.20, WR=N/A
📍 Active positions: 0
🌙 Off-session (1:00 WIB) — monitoring only, no entries

💤 Sleeping 15 min until 01:23:25...

────────────────────────────────────────────────────────────
CYCLE #37
────────────────────────────────────────────────────────────

============================================================
🤖 VILONA DAEMON — 2026-06-03 01:23:25 WIB
============================================================
📈 Adaptive: OBI threshold=0.20, WR=N/A
📍 Active positions: 0
🌙 Off-session (1:00 WIB) — monitoring only, no entries

💤 Sleeping 15 min until 01:38:25...

────────────────────────────────────────────────────────────
CYCLE #38
────────────────────────────────────────────────────────────

============================================================
🤖 VILONA DAEMON — 2026-06-03 01:38:25 WIB
============================================================
📈 Adaptive: OBI threshold=0.20, WR=N/A
📍 Active positions: 0
🌙 Off-session (1:00 WIB) — monitoring only, no entries

💤 Sleeping 15 min until 01:53:25...

────────────────────────────────────────────────────────────
CYCLE #39
────────────────────────────────────────────────────────────

============================================================
🤖 VILONA DAEMON — 2026-06-03 01:53:25 WIB
============================================================
📈 Adaptive: OBI threshold=0.20, WR=N/A
📍 Active positions: 0
🌙 Off-session (1:00 WIB) — monitoring only, no entries

💤 Sleeping 15 min until 02:08:25...

────────────────────────────────────────────────────────────
CYCLE #40
────────────────────────────────────────────────────────────

============================================================
🤖 VILONA DAEMON — 2026-06-03 02:08:25 WIB
============================================================
📈 Adaptive: OBI threshold=0.20, WR=N/A
📍 Active positions: 0
🌙 Off-session (2:00 WIB) — monitoring only, no entries

💤 Sleeping 15 min until 02:23:25...

────────────────────────────────────────────────────────────
CYCLE #41
────────────────────────────────────────────────────────────

============================================================
🤖 VILONA DAEMON — 2026-06-03 02:23:25 WIB
============================================================
📈 Adaptive: OBI threshold=0.20, WR=N/A
📍 Active positions: 0
🌙 Off-session (2:00 WIB) — monitoring only, no entries

💤 Sleeping 15 min until 02:38:26...

────────────────────────────────────────────────────────────
CYCLE #42
────────────────────────────────────────────────────────────

============================================================
🤖 VILONA DAEMON — 2026-06-03 02:38:26 WIB
============================================================
📈 Adaptive: OBI threshold=0.20, WR=N/A
📍 Active positions: 0
🌙 Off-session (2:00 WIB) — monitoring only, no entries

💤 Sleeping 15 min until 02:53:26...

────────────────────────────────────────────────────────────
CYCLE #43
────────────────────────────────────────────────────────────

============================================================
🤖 VILONA DAEMON — 2026-06-03 02:53:26 WIB
============================================================
📈 Adaptive: OBI threshold=0.20, WR=N/A
📍 Active positions: 0
🌙 Off-session (2:00 WIB) — monitoring only, no entries

💤 Sleeping 15 min until 03:08:26...

────────────────────────────────────────────────────────────
CYCLE #44
────────────────────────────────────────────────────────────

============================================================
🤖 VILONA DAEMON — 2026-06-03 03:08:26 WIB
============================================================
📈 Adaptive: OBI threshold=0.20, WR=N/A
📍 Active positions: 0
🌙 Off-session (3:00 WIB) — monitoring only, no entries

💤 Sleeping 15 min until 03:23:26...

────────────────────────────────────────────────────────────
CYCLE #45
────────────────────────────────────────────────────────────

============================================================
🤖 VILONA DAEMON — 2026-06-03 03:23:26 WIB
============================================================
📈 Adaptive: OBI threshold=0.20, WR=N/A
📍 Active positions: 0
🌙 Off-session (3:00 WIB) — monitoring only, no entries

💤 Sleeping 15 min until 03:38:27...

────────────────────────────────────────────────────────────
CYCLE #46
────────────────────────────────────────────────────────────

============================================================
🤖 VILONA DAEMON — 2026-06-03 03:38:27 WIB
============================================================
📈 Adaptive: OBI threshold=0.20, WR=N/A
📍 Active positions: 0
🌙 Off-session (3:00 WIB) — monitoring only, no entries

💤 Sleeping 15 min until 03:53:27...

────────────────────────────────────────────────────────────
CYCLE #47
────────────────────────────────────────────────────────────

============================================================
🤖 VILONA DAEMON — 2026-06-03 03:53:27 WIB
============================================================
📈 Adaptive: OBI threshold=0.20, WR=N/A
📍 Active positions: 0
🌙 Off-session (3:00 WIB) — monitoring only, no entries

💤 Sleeping 15 min until 04:08:27...

────────────────────────────────────────────────────────────
CYCLE #48
────────────────────────────────────────────────────────────

============================================================
🤖 VILONA DAEMON — 2026-06-03 04:08:27 WIB
============================================================
📈 Adaptive: OBI threshold=0.20, WR=N/A
📍 Active positions: 0
🌙 Off-session (4:00 WIB) — monitoring only, no entries

💤 Sleeping 15 min until 04:23:27...

────────────────────────────────────────────────────────────
CYCLE #49
────────────────────────────────────────────────────────────

============================================================
🤖 VILONA DAEMON — 2026-06-03 04:23:27 WIB
============================================================
📈 Adaptive: OBI threshold=0.20, WR=N/A
📍 Active positions: 0
🌙 Off-session (4:00 WIB) — monitoring only, no entries

💤 Sleeping 15 min until 04:38:27...

────────────────────────────────────────────────────────────
CYCLE #50
────────────────────────────────────────────────────────────

============================================================
🤖 VILONA DAEMON — 2026-06-03 04:38:27 WIB
============================================================
📈 Adaptive: OBI threshold=0.20, WR=N/A
📍 Active positions: 0
🌙 Off-session (4:00 WIB) — monitoring only, no entries

💤 Sleeping 15 min until 04:53:28...

────────────────────────────────────────────────────────────
CYCLE #51
────────────────────────────────────────────────────────────

============================================================
🤖 VILONA DAEMON — 2026-06-03 04:53:28 WIB
============================================================
📈 Adaptive: OBI threshold=0.20, WR=N/A
📍 Active positions: 0
🌙 Off-session (4:00 WIB) — monitoring only, no entries

💤 Sleeping 15 min until 05:08:28...

────────────────────────────────────────────────────────────
CYCLE #52
────────────────────────────────────────────────────────────

============================================================
🤖 VILONA DAEMON — 2026-06-03 05:08:28 WIB
============================================================
📈 Adaptive: OBI threshold=0.20, WR=N/A
📍 Active positions: 0
🌙 Off-session (5:00 WIB) — monitoring only, no entries

💤 Sleeping 15 min until 05:23:28...

────────────────────────────────────────────────────────────
CYCLE #53
────────────────────────────────────────────────────────────

============================================================
🤖 VILONA DAEMON — 2026-06-03 05:23:28 WIB
============================================================
📈 Adaptive: OBI threshold=0.20, WR=N/A
📍 Active positions: 0
🌙 Off-session (5:00 WIB) — monitoring only, no entries

💤 Sleeping 15 min until 05:38:28...

────────────────────────────────────────────────────────────
CYCLE #54
────────────────────────────────────────────────────────────

============================================================
🤖 VILONA DAEMON — 2026-06-03 05:38:28 WIB
============================================================
📈 Adaptive: OBI threshold=0.20, WR=N/A
📍 Active positions: 0
🌙 Off-session (5:00 WIB) — monitoring only, no entries

💤 Sleeping 15 min until 05:53:29...

────────────────────────────────────────────────────────────
CYCLE #55
────────────────────────────────────────────────────────────

============================================================
🤖 VILONA DAEMON — 2026-06-03 05:53:29 WIB
============================================================
📈 Adaptive: OBI threshold=0.20, WR=N/A
📍 Active positions: 0
🌙 Off-session (5:00 WIB) — monitoring only, no entries

💤 Sleeping 15 min until 06:08:29...

────────────────────────────────────────────────────────────
CYCLE #56
────────────────────────────────────────────────────────────

============================================================
🤖 VILONA DAEMON — 2026-06-03 06:08:29 WIB
============================================================
📈 Adaptive: OBI threshold=0.20, WR=N/A
📍 Active positions: 0
🔄 Running screening cycle...

============================================================
🤖 VILONA AUTONOMOUS TRADER — 2026-06-03 06:08:32 WIB
   Session: ASIA_OPEN | Daily PnL: $0.00
============================================================
Traceback (most recent call last):
  File "/home/openclaw/projects/1ai-trade-bot/engines/bitget/scripts/vilona_autonomous_trader.py", line 1171, in <module>
    main()
    ~~~~^^
  File "/home/openclaw/projects/1ai-trade-bot/engines/bitget/scripts/vilona_autonomous_trader.py", line 1167, in main
    trader.run_screening_cycle()
    ~~~~~~~~~~~~~~~~~~~~~~~~~~^^
  File "/home/openclaw/projects/1ai-trade-bot/engines/bitget/scripts/vilona_autonomous_trader.py", line 962, in run_screening_cycle
    macro_risk_mult = self._run_macro_filter()
                      ^^^^^^^^^^^^^^^^^^^^^^
AttributeError: 'VilonaTrader' object has no attribute '_run_macro_filter'
⚠️ Screening returned exit code: 256

💤 Sleeping 15 min until 06:23:32...

────────────────────────────────────────────────────────────
CYCLE #57
────────────────────────────────────────────────────────────

============================================================
🤖 VILONA DAEMON — 2026-06-03 06:23:32 WIB
============================================================
📈 Adaptive: OBI threshold=0.20, WR=N/A
📍 Active positions: 0
🔄 Running screening cycle...

============================================================
🤖 VILONA AUTONOMOUS TRADER — 2026-06-03 06:23:34 WIB
   Session: ASIA_OPEN | Daily PnL: $0.00
============================================================
Traceback (most recent call last):
  File "/home/openclaw/projects/1ai-trade-bot/engines/bitget/scripts/vilona_autonomous_trader.py", line 1171, in <module>
    main()
    ~~~~^^
  File "/home/openclaw/projects/1ai-trade-bot/engines/bitget/scripts/vilona_autonomous_trader.py", line 1167, in main
    trader.run_screening_cycle()
    ~~~~~~~~~~~~~~~~~~~~~~~~~~^^
  File "/home/openclaw/projects/1ai-trade-bot/engines/bitget/scripts/vilona_autonomous_trader.py", line 962, in run_screening_cycle
    macro_risk_mult = self._run_macro_filter()
                      ^^^^^^^^^^^^^^^^^^^^^^
AttributeError: 'VilonaTrader' object has no attribute '_run_macro_filter'
⚠️ Screening returned exit code: 256

💤 Sleeping 15 min until 06:38:34...

────────────────────────────────────────────────────────────
CYCLE #58
────────────────────────────────────────────────────────────

============================================================
🤖 VILONA DAEMON — 2026-06-03 06:38:34 WIB
============================================================
📈 Adaptive: OBI threshold=0.20, WR=N/A
📍 Active positions: 0
🔄 Running screening cycle...

============================================================
🤖 VILONA AUTONOMOUS TRADER — 2026-06-03 06:38:37 WIB
   Session: ASIA_OPEN | Daily PnL: $0.00
============================================================
Traceback (most recent call last):
  File "/home/openclaw/projects/1ai-trade-bot/engines/bitget/scripts/vilona_autonomous_trader.py", line 1171, in <module>
    main()
    ~~~~^^
  File "/home/openclaw/projects/1ai-trade-bot/engines/bitget/scripts/vilona_autonomous_trader.py", line 1167, in main
    trader.run_screening_cycle()
    ~~~~~~~~~~~~~~~~~~~~~~~~~~^^
  File "/home/openclaw/projects/1ai-trade-bot/engines/bitget/scripts/vilona_autonomous_trader.py", line 962, in run_screening_cycle
    macro_risk_mult = self._run_macro_filter()
                      ^^^^^^^^^^^^^^^^^^^^^^
AttributeError: 'VilonaTrader' object has no attribute '_run_macro_filter'
⚠️ Screening returned exit code: 256

💤 Sleeping 15 min until 06:53:37...

────────────────────────────────────────────────────────────
CYCLE #59
────────────────────────────────────────────────────────────

============================================================
🤖 VILONA DAEMON — 2026-06-03 06:53:37 WIB
============================================================
📈 Adaptive: OBI threshold=0.20, WR=N/A
📍 Active positions: 0
🔄 Running screening cycle...

============================================================
🤖 VILONA AUTONOMOUS TRADER — 2026-06-03 06:53:39 WIB
   Session: ASIA_OPEN | Daily PnL: $0.00
============================================================
Traceback (most recent call last):
  File "/home/openclaw/projects/1ai-trade-bot/engines/bitget/scripts/vilona_autonomous_trader.py", line 1171, in <module>
    main()
    ~~~~^^
  File "/home/openclaw/projects/1ai-trade-bot/engines/bitget/scripts/vilona_autonomous_trader.py", line 1167, in main
    trader.run_screening_cycle()
    ~~~~~~~~~~~~~~~~~~~~~~~~~~^^
  File "/home/openclaw/projects/1ai-trade-bot/engines/bitget/scripts/vilona_autonomous_trader.py", line 962, in run_screening_cycle
    macro_risk_mult = self._run_macro_filter()
                      ^^^^^^^^^^^^^^^^^^^^^^
AttributeError: 'VilonaTrader' object has no attribute '_run_macro_filter'
⚠️ Screening returned exit code: 256

💤 Sleeping 15 min until 07:08:39...

────────────────────────────────────────────────────────────
CYCLE #60
────────────────────────────────────────────────────────────

============================================================
🤖 VILONA DAEMON — 2026-06-03 07:08:39 WIB
============================================================
📈 Adaptive: OBI threshold=0.20, WR=N/A
📍 Active positions: 0
🔄 Running screening cycle...

============================================================
🤖 VILONA AUTONOMOUS TRADER — 2026-06-03 07:08:41 WIB
   Session: ASIA_OPEN | Daily PnL: $0.00
============================================================
Traceback (most recent call last):
  File "/home/openclaw/projects/1ai-trade-bot/engines/bitget/scripts/vilona_autonomous_trader.py", line 1171, in <module>
    main()
    ~~~~^^
  File "/home/openclaw/projects/1ai-trade-bot/engines/bitget/scripts/vilona_autonomous_trader.py", line 1167, in main
    trader.run_screening_cycle()
    ~~~~~~~~~~~~~~~~~~~~~~~~~~^^
  File "/home/openclaw/projects/1ai-trade-bot/engines/bitget/scripts/vilona_autonomous_trader.py", line 962, in run_screening_cycle
    macro_risk_mult = self._run_macro_filter()
                      ^^^^^^^^^^^^^^^^^^^^^^
AttributeError: 'VilonaTrader' object has no attribute '_run_macro_filter'
⚠️ Screening returned exit code: 256

💤 Sleeping 15 min until 07:23:41...

────────────────────────────────────────────────────────────
CYCLE #61
────────────────────────────────────────────────────────────

============================================================
🤖 VILONA DAEMON — 2026-06-03 07:23:41 WIB
============================================================
📈 Adaptive: OBI threshold=0.20, WR=N/A
📍 Active positions: 0
🔄 Running screening cycle...

============================================================
🤖 VILONA AUTONOMOUS TRADER — 2026-06-03 07:23:43 WIB
   Session: ASIA_OPEN | Daily PnL: $0.00
============================================================
Traceback (most recent call last):
  File "/home/openclaw/projects/1ai-trade-bot/engines/bitget/scripts/vilona_autonomous_trader.py", line 1171, in <module>
    main()
    ~~~~^^
  File "/home/openclaw/projects/1ai-trade-bot/engines/bitget/scripts/vilona_autonomous_trader.py", line 1167, in main
    trader.run_screening_cycle()
    ~~~~~~~~~~~~~~~~~~~~~~~~~~^^
  File "/home/openclaw/projects/1ai-trade-bot/engines/bitget/scripts/vilona_autonomous_trader.py", line 962, in run_screening_cycle
    macro_risk_mult = self._run_macro_filter()
                      ^^^^^^^^^^^^^^^^^^^^^^
AttributeError: 'VilonaTrader' object has no attribute '_run_macro_filter'
⚠️ Screening returned exit code: 256

💤 Sleeping 15 min until 07:38:44...

────────────────────────────────────────────────────────────
CYCLE #62
────────────────────────────────────────────────────────────

============================================================
🤖 VILONA DAEMON — 2026-06-03 07:38:44 WIB
============================================================
📈 Adaptive: OBI threshold=0.20, WR=N/A
📍 Active positions: 0
🔄 Running screening cycle...

============================================================
🤖 VILONA AUTONOMOUS TRADER — 2026-06-03 07:38:46 WIB
   Session: ASIA_OPEN | Daily PnL: $0.00
============================================================
Traceback (most recent call last):
  File "/home/openclaw/projects/1ai-trade-bot/engines/bitget/scripts/vilona_autonomous_trader.py", line 1171, in <module>
    main()
    ~~~~^^
  File "/home/openclaw/projects/1ai-trade-bot/engines/bitget/scripts/vilona_autonomous_trader.py", line 1167, in main
    trader.run_screening_cycle()
    ~~~~~~~~~~~~~~~~~~~~~~~~~~^^
  File "/home/openclaw/projects/1ai-trade-bot/engines/bitget/scripts/vilona_autonomous_trader.py", line 962, in run_screening_cycle
    macro_risk_mult = self._run_macro_filter()
                      ^^^^^^^^^^^^^^^^^^^^^^
AttributeError: 'VilonaTrader' object has no attribute '_run_macro_filter'
⚠️ Screening returned exit code: 256

💤 Sleeping 15 min until 07:53:46...

────────────────────────────────────────────────────────────
CYCLE #63
────────────────────────────────────────────────────────────

============================================================
🤖 VILONA DAEMON — 2026-06-03 07:53:46 WIB
============================================================
📈 Adaptive: OBI threshold=0.20, WR=N/A
📍 Active positions: 0
🔄 Running screening cycle...

============================================================
🤖 VILONA AUTONOMOUS TRADER — 2026-06-03 07:53:48 WIB
   Session: ASIA_OPEN | Daily PnL: $0.00
============================================================
Traceback (most recent call last):
  File "/home/openclaw/projects/1ai-trade-bot/engines/bitget/scripts/vilona_autonomous_trader.py", line 1171, in <module>
    main()
    ~~~~^^
  File "/home/openclaw/projects/1ai-trade-bot/engines/bitget/scripts/vilona_autonomous_trader.py", line 1167, in main
    trader.run_screening_cycle()
    ~~~~~~~~~~~~~~~~~~~~~~~~~~^^
  File "/home/openclaw/projects/1ai-trade-bot/engines/bitget/scripts/vilona_autonomous_trader.py", line 962, in run_screening_cycle
    macro_risk_mult = self._run_macro_filter()
                      ^^^^^^^^^^^^^^^^^^^^^^
AttributeError: 'VilonaTrader' object has no attribute '_run_macro_filter'
⚠️ Screening returned exit code: 256

💤 Sleeping 15 min until 08:08:48...

────────────────────────────────────────────────────────────
CYCLE #64
────────────────────────────────────────────────────────────

============================================================
🤖 VILONA DAEMON — 2026-06-03 08:08:48 WIB
============================================================
📈 Adaptive: OBI threshold=0.20, WR=N/A
📍 Active positions: 0
🔄 Running screening cycle...

============================================================
🤖 VILONA AUTONOMOUS TRADER — 2026-06-03 08:08:50 WIB
   Session: ASIA_OPEN | Daily PnL: $0.00
============================================================
Traceback (most recent call last):
  File "/home/openclaw/projects/1ai-trade-bot/engines/bitget/scripts/vilona_autonomous_trader.py", line 1171, in <module>
    main()
    ~~~~^^
  File "/home/openclaw/projects/1ai-trade-bot/engines/bitget/scripts/vilona_autonomous_trader.py", line 1167, in main
    trader.run_screening_cycle()
    ~~~~~~~~~~~~~~~~~~~~~~~~~~^^
  File "/home/openclaw/projects/1ai-trade-bot/engines/bitget/scripts/vilona_autonomous_trader.py", line 962, in run_screening_cycle
    macro_risk_mult = self._run_macro_filter()
                      ^^^^^^^^^^^^^^^^^^^^^^
AttributeError: 'VilonaTrader' object has no attribute '_run_macro_filter'
⚠️ Screening returned exit code: 256

💤 Sleeping 15 min until 08:23:51...

────────────────────────────────────────────────────────────
CYCLE #65
────────────────────────────────────────────────────────────

============================================================
🤖 VILONA DAEMON — 2026-06-03 08:23:51 WIB
============================================================
📈 Adaptive: OBI threshold=0.20, WR=N/A
📍 Active positions: 0
🔄 Running screening cycle...

============================================================
🤖 VILONA AUTONOMOUS TRADER — 2026-06-03 08:23:53 WIB
   Session: ASIA_OPEN | Daily PnL: $0.00
============================================================
Traceback (most recent call last):
  File "/home/openclaw/projects/1ai-trade-bot/engines/bitget/scripts/vilona_autonomous_trader.py", line 1171, in <module>
    main()
    ~~~~^^
  File "/home/openclaw/projects/1ai-trade-bot/engines/bitget/scripts/vilona_autonomous_trader.py", line 1167, in main
    trader.run_screening_cycle()
    ~~~~~~~~~~~~~~~~~~~~~~~~~~^^
  File "/home/openclaw/projects/1ai-trade-bot/engines/bitget/scripts/vilona_autonomous_trader.py", line 962, in run_screening_cycle
    macro_risk_mult = self._run_macro_filter()
                      ^^^^^^^^^^^^^^^^^^^^^^
AttributeError: 'VilonaTrader' object has no attribute '_run_macro_filter'
⚠️ Screening returned exit code: 256

💤 Sleeping 15 min until 08:38:53...

────────────────────────────────────────────────────────────
CYCLE #66
────────────────────────────────────────────────────────────

============================================================
🤖 VILONA DAEMON — 2026-06-03 08:38:53 WIB
============================================================
📈 Adaptive: OBI threshold=0.20, WR=N/A
📍 Active positions: 0
🔄 Running screening cycle...

============================================================
🤖 VILONA AUTONOMOUS TRADER — 2026-06-03 08:38:55 WIB
   Session: ASIA_OPEN | Daily PnL: $0.00
============================================================
Traceback (most recent call last):
  File "/home/openclaw/projects/1ai-trade-bot/engines/bitget/scripts/vilona_autonomous_trader.py", line 1171, in <module>
    main()
    ~~~~^^
  File "/home/openclaw/projects/1ai-trade-bot/engines/bitget/scripts/vilona_autonomous_trader.py", line 1167, in main
    trader.run_screening_cycle()
    ~~~~~~~~~~~~~~~~~~~~~~~~~~^^
  File "/home/openclaw/projects/1ai-trade-bot/engines/bitget/scripts/vilona_autonomous_trader.py", line 962, in run_screening_cycle
    macro_risk_mult = self._run_macro_filter()
                      ^^^^^^^^^^^^^^^^^^^^^^
AttributeError: 'VilonaTrader' object has no attribute '_run_macro_filter'
⚠️ Screening returned exit code: 256

💤 Sleeping 15 min until 08:53:55...

────────────────────────────────────────────────────────────
CYCLE #67
────────────────────────────────────────────────────────────

============================================================
🤖 VILONA DAEMON — 2026-06-03 08:53:55 WIB
============================================================
📈 Adaptive: OBI threshold=0.20, WR=N/A
📍 Active positions: 0
🔄 Running screening cycle...

============================================================
🤖 VILONA AUTONOMOUS TRADER — 2026-06-03 08:53:57 WIB
   Session: ASIA_OPEN | Daily PnL: $0.00
============================================================
Traceback (most recent call last):
  File "/home/openclaw/projects/1ai-trade-bot/engines/bitget/scripts/vilona_autonomous_trader.py", line 1171, in <module>
    main()
    ~~~~^^
  File "/home/openclaw/projects/1ai-trade-bot/engines/bitget/scripts/vilona_autonomous_trader.py", line 1167, in main
    trader.run_screening_cycle()
    ~~~~~~~~~~~~~~~~~~~~~~~~~~^^
  File "/home/openclaw/projects/1ai-trade-bot/engines/bitget/scripts/vilona_autonomous_trader.py", line 962, in run_screening_cycle
    macro_risk_mult = self._run_macro_filter()
                      ^^^^^^^^^^^^^^^^^^^^^^
AttributeError: 'VilonaTrader' object has no attribute '_run_macro_filter'
⚠️ Screening returned exit code: 256

💤 Sleeping 15 min until 09:08:57...

────────────────────────────────────────────────────────────
CYCLE #68
────────────────────────────────────────────────────────────

============================================================
🤖 VILONA DAEMON — 2026-06-03 09:08:57 WIB
============================================================
📈 Adaptive: OBI threshold=0.20, WR=N/A
📍 Active positions: 0
🔄 Running screening cycle...

============================================================
🤖 VILONA AUTONOMOUS TRADER — 2026-06-03 09:08:59 WIB
   Session: OFF_SESSION | Daily PnL: $0.00
============================================================
Traceback (most recent call last):
  File "/home/openclaw/projects/1ai-trade-bot/engines/bitget/scripts/vilona_autonomous_trader.py", line 1171, in <module>
    main()
    ~~~~^^
  File "/home/openclaw/projects/1ai-trade-bot/engines/bitget/scripts/vilona_autonomous_trader.py", line 1167, in main
    trader.run_screening_cycle()
    ~~~~~~~~~~~~~~~~~~~~~~~~~~^^
  File "/home/openclaw/projects/1ai-trade-bot/engines/bitget/scripts/vilona_autonomous_trader.py", line 962, in run_screening_cycle
    macro_risk_mult = self._run_macro_filter()
                      ^^^^^^^^^^^^^^^^^^^^^^
AttributeError: 'VilonaTrader' object has no attribute '_run_macro_filter'
⚠️ Screening returned exit code: 256

💤 Sleeping 15 min until 09:24:00...

────────────────────────────────────────────────────────────
CYCLE #69
────────────────────────────────────────────────────────────

============================================================
🤖 VILONA DAEMON — 2026-06-03 09:24:00 WIB
============================================================
📈 Adaptive: OBI threshold=0.20, WR=N/A
📍 Active positions: 0
🔄 Running screening cycle...

============================================================
🤖 VILONA AUTONOMOUS TRADER — 2026-06-03 09:24:02 WIB
   Session: OFF_SESSION | Daily PnL: $0.00
============================================================
Traceback (most recent call last):
  File "/home/openclaw/projects/1ai-trade-bot/engines/bitget/scripts/vilona_autonomous_trader.py", line 1171, in <module>
    main()
    ~~~~^^
  File "/home/openclaw/projects/1ai-trade-bot/engines/bitget/scripts/vilona_autonomous_trader.py", line 1167, in main
    trader.run_screening_cycle()
    ~~~~~~~~~~~~~~~~~~~~~~~~~~^^
  File "/home/openclaw/projects/1ai-trade-bot/engines/bitget/scripts/vilona_autonomous_trader.py", line 962, in run_screening_cycle
    macro_risk_mult = self._run_macro_filter()
                      ^^^^^^^^^^^^^^^^^^^^^^
AttributeError: 'VilonaTrader' object has no attribute '_run_macro_filter'
⚠️ Screening returned exit code: 256

💤 Sleeping 15 min until 09:39:02...

────────────────────────────────────────────────────────────
CYCLE #70
────────────────────────────────────────────────────────────

============================================================
🤖 VILONA DAEMON — 2026-06-03 09:39:02 WIB
============================================================
📈 Adaptive: OBI threshold=0.20, WR=N/A
📍 Active positions: 0
🔄 Running screening cycle...

============================================================
🤖 VILONA AUTONOMOUS TRADER — 2026-06-03 09:39:04 WIB
   Session: OFF_SESSION | Daily PnL: $0.00
============================================================
Traceback (most recent call last):
  File "/home/openclaw/projects/1ai-trade-bot/engines/bitget/scripts/vilona_autonomous_trader.py", line 1171, in <module>
    main()
    ~~~~^^
  File "/home/openclaw/projects/1ai-trade-bot/engines/bitget/scripts/vilona_autonomous_trader.py", line 1167, in main
    trader.run_screening_cycle()
    ~~~~~~~~~~~~~~~~~~~~~~~~~~^^
  File "/home/openclaw/projects/1ai-trade-bot/engines/bitget/scripts/vilona_autonomous_trader.py", line 962, in run_screening_cycle
    macro_risk_mult = self._run_macro_filter()
                      ^^^^^^^^^^^^^^^^^^^^^^
AttributeError: 'VilonaTrader' object has no attribute '_run_macro_filter'
⚠️ Screening returned exit code: 256

💤 Sleeping 15 min until 09:54:04...

────────────────────────────────────────────────────────────
CYCLE #71
────────────────────────────────────────────────────────────

============================================================
🤖 VILONA DAEMON — 2026-06-03 09:54:04 WIB
============================================================
📈 Adaptive: OBI threshold=0.20, WR=N/A
📍 Active positions: 0
🔄 Running screening cycle...

============================================================
🤖 VILONA AUTONOMOUS TRADER — 2026-06-03 09:54:06 WIB
   Session: OFF_SESSION | Daily PnL: $0.00
============================================================
Traceback (most recent call last):
  File "/home/openclaw/projects/1ai-trade-bot/engines/bitget/scripts/vilona_autonomous_trader.py", line 1171, in <module>
    main()
    ~~~~^^
  File "/home/openclaw/projects/1ai-trade-bot/engines/bitget/scripts/vilona_autonomous_trader.py", line 1167, in main
    trader.run_screening_cycle()
    ~~~~~~~~~~~~~~~~~~~~~~~~~~^^
  File "/home/openclaw/projects/1ai-trade-bot/engines/bitget/scripts/vilona_autonomous_trader.py", line 962, in run_screening_cycle
    macro_risk_mult = self._run_macro_filter()
                      ^^^^^^^^^^^^^^^^^^^^^^
AttributeError: 'VilonaTrader' object has no attribute '_run_macro_filter'
⚠️ Screening returned exit code: 256

💤 Sleeping 15 min until 10:09:06...

────────────────────────────────────────────────────────────
CYCLE #72
────────────────────────────────────────────────────────────

============================================================
🤖 VILONA DAEMON — 2026-06-03 10:09:06 WIB
============================================================
📈 Adaptive: OBI threshold=0.20, WR=N/A
📍 Active positions: 0
🔄 Running screening cycle...

============================================================
🤖 VILONA AUTONOMOUS TRADER — 2026-06-03 10:09:08 WIB
   Session: OFF_SESSION | Daily PnL: $0.00
============================================================
Traceback (most recent call last):
  File "/home/openclaw/projects/1ai-trade-bot/engines/bitget/scripts/vilona_autonomous_trader.py", line 1171, in <module>
    main()
    ~~~~^^
  File "/home/openclaw/projects/1ai-trade-bot/engines/bitget/scripts/vilona_autonomous_trader.py", line 1167, in main
    trader.run_screening_cycle()
    ~~~~~~~~~~~~~~~~~~~~~~~~~~^^
  File "/home/openclaw/projects/1ai-trade-bot/engines/bitget/scripts/vilona_autonomous_trader.py", line 962, in run_screening_cycle
    macro_risk_mult = self._run_macro_filter()
                      ^^^^^^^^^^^^^^^^^^^^^^
AttributeError: 'VilonaTrader' object has no attribute '_run_macro_filter'
⚠️ Screening returned exit code: 256

💤 Sleeping 15 min until 10:24:08...

────────────────────────────────────────────────────────────
CYCLE #73
────────────────────────────────────────────────────────────

============================================================
🤖 VILONA DAEMON — 2026-06-03 10:24:08 WIB
============================================================
📈 Adaptive: OBI threshold=0.20, WR=N/A
📍 Active positions: 0
🔄 Running screening cycle...

============================================================
🤖 VILONA AUTONOMOUS TRADER — 2026-06-03 10:24:11 WIB
   Session: OFF_SESSION | Daily PnL: $0.00
============================================================
Traceback (most recent call last):
  File "/home/openclaw/projects/1ai-trade-bot/engines/bitget/scripts/vilona_autonomous_trader.py", line 1171, in <module>
    main()
    ~~~~^^
  File "/home/openclaw/projects/1ai-trade-bot/engines/bitget/scripts/vilona_autonomous_trader.py", line 1167, in main
    trader.run_screening_cycle()
    ~~~~~~~~~~~~~~~~~~~~~~~~~~^^
  File "/home/openclaw/projects/1ai-trade-bot/engines/bitget/scripts/vilona_autonomous_trader.py", line 962, in run_screening_cycle
    macro_risk_mult = self._run_macro_filter()
                      ^^^^^^^^^^^^^^^^^^^^^^
AttributeError: 'VilonaTrader' object has no attribute '_run_macro_filter'
⚠️ Screening returned exit code: 256

💤 Sleeping 15 min until 10:39:11...

────────────────────────────────────────────────────────────
CYCLE #74
────────────────────────────────────────────────────────────

============================================================
🤖 VILONA DAEMON — 2026-06-03 10:39:11 WIB
============================================================
📈 Adaptive: OBI threshold=0.20, WR=N/A
📍 Active positions: 0
🔄 Running screening cycle...

============================================================
🤖 VILONA AUTONOMOUS TRADER — 2026-06-03 10:39:13 WIB
   Session: OFF_SESSION | Daily PnL: $0.00
============================================================
Traceback (most recent call last):
  File "/home/openclaw/projects/1ai-trade-bot/engines/bitget/scripts/vilona_autonomous_trader.py", line 1171, in <module>
    main()
    ~~~~^^
  File "/home/openclaw/projects/1ai-trade-bot/engines/bitget/scripts/vilona_autonomous_trader.py", line 1167, in main
    trader.run_screening_cycle()
    ~~~~~~~~~~~~~~~~~~~~~~~~~~^^
  File "/home/openclaw/projects/1ai-trade-bot/engines/bitget/scripts/vilona_autonomous_trader.py", line 962, in run_screening_cycle
    macro_risk_mult = self._run_macro_filter()
                      ^^^^^^^^^^^^^^^^^^^^^^
AttributeError: 'VilonaTrader' object has no attribute '_run_macro_filter'
⚠️ Screening returned exit code: 256

💤 Sleeping 15 min until 10:54:13...

────────────────────────────────────────────────────────────
CYCLE #75
────────────────────────────────────────────────────────────

============================================================
🤖 VILONA DAEMON — 2026-06-03 10:54:13 WIB
============================================================
📈 Adaptive: OBI threshold=0.20, WR=N/A
📍 Active positions: 0
🔄 Running screening cycle...

============================================================
🤖 VILONA AUTONOMOUS TRADER — 2026-06-03 10:54:15 WIB
   Session: OFF_SESSION | Daily PnL: $0.00
============================================================
Traceback (most recent call last):
  File "/home/openclaw/projects/1ai-trade-bot/engines/bitget/scripts/vilona_autonomous_trader.py", line 1171, in <module>
    main()
    ~~~~^^
  File "/home/openclaw/projects/1ai-trade-bot/engines/bitget/scripts/vilona_autonomous_trader.py", line 1167, in main
    trader.run_screening_cycle()
    ~~~~~~~~~~~~~~~~~~~~~~~~~~^^
  File "/home/openclaw/projects/1ai-trade-bot/engines/bitget/scripts/vilona_autonomous_trader.py", line 962, in run_screening_cycle
    macro_risk_mult = self._run_macro_filter()
                      ^^^^^^^^^^^^^^^^^^^^^^
AttributeError: 'VilonaTrader' object has no attribute '_run_macro_filter'
⚠️ Screening returned exit code: 256

💤 Sleeping 15 min until 11:09:15...

────────────────────────────────────────────────────────────
CYCLE #76
────────────────────────────────────────────────────────────

============================================================
🤖 VILONA DAEMON — 2026-06-03 11:09:15 WIB
============================================================
📈 Adaptive: OBI threshold=0.20, WR=N/A
📍 Active positions: 0
🔄 Running screening cycle...

============================================================
🤖 VILONA AUTONOMOUS TRADER — 2026-06-03 11:09:17 WIB
   Session: OFF_SESSION | Daily PnL: $0.00
============================================================
Traceback (most recent call last):
  File "/home/openclaw/projects/1ai-trade-bot/engines/bitget/scripts/vilona_autonomous_trader.py", line 1171, in <module>
    main()
    ~~~~^^
  File "/home/openclaw/projects/1ai-trade-bot/engines/bitget/scripts/vilona_autonomous_trader.py", line 1167, in main
    trader.run_screening_cycle()
    ~~~~~~~~~~~~~~~~~~~~~~~~~~^^
  File "/home/openclaw/projects/1ai-trade-bot/engines/bitget/scripts/vilona_autonomous_trader.py", line 962, in run_screening_cycle
    macro_risk_mult = self._run_macro_filter()
                      ^^^^^^^^^^^^^^^^^^^^^^
AttributeError: 'VilonaTrader' object has no attribute '_run_macro_filter'
⚠️ Screening returned exit code: 256

💤 Sleeping 15 min until 11:24:17...

────────────────────────────────────────────────────────────
CYCLE #77
────────────────────────────────────────────────────────────

============================================================
🤖 VILONA DAEMON — 2026-06-03 11:24:17 WIB
============================================================
📈 Adaptive: OBI threshold=0.20, WR=N/A
📍 Active positions: 0
🔄 Running screening cycle...

============================================================
🤖 VILONA AUTONOMOUS TRADER — 2026-06-03 11:24:19 WIB
   Session: OFF_SESSION | Daily PnL: $0.00
============================================================
Traceback (most recent call last):
  File "/home/openclaw/projects/1ai-trade-bot/engines/bitget/scripts/vilona_autonomous_trader.py", line 1171, in <module>
    main()
    ~~~~^^
  File "/home/openclaw/projects/1ai-trade-bot/engines/bitget/scripts/vilona_autonomous_trader.py", line 1167, in main
    trader.run_screening_cycle()
    ~~~~~~~~~~~~~~~~~~~~~~~~~~^^
  File "/home/openclaw/projects/1ai-trade-bot/engines/bitget/scripts/vilona_autonomous_trader.py", line 962, in run_screening_cycle
    macro_risk_mult = self._run_macro_filter()
                      ^^^^^^^^^^^^^^^^^^^^^^
AttributeError: 'VilonaTrader' object has no attribute '_run_macro_filter'
⚠️ Screening returned exit code: 256

💤 Sleeping 15 min until 11:39:20...

────────────────────────────────────────────────────────────
CYCLE #78
────────────────────────────────────────────────────────────

============================================================
🤖 VILONA DAEMON — 2026-06-03 11:39:20 WIB
============================================================
📈 Adaptive: OBI threshold=0.20, WR=N/A
📍 Active positions: 0
🔄 Running screening cycle...

============================================================
🤖 VILONA AUTONOMOUS TRADER — 2026-06-03 11:39:22 WIB
   Session: OFF_SESSION | Daily PnL: $0.00
============================================================
Traceback (most recent call last):
  File "/home/openclaw/projects/1ai-trade-bot/engines/bitget/scripts/vilona_autonomous_trader.py", line 1171, in <module>
    main()
    ~~~~^^
  File "/home/openclaw/projects/1ai-trade-bot/engines/bitget/scripts/vilona_autonomous_trader.py", line 1167, in main
    trader.run_screening_cycle()
    ~~~~~~~~~~~~~~~~~~~~~~~~~~^^
  File "/home/openclaw/projects/1ai-trade-bot/engines/bitget/scripts/vilona_autonomous_trader.py", line 962, in run_screening_cycle
    macro_risk_mult = self._run_macro_filter()
                      ^^^^^^^^^^^^^^^^^^^^^^
AttributeError: 'VilonaTrader' object has no attribute '_run_macro_filter'
⚠️ Screening returned exit code: 256

💤 Sleeping 15 min until 11:54:22...

────────────────────────────────────────────────────────────
CYCLE #79
────────────────────────────────────────────────────────────

============================================================
🤖 VILONA DAEMON — 2026-06-03 11:54:22 WIB
============================================================
📈 Adaptive: OBI threshold=0.20, WR=N/A
📍 Active positions: 0
🔄 Running screening cycle...

============================================================
🤖 VILONA AUTONOMOUS TRADER — 2026-06-03 11:54:24 WIB
   Session: OFF_SESSION | Daily PnL: $0.00
============================================================
Traceback (most recent call last):
  File "/home/openclaw/projects/1ai-trade-bot/engines/bitget/scripts/vilona_autonomous_trader.py", line 1171, in <module>
    main()
    ~~~~^^
  File "/home/openclaw/projects/1ai-trade-bot/engines/bitget/scripts/vilona_autonomous_trader.py", line 1167, in main
    trader.run_screening_cycle()
    ~~~~~~~~~~~~~~~~~~~~~~~~~~^^
  File "/home/openclaw/projects/1ai-trade-bot/engines/bitget/scripts/vilona_autonomous_trader.py", line 962, in run_screening_cycle
    macro_risk_mult = self._run_macro_filter()
                      ^^^^^^^^^^^^^^^^^^^^^^
AttributeError: 'VilonaTrader' object has no attribute '_run_macro_filter'
⚠️ Screening returned exit code: 256

💤 Sleeping 15 min until 12:09:24...

────────────────────────────────────────────────────────────
CYCLE #80
────────────────────────────────────────────────────────────

============================================================
🤖 VILONA DAEMON — 2026-06-03 12:09:24 WIB
============================================================
📈 Adaptive: OBI threshold=0.20, WR=N/A
📍 Active positions: 0
🔄 Running screening cycle...

============================================================
🤖 VILONA AUTONOMOUS TRADER — 2026-06-03 12:09:26 WIB
   Session: OFF_SESSION | Daily PnL: $0.00
============================================================
Traceback (most recent call last):
  File "/home/openclaw/projects/1ai-trade-bot/engines/bitget/scripts/vilona_autonomous_trader.py", line 1171, in <module>
    main()
    ~~~~^^
  File "/home/openclaw/projects/1ai-trade-bot/engines/bitget/scripts/vilona_autonomous_trader.py", line 1167, in main
    trader.run_screening_cycle()
    ~~~~~~~~~~~~~~~~~~~~~~~~~~^^
  File "/home/openclaw/projects/1ai-trade-bot/engines/bitget/scripts/vilona_autonomous_trader.py", line 962, in run_screening_cycle
    macro_risk_mult = self._run_macro_filter()
                      ^^^^^^^^^^^^^^^^^^^^^^
AttributeError: 'VilonaTrader' object has no attribute '_run_macro_filter'
⚠️ Screening returned exit code: 256

💤 Sleeping 15 min until 12:24:26...

────────────────────────────────────────────────────────────
CYCLE #81
────────────────────────────────────────────────────────────

============================================================
🤖 VILONA DAEMON — 2026-06-03 12:24:26 WIB
============================================================
📈 Adaptive: OBI threshold=0.20, WR=N/A
📍 Active positions: 0
🔄 Running screening cycle...

============================================================
🤖 VILONA AUTONOMOUS TRADER — 2026-06-03 12:24:28 WIB
   Session: OFF_SESSION | Daily PnL: $0.00
============================================================
Traceback (most recent call last):
  File "/home/openclaw/projects/1ai-trade-bot/engines/bitget/scripts/vilona_autonomous_trader.py", line 1171, in <module>
    main()
    ~~~~^^
  File "/home/openclaw/projects/1ai-trade-bot/engines/bitget/scripts/vilona_autonomous_trader.py", line 1167, in main
    trader.run_screening_cycle()
    ~~~~~~~~~~~~~~~~~~~~~~~~~~^^
  File "/home/openclaw/projects/1ai-trade-bot/engines/bitget/scripts/vilona_autonomous_trader.py", line 962, in run_screening_cycle
    macro_risk_mult = self._run_macro_filter()
                      ^^^^^^^^^^^^^^^^^^^^^^
AttributeError: 'VilonaTrader' object has no attribute '_run_macro_filter'
⚠️ Screening returned exit code: 256

💤 Sleeping 15 min until 12:39:28...

────────────────────────────────────────────────────────────
CYCLE #82
────────────────────────────────────────────────────────────

============================================================
🤖 VILONA DAEMON — 2026-06-03 12:39:28 WIB
============================================================
📈 Adaptive: OBI threshold=0.20, WR=N/A
📍 Active positions: 0
🔄 Running screening cycle...

============================================================
🤖 VILONA AUTONOMOUS TRADER — 2026-06-03 12:39:30 WIB
   Session: OFF_SESSION | Daily PnL: $0.00
============================================================
Traceback (most recent call last):
  File "/home/openclaw/projects/1ai-trade-bot/engines/bitget/scripts/vilona_autonomous_trader.py", line 1171, in <module>
    main()
    ~~~~^^
  File "/home/openclaw/projects/1ai-trade-bot/engines/bitget/scripts/vilona_autonomous_trader.py", line 1167, in main
    trader.run_screening_cycle()
    ~~~~~~~~~~~~~~~~~~~~~~~~~~^^
  File "/home/openclaw/projects/1ai-trade-bot/engines/bitget/scripts/vilona_autonomous_trader.py", line 962, in run_screening_cycle
    macro_risk_mult = self._run_macro_filter()
                      ^^^^^^^^^^^^^^^^^^^^^^
AttributeError: 'VilonaTrader' object has no attribute '_run_macro_filter'
⚠️ Screening returned exit code: 256

💤 Sleeping 15 min until 12:54:30...

────────────────────────────────────────────────────────────
CYCLE #83
────────────────────────────────────────────────────────────

============================================================
🤖 VILONA DAEMON — 2026-06-03 12:54:30 WIB
============================================================
📈 Adaptive: OBI threshold=0.20, WR=N/A
📍 Active positions: 0
🔄 Running screening cycle...

============================================================
🤖 VILONA AUTONOMOUS TRADER — 2026-06-03 12:54:33 WIB
   Session: OFF_SESSION | Daily PnL: $0.00
============================================================
Traceback (most recent call last):
  File "/home/openclaw/projects/1ai-trade-bot/engines/bitget/scripts/vilona_autonomous_trader.py", line 1171, in <module>
    main()
    ~~~~^^
  File "/home/openclaw/projects/1ai-trade-bot/engines/bitget/scripts/vilona_autonomous_trader.py", line 1167, in main
    trader.run_screening_cycle()
    ~~~~~~~~~~~~~~~~~~~~~~~~~~^^
  File "/home/openclaw/projects/1ai-trade-bot/engines/bitget/scripts/vilona_autonomous_trader.py", line 962, in run_screening_cycle
    macro_risk_mult = self._run_macro_filter()
                      ^^^^^^^^^^^^^^^^^^^^^^
AttributeError: 'VilonaTrader' object has no attribute '_run_macro_filter'
⚠️ Screening returned exit code: 256

💤 Sleeping 15 min until 13:09:34...

────────────────────────────────────────────────────────────
CYCLE #84
────────────────────────────────────────────────────────────

============================================================
🤖 VILONA DAEMON — 2026-06-03 13:09:34 WIB
============================================================
📈 Adaptive: OBI threshold=0.20, WR=N/A
📍 Active positions: 0
🔄 Running screening cycle...

============================================================
🤖 VILONA AUTONOMOUS TRADER — 2026-06-03 13:09:36 WIB
   Session: OFF_SESSION | Daily PnL: $0.00
============================================================
Traceback (most recent call last):
  File "/home/openclaw/projects/1ai-trade-bot/engines/bitget/scripts/vilona_autonomous_trader.py", line 1171, in <module>
    main()
    ~~~~^^
  File "/home/openclaw/projects/1ai-trade-bot/engines/bitget/scripts/vilona_autonomous_trader.py", line 1167, in main
    trader.run_screening_cycle()
    ~~~~~~~~~~~~~~~~~~~~~~~~~~^^
  File "/home/openclaw/projects/1ai-trade-bot/engines/bitget/scripts/vilona_autonomous_trader.py", line 962, in run_screening_cycle
    macro_risk_mult = self._run_macro_filter()
                      ^^^^^^^^^^^^^^^^^^^^^^
AttributeError: 'VilonaTrader' object has no attribute '_run_macro_filter'
⚠️ Screening returned exit code: 256

💤 Sleeping 15 min until 13:24:36...

────────────────────────────────────────────────────────────
CYCLE #85
────────────────────────────────────────────────────────────

============================================================
🤖 VILONA DAEMON — 2026-06-03 13:24:36 WIB
============================================================
📈 Adaptive: OBI threshold=0.20, WR=N/A
📍 Active positions: 0
🔄 Running screening cycle...

============================================================
🤖 VILONA AUTONOMOUS TRADER — 2026-06-03 13:24:38 WIB
   Session: OFF_SESSION | Daily PnL: $0.00
============================================================
Traceback (most recent call last):
  File "/home/openclaw/projects/1ai-trade-bot/engines/bitget/scripts/vilona_autonomous_trader.py", line 1171, in <module>
    main()
    ~~~~^^
  File "/home/openclaw/projects/1ai-trade-bot/engines/bitget/scripts/vilona_autonomous_trader.py", line 1167, in main
    trader.run_screening_cycle()
    ~~~~~~~~~~~~~~~~~~~~~~~~~~^^
  File "/home/openclaw/projects/1ai-trade-bot/engines/bitget/scripts/vilona_autonomous_trader.py", line 962, in run_screening_cycle
    macro_risk_mult = self._run_macro_filter()
                      ^^^^^^^^^^^^^^^^^^^^^^
AttributeError: 'VilonaTrader' object has no attribute '_run_macro_filter'
⚠️ Screening returned exit code: 256

💤 Sleeping 15 min until 13:39:38...

────────────────────────────────────────────────────────────
CYCLE #86
────────────────────────────────────────────────────────────

============================================================
🤖 VILONA DAEMON — 2026-06-03 13:39:38 WIB
============================================================
📈 Adaptive: OBI threshold=0.20, WR=N/A
📍 Active positions: 0
🔄 Running screening cycle...

============================================================
🤖 VILONA AUTONOMOUS TRADER — 2026-06-03 13:39:41 WIB
   Session: OFF_SESSION | Daily PnL: $0.00
============================================================
Traceback (most recent call last):
  File "/home/openclaw/projects/1ai-trade-bot/engines/bitget/scripts/vilona_autonomous_trader.py", line 1171, in <module>
    main()
    ~~~~^^
  File "/home/openclaw/projects/1ai-trade-bot/engines/bitget/scripts/vilona_autonomous_trader.py", line 1167, in main
    trader.run_screening_cycle()
    ~~~~~~~~~~~~~~~~~~~~~~~~~~^^
  File "/home/openclaw/projects/1ai-trade-bot/engines/bitget/scripts/vilona_autonomous_trader.py", line 962, in run_screening_cycle
    macro_risk_mult = self._run_macro_filter()
                      ^^^^^^^^^^^^^^^^^^^^^^
AttributeError: 'VilonaTrader' object has no attribute '_run_macro_filter'
⚠️ Screening returned exit code: 256

💤 Sleeping 15 min until 13:54:41...

────────────────────────────────────────────────────────────
CYCLE #87
────────────────────────────────────────────────────────────

============================================================
🤖 VILONA DAEMON — 2026-06-03 13:54:41 WIB
============================================================
📈 Adaptive: OBI threshold=0.20, WR=N/A
📍 Active positions: 0
🔄 Running screening cycle...

============================================================
🤖 VILONA AUTONOMOUS TRADER — 2026-06-03 13:54:43 WIB
   Session: OFF_SESSION | Daily PnL: $0.00
============================================================
Traceback (most recent call last):
  File "/home/openclaw/projects/1ai-trade-bot/engines/bitget/scripts/vilona_autonomous_trader.py", line 1171, in <module>
    main()
    ~~~~^^
  File "/home/openclaw/projects/1ai-trade-bot/engines/bitget/scripts/vilona_autonomous_trader.py", line 1167, in main
    trader.run_screening_cycle()
    ~~~~~~~~~~~~~~~~~~~~~~~~~~^^
  File "/home/openclaw/projects/1ai-trade-bot/engines/bitget/scripts/vilona_autonomous_trader.py", line 962, in run_screening_cycle
    macro_risk_mult = self._run_macro_filter()
                      ^^^^^^^^^^^^^^^^^^^^^^
AttributeError: 'VilonaTrader' object has no attribute '_run_macro_filter'
⚠️ Screening returned exit code: 256

💤 Sleeping 15 min until 14:09:43...

────────────────────────────────────────────────────────────
CYCLE #88
────────────────────────────────────────────────────────────

============================================================
🤖 VILONA DAEMON — 2026-06-03 14:09:43 WIB
============================================================
📈 Adaptive: OBI threshold=0.20, WR=N/A
📍 Active positions: 0
🔄 Running screening cycle...

============================================================
🤖 VILONA AUTONOMOUS TRADER — 2026-06-03 14:09:45 WIB
   Session: LONDON_OPEN | Daily PnL: $0.00
============================================================
Traceback (most recent call last):
  File "/home/openclaw/projects/1ai-trade-bot/engines/bitget/scripts/vilona_autonomous_trader.py", line 1171, in <module>
    main()
    ~~~~^^
  File "/home/openclaw/projects/1ai-trade-bot/engines/bitget/scripts/vilona_autonomous_trader.py", line 1167, in main
    trader.run_screening_cycle()
    ~~~~~~~~~~~~~~~~~~~~~~~~~~^^
  File "/home/openclaw/projects/1ai-trade-bot/engines/bitget/scripts/vilona_autonomous_trader.py", line 962, in run_screening_cycle
    macro_risk_mult = self._run_macro_filter()
                      ^^^^^^^^^^^^^^^^^^^^^^
AttributeError: 'VilonaTrader' object has no attribute '_run_macro_filter'
⚠️ Screening returned exit code: 256

💤 Sleeping 15 min until 14:24:45...

────────────────────────────────────────────────────────────
CYCLE #89
────────────────────────────────────────────────────────────

============================================================
🤖 VILONA DAEMON — 2026-06-03 14:24:45 WIB
============================================================
📈 Adaptive: OBI threshold=0.20, WR=N/A
📍 Active positions: 0
🔄 Running screening cycle...

============================================================
🤖 VILONA AUTONOMOUS TRADER — 2026-06-03 14:24:48 WIB
   Session: LONDON_OPEN | Daily PnL: $0.00
============================================================
Traceback (most recent call last):
  File "/home/openclaw/projects/1ai-trade-bot/engines/bitget/scripts/vilona_autonomous_trader.py", line 1171, in <module>
    main()
    ~~~~^^
  File "/home/openclaw/projects/1ai-trade-bot/engines/bitget/scripts/vilona_autonomous_trader.py", line 1167, in main
    trader.run_screening_cycle()
    ~~~~~~~~~~~~~~~~~~~~~~~~~~^^
  File "/home/openclaw/projects/1ai-trade-bot/engines/bitget/scripts/vilona_autonomous_trader.py", line 962, in run_screening_cycle
    macro_risk_mult = self._run_macro_filter()
                      ^^^^^^^^^^^^^^^^^^^^^^
AttributeError: 'VilonaTrader' object has no attribute '_run_macro_filter'
⚠️ Screening returned exit code: 256

💤 Sleeping 15 min until 14:39:48...

────────────────────────────────────────────────────────────
CYCLE #90
────────────────────────────────────────────────────────────

============================================================
🤖 VILONA DAEMON — 2026-06-03 14:39:48 WIB
============================================================
📈 Adaptive: OBI threshold=0.20, WR=N/A
📍 Active positions: 0
🔄 Running screening cycle...

============================================================
🤖 VILONA AUTONOMOUS TRADER — 2026-06-03 14:39:51 WIB
   Session: LONDON_OPEN | Daily PnL: $0.00
============================================================
Traceback (most recent call last):
  File "/home/openclaw/projects/1ai-trade-bot/engines/bitget/scripts/vilona_autonomous_trader.py", line 1171, in <module>
    main()
    ~~~~^^
  File "/home/openclaw/projects/1ai-trade-bot/engines/bitget/scripts/vilona_autonomous_trader.py", line 1167, in main
    trader.run_screening_cycle()
    ~~~~~~~~~~~~~~~~~~~~~~~~~~^^
  File "/home/openclaw/projects/1ai-trade-bot/engines/bitget/scripts/vilona_autonomous_trader.py", line 962, in run_screening_cycle
    macro_risk_mult = self._run_macro_filter()
                      ^^^^^^^^^^^^^^^^^^^^^^
AttributeError: 'VilonaTrader' object has no attribute '_run_macro_filter'
⚠️ Screening returned exit code: 256

💤 Sleeping 15 min until 14:54:51...

────────────────────────────────────────────────────────────
CYCLE #91
────────────────────────────────────────────────────────────

============================================================
🤖 VILONA DAEMON — 2026-06-03 14:54:51 WIB
============================================================
📈 Adaptive: OBI threshold=0.20, WR=N/A
📍 Active positions: 0
🔄 Running screening cycle...

============================================================
🤖 VILONA AUTONOMOUS TRADER — 2026-06-03 14:54:54 WIB
   Session: LONDON_OPEN | Daily PnL: $0.00
============================================================
Traceback (most recent call last):
  File "/home/openclaw/projects/1ai-trade-bot/engines/bitget/scripts/vilona_autonomous_trader.py", line 1171, in <module>
    main()
    ~~~~^^
  File "/home/openclaw/projects/1ai-trade-bot/engines/bitget/scripts/vilona_autonomous_trader.py", line 1167, in main
    trader.run_screening_cycle()
    ~~~~~~~~~~~~~~~~~~~~~~~~~~^^
  File "/home/openclaw/projects/1ai-trade-bot/engines/bitget/scripts/vilona_autonomous_trader.py", line 962, in run_screening_cycle
    macro_risk_mult = self._run_macro_filter()
                      ^^^^^^^^^^^^^^^^^^^^^^
AttributeError: 'VilonaTrader' object has no attribute '_run_macro_filter'
⚠️ Screening returned exit code: 256

💤 Sleeping 15 min until 15:09:55...

────────────────────────────────────────────────────────────
CYCLE #92
────────────────────────────────────────────────────────────

============================================================
🤖 VILONA DAEMON — 2026-06-03 15:09:55 WIB
============================================================
📈 Adaptive: OBI threshold=0.20, WR=N/A
📍 Active positions: 0
🔄 Running screening cycle...

============================================================
🤖 VILONA AUTONOMOUS TRADER — 2026-06-03 15:09:57 WIB
   Session: LONDON_OPEN | Daily PnL: $0.00
============================================================
Traceback (most recent call last):
  File "/home/openclaw/projects/1ai-trade-bot/engines/bitget/scripts/vilona_autonomous_trader.py", line 1171, in <module>
    main()
    ~~~~^^
  File "/home/openclaw/projects/1ai-trade-bot/engines/bitget/scripts/vilona_autonomous_trader.py", line 1167, in main
    trader.run_screening_cycle()
    ~~~~~~~~~~~~~~~~~~~~~~~~~~^^
  File "/home/openclaw/projects/1ai-trade-bot/engines/bitget/scripts/vilona_autonomous_trader.py", line 962, in run_screening_cycle
    macro_risk_mult = self._run_macro_filter()
                      ^^^^^^^^^^^^^^^^^^^^^^
AttributeError: 'VilonaTrader' object has no attribute '_run_macro_filter'
⚠️ Screening returned exit code: 256

💤 Sleeping 15 min until 15:24:57...

────────────────────────────────────────────────────────────
CYCLE #93
────────────────────────────────────────────────────────────

============================================================
🤖 VILONA DAEMON — 2026-06-03 15:24:58 WIB
============================================================
📈 Adaptive: OBI threshold=0.20, WR=N/A
📍 Active positions: 0
🔄 Running screening cycle...

============================================================
🤖 VILONA AUTONOMOUS TRADER — 2026-06-03 15:25:01 WIB
   Session: LONDON_OPEN | Daily PnL: $0.00
============================================================
Traceback (most recent call last):
  File "/home/openclaw/projects/1ai-trade-bot/engines/bitget/scripts/vilona_autonomous_trader.py", line 1171, in <module>
    main()
    ~~~~^^
  File "/home/openclaw/projects/1ai-trade-bot/engines/bitget/scripts/vilona_autonomous_trader.py", line 1167, in main
    trader.run_screening_cycle()
    ~~~~~~~~~~~~~~~~~~~~~~~~~~^^
  File "/home/openclaw/projects/1ai-trade-bot/engines/bitget/scripts/vilona_autonomous_trader.py", line 962, in run_screening_cycle
    macro_risk_mult = self._run_macro_filter()
                      ^^^^^^^^^^^^^^^^^^^^^^
AttributeError: 'VilonaTrader' object has no attribute '_run_macro_filter'
⚠️ Screening returned exit code: 256

💤 Sleeping 15 min until 15:40:01...

────────────────────────────────────────────────────────────
CYCLE #94
────────────────────────────────────────────────────────────

============================================================
🤖 VILONA DAEMON — 2026-06-03 15:40:01 WIB
============================================================
📈 Adaptive: OBI threshold=0.20, WR=N/A
📍 Active positions: 0
🔄 Running screening cycle...

============================================================
🤖 VILONA AUTONOMOUS TRADER — 2026-06-03 15:40:04 WIB
   Session: LONDON_OPEN | Daily PnL: $0.00
============================================================
Traceback (most recent call last):
  File "/home/openclaw/projects/1ai-trade-bot/engines/bitget/scripts/vilona_autonomous_trader.py", line 1171, in <module>
    main()
    ~~~~^^
  File "/home/openclaw/projects/1ai-trade-bot/engines/bitget/scripts/vilona_autonomous_trader.py", line 1167, in main
    trader.run_screening_cycle()
    ~~~~~~~~~~~~~~~~~~~~~~~~~~^^
  File "/home/openclaw/projects/1ai-trade-bot/engines/bitget/scripts/vilona_autonomous_trader.py", line 962, in run_screening_cycle
    macro_risk_mult = self._run_macro_filter()
                      ^^^^^^^^^^^^^^^^^^^^^^
AttributeError: 'VilonaTrader' object has no attribute '_run_macro_filter'
⚠️ Screening returned exit code: 256

💤 Sleeping 15 min until 15:55:04...

────────────────────────────────────────────────────────────
CYCLE #95
────────────────────────────────────────────────────────────

============================================================
🤖 VILONA DAEMON — 2026-06-03 15:55:04 WIB
============================================================
📈 Adaptive: OBI threshold=0.20, WR=N/A
📍 Active positions: 0
🔄 Running screening cycle...

============================================================
🤖 VILONA AUTONOMOUS TRADER — 2026-06-03 15:55:07 WIB
   Session: LONDON_OPEN | Daily PnL: $0.00
============================================================
Traceback (most recent call last):
  File "/home/openclaw/projects/1ai-trade-bot/engines/bitget/scripts/vilona_autonomous_trader.py", line 1171, in <module>
    main()
    ~~~~^^
  File "/home/openclaw/projects/1ai-trade-bot/engines/bitget/scripts/vilona_autonomous_trader.py", line 1167, in main
    trader.run_screening_cycle()
    ~~~~~~~~~~~~~~~~~~~~~~~~~~^^
  File "/home/openclaw/projects/1ai-trade-bot/engines/bitget/scripts/vilona_autonomous_trader.py", line 962, in run_screening_cycle
    macro_risk_mult = self._run_macro_filter()
                      ^^^^^^^^^^^^^^^^^^^^^^
AttributeError: 'VilonaTrader' object has no attribute '_run_macro_filter'
⚠️ Screening returned exit code: 256

💤 Sleeping 15 min until 16:10:07...

────────────────────────────────────────────────────────────
CYCLE #96
────────────────────────────────────────────────────────────

============================================================
🤖 VILONA DAEMON — 2026-06-03 16:10:07 WIB
============================================================
📈 Adaptive: OBI threshold=0.20, WR=N/A
📍 Active positions: 0
🔄 Running screening cycle...

============================================================
🤖 VILONA AUTONOMOUS TRADER — 2026-06-03 16:10:10 WIB
   Session: LONDON_OPEN | Daily PnL: $0.00
============================================================
Traceback (most recent call last):
  File "/home/openclaw/projects/1ai-trade-bot/engines/bitget/scripts/vilona_autonomous_trader.py", line 1171, in <module>
    main()
    ~~~~^^
  File "/home/openclaw/projects/1ai-trade-bot/engines/bitget/scripts/vilona_autonomous_trader.py", line 1167, in main
    trader.run_screening_cycle()
    ~~~~~~~~~~~~~~~~~~~~~~~~~~^^
  File "/home/openclaw/projects/1ai-trade-bot/engines/bitget/scripts/vilona_autonomous_trader.py", line 962, in run_screening_cycle
    macro_risk_mult = self._run_macro_filter()
                      ^^^^^^^^^^^^^^^^^^^^^^
AttributeError: 'VilonaTrader' object has no attribute '_run_macro_filter'
⚠️ Screening returned exit code: 256

💤 Sleeping 15 min until 16:25:10...

────────────────────────────────────────────────────────────
CYCLE #97
────────────────────────────────────────────────────────────

============================================================
🤖 VILONA DAEMON — 2026-06-03 16:25:10 WIB
============================================================
📈 Adaptive: OBI threshold=0.20, WR=N/A
📍 Active positions: 0
🔄 Running screening cycle...

============================================================
🤖 VILONA AUTONOMOUS TRADER — 2026-06-03 16:25:12 WIB
   Session: LONDON_OPEN | Daily PnL: $0.00
============================================================
Traceback (most recent call last):
  File "/home/openclaw/projects/1ai-trade-bot/engines/bitget/scripts/vilona_autonomous_trader.py", line 1171, in <module>
    main()
    ~~~~^^
  File "/home/openclaw/projects/1ai-trade-bot/engines/bitget/scripts/vilona_autonomous_trader.py", line 1167, in main
    trader.run_screening_cycle()
    ~~~~~~~~~~~~~~~~~~~~~~~~~~^^
  File "/home/openclaw/projects/1ai-trade-bot/engines/bitget/scripts/vilona_autonomous_trader.py", line 962, in run_screening_cycle
    macro_risk_mult = self._run_macro_filter()
                      ^^^^^^^^^^^^^^^^^^^^^^
AttributeError: 'VilonaTrader' object has no attribute '_run_macro_filter'
⚠️ Screening returned exit code: 256

💤 Sleeping 15 min until 16:40:13...

────────────────────────────────────────────────────────────
CYCLE #98
────────────────────────────────────────────────────────────

============================================================
🤖 VILONA DAEMON — 2026-06-03 16:40:13 WIB
============================================================
📈 Adaptive: OBI threshold=0.20, WR=N/A
📍 Active positions: 0
🔄 Running screening cycle...

============================================================
🤖 VILONA AUTONOMOUS TRADER — 2026-06-03 16:40:16 WIB
   Session: LONDON_OPEN | Daily PnL: $0.00
============================================================
Traceback (most recent call last):
  File "/home/openclaw/projects/1ai-trade-bot/engines/bitget/scripts/vilona_autonomous_trader.py", line 1171, in <module>
    main()
    ~~~~^^
  File "/home/openclaw/projects/1ai-trade-bot/engines/bitget/scripts/vilona_autonomous_trader.py", line 1167, in main
    trader.run_screening_cycle()
    ~~~~~~~~~~~~~~~~~~~~~~~~~~^^
  File "/home/openclaw/projects/1ai-trade-bot/engines/bitget/scripts/vilona_autonomous_trader.py", line 962, in run_screening_cycle
    macro_risk_mult = self._run_macro_filter()
                      ^^^^^^^^^^^^^^^^^^^^^^
AttributeError: 'VilonaTrader' object has no attribute '_run_macro_filter'
⚠️ Screening returned exit code: 256

💤 Sleeping 15 min until 16:55:16...

────────────────────────────────────────────────────────────
CYCLE #99
────────────────────────────────────────────────────────────

============================================================
🤖 VILONA DAEMON — 2026-06-03 16:55:16 WIB
============================================================
📈 Adaptive: OBI threshold=0.20, WR=N/A
📍 Active positions: 0
🔄 Running screening cycle...

============================================================
🤖 VILONA AUTONOMOUS TRADER — 2026-06-03 16:55:19 WIB
   Session: LONDON_OPEN | Daily PnL: $0.00
============================================================
Traceback (most recent call last):
  File "/home/openclaw/projects/1ai-trade-bot/engines/bitget/scripts/vilona_autonomous_trader.py", line 1171, in <module>
    main()
    ~~~~^^
  File "/home/openclaw/projects/1ai-trade-bot/engines/bitget/scripts/vilona_autonomous_trader.py", line 1167, in main
    trader.run_screening_cycle()
    ~~~~~~~~~~~~~~~~~~~~~~~~~~^^
  File "/home/openclaw/projects/1ai-trade-bot/engines/bitget/scripts/vilona_autonomous_trader.py", line 962, in run_screening_cycle
    macro_risk_mult = self._run_macro_filter()
                      ^^^^^^^^^^^^^^^^^^^^^^
AttributeError: 'VilonaTrader' object has no attribute '_run_macro_filter'
⚠️ Screening returned exit code: 256

💤 Sleeping 15 min until 17:10:19...

────────────────────────────────────────────────────────────
CYCLE #100
────────────────────────────────────────────────────────────

============================================================
🤖 VILONA DAEMON — 2026-06-03 17:10:19 WIB
============================================================
📈 Adaptive: OBI threshold=0.20, WR=N/A
📍 Active positions: 0
🔄 Running screening cycle...

============================================================
🤖 VILONA AUTONOMOUS TRADER — 2026-06-03 17:10:22 WIB
   Session: OFF_SESSION | Daily PnL: $0.00
============================================================
Traceback (most recent call last):
  File "/home/openclaw/projects/1ai-trade-bot/engines/bitget/scripts/vilona_autonomous_trader.py", line 1171, in <module>
    main()
    ~~~~^^
  File "/home/openclaw/projects/1ai-trade-bot/engines/bitget/scripts/vilona_autonomous_trader.py", line 1167, in main
    trader.run_screening_cycle()
    ~~~~~~~~~~~~~~~~~~~~~~~~~~^^
  File "/home/openclaw/projects/1ai-trade-bot/engines/bitget/scripts/vilona_autonomous_trader.py", line 962, in run_screening_cycle
    macro_risk_mult = self._run_macro_filter()
                      ^^^^^^^^^^^^^^^^^^^^^^
AttributeError: 'VilonaTrader' object has no attribute '_run_macro_filter'
⚠️ Screening returned exit code: 256

💤 Sleeping 15 min until 17:25:22...

────────────────────────────────────────────────────────────
CYCLE #101
────────────────────────────────────────────────────────────

============================================================
🤖 VILONA DAEMON — 2026-06-03 17:25:22 WIB
============================================================
📈 Adaptive: OBI threshold=0.20, WR=N/A
📍 Active positions: 0
🔄 Running screening cycle...

============================================================
🤖 VILONA AUTONOMOUS TRADER — 2026-06-03 17:25:24 WIB
   Session: OFF_SESSION | Daily PnL: $0.00
============================================================
Traceback (most recent call last):
  File "/home/openclaw/projects/1ai-trade-bot/engines/bitget/scripts/vilona_autonomous_trader.py", line 1171, in <module>
    main()
    ~~~~^^
  File "/home/openclaw/projects/1ai-trade-bot/engines/bitget/scripts/vilona_autonomous_trader.py", line 1167, in main
    trader.run_screening_cycle()
    ~~~~~~~~~~~~~~~~~~~~~~~~~~^^
  File "/home/openclaw/projects/1ai-trade-bot/engines/bitget/scripts/vilona_autonomous_trader.py", line 962, in run_screening_cycle
    macro_risk_mult = self._run_macro_filter()
                      ^^^^^^^^^^^^^^^^^^^^^^
AttributeError: 'VilonaTrader' object has no attribute '_run_macro_filter'
⚠️ Screening returned exit code: 256

💤 Sleeping 15 min until 17:40:24...

────────────────────────────────────────────────────────────
CYCLE #102
────────────────────────────────────────────────────────────

============================================================
🤖 VILONA DAEMON — 2026-06-03 17:40:24 WIB
============================================================
📈 Adaptive: OBI threshold=0.20, WR=N/A
📍 Active positions: 0
🔄 Running screening cycle...

============================================================
🤖 VILONA AUTONOMOUS TRADER — 2026-06-03 17:40:26 WIB
   Session: OFF_SESSION | Daily PnL: $0.00
============================================================
Traceback (most recent call last):
  File "/home/openclaw/projects/1ai-trade-bot/engines/bitget/scripts/vilona_autonomous_trader.py", line 1171, in <module>
    main()
    ~~~~^^
  File "/home/openclaw/projects/1ai-trade-bot/engines/bitget/scripts/vilona_autonomous_trader.py", line 1167, in main
    trader.run_screening_cycle()
    ~~~~~~~~~~~~~~~~~~~~~~~~~~^^
  File "/home/openclaw/projects/1ai-trade-bot/engines/bitget/scripts/vilona_autonomous_trader.py", line 962, in run_screening_cycle
    macro_risk_mult = self._run_macro_filter()
                      ^^^^^^^^^^^^^^^^^^^^^^
AttributeError: 'VilonaTrader' object has no attribute '_run_macro_filter'
⚠️ Screening returned exit code: 256

💤 Sleeping 15 min until 17:55:27...

────────────────────────────────────────────────────────────
CYCLE #103
────────────────────────────────────────────────────────────

============================================================
🤖 VILONA DAEMON — 2026-06-03 17:55:27 WIB
============================================================
📈 Adaptive: OBI threshold=0.20, WR=N/A
📍 Active positions: 0
🔄 Running screening cycle...

============================================================
🤖 VILONA AUTONOMOUS TRADER — 2026-06-03 17:55:29 WIB
   Session: OFF_SESSION | Daily PnL: $0.00
============================================================
Traceback (most recent call last):
  File "/home/openclaw/projects/1ai-trade-bot/engines/bitget/scripts/vilona_autonomous_trader.py", line 1171, in <module>
    main()
    ~~~~^^
  File "/home/openclaw/projects/1ai-trade-bot/engines/bitget/scripts/vilona_autonomous_trader.py", line 1167, in main
    trader.run_screening_cycle()
    ~~~~~~~~~~~~~~~~~~~~~~~~~~^^
  File "/home/openclaw/projects/1ai-trade-bot/engines/bitget/scripts/vilona_autonomous_trader.py", line 962, in run_screening_cycle
    macro_risk_mult = self._run_macro_filter()
                      ^^^^^^^^^^^^^^^^^^^^^^
AttributeError: 'VilonaTrader' object has no attribute '_run_macro_filter'
⚠️ Screening returned exit code: 256

💤 Sleeping 15 min until 18:10:29...

────────────────────────────────────────────────────────────
CYCLE #104
────────────────────────────────────────────────────────────

============================================================
🤖 VILONA DAEMON — 2026-06-03 18:10:29 WIB
============================================================
📈 Adaptive: OBI threshold=0.20, WR=N/A
📍 Active positions: 0
🔄 Running screening cycle...

============================================================
🤖 VILONA AUTONOMOUS TRADER — 2026-06-03 18:10:31 WIB
   Session: OFF_SESSION | Daily PnL: $0.00
============================================================
Traceback (most recent call last):
  File "/home/openclaw/projects/1ai-trade-bot/engines/bitget/scripts/vilona_autonomous_trader.py", line 1171, in <module>
    main()
    ~~~~^^
  File "/home/openclaw/projects/1ai-trade-bot/engines/bitget/scripts/vilona_autonomous_trader.py", line 1167, in main
    trader.run_screening_cycle()
    ~~~~~~~~~~~~~~~~~~~~~~~~~~^^
  File "/home/openclaw/projects/1ai-trade-bot/engines/bitget/scripts/vilona_autonomous_trader.py", line 962, in run_screening_cycle
    macro_risk_mult = self._run_macro_filter()
                      ^^^^^^^^^^^^^^^^^^^^^^
AttributeError: 'VilonaTrader' object has no attribute '_run_macro_filter'
⚠️ Screening returned exit code: 256

💤 Sleeping 15 min until 18:25:31...

────────────────────────────────────────────────────────────
CYCLE #105
────────────────────────────────────────────────────────────

============================================================
🤖 VILONA DAEMON — 2026-06-03 18:25:31 WIB
============================================================
📈 Adaptive: OBI threshold=0.20, WR=N/A
📍 Active positions: 0
🔄 Running screening cycle...

============================================================
🤖 VILONA AUTONOMOUS TRADER — 2026-06-03 18:25:33 WIB
   Session: OFF_SESSION | Daily PnL: $0.00
============================================================
Traceback (most recent call last):
  File "/home/openclaw/projects/1ai-trade-bot/engines/bitget/scripts/vilona_autonomous_trader.py", line 1171, in <module>
    main()
    ~~~~^^
  File "/home/openclaw/projects/1ai-trade-bot/engines/bitget/scripts/vilona_autonomous_trader.py", line 1167, in main
    trader.run_screening_cycle()
    ~~~~~~~~~~~~~~~~~~~~~~~~~~^^
  File "/home/openclaw/projects/1ai-trade-bot/engines/bitget/scripts/vilona_autonomous_trader.py", line 962, in run_screening_cycle
    macro_risk_mult = self._run_macro_filter()
                      ^^^^^^^^^^^^^^^^^^^^^^
AttributeError: 'VilonaTrader' object has no attribute '_run_macro_filter'
⚠️ Screening returned exit code: 256

💤 Sleeping 15 min until 18:40:34...

────────────────────────────────────────────────────────────
CYCLE #106
────────────────────────────────────────────────────────────

============================================================
🤖 VILONA DAEMON — 2026-06-03 18:40:34 WIB
============================================================
📈 Adaptive: OBI threshold=0.20, WR=N/A
📍 Active positions: 0
🔄 Running screening cycle...

============================================================
🤖 VILONA AUTONOMOUS TRADER — 2026-06-03 18:40:36 WIB
   Session: OFF_SESSION | Daily PnL: $0.00
============================================================
Traceback (most recent call last):
  File "/home/openclaw/projects/1ai-trade-bot/engines/bitget/scripts/vilona_autonomous_trader.py", line 1171, in <module>
    main()
    ~~~~^^
  File "/home/openclaw/projects/1ai-trade-bot/engines/bitget/scripts/vilona_autonomous_trader.py", line 1167, in main
    trader.run_screening_cycle()
    ~~~~~~~~~~~~~~~~~~~~~~~~~~^^
  File "/home/openclaw/projects/1ai-trade-bot/engines/bitget/scripts/vilona_autonomous_trader.py", line 962, in run_screening_cycle
    macro_risk_mult = self._run_macro_filter()
                      ^^^^^^^^^^^^^^^^^^^^^^
AttributeError: 'VilonaTrader' object has no attribute '_run_macro_filter'
⚠️ Screening returned exit code: 256

💤 Sleeping 15 min until 18:55:36...

────────────────────────────────────────────────────────────
CYCLE #107
────────────────────────────────────────────────────────────

============================================================
🤖 VILONA DAEMON — 2026-06-03 18:55:36 WIB
============================================================
📈 Adaptive: OBI threshold=0.20, WR=N/A
📍 Active positions: 0
🔄 Running screening cycle...

============================================================
🤖 VILONA AUTONOMOUS TRADER — 2026-06-03 18:55:38 WIB
   Session: OFF_SESSION | Daily PnL: $0.00
============================================================
Traceback (most recent call last):
  File "/home/openclaw/projects/1ai-trade-bot/engines/bitget/scripts/vilona_autonomous_trader.py", line 1171, in <module>
    main()
    ~~~~^^
  File "/home/openclaw/projects/1ai-trade-bot/engines/bitget/scripts/vilona_autonomous_trader.py", line 1167, in main
    trader.run_screening_cycle()
    ~~~~~~~~~~~~~~~~~~~~~~~~~~^^
  File "/home/openclaw/projects/1ai-trade-bot/engines/bitget/scripts/vilona_autonomous_trader.py", line 962, in run_screening_cycle
    macro_risk_mult = self._run_macro_filter()
                      ^^^^^^^^^^^^^^^^^^^^^^
AttributeError: 'VilonaTrader' object has no attribute '_run_macro_filter'
⚠️ Screening returned exit code: 256

💤 Sleeping 15 min until 19:10:38...

────────────────────────────────────────────────────────────
CYCLE #108
────────────────────────────────────────────────────────────

============================================================
🤖 VILONA DAEMON — 2026-06-03 19:10:38 WIB
============================================================
📈 Adaptive: OBI threshold=0.20, WR=N/A
📍 Active positions: 0
🔄 Running screening cycle...

============================================================
🤖 VILONA AUTONOMOUS TRADER — 2026-06-03 19:10:40 WIB
   Session: NY_OPEN | Daily PnL: $0.00
============================================================
Traceback (most recent call last):
  File "/home/openclaw/projects/1ai-trade-bot/engines/bitget/scripts/vilona_autonomous_trader.py", line 1171, in <module>
    main()
    ~~~~^^
  File "/home/openclaw/projects/1ai-trade-bot/engines/bitget/scripts/vilona_autonomous_trader.py", line 1167, in main
    trader.run_screening_cycle()
    ~~~~~~~~~~~~~~~~~~~~~~~~~~^^
  File "/home/openclaw/projects/1ai-trade-bot/engines/bitget/scripts/vilona_autonomous_trader.py", line 962, in run_screening_cycle
    macro_risk_mult = self._run_macro_filter()
                      ^^^^^^^^^^^^^^^^^^^^^^
AttributeError: 'VilonaTrader' object has no attribute '_run_macro_filter'
⚠️ Screening returned exit code: 256

💤 Sleeping 15 min until 19:25:40...

────────────────────────────────────────────────────────────
CYCLE #109
────────────────────────────────────────────────────────────

============================================================
🤖 VILONA DAEMON — 2026-06-03 19:25:40 WIB
============================================================
📈 Adaptive: OBI threshold=0.20, WR=N/A
📍 Active positions: 0
🔄 Running screening cycle...

============================================================
🤖 VILONA AUTONOMOUS TRADER — 2026-06-03 19:25:42 WIB
   Session: NY_OPEN | Daily PnL: $0.00
============================================================
Traceback (most recent call last):
  File "/home/openclaw/projects/1ai-trade-bot/engines/bitget/scripts/vilona_autonomous_trader.py", line 1171, in <module>
    main()
    ~~~~^^
  File "/home/openclaw/projects/1ai-trade-bot/engines/bitget/scripts/vilona_autonomous_trader.py", line 1167, in main
    trader.run_screening_cycle()
    ~~~~~~~~~~~~~~~~~~~~~~~~~~^^
  File "/home/openclaw/projects/1ai-trade-bot/engines/bitget/scripts/vilona_autonomous_trader.py", line 962, in run_screening_cycle
    macro_risk_mult = self._run_macro_filter()
                      ^^^^^^^^^^^^^^^^^^^^^^
AttributeError: 'VilonaTrader' object has no attribute '_run_macro_filter'
⚠️ Screening returned exit code: 256

💤 Sleeping 15 min until 19:40:43...

────────────────────────────────────────────────────────────
CYCLE #110
────────────────────────────────────────────────────────────

============================================================
🤖 VILONA DAEMON — 2026-06-03 19:40:43 WIB
============================================================
📈 Adaptive: OBI threshold=0.20, WR=N/A
📍 Active positions: 0
🔄 Running screening cycle...

============================================================
🤖 VILONA AUTONOMOUS TRADER — 2026-06-03 19:40:45 WIB
   Session: NY_OPEN | Daily PnL: $0.00
============================================================
Traceback (most recent call last):
  File "/home/openclaw/projects/1ai-trade-bot/engines/bitget/scripts/vilona_autonomous_trader.py", line 1171, in <module>
    main()
    ~~~~^^
  File "/home/openclaw/projects/1ai-trade-bot/engines/bitget/scripts/vilona_autonomous_trader.py", line 1167, in main
    trader.run_screening_cycle()
    ~~~~~~~~~~~~~~~~~~~~~~~~~~^^
  File "/home/openclaw/projects/1ai-trade-bot/engines/bitget/scripts/vilona_autonomous_trader.py", line 962, in run_screening_cycle
    macro_risk_mult = self._run_macro_filter()
                      ^^^^^^^^^^^^^^^^^^^^^^
AttributeError: 'VilonaTrader' object has no attribute '_run_macro_filter'
⚠️ Screening returned exit code: 256

💤 Sleeping 15 min until 19:55:45...

────────────────────────────────────────────────────────────
CYCLE #111
────────────────────────────────────────────────────────────

============================================================
🤖 VILONA DAEMON — 2026-06-03 19:55:45 WIB
============================================================
📈 Adaptive: OBI threshold=0.20, WR=N/A
📍 Active positions: 0
🔄 Running screening cycle...

============================================================
🤖 VILONA AUTONOMOUS TRADER — 2026-06-03 19:55:48 WIB
   Session: NY_OPEN | Daily PnL: $0.00
============================================================
Traceback (most recent call last):
  File "/home/openclaw/projects/1ai-trade-bot/engines/bitget/scripts/vilona_autonomous_trader.py", line 1171, in <module>
    main()
    ~~~~^^
  File "/home/openclaw/projects/1ai-trade-bot/engines/bitget/scripts/vilona_autonomous_trader.py", line 1167, in main
    trader.run_screening_cycle()
    ~~~~~~~~~~~~~~~~~~~~~~~~~~^^
  File "/home/openclaw/projects/1ai-trade-bot/engines/bitget/scripts/vilona_autonomous_trader.py", line 962, in run_screening_cycle
    macro_risk_mult = self._run_macro_filter()
                      ^^^^^^^^^^^^^^^^^^^^^^
AttributeError: 'VilonaTrader' object has no attribute '_run_macro_filter'
⚠️ Screening returned exit code: 256

💤 Sleeping 15 min until 20:10:48...

────────────────────────────────────────────────────────────
CYCLE #112
────────────────────────────────────────────────────────────

============================================================
🤖 VILONA DAEMON — 2026-06-03 20:10:48 WIB
============================================================
📈 Adaptive: OBI threshold=0.20, WR=N/A
📍 Active positions: 0
🔄 Running screening cycle...

============================================================
🤖 VILONA AUTONOMOUS TRADER — 2026-06-03 20:10:51 WIB
   Session: NY_OPEN | Daily PnL: $0.00
============================================================
Traceback (most recent call last):
  File "/home/openclaw/projects/1ai-trade-bot/engines/bitget/scripts/vilona_autonomous_trader.py", line 1171, in <module>
    main()
    ~~~~^^
  File "/home/openclaw/projects/1ai-trade-bot/engines/bitget/scripts/vilona_autonomous_trader.py", line 1167, in main
    trader.run_screening_cycle()
    ~~~~~~~~~~~~~~~~~~~~~~~~~~^^
  File "/home/openclaw/projects/1ai-trade-bot/engines/bitget/scripts/vilona_autonomous_trader.py", line 962, in run_screening_cycle
    macro_risk_mult = self._run_macro_filter()
                      ^^^^^^^^^^^^^^^^^^^^^^
AttributeError: 'VilonaTrader' object has no attribute '_run_macro_filter'
⚠️ Screening returned exit code: 256

💤 Sleeping 15 min until 20:25:51...

────────────────────────────────────────────────────────────
CYCLE #113
────────────────────────────────────────────────────────────

============================================================
🤖 VILONA DAEMON — 2026-06-03 20:25:51 WIB
============================================================
📈 Adaptive: OBI threshold=0.20, WR=N/A
📍 Active positions: 0
🔄 Running screening cycle...

============================================================
🤖 VILONA AUTONOMOUS TRADER — 2026-06-03 20:25:53 WIB
   Session: NY_OPEN | Daily PnL: $0.00
============================================================
Traceback (most recent call last):
  File "/home/openclaw/projects/1ai-trade-bot/engines/bitget/scripts/vilona_autonomous_trader.py", line 1171, in <module>
    main()
    ~~~~^^
  File "/home/openclaw/projects/1ai-trade-bot/engines/bitget/scripts/vilona_autonomous_trader.py", line 1167, in main
    trader.run_screening_cycle()
    ~~~~~~~~~~~~~~~~~~~~~~~~~~^^
  File "/home/openclaw/projects/1ai-trade-bot/engines/bitget/scripts/vilona_autonomous_trader.py", line 962, in run_screening_cycle
    macro_risk_mult = self._run_macro_filter()
                      ^^^^^^^^^^^^^^^^^^^^^^
AttributeError: 'VilonaTrader' object has no attribute '_run_macro_filter'
⚠️ Screening returned exit code: 256

💤 Sleeping 15 min until 20:40:53...

────────────────────────────────────────────────────────────
CYCLE #114
────────────────────────────────────────────────────────────

============================================================
🤖 VILONA DAEMON — 2026-06-03 20:40:53 WIB
============================================================
📈 Adaptive: OBI threshold=0.20, WR=N/A
📍 Active positions: 0
🔄 Running screening cycle...

============================================================
🤖 VILONA AUTONOMOUS TRADER — 2026-06-03 20:40:56 WIB
   Session: NY_OPEN | Daily PnL: $0.00
============================================================
Traceback (most recent call last):
  File "/home/openclaw/projects/1ai-trade-bot/engines/bitget/scripts/vilona_autonomous_trader.py", line 1171, in <module>
    main()
    ~~~~^^
  File "/home/openclaw/projects/1ai-trade-bot/engines/bitget/scripts/vilona_autonomous_trader.py", line 1167, in main
    trader.run_screening_cycle()
    ~~~~~~~~~~~~~~~~~~~~~~~~~~^^
  File "/home/openclaw/projects/1ai-trade-bot/engines/bitget/scripts/vilona_autonomous_trader.py", line 962, in run_screening_cycle
    macro_risk_mult = self._run_macro_filter()
                      ^^^^^^^^^^^^^^^^^^^^^^
AttributeError: 'VilonaTrader' object has no attribute '_run_macro_filter'
⚠️ Screening returned exit code: 256

💤 Sleeping 15 min until 20:55:56...

────────────────────────────────────────────────────────────
CYCLE #115
────────────────────────────────────────────────────────────

============================================================
🤖 VILONA DAEMON — 2026-06-03 20:55:56 WIB
============================================================
📈 Adaptive: OBI threshold=0.20, WR=N/A
📍 Active positions: 0
🔄 Running screening cycle...

============================================================
🤖 VILONA AUTONOMOUS TRADER — 2026-06-03 20:55:59 WIB
   Session: NY_OPEN | Daily PnL: $0.00
============================================================
Traceback (most recent call last):
  File "/home/openclaw/projects/1ai-trade-bot/engines/bitget/scripts/vilona_autonomous_trader.py", line 1171, in <module>
    main()
    ~~~~^^
  File "/home/openclaw/projects/1ai-trade-bot/engines/bitget/scripts/vilona_autonomous_trader.py", line 1167, in main
    trader.run_screening_cycle()
    ~~~~~~~~~~~~~~~~~~~~~~~~~~^^
  File "/home/openclaw/projects/1ai-trade-bot/engines/bitget/scripts/vilona_autonomous_trader.py", line 962, in run_screening_cycle
    macro_risk_mult = self._run_macro_filter()
                      ^^^^^^^^^^^^^^^^^^^^^^
AttributeError: 'VilonaTrader' object has no attribute '_run_macro_filter'
⚠️ Screening returned exit code: 256

💤 Sleeping 15 min until 21:10:59...

────────────────────────────────────────────────────────────
CYCLE #116
────────────────────────────────────────────────────────────

============================================================
🤖 VILONA DAEMON — 2026-06-03 21:10:59 WIB
============================================================
📈 Adaptive: OBI threshold=0.20, WR=N/A
📍 Active positions: 0
🔄 Running screening cycle...

============================================================
🤖 VILONA AUTONOMOUS TRADER — 2026-06-03 21:11:02 WIB
   Session: NY_OPEN | Daily PnL: $0.00
============================================================
Traceback (most recent call last):
  File "/home/openclaw/projects/1ai-trade-bot/engines/bitget/scripts/vilona_autonomous_trader.py", line 1171, in <module>
    main()
    ~~~~^^
  File "/home/openclaw/projects/1ai-trade-bot/engines/bitget/scripts/vilona_autonomous_trader.py", line 1167, in main
    trader.run_screening_cycle()
    ~~~~~~~~~~~~~~~~~~~~~~~~~~^^
  File "/home/openclaw/projects/1ai-trade-bot/engines/bitget/scripts/vilona_autonomous_trader.py", line 962, in run_screening_cycle
    macro_risk_mult = self._run_macro_filter()
                      ^^^^^^^^^^^^^^^^^^^^^^
AttributeError: 'VilonaTrader' object has no attribute '_run_macro_filter'
⚠️ Screening returned exit code: 256

💤 Sleeping 15 min until 21:26:02...

────────────────────────────────────────────────────────────
CYCLE #117
────────────────────────────────────────────────────────────

============================================================
🤖 VILONA DAEMON — 2026-06-03 21:26:02 WIB
============================================================
📈 Adaptive: OBI threshold=0.20, WR=N/A
📍 Active positions: 0
🔄 Running screening cycle...

============================================================
🤖 VILONA AUTONOMOUS TRADER — 2026-06-03 21:26:05 WIB
   Session: NY_OPEN | Daily PnL: $0.00
============================================================
Traceback (most recent call last):
  File "/home/openclaw/projects/1ai-trade-bot/engines/bitget/scripts/vilona_autonomous_trader.py", line 1171, in <module>
    main()
    ~~~~^^
  File "/home/openclaw/projects/1ai-trade-bot/engines/bitget/scripts/vilona_autonomous_trader.py", line 1167, in main
    trader.run_screening_cycle()
    ~~~~~~~~~~~~~~~~~~~~~~~~~~^^
  File "/home/openclaw/projects/1ai-trade-bot/engines/bitget/scripts/vilona_autonomous_trader.py", line 962, in run_screening_cycle
    macro_risk_mult = self._run_macro_filter()
                      ^^^^^^^^^^^^^^^^^^^^^^
AttributeError: 'VilonaTrader' object has no attribute '_run_macro_filter'
⚠️ Screening returned exit code: 256

💤 Sleeping 15 min until 21:41:05...

────────────────────────────────────────────────────────────
CYCLE #118
────────────────────────────────────────────────────────────

============================================================
🤖 VILONA DAEMON — 2026-06-03 21:41:05 WIB
============================================================
📈 Adaptive: OBI threshold=0.20, WR=N/A
📍 Active positions: 0
🔄 Running screening cycle...

============================================================
🤖 VILONA AUTONOMOUS TRADER — 2026-06-03 21:41:08 WIB
   Session: NY_OPEN | Daily PnL: $0.00
============================================================
Traceback (most recent call last):
  File "/home/openclaw/projects/1ai-trade-bot/engines/bitget/scripts/vilona_autonomous_trader.py", line 1171, in <module>
    main()
    ~~~~^^
  File "/home/openclaw/projects/1ai-trade-bot/engines/bitget/scripts/vilona_autonomous_trader.py", line 1167, in main
    trader.run_screening_cycle()
    ~~~~~~~~~~~~~~~~~~~~~~~~~~^^
  File "/home/openclaw/projects/1ai-trade-bot/engines/bitget/scripts/vilona_autonomous_trader.py", line 962, in run_screening_cycle
    macro_risk_mult = self._run_macro_filter()
                      ^^^^^^^^^^^^^^^^^^^^^^
AttributeError: 'VilonaTrader' object has no attribute '_run_macro_filter'
⚠️ Screening returned exit code: 256

💤 Sleeping 15 min until 21:56:08...

────────────────────────────────────────────────────────────
CYCLE #119
────────────────────────────────────────────────────────────

============================================================
🤖 VILONA DAEMON — 2026-06-03 21:56:08 WIB
============================================================
📈 Adaptive: OBI threshold=0.20, WR=N/A
📍 Active positions: 0
🔄 Running screening cycle...

============================================================
🤖 VILONA AUTONOMOUS TRADER — 2026-06-03 21:56:12 WIB
   Session: NY_OPEN | Daily PnL: $0.00
============================================================
Traceback (most recent call last):
  File "/home/openclaw/projects/1ai-trade-bot/engines/bitget/scripts/vilona_autonomous_trader.py", line 1171, in <module>
    main()
    ~~~~^^
  File "/home/openclaw/projects/1ai-trade-bot/engines/bitget/scripts/vilona_autonomous_trader.py", line 1167, in main
    trader.run_screening_cycle()
    ~~~~~~~~~~~~~~~~~~~~~~~~~~^^
  File "/home/openclaw/projects/1ai-trade-bot/engines/bitget/scripts/vilona_autonomous_trader.py", line 962, in run_screening_cycle
    macro_risk_mult = self._run_macro_filter()
                      ^^^^^^^^^^^^^^^^^^^^^^
AttributeError: 'VilonaTrader' object has no attribute '_run_macro_filter'
⚠️ Screening returned exit code: 256

💤 Sleeping 15 min until 22:11:12...

────────────────────────────────────────────────────────────
CYCLE #120
────────────────────────────────────────────────────────────

============================================================
🤖 VILONA DAEMON — 2026-06-03 22:11:12 WIB
============================================================
📈 Adaptive: OBI threshold=0.20, WR=N/A
📍 Active positions: 0
🌙 Off-session (22:00 WIB) — monitoring only, no entries

💤 Sleeping 15 min until 22:26:12...

────────────────────────────────────────────────────────────
CYCLE #121
────────────────────────────────────────────────────────────

============================================================
🤖 VILONA DAEMON — 2026-06-03 22:26:12 WIB
============================================================
📈 Adaptive: OBI threshold=0.20, WR=N/A
📍 Active positions: 0
🌙 Off-session (22:00 WIB) — monitoring only, no entries

💤 Sleeping 15 min until 22:41:12...

────────────────────────────────────────────────────────────
CYCLE #122
────────────────────────────────────────────────────────────

============================================================
🤖 VILONA DAEMON — 2026-06-03 22:41:12 WIB
============================================================
📈 Adaptive: OBI threshold=0.20, WR=N/A
📍 Active positions: 0
🌙 Off-session (22:00 WIB) — monitoring only, no entries

💤 Sleeping 15 min until 22:56:12...

────────────────────────────────────────────────────────────
CYCLE #123
────────────────────────────────────────────────────────────

============================================================
🤖 VILONA DAEMON — 2026-06-03 22:56:12 WIB
============================================================
📈 Adaptive: OBI threshold=0.20, WR=N/A
📍 Active positions: 0
🌙 Off-session (22:00 WIB) — monitoring only, no entries

💤 Sleeping 15 min until 23:11:13...

────────────────────────────────────────────────────────────
CYCLE #124
────────────────────────────────────────────────────────────

============================================================
🤖 VILONA DAEMON — 2026-06-03 23:11:13 WIB
============================================================
📈 Adaptive: OBI threshold=0.20, WR=N/A
📍 Active positions: 0
🌙 Off-session (23:00 WIB) — monitoring only, no entries

💤 Sleeping 15 min until 23:26:13...

────────────────────────────────────────────────────────────
CYCLE #125
────────────────────────────────────────────────────────────

============================================================
🤖 VILONA DAEMON — 2026-06-03 23:26:13 WIB
============================================================
📈 Adaptive: OBI threshold=0.20, WR=N/A
📍 Active positions: 0
🌙 Off-session (23:00 WIB) — monitoring only, no entries

💤 Sleeping 15 min until 23:41:13...

────────────────────────────────────────────────────────────
CYCLE #126
────────────────────────────────────────────────────────────

============================================================
🤖 VILONA DAEMON — 2026-06-03 23:41:13 WIB
============================================================
📈 Adaptive: OBI threshold=0.20, WR=N/A
📍 Active positions: 0
🌙 Off-session (23:00 WIB) — monitoring only, no entries

💤 Sleeping 15 min until 23:56:13...

────────────────────────────────────────────────────────────
CYCLE #127
────────────────────────────────────────────────────────────

============================================================
🤖 VILONA DAEMON — 2026-06-03 23:56:13 WIB
============================================================
📈 Adaptive: OBI threshold=0.20, WR=N/A
📍 Active positions: 0
🌙 Off-session (23:00 WIB) — monitoring only, no entries

💤 Sleeping 15 min until 00:11:14...

────────────────────────────────────────────────────────────
CYCLE #128
────────────────────────────────────────────────────────────

============================================================
🤖 VILONA DAEMON — 2026-06-04 00:11:14 WIB
============================================================
📈 Adaptive: OBI threshold=0.20, WR=N/A
📍 Active positions: 0
🌙 Off-session (0:00 WIB) — monitoring only, no entries

💤 Sleeping 15 min until 00:26:14...

────────────────────────────────────────────────────────────
CYCLE #129
────────────────────────────────────────────────────────────

============================================================
🤖 VILONA DAEMON — 2026-06-04 00:26:14 WIB
============================================================
📈 Adaptive: OBI threshold=0.20, WR=N/A
📍 Active positions: 0
🌙 Off-session (0:00 WIB) — monitoring only, no entries

💤 Sleeping 15 min until 00:41:14...

────────────────────────────────────────────────────────────
CYCLE #130
────────────────────────────────────────────────────────────

============================================================
🤖 VILONA DAEMON — 2026-06-04 00:41:14 WIB
============================================================
📈 Adaptive: OBI threshold=0.20, WR=N/A
📍 Active positions: 0
🌙 Off-session (0:00 WIB) — monitoring only, no entries

💤 Sleeping 15 min until 00:56:14...

────────────────────────────────────────────────────────────
CYCLE #131
────────────────────────────────────────────────────────────

============================================================
🤖 VILONA DAEMON — 2026-06-04 00:56:14 WIB
============================================================
📈 Adaptive: OBI threshold=0.20, WR=N/A
📍 Active positions: 0
🌙 Off-session (0:00 WIB) — monitoring only, no entries

💤 Sleeping 15 min until 01:11:14...

────────────────────────────────────────────────────────────
CYCLE #132
────────────────────────────────────────────────────────────

============================================================
🤖 VILONA DAEMON — 2026-06-04 01:11:14 WIB
============================================================
📈 Adaptive: OBI threshold=0.20, WR=N/A
📍 Active positions: 0
🌙 Off-session (1:00 WIB) — monitoring only, no entries

💤 Sleeping 15 min until 01:26:15...

────────────────────────────────────────────────────────────
CYCLE #133
────────────────────────────────────────────────────────────

============================================================
🤖 VILONA DAEMON — 2026-06-04 01:26:15 WIB
============================================================
📈 Adaptive: OBI threshold=0.20, WR=N/A
📍 Active positions: 0
🌙 Off-session (1:00 WIB) — monitoring only, no entries

💤 Sleeping 15 min until 01:41:15...

────────────────────────────────────────────────────────────
CYCLE #134
────────────────────────────────────────────────────────────

============================================================
🤖 VILONA DAEMON — 2026-06-04 01:41:15 WIB
============================================================
📈 Adaptive: OBI threshold=0.20, WR=N/A
📍 Active positions: 0
🌙 Off-session (1:00 WIB) — monitoring only, no entries

💤 Sleeping 15 min until 01:56:15...

────────────────────────────────────────────────────────────
CYCLE #135
────────────────────────────────────────────────────────────

============================================================
🤖 VILONA DAEMON — 2026-06-04 01:56:15 WIB
============================================================
📈 Adaptive: OBI threshold=0.20, WR=N/A
📍 Active positions: 0
🌙 Off-session (1:00 WIB) — monitoring only, no entries

💤 Sleeping 15 min until 02:11:15...

────────────────────────────────────────────────────────────
CYCLE #136
────────────────────────────────────────────────────────────

============================================================
🤖 VILONA DAEMON — 2026-06-04 02:11:15 WIB
============================================================
📈 Adaptive: OBI threshold=0.20, WR=N/A
📍 Active positions: 0
🌙 Off-session (2:00 WIB) — monitoring only, no entries

💤 Sleeping 15 min until 02:26:15...

────────────────────────────────────────────────────────────
CYCLE #137
────────────────────────────────────────────────────────────

============================================================
🤖 VILONA DAEMON — 2026-06-04 02:26:15 WIB
============================================================
📈 Adaptive: OBI threshold=0.20, WR=N/A
📍 Active positions: 0
🌙 Off-session (2:00 WIB) — monitoring only, no entries

💤 Sleeping 15 min until 02:41:16...

────────────────────────────────────────────────────────────
CYCLE #138
────────────────────────────────────────────────────────────

============================================================
🤖 VILONA DAEMON — 2026-06-04 02:41:16 WIB
============================================================
📈 Adaptive: OBI threshold=0.20, WR=N/A
📍 Active positions: 0
🌙 Off-session (2:00 WIB) — monitoring only, no entries

💤 Sleeping 15 min until 02:56:16...

────────────────────────────────────────────────────────────
CYCLE #139
────────────────────────────────────────────────────────────

============================================================
🤖 VILONA DAEMON — 2026-06-04 02:56:16 WIB
============================================================
📈 Adaptive: OBI threshold=0.20, WR=N/A
📍 Active positions: 0
🌙 Off-session (2:00 WIB) — monitoring only, no entries

💤 Sleeping 15 min until 03:11:16...

────────────────────────────────────────────────────────────
CYCLE #140
────────────────────────────────────────────────────────────

============================================================
🤖 VILONA DAEMON — 2026-06-04 03:11:16 WIB
============================================================
📈 Adaptive: OBI threshold=0.20, WR=N/A
📍 Active positions: 0
🌙 Off-session (3:00 WIB) — monitoring only, no entries

💤 Sleeping 15 min until 03:26:16...

────────────────────────────────────────────────────────────
CYCLE #141
────────────────────────────────────────────────────────────

============================================================
🤖 VILONA DAEMON — 2026-06-04 03:26:16 WIB
============================================================
📈 Adaptive: OBI threshold=0.20, WR=N/A
📍 Active positions: 0
🌙 Off-session (3:00 WIB) — monitoring only, no entries

💤 Sleeping 15 min until 03:41:17...

────────────────────────────────────────────────────────────
CYCLE #142
────────────────────────────────────────────────────────────

============================================================
🤖 VILONA DAEMON — 2026-06-04 03:41:17 WIB
============================================================
📈 Adaptive: OBI threshold=0.20, WR=N/A
📍 Active positions: 0
🌙 Off-session (3:00 WIB) — monitoring only, no entries

💤 Sleeping 15 min until 03:56:17...

────────────────────────────────────────────────────────────
CYCLE #143
────────────────────────────────────────────────────────────

============================================================
🤖 VILONA DAEMON — 2026-06-04 03:56:17 WIB
============================================================
📈 Adaptive: OBI threshold=0.20, WR=N/A
📍 Active positions: 0
🌙 Off-session (3:00 WIB) — monitoring only, no entries

💤 Sleeping 15 min until 04:11:17...

────────────────────────────────────────────────────────────
CYCLE #144
────────────────────────────────────────────────────────────

============================================================
🤖 VILONA DAEMON — 2026-06-04 04:11:17 WIB
============================================================
📈 Adaptive: OBI threshold=0.20, WR=N/A
📍 Active positions: 0
🌙 Off-session (4:00 WIB) — monitoring only, no entries

💤 Sleeping 15 min until 04:26:17...

────────────────────────────────────────────────────────────
CYCLE #145
────────────────────────────────────────────────────────────

============================================================
🤖 VILONA DAEMON — 2026-06-04 04:26:17 WIB
============================================================
📈 Adaptive: OBI threshold=0.20, WR=N/A
📍 Active positions: 0
🌙 Off-session (4:00 WIB) — monitoring only, no entries

💤 Sleeping 15 min until 04:41:17...

────────────────────────────────────────────────────────────
CYCLE #146
────────────────────────────────────────────────────────────

============================================================
🤖 VILONA DAEMON — 2026-06-04 04:41:17 WIB
============================================================
📈 Adaptive: OBI threshold=0.20, WR=N/A
📍 Active positions: 0
🌙 Off-session (4:00 WIB) — monitoring only, no entries

💤 Sleeping 15 min until 04:56:18...

────────────────────────────────────────────────────────────
CYCLE #147
────────────────────────────────────────────────────────────

============================================================
🤖 VILONA DAEMON — 2026-06-04 04:56:18 WIB
============================================================
📈 Adaptive: OBI threshold=0.20, WR=N/A
📍 Active positions: 0
🌙 Off-session (4:00 WIB) — monitoring only, no entries

💤 Sleeping 15 min until 05:11:18...

────────────────────────────────────────────────────────────
CYCLE #148
────────────────────────────────────────────────────────────

============================================================
🤖 VILONA DAEMON — 2026-06-04 05:11:18 WIB
============================================================
📈 Adaptive: OBI threshold=0.20, WR=N/A
📍 Active positions: 0
🌙 Off-session (5:00 WIB) — monitoring only, no entries

💤 Sleeping 15 min until 05:26:18...

────────────────────────────────────────────────────────────
CYCLE #149
────────────────────────────────────────────────────────────

============================================================
🤖 VILONA DAEMON — 2026-06-04 05:26:18 WIB
============================================================
📈 Adaptive: OBI threshold=0.20, WR=N/A
📍 Active positions: 0
🌙 Off-session (5:00 WIB) — monitoring only, no entries

💤 Sleeping 15 min until 05:41:18...

────────────────────────────────────────────────────────────
CYCLE #150
────────────────────────────────────────────────────────────

============================================================
🤖 VILONA DAEMON — 2026-06-04 05:41:18 WIB
============================================================
📈 Adaptive: OBI threshold=0.20, WR=N/A
📍 Active positions: 0
🌙 Off-session (5:00 WIB) — monitoring only, no entries

💤 Sleeping 15 min until 05:56:18...

────────────────────────────────────────────────────────────
CYCLE #151
────────────────────────────────────────────────────────────

============================================================
🤖 VILONA DAEMON — 2026-06-04 05:56:18 WIB
============================================================
📈 Adaptive: OBI threshold=0.20, WR=N/A
📍 Active positions: 0
🌙 Off-session (5:00 WIB) — monitoring only, no entries

💤 Sleeping 15 min until 06:11:19...

────────────────────────────────────────────────────────────
CYCLE #152
────────────────────────────────────────────────────────────

============================================================
🤖 VILONA DAEMON — 2026-06-04 06:11:19 WIB
============================================================
📈 Adaptive: OBI threshold=0.20, WR=N/A
📍 Active positions: 0
🔄 Running screening cycle...

============================================================
🤖 VILONA AUTONOMOUS TRADER — 2026-06-04 06:11:21 WIB
   Session: ASIA_OPEN | Daily PnL: $0.00
============================================================
Traceback (most recent call last):
  File "/home/openclaw/projects/1ai-trade-bot/engines/bitget/scripts/vilona_autonomous_trader.py", line 1171, in <module>
    main()
    ~~~~^^
  File "/home/openclaw/projects/1ai-trade-bot/engines/bitget/scripts/vilona_autonomous_trader.py", line 1167, in main
    trader.run_screening_cycle()
    ~~~~~~~~~~~~~~~~~~~~~~~~~~^^
  File "/home/openclaw/projects/1ai-trade-bot/engines/bitget/scripts/vilona_autonomous_trader.py", line 962, in run_screening_cycle
    macro_risk_mult = self._run_macro_filter()
                      ^^^^^^^^^^^^^^^^^^^^^^
AttributeError: 'VilonaTrader' object has no attribute '_run_macro_filter'
⚠️ Screening returned exit code: 256

💤 Sleeping 15 min until 06:26:21...

────────────────────────────────────────────────────────────
CYCLE #153
────────────────────────────────────────────────────────────

============================================================
🤖 VILONA DAEMON — 2026-06-04 06:26:21 WIB
============================================================
📈 Adaptive: OBI threshold=0.20, WR=N/A
📍 Active positions: 0
🔄 Running screening cycle...

============================================================
🤖 VILONA AUTONOMOUS TRADER — 2026-06-04 06:26:23 WIB
   Session: ASIA_OPEN | Daily PnL: $0.00
============================================================
Traceback (most recent call last):
  File "/home/openclaw/projects/1ai-trade-bot/engines/bitget/scripts/vilona_autonomous_trader.py", line 1171, in <module>
    main()
    ~~~~^^
  File "/home/openclaw/projects/1ai-trade-bot/engines/bitget/scripts/vilona_autonomous_trader.py", line 1167, in main
    trader.run_screening_cycle()
    ~~~~~~~~~~~~~~~~~~~~~~~~~~^^
  File "/home/openclaw/projects/1ai-trade-bot/engines/bitget/scripts/vilona_autonomous_trader.py", line 962, in run_screening_cycle
    macro_risk_mult = self._run_macro_filter()
                      ^^^^^^^^^^^^^^^^^^^^^^
AttributeError: 'VilonaTrader' object has no attribute '_run_macro_filter'
⚠️ Screening returned exit code: 256

💤 Sleeping 15 min until 06:41:23...

────────────────────────────────────────────────────────────
CYCLE #154
────────────────────────────────────────────────────────────

============================================================
🤖 VILONA DAEMON — 2026-06-04 06:41:23 WIB
============================================================
📈 Adaptive: OBI threshold=0.20, WR=N/A
📍 Active positions: 0
🔄 Running screening cycle...

============================================================
🤖 VILONA AUTONOMOUS TRADER — 2026-06-04 06:41:25 WIB
   Session: ASIA_OPEN | Daily PnL: $0.00
============================================================
Traceback (most recent call last):
  File "/home/openclaw/projects/1ai-trade-bot/engines/bitget/scripts/vilona_autonomous_trader.py", line 1171, in <module>
    main()
    ~~~~^^
  File "/home/openclaw/projects/1ai-trade-bot/engines/bitget/scripts/vilona_autonomous_trader.py", line 1167, in main
    trader.run_screening_cycle()
    ~~~~~~~~~~~~~~~~~~~~~~~~~~^^
  File "/home/openclaw/projects/1ai-trade-bot/engines/bitget/scripts/vilona_autonomous_trader.py", line 962, in run_screening_cycle
    macro_risk_mult = self._run_macro_filter()
                      ^^^^^^^^^^^^^^^^^^^^^^
AttributeError: 'VilonaTrader' object has no attribute '_run_macro_filter'
⚠️ Screening returned exit code: 256

💤 Sleeping 15 min until 06:56:25...

────────────────────────────────────────────────────────────
CYCLE #155
────────────────────────────────────────────────────────────

============================================================
🤖 VILONA DAEMON — 2026-06-04 06:56:25 WIB
============================================================
📈 Adaptive: OBI threshold=0.20, WR=N/A
📍 Active positions: 0
🔄 Running screening cycle...

============================================================
🤖 VILONA AUTONOMOUS TRADER — 2026-06-04 06:56:27 WIB
   Session: ASIA_OPEN | Daily PnL: $0.00
============================================================
Traceback (most recent call last):
  File "/home/openclaw/projects/1ai-trade-bot/engines/bitget/scripts/vilona_autonomous_trader.py", line 1171, in <module>
    main()
    ~~~~^^
  File "/home/openclaw/projects/1ai-trade-bot/engines/bitget/scripts/vilona_autonomous_trader.py", line 1167, in main
    trader.run_screening_cycle()
    ~~~~~~~~~~~~~~~~~~~~~~~~~~^^
  File "/home/openclaw/projects/1ai-trade-bot/engines/bitget/scripts/vilona_autonomous_trader.py", line 962, in run_screening_cycle
    macro_risk_mult = self._run_macro_filter()
                      ^^^^^^^^^^^^^^^^^^^^^^
AttributeError: 'VilonaTrader' object has no attribute '_run_macro_filter'
⚠️ Screening returned exit code: 256

💤 Sleeping 15 min until 07:11:27...

────────────────────────────────────────────────────────────
CYCLE #156
────────────────────────────────────────────────────────────

============================================================
🤖 VILONA DAEMON — 2026-06-04 07:11:27 WIB
============================================================
📈 Adaptive: OBI threshold=0.20, WR=N/A
📍 Active positions: 0
🔄 Running screening cycle...

============================================================
🤖 VILONA AUTONOMOUS TRADER — 2026-06-04 07:11:29 WIB
   Session: ASIA_OPEN | Daily PnL: $0.00
============================================================
Traceback (most recent call last):
  File "/home/openclaw/projects/1ai-trade-bot/engines/bitget/scripts/vilona_autonomous_trader.py", line 1171, in <module>
    main()
    ~~~~^^
  File "/home/openclaw/projects/1ai-trade-bot/engines/bitget/scripts/vilona_autonomous_trader.py", line 1167, in main
    trader.run_screening_cycle()
    ~~~~~~~~~~~~~~~~~~~~~~~~~~^^
  File "/home/openclaw/projects/1ai-trade-bot/engines/bitget/scripts/vilona_autonomous_trader.py", line 962, in run_screening_cycle
    macro_risk_mult = self._run_macro_filter()
                      ^^^^^^^^^^^^^^^^^^^^^^
AttributeError: 'VilonaTrader' object has no attribute '_run_macro_filter'
⚠️ Screening returned exit code: 256

💤 Sleeping 15 min until 07:26:30...

────────────────────────────────────────────────────────────
CYCLE #157
────────────────────────────────────────────────────────────

============================================================
🤖 VILONA DAEMON — 2026-06-04 07:26:30 WIB
============================================================
📈 Adaptive: OBI threshold=0.20, WR=N/A
📍 Active positions: 0
🔄 Running screening cycle...

============================================================
🤖 VILONA AUTONOMOUS TRADER — 2026-06-04 07:26:32 WIB
   Session: ASIA_OPEN | Daily PnL: $0.00
============================================================
Traceback (most recent call last):
  File "/home/openclaw/projects/1ai-trade-bot/engines/bitget/scripts/vilona_autonomous_trader.py", line 1171, in <module>
    main()
    ~~~~^^
  File "/home/openclaw/projects/1ai-trade-bot/engines/bitget/scripts/vilona_autonomous_trader.py", line 1167, in main
    trader.run_screening_cycle()
    ~~~~~~~~~~~~~~~~~~~~~~~~~~^^
  File "/home/openclaw/projects/1ai-trade-bot/engines/bitget/scripts/vilona_autonomous_trader.py", line 962, in run_screening_cycle
    macro_risk_mult = self._run_macro_filter()
                      ^^^^^^^^^^^^^^^^^^^^^^
AttributeError: 'VilonaTrader' object has no attribute '_run_macro_filter'
⚠️ Screening returned exit code: 256

💤 Sleeping 15 min until 07:41:32...

────────────────────────────────────────────────────────────
CYCLE #158
────────────────────────────────────────────────────────────

============================================================
🤖 VILONA DAEMON — 2026-06-04 07:41:32 WIB
============================================================
📈 Adaptive: OBI threshold=0.20, WR=N/A
📍 Active positions: 0
🔄 Running screening cycle...

============================================================
🤖 VILONA AUTONOMOUS TRADER — 2026-06-04 07:41:34 WIB
   Session: ASIA_OPEN | Daily PnL: $0.00
============================================================
Traceback (most recent call last):
  File "/home/openclaw/projects/1ai-trade-bot/engines/bitget/scripts/vilona_autonomous_trader.py", line 1171, in <module>
    main()
    ~~~~^^
  File "/home/openclaw/projects/1ai-trade-bot/engines/bitget/scripts/vilona_autonomous_trader.py", line 1167, in main
    trader.run_screening_cycle()
    ~~~~~~~~~~~~~~~~~~~~~~~~~~^^
  File "/home/openclaw/projects/1ai-trade-bot/engines/bitget/scripts/vilona_autonomous_trader.py", line 962, in run_screening_cycle
    macro_risk_mult = self._run_macro_filter()
                      ^^^^^^^^^^^^^^^^^^^^^^
AttributeError: 'VilonaTrader' object has no attribute '_run_macro_filter'
⚠️ Screening returned exit code: 256

💤 Sleeping 15 min until 07:56:34...

────────────────────────────────────────────────────────────
CYCLE #159
────────────────────────────────────────────────────────────

============================================================
🤖 VILONA DAEMON — 2026-06-04 07:56:34 WIB
============================================================
📈 Adaptive: OBI threshold=0.20, WR=N/A
📍 Active positions: 0
🔄 Running screening cycle...

============================================================
🤖 VILONA AUTONOMOUS TRADER — 2026-06-04 07:56:36 WIB
   Session: ASIA_OPEN | Daily PnL: $0.00
============================================================
Traceback (most recent call last):
  File "/home/openclaw/projects/1ai-trade-bot/engines/bitget/scripts/vilona_autonomous_trader.py", line 1171, in <module>
    main()
    ~~~~^^
  File "/home/openclaw/projects/1ai-trade-bot/engines/bitget/scripts/vilona_autonomous_trader.py", line 1167, in main
    trader.run_screening_cycle()
    ~~~~~~~~~~~~~~~~~~~~~~~~~~^^
  File "/home/openclaw/projects/1ai-trade-bot/engines/bitget/scripts/vilona_autonomous_trader.py", line 962, in run_screening_cycle
    macro_risk_mult = self._run_macro_filter()
                      ^^^^^^^^^^^^^^^^^^^^^^
AttributeError: 'VilonaTrader' object has no attribute '_run_macro_filter'
⚠️ Screening returned exit code: 256

💤 Sleeping 15 min until 08:11:36...

────────────────────────────────────────────────────────────
CYCLE #160
────────────────────────────────────────────────────────────

============================================================
🤖 VILONA DAEMON — 2026-06-04 08:11:36 WIB
============================================================
📈 Adaptive: OBI threshold=0.20, WR=N/A
📍 Active positions: 0
🔄 Running screening cycle...

============================================================
🤖 VILONA AUTONOMOUS TRADER — 2026-06-04 08:11:38 WIB
   Session: ASIA_OPEN | Daily PnL: $0.00
============================================================
Traceback (most recent call last):
  File "/home/openclaw/projects/1ai-trade-bot/engines/bitget/scripts/vilona_autonomous_trader.py", line 1171, in <module>
    main()
    ~~~~^^
  File "/home/openclaw/projects/1ai-trade-bot/engines/bitget/scripts/vilona_autonomous_trader.py", line 1167, in main
    trader.run_screening_cycle()
    ~~~~~~~~~~~~~~~~~~~~~~~~~~^^
  File "/home/openclaw/projects/1ai-trade-bot/engines/bitget/scripts/vilona_autonomous_trader.py", line 962, in run_screening_cycle
    macro_risk_mult = self._run_macro_filter()
                      ^^^^^^^^^^^^^^^^^^^^^^
AttributeError: 'VilonaTrader' object has no attribute '_run_macro_filter'
⚠️ Screening returned exit code: 256

💤 Sleeping 15 min until 08:26:39...

────────────────────────────────────────────────────────────
CYCLE #161
────────────────────────────────────────────────────────────

============================================================
🤖 VILONA DAEMON — 2026-06-04 08:26:39 WIB
============================================================
📈 Adaptive: OBI threshold=0.20, WR=N/A
📍 Active positions: 0
🔄 Running screening cycle...

============================================================
🤖 VILONA AUTONOMOUS TRADER — 2026-06-04 08:26:41 WIB
   Session: ASIA_OPEN | Daily PnL: $0.00
============================================================
Traceback (most recent call last):
  File "/home/openclaw/projects/1ai-trade-bot/engines/bitget/scripts/vilona_autonomous_trader.py", line 1171, in <module>
    main()
    ~~~~^^
  File "/home/openclaw/projects/1ai-trade-bot/engines/bitget/scripts/vilona_autonomous_trader.py", line 1167, in main
    trader.run_screening_cycle()
    ~~~~~~~~~~~~~~~~~~~~~~~~~~^^
  File "/home/openclaw/projects/1ai-trade-bot/engines/bitget/scripts/vilona_autonomous_trader.py", line 962, in run_screening_cycle
    macro_risk_mult = self._run_macro_filter()
                      ^^^^^^^^^^^^^^^^^^^^^^
AttributeError: 'VilonaTrader' object has no attribute '_run_macro_filter'
⚠️ Screening returned exit code: 256

💤 Sleeping 15 min until 08:41:41...

────────────────────────────────────────────────────────────
CYCLE #162
────────────────────────────────────────────────────────────

============================================================
🤖 VILONA DAEMON — 2026-06-04 08:41:41 WIB
============================================================
📈 Adaptive: OBI threshold=0.20, WR=N/A
📍 Active positions: 0
🔄 Running screening cycle...

============================================================
🤖 VILONA AUTONOMOUS TRADER — 2026-06-04 08:41:43 WIB
   Session: ASIA_OPEN | Daily PnL: $0.00
============================================================
Traceback (most recent call last):
  File "/home/openclaw/projects/1ai-trade-bot/engines/bitget/scripts/vilona_autonomous_trader.py", line 1171, in <module>
    main()
    ~~~~^^
  File "/home/openclaw/projects/1ai-trade-bot/engines/bitget/scripts/vilona_autonomous_trader.py", line 1167, in main
    trader.run_screening_cycle()
    ~~~~~~~~~~~~~~~~~~~~~~~~~~^^
  File "/home/openclaw/projects/1ai-trade-bot/engines/bitget/scripts/vilona_autonomous_trader.py", line 962, in run_screening_cycle
    macro_risk_mult = self._run_macro_filter()
                      ^^^^^^^^^^^^^^^^^^^^^^
AttributeError: 'VilonaTrader' object has no attribute '_run_macro_filter'
⚠️ Screening returned exit code: 256

💤 Sleeping 15 min until 08:56:43...

────────────────────────────────────────────────────────────
CYCLE #163
────────────────────────────────────────────────────────────

============================================================
🤖 VILONA DAEMON — 2026-06-04 08:56:43 WIB
============================================================
📈 Adaptive: OBI threshold=0.20, WR=N/A
📍 Active positions: 0
🔄 Running screening cycle...

============================================================
🤖 VILONA AUTONOMOUS TRADER — 2026-06-04 08:56:45 WIB
   Session: ASIA_OPEN | Daily PnL: $0.00
============================================================
Traceback (most recent call last):
  File "/home/openclaw/projects/1ai-trade-bot/engines/bitget/scripts/vilona_autonomous_trader.py", line 1171, in <module>
    main()
    ~~~~^^
  File "/home/openclaw/projects/1ai-trade-bot/engines/bitget/scripts/vilona_autonomous_trader.py", line 1167, in main
    trader.run_screening_cycle()
    ~~~~~~~~~~~~~~~~~~~~~~~~~~^^
  File "/home/openclaw/projects/1ai-trade-bot/engines/bitget/scripts/vilona_autonomous_trader.py", line 962, in run_screening_cycle
    macro_risk_mult = self._run_macro_filter()
                      ^^^^^^^^^^^^^^^^^^^^^^
AttributeError: 'VilonaTrader' object has no attribute '_run_macro_filter'
⚠️ Screening returned exit code: 256

💤 Sleeping 15 min until 09:11:45...

────────────────────────────────────────────────────────────
CYCLE #164
────────────────────────────────────────────────────────────

============================================================
🤖 VILONA DAEMON — 2026-06-04 09:11:45 WIB
============================================================
📈 Adaptive: OBI threshold=0.20, WR=N/A
📍 Active positions: 0
🔄 Running screening cycle...

============================================================
🤖 VILONA AUTONOMOUS TRADER — 2026-06-04 09:11:48 WIB
   Session: OFF_SESSION | Daily PnL: $0.00
============================================================
Traceback (most recent call last):
  File "/home/openclaw/projects/1ai-trade-bot/engines/bitget/scripts/vilona_autonomous_trader.py", line 1171, in <module>
    main()
    ~~~~^^
  File "/home/openclaw/projects/1ai-trade-bot/engines/bitget/scripts/vilona_autonomous_trader.py", line 1167, in main
    trader.run_screening_cycle()
    ~~~~~~~~~~~~~~~~~~~~~~~~~~^^
  File "/home/openclaw/projects/1ai-trade-bot/engines/bitget/scripts/vilona_autonomous_trader.py", line 962, in run_screening_cycle
    macro_risk_mult = self._run_macro_filter()
                      ^^^^^^^^^^^^^^^^^^^^^^
AttributeError: 'VilonaTrader' object has no attribute '_run_macro_filter'
⚠️ Screening returned exit code: 256

💤 Sleeping 15 min until 09:26:48...

────────────────────────────────────────────────────────────
CYCLE #165
────────────────────────────────────────────────────────────

============================================================
🤖 VILONA DAEMON — 2026-06-04 09:26:48 WIB
============================================================
📈 Adaptive: OBI threshold=0.20, WR=N/A
📍 Active positions: 0
🔄 Running screening cycle...

============================================================
🤖 VILONA AUTONOMOUS TRADER — 2026-06-04 09:26:50 WIB
   Session: OFF_SESSION | Daily PnL: $0.00
============================================================
Traceback (most recent call last):
  File "/home/openclaw/projects/1ai-trade-bot/engines/bitget/scripts/vilona_autonomous_trader.py", line 1171, in <module>
    main()
    ~~~~^^
  File "/home/openclaw/projects/1ai-trade-bot/engines/bitget/scripts/vilona_autonomous_trader.py", line 1167, in main
    trader.run_screening_cycle()
    ~~~~~~~~~~~~~~~~~~~~~~~~~~^^
  File "/home/openclaw/projects/1ai-trade-bot/engines/bitget/scripts/vilona_autonomous_trader.py", line 962, in run_screening_cycle
    macro_risk_mult = self._run_macro_filter()
                      ^^^^^^^^^^^^^^^^^^^^^^
AttributeError: 'VilonaTrader' object has no attribute '_run_macro_filter'
⚠️ Screening returned exit code: 256

💤 Sleeping 15 min until 09:41:50...

────────────────────────────────────────────────────────────
CYCLE #166
────────────────────────────────────────────────────────────

============================================================
🤖 VILONA DAEMON — 2026-06-04 09:41:50 WIB
============================================================
📈 Adaptive: OBI threshold=0.20, WR=N/A
📍 Active positions: 0
🔄 Running screening cycle...

============================================================
🤖 VILONA AUTONOMOUS TRADER — 2026-06-04 09:41:52 WIB
   Session: OFF_SESSION | Daily PnL: $0.00
============================================================
Traceback (most recent call last):
  File "/home/openclaw/projects/1ai-trade-bot/engines/bitget/scripts/vilona_autonomous_trader.py", line 1171, in <module>
    main()
    ~~~~^^
  File "/home/openclaw/projects/1ai-trade-bot/engines/bitget/scripts/vilona_autonomous_trader.py", line 1167, in main
    trader.run_screening_cycle()
    ~~~~~~~~~~~~~~~~~~~~~~~~~~^^
  File "/home/openclaw/projects/1ai-trade-bot/engines/bitget/scripts/vilona_autonomous_trader.py", line 962, in run_screening_cycle
    macro_risk_mult = self._run_macro_filter()
                      ^^^^^^^^^^^^^^^^^^^^^^
AttributeError: 'VilonaTrader' object has no attribute '_run_macro_filter'
⚠️ Screening returned exit code: 256

💤 Sleeping 15 min until 09:56:52...

────────────────────────────────────────────────────────────
CYCLE #167
────────────────────────────────────────────────────────────

============================================================
🤖 VILONA DAEMON — 2026-06-04 09:56:52 WIB
============================================================
📈 Adaptive: OBI threshold=0.20, WR=N/A
📍 Active positions: 0
🔄 Running screening cycle...

============================================================
🤖 VILONA AUTONOMOUS TRADER — 2026-06-04 09:56:54 WIB
   Session: OFF_SESSION | Daily PnL: $0.00
============================================================
Traceback (most recent call last):
  File "/home/openclaw/projects/1ai-trade-bot/engines/bitget/scripts/vilona_autonomous_trader.py", line 1171, in <module>
    main()
    ~~~~^^
  File "/home/openclaw/projects/1ai-trade-bot/engines/bitget/scripts/vilona_autonomous_trader.py", line 1167, in main
    trader.run_screening_cycle()
    ~~~~~~~~~~~~~~~~~~~~~~~~~~^^
  File "/home/openclaw/projects/1ai-trade-bot/engines/bitget/scripts/vilona_autonomous_trader.py", line 962, in run_screening_cycle
    macro_risk_mult = self._run_macro_filter()
                      ^^^^^^^^^^^^^^^^^^^^^^
AttributeError: 'VilonaTrader' object has no attribute '_run_macro_filter'
⚠️ Screening returned exit code: 256

💤 Sleeping 15 min until 10:11:54...

────────────────────────────────────────────────────────────
CYCLE #168
────────────────────────────────────────────────────────────

============================================================
🤖 VILONA DAEMON — 2026-06-04 10:11:54 WIB
============================================================
📈 Adaptive: OBI threshold=0.20, WR=N/A
📍 Active positions: 0
🔄 Running screening cycle...

============================================================
🤖 VILONA AUTONOMOUS TRADER — 2026-06-04 10:11:56 WIB
   Session: OFF_SESSION | Daily PnL: $0.00
============================================================
Traceback (most recent call last):
  File "/home/openclaw/projects/1ai-trade-bot/engines/bitget/scripts/vilona_autonomous_trader.py", line 1171, in <module>
    main()
    ~~~~^^
  File "/home/openclaw/projects/1ai-trade-bot/engines/bitget/scripts/vilona_autonomous_trader.py", line 1167, in main
    trader.run_screening_cycle()
    ~~~~~~~~~~~~~~~~~~~~~~~~~~^^
  File "/home/openclaw/projects/1ai-trade-bot/engines/bitget/scripts/vilona_autonomous_trader.py", line 962, in run_screening_cycle
    macro_risk_mult = self._run_macro_filter()
                      ^^^^^^^^^^^^^^^^^^^^^^
AttributeError: 'VilonaTrader' object has no attribute '_run_macro_filter'
⚠️ Screening returned exit code: 256

💤 Sleeping 15 min until 10:26:56...

────────────────────────────────────────────────────────────
CYCLE #169
────────────────────────────────────────────────────────────

============================================================
🤖 VILONA DAEMON — 2026-06-04 10:26:56 WIB
============================================================
📈 Adaptive: OBI threshold=0.20, WR=N/A
📍 Active positions: 0
🔄 Running screening cycle...

============================================================
🤖 VILONA AUTONOMOUS TRADER — 2026-06-04 10:26:58 WIB
   Session: OFF_SESSION | Daily PnL: $0.00
============================================================
Traceback (most recent call last):
  File "/home/openclaw/projects/1ai-trade-bot/engines/bitget/scripts/vilona_autonomous_trader.py", line 1171, in <module>
    main()
    ~~~~^^
  File "/home/openclaw/projects/1ai-trade-bot/engines/bitget/scripts/vilona_autonomous_trader.py", line 1167, in main
    trader.run_screening_cycle()
    ~~~~~~~~~~~~~~~~~~~~~~~~~~^^
  File "/home/openclaw/projects/1ai-trade-bot/engines/bitget/scripts/vilona_autonomous_trader.py", line 962, in run_screening_cycle
    macro_risk_mult = self._run_macro_filter()
                      ^^^^^^^^^^^^^^^^^^^^^^
AttributeError: 'VilonaTrader' object has no attribute '_run_macro_filter'
⚠️ Screening returned exit code: 256

💤 Sleeping 15 min until 10:41:58...

────────────────────────────────────────────────────────────
CYCLE #170
────────────────────────────────────────────────────────────

============================================================
🤖 VILONA DAEMON — 2026-06-04 10:41:58 WIB
============================================================
📈 Adaptive: OBI threshold=0.20, WR=N/A
📍 Active positions: 0
🔄 Running screening cycle...

============================================================
🤖 VILONA AUTONOMOUS TRADER — 2026-06-04 10:42:01 WIB
   Session: OFF_SESSION | Daily PnL: $0.00
============================================================
Traceback (most recent call last):
  File "/home/openclaw/projects/1ai-trade-bot/engines/bitget/scripts/vilona_autonomous_trader.py", line 1171, in <module>
    main()
    ~~~~^^
  File "/home/openclaw/projects/1ai-trade-bot/engines/bitget/scripts/vilona_autonomous_trader.py", line 1167, in main
    trader.run_screening_cycle()
    ~~~~~~~~~~~~~~~~~~~~~~~~~~^^
  File "/home/openclaw/projects/1ai-trade-bot/engines/bitget/scripts/vilona_autonomous_trader.py", line 962, in run_screening_cycle
    macro_risk_mult = self._run_macro_filter()
                      ^^^^^^^^^^^^^^^^^^^^^^
AttributeError: 'VilonaTrader' object has no attribute '_run_macro_filter'
⚠️ Screening returned exit code: 256

💤 Sleeping 15 min until 10:57:01...

────────────────────────────────────────────────────────────
CYCLE #171
────────────────────────────────────────────────────────────

============================================================
🤖 VILONA DAEMON — 2026-06-04 10:57:01 WIB
============================================================
📈 Adaptive: OBI threshold=0.20, WR=N/A
📍 Active positions: 0
🔄 Running screening cycle...

============================================================
🤖 VILONA AUTONOMOUS TRADER — 2026-06-04 10:57:03 WIB
   Session: OFF_SESSION | Daily PnL: $0.00
============================================================
Traceback (most recent call last):
  File "/home/openclaw/projects/1ai-trade-bot/engines/bitget/scripts/vilona_autonomous_trader.py", line 1171, in <module>
    main()
    ~~~~^^
  File "/home/openclaw/projects/1ai-trade-bot/engines/bitget/scripts/vilona_autonomous_trader.py", line 1167, in main
    trader.run_screening_cycle()
    ~~~~~~~~~~~~~~~~~~~~~~~~~~^^
  File "/home/openclaw/projects/1ai-trade-bot/engines/bitget/scripts/vilona_autonomous_trader.py", line 962, in run_screening_cycle
    macro_risk_mult = self._run_macro_filter()
                      ^^^^^^^^^^^^^^^^^^^^^^
AttributeError: 'VilonaTrader' object has no attribute '_run_macro_filter'
⚠️ Screening returned exit code: 256

💤 Sleeping 15 min until 11:12:03...

────────────────────────────────────────────────────────────
CYCLE #172
────────────────────────────────────────────────────────────

============================================================
🤖 VILONA DAEMON — 2026-06-04 11:12:03 WIB
============================================================
📈 Adaptive: OBI threshold=0.20, WR=N/A
📍 Active positions: 0
🔄 Running screening cycle...

============================================================
🤖 VILONA AUTONOMOUS TRADER — 2026-06-04 11:12:05 WIB
   Session: OFF_SESSION | Daily PnL: $0.00
============================================================
Traceback (most recent call last):
  File "/home/openclaw/projects/1ai-trade-bot/engines/bitget/scripts/vilona_autonomous_trader.py", line 1171, in <module>
    main()
    ~~~~^^
  File "/home/openclaw/projects/1ai-trade-bot/engines/bitget/scripts/vilona_autonomous_trader.py", line 1167, in main
    trader.run_screening_cycle()
    ~~~~~~~~~~~~~~~~~~~~~~~~~~^^
  File "/home/openclaw/projects/1ai-trade-bot/engines/bitget/scripts/vilona_autonomous_trader.py", line 962, in run_screening_cycle
    macro_risk_mult = self._run_macro_filter()
                      ^^^^^^^^^^^^^^^^^^^^^^
AttributeError: 'VilonaTrader' object has no attribute '_run_macro_filter'
⚠️ Screening returned exit code: 256

💤 Sleeping 15 min until 11:27:05...

────────────────────────────────────────────────────────────
CYCLE #173
────────────────────────────────────────────────────────────

============================================================
🤖 VILONA DAEMON — 2026-06-04 11:27:05 WIB
============================================================
📈 Adaptive: OBI threshold=0.20, WR=N/A
📍 Active positions: 0
🔄 Running screening cycle...

============================================================
🤖 VILONA AUTONOMOUS TRADER — 2026-06-04 11:27:07 WIB
   Session: OFF_SESSION | Daily PnL: $0.00
============================================================
Traceback (most recent call last):
  File "/home/openclaw/projects/1ai-trade-bot/engines/bitget/scripts/vilona_autonomous_trader.py", line 1171, in <module>
    main()
    ~~~~^^
  File "/home/openclaw/projects/1ai-trade-bot/engines/bitget/scripts/vilona_autonomous_trader.py", line 1167, in main
    trader.run_screening_cycle()
    ~~~~~~~~~~~~~~~~~~~~~~~~~~^^
  File "/home/openclaw/projects/1ai-trade-bot/engines/bitget/scripts/vilona_autonomous_trader.py", line 962, in run_screening_cycle
    macro_risk_mult = self._run_macro_filter()
                      ^^^^^^^^^^^^^^^^^^^^^^
AttributeError: 'VilonaTrader' object has no attribute '_run_macro_filter'
⚠️ Screening returned exit code: 256

💤 Sleeping 15 min until 11:42:07...

────────────────────────────────────────────────────────────
CYCLE #174
────────────────────────────────────────────────────────────

============================================================
🤖 VILONA DAEMON — 2026-06-04 11:42:07 WIB
============================================================
📈 Adaptive: OBI threshold=0.20, WR=N/A
📍 Active positions: 0
🔄 Running screening cycle...

============================================================
🤖 VILONA AUTONOMOUS TRADER — 2026-06-04 11:42:10 WIB
   Session: OFF_SESSION | Daily PnL: $0.00
============================================================
Traceback (most recent call last):
  File "/home/openclaw/projects/1ai-trade-bot/engines/bitget/scripts/vilona_autonomous_trader.py", line 1171, in <module>
    main()
    ~~~~^^
  File "/home/openclaw/projects/1ai-trade-bot/engines/bitget/scripts/vilona_autonomous_trader.py", line 1167, in main
    trader.run_screening_cycle()
    ~~~~~~~~~~~~~~~~~~~~~~~~~~^^
  File "/home/openclaw/projects/1ai-trade-bot/engines/bitget/scripts/vilona_autonomous_trader.py", line 962, in run_screening_cycle
    macro_risk_mult = self._run_macro_filter()
                      ^^^^^^^^^^^^^^^^^^^^^^
AttributeError: 'VilonaTrader' object has no attribute '_run_macro_filter'
⚠️ Screening returned exit code: 256

💤 Sleeping 15 min until 11:57:10...

────────────────────────────────────────────────────────────
CYCLE #175
────────────────────────────────────────────────────────────

============================================================
🤖 VILONA DAEMON — 2026-06-04 11:57:10 WIB
============================================================
📈 Adaptive: OBI threshold=0.20, WR=N/A
📍 Active positions: 0
🔄 Running screening cycle...

============================================================
🤖 VILONA AUTONOMOUS TRADER — 2026-06-04 11:57:12 WIB
   Session: OFF_SESSION | Daily PnL: $0.00
============================================================
Traceback (most recent call last):
  File "/home/openclaw/projects/1ai-trade-bot/engines/bitget/scripts/vilona_autonomous_trader.py", line 1171, in <module>
    main()
    ~~~~^^
  File "/home/openclaw/projects/1ai-trade-bot/engines/bitget/scripts/vilona_autonomous_trader.py", line 1167, in main
    trader.run_screening_cycle()
    ~~~~~~~~~~~~~~~~~~~~~~~~~~^^
  File "/home/openclaw/projects/1ai-trade-bot/engines/bitget/scripts/vilona_autonomous_trader.py", line 962, in run_screening_cycle
    macro_risk_mult = self._run_macro_filter()
                      ^^^^^^^^^^^^^^^^^^^^^^
AttributeError: 'VilonaTrader' object has no attribute '_run_macro_filter'
⚠️ Screening returned exit code: 256

💤 Sleeping 15 min until 12:12:12...

────────────────────────────────────────────────────────────
CYCLE #176
────────────────────────────────────────────────────────────

============================================================
🤖 VILONA DAEMON — 2026-06-04 12:12:12 WIB
============================================================
📈 Adaptive: OBI threshold=0.20, WR=N/A
📍 Active positions: 0
🔄 Running screening cycle...

============================================================
🤖 VILONA AUTONOMOUS TRADER — 2026-06-04 12:12:14 WIB
   Session: OFF_SESSION | Daily PnL: $0.00
============================================================
Traceback (most recent call last):
  File "/home/openclaw/projects/1ai-trade-bot/engines/bitget/scripts/vilona_autonomous_trader.py", line 1171, in <module>
    main()
    ~~~~^^
  File "/home/openclaw/projects/1ai-trade-bot/engines/bitget/scripts/vilona_autonomous_trader.py", line 1167, in main
    trader.run_screening_cycle()
    ~~~~~~~~~~~~~~~~~~~~~~~~~~^^
  File "/home/openclaw/projects/1ai-trade-bot/engines/bitget/scripts/vilona_autonomous_trader.py", line 962, in run_screening_cycle
    macro_risk_mult = self._run_macro_filter()
                      ^^^^^^^^^^^^^^^^^^^^^^
AttributeError: 'VilonaTrader' object has no attribute '_run_macro_filter'
⚠️ Screening returned exit code: 256

💤 Sleeping 15 min until 12:27:14...

────────────────────────────────────────────────────────────
CYCLE #177
────────────────────────────────────────────────────────────

============================================================
🤖 VILONA DAEMON — 2026-06-04 12:27:14 WIB
============================================================
📈 Adaptive: OBI threshold=0.20, WR=N/A
📍 Active positions: 0
🔄 Running screening cycle...

============================================================
🤖 VILONA AUTONOMOUS TRADER — 2026-06-04 12:27:16 WIB
   Session: OFF_SESSION | Daily PnL: $0.00
============================================================
Traceback (most recent call last):
  File "/home/openclaw/projects/1ai-trade-bot/engines/bitget/scripts/vilona_autonomous_trader.py", line 1171, in <module>
    main()
    ~~~~^^
  File "/home/openclaw/projects/1ai-trade-bot/engines/bitget/scripts/vilona_autonomous_trader.py", line 1167, in main
    trader.run_screening_cycle()
    ~~~~~~~~~~~~~~~~~~~~~~~~~~^^
  File "/home/openclaw/projects/1ai-trade-bot/engines/bitget/scripts/vilona_autonomous_trader.py", line 962, in run_screening_cycle
    macro_risk_mult = self._run_macro_filter()
                      ^^^^^^^^^^^^^^^^^^^^^^
AttributeError: 'VilonaTrader' object has no attribute '_run_macro_filter'
⚠️ Screening returned exit code: 256

💤 Sleeping 15 min until 12:42:16...

────────────────────────────────────────────────────────────
CYCLE #178
────────────────────────────────────────────────────────────

============================================================
🤖 VILONA DAEMON — 2026-06-04 12:42:16 WIB
============================================================
📈 Adaptive: OBI threshold=0.20, WR=N/A
📍 Active positions: 0
🔄 Running screening cycle...

============================================================
🤖 VILONA AUTONOMOUS TRADER — 2026-06-04 12:42:19 WIB
   Session: OFF_SESSION | Daily PnL: $0.00
============================================================
Traceback (most recent call last):
  File "/home/openclaw/projects/1ai-trade-bot/engines/bitget/scripts/vilona_autonomous_trader.py", line 1171, in <module>
    main()
    ~~~~^^
  File "/home/openclaw/projects/1ai-trade-bot/engines/bitget/scripts/vilona_autonomous_trader.py", line 1167, in main
    trader.run_screening_cycle()
    ~~~~~~~~~~~~~~~~~~~~~~~~~~^^
  File "/home/openclaw/projects/1ai-trade-bot/engines/bitget/scripts/vilona_autonomous_trader.py", line 962, in run_screening_cycle
    macro_risk_mult = self._run_macro_filter()
                      ^^^^^^^^^^^^^^^^^^^^^^
AttributeError: 'VilonaTrader' object has no attribute '_run_macro_filter'
⚠️ Screening returned exit code: 256

💤 Sleeping 15 min until 12:57:19...

────────────────────────────────────────────────────────────
CYCLE #179
────────────────────────────────────────────────────────────

============================================================
🤖 VILONA DAEMON — 2026-06-04 12:57:19 WIB
============================================================

💥 Daemon error: [Errno 2] No such file or directory: '/home/openclaw/projects/1ai-trade-bot/engines/bitget/logs/trading/vilona_heartbeat.txt'
Traceback (most recent call last):
  File "/home/openclaw/projects/1ai-trade-bot/engines/bitget/scripts/vilona_daemon_loop.py", line 567, in main
  File "/home/openclaw/projects/1ai-trade-bot/engines/bitget/scripts/vilona_daemon_loop.py", line 508, in run_cycle
  File "/home/openclaw/projects/1ai-trade-bot/engines/bitget/scripts/vilona_daemon_loop.py", line 263, in write_heartbeat
  File "/usr/lib/python3.13/pathlib/_local.py", line 557, in write_text
    return PathBase.write_text(self, data, encoding, errors, newline)
           ~~~~~~~~~~~~~~~~~~~^^^^^^^^^^^^^^^^^^^^^^^^^^^^^^^^^^^^^^^
  File "/usr/lib/python3.13/pathlib/_abc.py", line 651, in write_text
    with self.open(mode='w', encoding=encoding, errors=errors, newline=newline) as f:
         ~~~~~~~~~^^^^^^^^^^^^^^^^^^^^^^^^^^^^^^^^^^^^^^^^^^^^^^^^^^^^^^^^^^^^^
  File "/usr/lib/python3.13/pathlib/_local.py", line 539, in open
    return io.open(self, mode, buffering, encoding, errors, newline)
           ~~~~~~~^^^^^^^^^^^^^^^^^^^^^^^^^^^^^^^^^^^^^^^^^^^^^^^^^^
FileNotFoundError: [Errno 2] No such file or directory: '/home/openclaw/projects/1ai-trade-bot/engines/bitget/logs/trading/vilona_heartbeat.txt'

💤 Sleeping 15 min until 13:12:19...

────────────────────────────────────────────────────────────
CYCLE #180
────────────────────────────────────────────────────────────

============================================================
🤖 VILONA DAEMON — 2026-06-04 13:12:19 WIB
============================================================

💥 Daemon error: [Errno 2] No such file or directory: '/home/openclaw/projects/1ai-trade-bot/engines/bitget/logs/trading/vilona_heartbeat.txt'
Traceback (most recent call last):
  File "/home/openclaw/projects/1ai-trade-bot/engines/bitget/scripts/vilona_daemon_loop.py", line 567, in main
  File "/home/openclaw/projects/1ai-trade-bot/engines/bitget/scripts/vilona_daemon_loop.py", line 508, in run_cycle
  File "/home/openclaw/projects/1ai-trade-bot/engines/bitget/scripts/vilona_daemon_loop.py", line 263, in write_heartbeat
  File "/usr/lib/python3.13/pathlib/_local.py", line 557, in write_text
    return PathBase.write_text(self, data, encoding, errors, newline)
           ~~~~~~~~~~~~~~~~~~~^^^^^^^^^^^^^^^^^^^^^^^^^^^^^^^^^^^^^^^
  File "/usr/lib/python3.13/pathlib/_abc.py", line 651, in write_text
    with self.open(mode='w', encoding=encoding, errors=errors, newline=newline) as f:
         ~~~~~~~~~^^^^^^^^^^^^^^^^^^^^^^^^^^^^^^^^^^^^^^^^^^^^^^^^^^^^^^^^^^^^^
  File "/usr/lib/python3.13/pathlib/_local.py", line 539, in open
    return io.open(self, mode, buffering, encoding, errors, newline)
           ~~~~~~~^^^^^^^^^^^^^^^^^^^^^^^^^^^^^^^^^^^^^^^^^^^^^^^^^^
FileNotFoundError: [Errno 2] No such file or directory: '/home/openclaw/projects/1ai-trade-bot/engines/bitget/logs/trading/vilona_heartbeat.txt'

💤 Sleeping 15 min until 13:27:19...

────────────────────────────────────────────────────────────
CYCLE #181
────────────────────────────────────────────────────────────

============================================================
🤖 VILONA DAEMON — 2026-06-04 13:27:19 WIB
============================================================

💥 Daemon error: [Errno 2] No such file or directory: '/home/openclaw/projects/1ai-trade-bot/engines/bitget/logs/trading/vilona_heartbeat.txt'
Traceback (most recent call last):
  File "/home/openclaw/projects/1ai-trade-bot/engines/bitget/scripts/vilona_daemon_loop.py", line 567, in main
  File "/home/openclaw/projects/1ai-trade-bot/engines/bitget/scripts/vilona_daemon_loop.py", line 508, in run_cycle
  File "/home/openclaw/projects/1ai-trade-bot/engines/bitget/scripts/vilona_daemon_loop.py", line 263, in write_heartbeat
  File "/usr/lib/python3.13/pathlib/_local.py", line 557, in write_text
    return PathBase.write_text(self, data, encoding, errors, newline)
           ~~~~~~~~~~~~~~~~~~~^^^^^^^^^^^^^^^^^^^^^^^^^^^^^^^^^^^^^^^
  File "/usr/lib/python3.13/pathlib/_abc.py", line 651, in write_text
    with self.open(mode='w', encoding=encoding, errors=errors, newline=newline) as f:
         ~~~~~~~~~^^^^^^^^^^^^^^^^^^^^^^^^^^^^^^^^^^^^^^^^^^^^^^^^^^^^^^^^^^^^^
  File "/usr/lib/python3.13/pathlib/_local.py", line 539, in open
    return io.open(self, mode, buffering, encoding, errors, newline)
           ~~~~~~~^^^^^^^^^^^^^^^^^^^^^^^^^^^^^^^^^^^^^^^^^^^^^^^^^^
FileNotFoundError: [Errno 2] No such file or directory: '/home/openclaw/projects/1ai-trade-bot/engines/bitget/logs/trading/vilona_heartbeat.txt'

💤 Sleeping 15 min until 13:42:19...

────────────────────────────────────────────────────────────
CYCLE #182
────────────────────────────────────────────────────────────

============================================================
🤖 VILONA DAEMON — 2026-06-04 13:42:19 WIB
============================================================

💥 Daemon error: [Errno 2] No such file or directory: '/home/openclaw/projects/1ai-trade-bot/engines/bitget/logs/trading/vilona_heartbeat.txt'
Traceback (most recent call last):
  File "/home/openclaw/projects/1ai-trade-bot/engines/bitget/scripts/vilona_daemon_loop.py", line 567, in main
  File "/home/openclaw/projects/1ai-trade-bot/engines/bitget/scripts/vilona_daemon_loop.py", line 508, in run_cycle
  File "/home/openclaw/projects/1ai-trade-bot/engines/bitget/scripts/vilona_daemon_loop.py", line 263, in write_heartbeat
  File "/usr/lib/python3.13/pathlib/_local.py", line 557, in write_text
    return PathBase.write_text(self, data, encoding, errors, newline)
           ~~~~~~~~~~~~~~~~~~~^^^^^^^^^^^^^^^^^^^^^^^^^^^^^^^^^^^^^^^
  File "/usr/lib/python3.13/pathlib/_abc.py", line 651, in write_text
    with self.open(mode='w', encoding=encoding, errors=errors, newline=newline) as f:
         ~~~~~~~~~^^^^^^^^^^^^^^^^^^^^^^^^^^^^^^^^^^^^^^^^^^^^^^^^^^^^^^^^^^^^^
  File "/usr/lib/python3.13/pathlib/_local.py", line 539, in open
    return io.open(self, mode, buffering, encoding, errors, newline)
           ~~~~~~~^^^^^^^^^^^^^^^^^^^^^^^^^^^^^^^^^^^^^^^^^^^^^^^^^^
FileNotFoundError: [Errno 2] No such file or directory: '/home/openclaw/projects/1ai-trade-bot/engines/bitget/logs/trading/vilona_heartbeat.txt'

💤 Sleeping 15 min until 13:57:19...

────────────────────────────────────────────────────────────
CYCLE #183
────────────────────────────────────────────────────────────

============================================================
🤖 VILONA DAEMON — 2026-06-04 13:57:19 WIB
============================================================

💥 Daemon error: [Errno 2] No such file or directory: '/home/openclaw/projects/1ai-trade-bot/engines/bitget/logs/trading/vilona_heartbeat.txt'
Traceback (most recent call last):
  File "/home/openclaw/projects/1ai-trade-bot/engines/bitget/scripts/vilona_daemon_loop.py", line 567, in main
  File "/home/openclaw/projects/1ai-trade-bot/engines/bitget/scripts/vilona_daemon_loop.py", line 508, in run_cycle
  File "/home/openclaw/projects/1ai-trade-bot/engines/bitget/scripts/vilona_daemon_loop.py", line 263, in write_heartbeat
  File "/usr/lib/python3.13/pathlib/_local.py", line 557, in write_text
    return PathBase.write_text(self, data, encoding, errors, newline)
           ~~~~~~~~~~~~~~~~~~~^^^^^^^^^^^^^^^^^^^^^^^^^^^^^^^^^^^^^^^
  File "/usr/lib/python3.13/pathlib/_abc.py", line 651, in write_text
    with self.open(mode='w', encoding=encoding, errors=errors, newline=newline) as f:
         ~~~~~~~~~^^^^^^^^^^^^^^^^^^^^^^^^^^^^^^^^^^^^^^^^^^^^^^^^^^^^^^^^^^^^^
  File "/usr/lib/python3.13/pathlib/_local.py", line 539, in open
    return io.open(self, mode, buffering, encoding, errors, newline)
           ~~~~~~~^^^^^^^^^^^^^^^^^^^^^^^^^^^^^^^^^^^^^^^^^^^^^^^^^^
FileNotFoundError: [Errno 2] No such file or directory: '/home/openclaw/projects/1ai-trade-bot/engines/bitget/logs/trading/vilona_heartbeat.txt'

💤 Sleeping 15 min until 14:12:19...

────────────────────────────────────────────────────────────
CYCLE #184
────────────────────────────────────────────────────────────

============================================================
🤖 VILONA DAEMON — 2026-06-04 14:12:19 WIB
============================================================

💥 Daemon error: [Errno 2] No such file or directory: '/home/openclaw/projects/1ai-trade-bot/engines/bitget/logs/trading/vilona_heartbeat.txt'
Traceback (most recent call last):
  File "/home/openclaw/projects/1ai-trade-bot/engines/bitget/scripts/vilona_daemon_loop.py", line 567, in main
  File "/home/openclaw/projects/1ai-trade-bot/engines/bitget/scripts/vilona_daemon_loop.py", line 508, in run_cycle
  File "/home/openclaw/projects/1ai-trade-bot/engines/bitget/scripts/vilona_daemon_loop.py", line 263, in write_heartbeat
  File "/usr/lib/python3.13/pathlib/_local.py", line 557, in write_text
    return PathBase.write_text(self, data, encoding, errors, newline)
           ~~~~~~~~~~~~~~~~~~~^^^^^^^^^^^^^^^^^^^^^^^^^^^^^^^^^^^^^^^
  File "/usr/lib/python3.13/pathlib/_abc.py", line 651, in write_text
    with self.open(mode='w', encoding=encoding, errors=errors, newline=newline) as f:
         ~~~~~~~~~^^^^^^^^^^^^^^^^^^^^^^^^^^^^^^^^^^^^^^^^^^^^^^^^^^^^^^^^^^^^^
  File "/usr/lib/python3.13/pathlib/_local.py", line 539, in open
    return io.open(self, mode, buffering, encoding, errors, newline)
           ~~~~~~~^^^^^^^^^^^^^^^^^^^^^^^^^^^^^^^^^^^^^^^^^^^^^^^^^^
FileNotFoundError: [Errno 2] No such file or directory: '/home/openclaw/projects/1ai-trade-bot/engines/bitget/logs/trading/vilona_heartbeat.txt'

💤 Sleeping 15 min until 14:27:19...

────────────────────────────────────────────────────────────
CYCLE #185
────────────────────────────────────────────────────────────

============================================================
🤖 VILONA DAEMON — 2026-06-04 14:27:19 WIB
============================================================

💥 Daemon error: [Errno 2] No such file or directory: '/home/openclaw/projects/1ai-trade-bot/engines/bitget/logs/trading/vilona_heartbeat.txt'
Traceback (most recent call last):
  File "/home/openclaw/projects/1ai-trade-bot/engines/bitget/scripts/vilona_daemon_loop.py", line 567, in main
  File "/home/openclaw/projects/1ai-trade-bot/engines/bitget/scripts/vilona_daemon_loop.py", line 508, in run_cycle
  File "/home/openclaw/projects/1ai-trade-bot/engines/bitget/scripts/vilona_daemon_loop.py", line 263, in write_heartbeat
  File "/usr/lib/python3.13/pathlib/_local.py", line 557, in write_text
    return PathBase.write_text(self, data, encoding, errors, newline)
           ~~~~~~~~~~~~~~~~~~~^^^^^^^^^^^^^^^^^^^^^^^^^^^^^^^^^^^^^^^
  File "/usr/lib/python3.13/pathlib/_abc.py", line 651, in write_text
    with self.open(mode='w', encoding=encoding, errors=errors, newline=newline) as f:
         ~~~~~~~~~^^^^^^^^^^^^^^^^^^^^^^^^^^^^^^^^^^^^^^^^^^^^^^^^^^^^^^^^^^^^^
  File "/usr/lib/python3.13/pathlib/_local.py", line 539, in open
    return io.open(self, mode, buffering, encoding, errors, newline)
           ~~~~~~~^^^^^^^^^^^^^^^^^^^^^^^^^^^^^^^^^^^^^^^^^^^^^^^^^^
FileNotFoundError: [Errno 2] No such file or directory: '/home/openclaw/projects/1ai-trade-bot/engines/bitget/logs/trading/vilona_heartbeat.txt'

💤 Sleeping 15 min until 14:42:19...

────────────────────────────────────────────────────────────
CYCLE #186
────────────────────────────────────────────────────────────

============================================================
🤖 VILONA DAEMON — 2026-06-04 14:42:19 WIB
============================================================

💥 Daemon error: [Errno 2] No such file or directory: '/home/openclaw/projects/1ai-trade-bot/engines/bitget/logs/trading/vilona_heartbeat.txt'
Traceback (most recent call last):
  File "/home/openclaw/projects/1ai-trade-bot/engines/bitget/scripts/vilona_daemon_loop.py", line 567, in main
  File "/home/openclaw/projects/1ai-trade-bot/engines/bitget/scripts/vilona_daemon_loop.py", line 508, in run_cycle
  File "/home/openclaw/projects/1ai-trade-bot/engines/bitget/scripts/vilona_daemon_loop.py", line 263, in write_heartbeat
  File "/usr/lib/python3.13/pathlib/_local.py", line 557, in write_text
    return PathBase.write_text(self, data, encoding, errors, newline)
           ~~~~~~~~~~~~~~~~~~~^^^^^^^^^^^^^^^^^^^^^^^^^^^^^^^^^^^^^^^
  File "/usr/lib/python3.13/pathlib/_abc.py", line 651, in write_text
    with self.open(mode='w', encoding=encoding, errors=errors, newline=newline) as f:
         ~~~~~~~~~^^^^^^^^^^^^^^^^^^^^^^^^^^^^^^^^^^^^^^^^^^^^^^^^^^^^^^^^^^^^^
  File "/usr/lib/python3.13/pathlib/_local.py", line 539, in open
    return io.open(self, mode, buffering, encoding, errors, newline)
           ~~~~~~~^^^^^^^^^^^^^^^^^^^^^^^^^^^^^^^^^^^^^^^^^^^^^^^^^^
FileNotFoundError: [Errno 2] No such file or directory: '/home/openclaw/projects/1ai-trade-bot/engines/bitget/logs/trading/vilona_heartbeat.txt'

💤 Sleeping 15 min until 14:57:19...

────────────────────────────────────────────────────────────
CYCLE #187
────────────────────────────────────────────────────────────

============================================================
🤖 VILONA DAEMON — 2026-06-04 14:57:19 WIB
============================================================

💥 Daemon error: [Errno 2] No such file or directory: '/home/openclaw/projects/1ai-trade-bot/engines/bitget/logs/trading/vilona_heartbeat.txt'
Traceback (most recent call last):
  File "/home/openclaw/projects/1ai-trade-bot/engines/bitget/scripts/vilona_daemon_loop.py", line 567, in main
  File "/home/openclaw/projects/1ai-trade-bot/engines/bitget/scripts/vilona_daemon_loop.py", line 508, in run_cycle
  File "/home/openclaw/projects/1ai-trade-bot/engines/bitget/scripts/vilona_daemon_loop.py", line 263, in write_heartbeat
  File "/usr/lib/python3.13/pathlib/_local.py", line 557, in write_text
    return PathBase.write_text(self, data, encoding, errors, newline)
           ~~~~~~~~~~~~~~~~~~~^^^^^^^^^^^^^^^^^^^^^^^^^^^^^^^^^^^^^^^
  File "/usr/lib/python3.13/pathlib/_abc.py", line 651, in write_text
    with self.open(mode='w', encoding=encoding, errors=errors, newline=newline) as f:
         ~~~~~~~~~^^^^^^^^^^^^^^^^^^^^^^^^^^^^^^^^^^^^^^^^^^^^^^^^^^^^^^^^^^^^^
  File "/usr/lib/python3.13/pathlib/_local.py", line 539, in open
    return io.open(self, mode, buffering, encoding, errors, newline)
           ~~~~~~~^^^^^^^^^^^^^^^^^^^^^^^^^^^^^^^^^^^^^^^^^^^^^^^^^^
FileNotFoundError: [Errno 2] No such file or directory: '/home/openclaw/projects/1ai-trade-bot/engines/bitget/logs/trading/vilona_heartbeat.txt'

💤 Sleeping 15 min until 15:12:19...

────────────────────────────────────────────────────────────
CYCLE #188
────────────────────────────────────────────────────────────

============================================================
🤖 VILONA DAEMON — 2026-06-04 15:12:19 WIB
============================================================

💥 Daemon error: [Errno 2] No such file or directory: '/home/openclaw/projects/1ai-trade-bot/engines/bitget/logs/trading/vilona_heartbeat.txt'
Traceback (most recent call last):
  File "/home/openclaw/projects/1ai-trade-bot/engines/bitget/scripts/vilona_daemon_loop.py", line 567, in main
  File "/home/openclaw/projects/1ai-trade-bot/engines/bitget/scripts/vilona_daemon_loop.py", line 508, in run_cycle
  File "/home/openclaw/projects/1ai-trade-bot/engines/bitget/scripts/vilona_daemon_loop.py", line 263, in write_heartbeat
  File "/usr/lib/python3.13/pathlib/_local.py", line 557, in write_text
    return PathBase.write_text(self, data, encoding, errors, newline)
           ~~~~~~~~~~~~~~~~~~~^^^^^^^^^^^^^^^^^^^^^^^^^^^^^^^^^^^^^^^
  File "/usr/lib/python3.13/pathlib/_abc.py", line 651, in write_text
    with self.open(mode='w', encoding=encoding, errors=errors, newline=newline) as f:
         ~~~~~~~~~^^^^^^^^^^^^^^^^^^^^^^^^^^^^^^^^^^^^^^^^^^^^^^^^^^^^^^^^^^^^^
  File "/usr/lib/python3.13/pathlib/_local.py", line 539, in open
    return io.open(self, mode, buffering, encoding, errors, newline)
           ~~~~~~~^^^^^^^^^^^^^^^^^^^^^^^^^^^^^^^^^^^^^^^^^^^^^^^^^^
FileNotFoundError: [Errno 2] No such file or directory: '/home/openclaw/projects/1ai-trade-bot/engines/bitget/logs/trading/vilona_heartbeat.txt'

💤 Sleeping 15 min until 15:27:19...

────────────────────────────────────────────────────────────
CYCLE #189
────────────────────────────────────────────────────────────

============================================================
🤖 VILONA DAEMON — 2026-06-04 15:27:19 WIB
============================================================

💥 Daemon error: [Errno 2] No such file or directory: '/home/openclaw/projects/1ai-trade-bot/engines/bitget/logs/trading/vilona_heartbeat.txt'
Traceback (most recent call last):
  File "/home/openclaw/projects/1ai-trade-bot/engines/bitget/scripts/vilona_daemon_loop.py", line 567, in main
  File "/home/openclaw/projects/1ai-trade-bot/engines/bitget/scripts/vilona_daemon_loop.py", line 508, in run_cycle
  File "/home/openclaw/projects/1ai-trade-bot/engines/bitget/scripts/vilona_daemon_loop.py", line 263, in write_heartbeat
  File "/usr/lib/python3.13/pathlib/_local.py", line 557, in write_text
    return PathBase.write_text(self, data, encoding, errors, newline)
           ~~~~~~~~~~~~~~~~~~~^^^^^^^^^^^^^^^^^^^^^^^^^^^^^^^^^^^^^^^
  File "/usr/lib/python3.13/pathlib/_abc.py", line 651, in write_text
    with self.open(mode='w', encoding=encoding, errors=errors, newline=newline) as f:
         ~~~~~~~~~^^^^^^^^^^^^^^^^^^^^^^^^^^^^^^^^^^^^^^^^^^^^^^^^^^^^^^^^^^^^^
  File "/usr/lib/python3.13/pathlib/_local.py", line 539, in open
    return io.open(self, mode, buffering, encoding, errors, newline)
           ~~~~~~~^^^^^^^^^^^^^^^^^^^^^^^^^^^^^^^^^^^^^^^^^^^^^^^^^^
FileNotFoundError: [Errno 2] No such file or directory: '/home/openclaw/projects/1ai-trade-bot/engines/bitget/logs/trading/vilona_heartbeat.txt'

💤 Sleeping 15 min until 15:42:19...

────────────────────────────────────────────────────────────
CYCLE #190
────────────────────────────────────────────────────────────

============================================================
🤖 VILONA DAEMON — 2026-06-04 15:42:19 WIB
============================================================

💥 Daemon error: [Errno 2] No such file or directory: '/home/openclaw/projects/1ai-trade-bot/engines/bitget/logs/trading/vilona_heartbeat.txt'
Traceback (most recent call last):
  File "/home/openclaw/projects/1ai-trade-bot/engines/bitget/scripts/vilona_daemon_loop.py", line 567, in main
  File "/home/openclaw/projects/1ai-trade-bot/engines/bitget/scripts/vilona_daemon_loop.py", line 508, in run_cycle
  File "/home/openclaw/projects/1ai-trade-bot/engines/bitget/scripts/vilona_daemon_loop.py", line 263, in write_heartbeat
  File "/usr/lib/python3.13/pathlib/_local.py", line 557, in write_text
    return PathBase.write_text(self, data, encoding, errors, newline)
           ~~~~~~~~~~~~~~~~~~~^^^^^^^^^^^^^^^^^^^^^^^^^^^^^^^^^^^^^^^
  File "/usr/lib/python3.13/pathlib/_abc.py", line 651, in write_text
    with self.open(mode='w', encoding=encoding, errors=errors, newline=newline) as f:
         ~~~~~~~~~^^^^^^^^^^^^^^^^^^^^^^^^^^^^^^^^^^^^^^^^^^^^^^^^^^^^^^^^^^^^^
  File "/usr/lib/python3.13/pathlib/_local.py", line 539, in open
    return io.open(self, mode, buffering, encoding, errors, newline)
           ~~~~~~~^^^^^^^^^^^^^^^^^^^^^^^^^^^^^^^^^^^^^^^^^^^^^^^^^^
FileNotFoundError: [Errno 2] No such file or directory: '/home/openclaw/projects/1ai-trade-bot/engines/bitget/logs/trading/vilona_heartbeat.txt'

💤 Sleeping 15 min until 15:57:19...

────────────────────────────────────────────────────────────
CYCLE #191
────────────────────────────────────────────────────────────

============================================================
🤖 VILONA DAEMON — 2026-06-04 15:57:19 WIB
============================================================

💥 Daemon error: [Errno 2] No such file or directory: '/home/openclaw/projects/1ai-trade-bot/engines/bitget/logs/trading/vilona_heartbeat.txt'
Traceback (most recent call last):
  File "/home/openclaw/projects/1ai-trade-bot/engines/bitget/scripts/vilona_daemon_loop.py", line 567, in main
  File "/home/openclaw/projects/1ai-trade-bot/engines/bitget/scripts/vilona_daemon_loop.py", line 508, in run_cycle
  File "/home/openclaw/projects/1ai-trade-bot/engines/bitget/scripts/vilona_daemon_loop.py", line 263, in write_heartbeat
  File "/usr/lib/python3.13/pathlib/_local.py", line 557, in write_text
    return PathBase.write_text(self, data, encoding, errors, newline)
           ~~~~~~~~~~~~~~~~~~~^^^^^^^^^^^^^^^^^^^^^^^^^^^^^^^^^^^^^^^
  File "/usr/lib/python3.13/pathlib/_abc.py", line 651, in write_text
    with self.open(mode='w', encoding=encoding, errors=errors, newline=newline) as f:
         ~~~~~~~~~^^^^^^^^^^^^^^^^^^^^^^^^^^^^^^^^^^^^^^^^^^^^^^^^^^^^^^^^^^^^^
  File "/usr/lib/python3.13/pathlib/_local.py", line 539, in open
    return io.open(self, mode, buffering, encoding, errors, newline)
           ~~~~~~~^^^^^^^^^^^^^^^^^^^^^^^^^^^^^^^^^^^^^^^^^^^^^^^^^^
FileNotFoundError: [Errno 2] No such file or directory: '/home/openclaw/projects/1ai-trade-bot/engines/bitget/logs/trading/vilona_heartbeat.txt'

💤 Sleeping 15 min until 16:12:19...

────────────────────────────────────────────────────────────
CYCLE #192
────────────────────────────────────────────────────────────

============================================================
🤖 VILONA DAEMON — 2026-06-04 16:12:19 WIB
============================================================

💥 Daemon error: [Errno 2] No such file or directory: '/home/openclaw/projects/1ai-trade-bot/engines/bitget/logs/trading/vilona_heartbeat.txt'
Traceback (most recent call last):
  File "/home/openclaw/projects/1ai-trade-bot/engines/bitget/scripts/vilona_daemon_loop.py", line 567, in main
  File "/home/openclaw/projects/1ai-trade-bot/engines/bitget/scripts/vilona_daemon_loop.py", line 508, in run_cycle
  File "/home/openclaw/projects/1ai-trade-bot/engines/bitget/scripts/vilona_daemon_loop.py", line 263, in write_heartbeat
  File "/usr/lib/python3.13/pathlib/_local.py", line 557, in write_text
    return PathBase.write_text(self, data, encoding, errors, newline)
           ~~~~~~~~~~~~~~~~~~~^^^^^^^^^^^^^^^^^^^^^^^^^^^^^^^^^^^^^^^
  File "/usr/lib/python3.13/pathlib/_abc.py", line 651, in write_text
    with self.open(mode='w', encoding=encoding, errors=errors, newline=newline) as f:
         ~~~~~~~~~^^^^^^^^^^^^^^^^^^^^^^^^^^^^^^^^^^^^^^^^^^^^^^^^^^^^^^^^^^^^^
  File "/usr/lib/python3.13/pathlib/_local.py", line 539, in open
    return io.open(self, mode, buffering, encoding, errors, newline)
           ~~~~~~~^^^^^^^^^^^^^^^^^^^^^^^^^^^^^^^^^^^^^^^^^^^^^^^^^^
FileNotFoundError: [Errno 2] No such file or directory: '/home/openclaw/projects/1ai-trade-bot/engines/bitget/logs/trading/vilona_heartbeat.txt'

💤 Sleeping 15 min until 16:27:19...

────────────────────────────────────────────────────────────
CYCLE #193
────────────────────────────────────────────────────────────

============================================================
🤖 VILONA DAEMON — 2026-06-04 16:27:19 WIB
============================================================

💥 Daemon error: [Errno 2] No such file or directory: '/home/openclaw/projects/1ai-trade-bot/engines/bitget/logs/trading/vilona_heartbeat.txt'
Traceback (most recent call last):
  File "/home/openclaw/projects/1ai-trade-bot/engines/bitget/scripts/vilona_daemon_loop.py", line 567, in main
  File "/home/openclaw/projects/1ai-trade-bot/engines/bitget/scripts/vilona_daemon_loop.py", line 508, in run_cycle
  File "/home/openclaw/projects/1ai-trade-bot/engines/bitget/scripts/vilona_daemon_loop.py", line 263, in write_heartbeat
  File "/usr/lib/python3.13/pathlib/_local.py", line 557, in write_text
    return PathBase.write_text(self, data, encoding, errors, newline)
           ~~~~~~~~~~~~~~~~~~~^^^^^^^^^^^^^^^^^^^^^^^^^^^^^^^^^^^^^^^
  File "/usr/lib/python3.13/pathlib/_abc.py", line 651, in write_text
    with self.open(mode='w', encoding=encoding, errors=errors, newline=newline) as f:
         ~~~~~~~~~^^^^^^^^^^^^^^^^^^^^^^^^^^^^^^^^^^^^^^^^^^^^^^^^^^^^^^^^^^^^^
  File "/usr/lib/python3.13/pathlib/_local.py", line 539, in open
    return io.open(self, mode, buffering, encoding, errors, newline)
           ~~~~~~~^^^^^^^^^^^^^^^^^^^^^^^^^^^^^^^^^^^^^^^^^^^^^^^^^^
FileNotFoundError: [Errno 2] No such file or directory: '/home/openclaw/projects/1ai-trade-bot/engines/bitget/logs/trading/vilona_heartbeat.txt'

💤 Sleeping 15 min until 16:42:19...

────────────────────────────────────────────────────────────
CYCLE #194
────────────────────────────────────────────────────────────

============================================================
🤖 VILONA DAEMON — 2026-06-04 16:42:19 WIB
============================================================

💥 Daemon error: [Errno 2] No such file or directory: '/home/openclaw/projects/1ai-trade-bot/engines/bitget/logs/trading/vilona_heartbeat.txt'
Traceback (most recent call last):
  File "/home/openclaw/projects/1ai-trade-bot/engines/bitget/scripts/vilona_daemon_loop.py", line 567, in main
  File "/home/openclaw/projects/1ai-trade-bot/engines/bitget/scripts/vilona_daemon_loop.py", line 508, in run_cycle
  File "/home/openclaw/projects/1ai-trade-bot/engines/bitget/scripts/vilona_daemon_loop.py", line 263, in write_heartbeat
  File "/usr/lib/python3.13/pathlib/_local.py", line 557, in write_text
    return PathBase.write_text(self, data, encoding, errors, newline)
           ~~~~~~~~~~~~~~~~~~~^^^^^^^^^^^^^^^^^^^^^^^^^^^^^^^^^^^^^^^
  File "/usr/lib/python3.13/pathlib/_abc.py", line 651, in write_text
    with self.open(mode='w', encoding=encoding, errors=errors, newline=newline) as f:
         ~~~~~~~~~^^^^^^^^^^^^^^^^^^^^^^^^^^^^^^^^^^^^^^^^^^^^^^^^^^^^^^^^^^^^^
  File "/usr/lib/python3.13/pathlib/_local.py", line 539, in open
    return io.open(self, mode, buffering, encoding, errors, newline)
           ~~~~~~~^^^^^^^^^^^^^^^^^^^^^^^^^^^^^^^^^^^^^^^^^^^^^^^^^^
FileNotFoundError: [Errno 2] No such file or directory: '/home/openclaw/projects/1ai-trade-bot/engines/bitget/logs/trading/vilona_heartbeat.txt'

💤 Sleeping 15 min until 16:57:19...

────────────────────────────────────────────────────────────
CYCLE #195
────────────────────────────────────────────────────────────

============================================================
🤖 VILONA DAEMON — 2026-06-04 16:57:19 WIB
============================================================

💥 Daemon error: [Errno 2] No such file or directory: '/home/openclaw/projects/1ai-trade-bot/engines/bitget/logs/trading/vilona_heartbeat.txt'
Traceback (most recent call last):
  File "/home/openclaw/projects/1ai-trade-bot/engines/bitget/scripts/vilona_daemon_loop.py", line 567, in main
  File "/home/openclaw/projects/1ai-trade-bot/engines/bitget/scripts/vilona_daemon_loop.py", line 508, in run_cycle
  File "/home/openclaw/projects/1ai-trade-bot/engines/bitget/scripts/vilona_daemon_loop.py", line 263, in write_heartbeat
  File "/usr/lib/python3.13/pathlib/_local.py", line 557, in write_text
    return PathBase.write_text(self, data, encoding, errors, newline)
           ~~~~~~~~~~~~~~~~~~~^^^^^^^^^^^^^^^^^^^^^^^^^^^^^^^^^^^^^^^
  File "/usr/lib/python3.13/pathlib/_abc.py", line 651, in write_text
    with self.open(mode='w', encoding=encoding, errors=errors, newline=newline) as f:
         ~~~~~~~~~^^^^^^^^^^^^^^^^^^^^^^^^^^^^^^^^^^^^^^^^^^^^^^^^^^^^^^^^^^^^^
  File "/usr/lib/python3.13/pathlib/_local.py", line 539, in open
    return io.open(self, mode, buffering, encoding, errors, newline)
           ~~~~~~~^^^^^^^^^^^^^^^^^^^^^^^^^^^^^^^^^^^^^^^^^^^^^^^^^^
FileNotFoundError: [Errno 2] No such file or directory: '/home/openclaw/projects/1ai-trade-bot/engines/bitget/logs/trading/vilona_heartbeat.txt'

💤 Sleeping 15 min until 17:12:19...

────────────────────────────────────────────────────────────
CYCLE #196
────────────────────────────────────────────────────────────

============================================================
🤖 VILONA DAEMON — 2026-06-04 17:12:19 WIB
============================================================

💥 Daemon error: [Errno 2] No such file or directory: '/home/openclaw/projects/1ai-trade-bot/engines/bitget/logs/trading/vilona_heartbeat.txt'
Traceback (most recent call last):
  File "/home/openclaw/projects/1ai-trade-bot/engines/bitget/scripts/vilona_daemon_loop.py", line 567, in main
  File "/home/openclaw/projects/1ai-trade-bot/engines/bitget/scripts/vilona_daemon_loop.py", line 508, in run_cycle
  File "/home/openclaw/projects/1ai-trade-bot/engines/bitget/scripts/vilona_daemon_loop.py", line 263, in write_heartbeat
  File "/usr/lib/python3.13/pathlib/_local.py", line 557, in write_text
    return PathBase.write_text(self, data, encoding, errors, newline)
           ~~~~~~~~~~~~~~~~~~~^^^^^^^^^^^^^^^^^^^^^^^^^^^^^^^^^^^^^^^
  File "/usr/lib/python3.13/pathlib/_abc.py", line 651, in write_text
    with self.open(mode='w', encoding=encoding, errors=errors, newline=newline) as f:
         ~~~~~~~~~^^^^^^^^^^^^^^^^^^^^^^^^^^^^^^^^^^^^^^^^^^^^^^^^^^^^^^^^^^^^^
  File "/usr/lib/python3.13/pathlib/_local.py", line 539, in open
    return io.open(self, mode, buffering, encoding, errors, newline)
           ~~~~~~~^^^^^^^^^^^^^^^^^^^^^^^^^^^^^^^^^^^^^^^^^^^^^^^^^^
FileNotFoundError: [Errno 2] No such file or directory: '/home/openclaw/projects/1ai-trade-bot/engines/bitget/logs/trading/vilona_heartbeat.txt'

💤 Sleeping 15 min until 17:27:19...

────────────────────────────────────────────────────────────
CYCLE #197
────────────────────────────────────────────────────────────

============================================================
🤖 VILONA DAEMON — 2026-06-04 17:27:19 WIB
============================================================

💥 Daemon error: [Errno 2] No such file or directory: '/home/openclaw/projects/1ai-trade-bot/engines/bitget/logs/trading/vilona_heartbeat.txt'
Traceback (most recent call last):
  File "/home/openclaw/projects/1ai-trade-bot/engines/bitget/scripts/vilona_daemon_loop.py", line 567, in main
  File "/home/openclaw/projects/1ai-trade-bot/engines/bitget/scripts/vilona_daemon_loop.py", line 508, in run_cycle
  File "/home/openclaw/projects/1ai-trade-bot/engines/bitget/scripts/vilona_daemon_loop.py", line 263, in write_heartbeat
  File "/usr/lib/python3.13/pathlib/_local.py", line 557, in write_text
    return PathBase.write_text(self, data, encoding, errors, newline)
           ~~~~~~~~~~~~~~~~~~~^^^^^^^^^^^^^^^^^^^^^^^^^^^^^^^^^^^^^^^
  File "/usr/lib/python3.13/pathlib/_abc.py", line 651, in write_text
    with self.open(mode='w', encoding=encoding, errors=errors, newline=newline) as f:
         ~~~~~~~~~^^^^^^^^^^^^^^^^^^^^^^^^^^^^^^^^^^^^^^^^^^^^^^^^^^^^^^^^^^^^^
  File "/usr/lib/python3.13/pathlib/_local.py", line 539, in open
    return io.open(self, mode, buffering, encoding, errors, newline)
           ~~~~~~~^^^^^^^^^^^^^^^^^^^^^^^^^^^^^^^^^^^^^^^^^^^^^^^^^^
FileNotFoundError: [Errno 2] No such file or directory: '/home/openclaw/projects/1ai-trade-bot/engines/bitget/logs/trading/vilona_heartbeat.txt'

💤 Sleeping 15 min until 17:42:19...

────────────────────────────────────────────────────────────
CYCLE #198
────────────────────────────────────────────────────────────

============================================================
🤖 VILONA DAEMON — 2026-06-04 17:42:19 WIB
============================================================

💥 Daemon error: [Errno 2] No such file or directory: '/home/openclaw/projects/1ai-trade-bot/engines/bitget/logs/trading/vilona_heartbeat.txt'
Traceback (most recent call last):
  File "/home/openclaw/projects/1ai-trade-bot/engines/bitget/scripts/vilona_daemon_loop.py", line 567, in main
  File "/home/openclaw/projects/1ai-trade-bot/engines/bitget/scripts/vilona_daemon_loop.py", line 508, in run_cycle
  File "/home/openclaw/projects/1ai-trade-bot/engines/bitget/scripts/vilona_daemon_loop.py", line 263, in write_heartbeat
  File "/usr/lib/python3.13/pathlib/_local.py", line 557, in write_text
    return PathBase.write_text(self, data, encoding, errors, newline)
           ~~~~~~~~~~~~~~~~~~~^^^^^^^^^^^^^^^^^^^^^^^^^^^^^^^^^^^^^^^
  File "/usr/lib/python3.13/pathlib/_abc.py", line 651, in write_text
    with self.open(mode='w', encoding=encoding, errors=errors, newline=newline) as f:
         ~~~~~~~~~^^^^^^^^^^^^^^^^^^^^^^^^^^^^^^^^^^^^^^^^^^^^^^^^^^^^^^^^^^^^^
  File "/usr/lib/python3.13/pathlib/_local.py", line 539, in open
    return io.open(self, mode, buffering, encoding, errors, newline)
           ~~~~~~~^^^^^^^^^^^^^^^^^^^^^^^^^^^^^^^^^^^^^^^^^^^^^^^^^^
FileNotFoundError: [Errno 2] No such file or directory: '/home/openclaw/projects/1ai-trade-bot/engines/bitget/logs/trading/vilona_heartbeat.txt'

💤 Sleeping 15 min until 17:57:19...

────────────────────────────────────────────────────────────
CYCLE #199
────────────────────────────────────────────────────────────

============================================================
🤖 VILONA DAEMON — 2026-06-04 17:57:19 WIB
============================================================

💥 Daemon error: [Errno 2] No such file or directory: '/home/openclaw/projects/1ai-trade-bot/engines/bitget/logs/trading/vilona_heartbeat.txt'
Traceback (most recent call last):
  File "/home/openclaw/projects/1ai-trade-bot/engines/bitget/scripts/vilona_daemon_loop.py", line 567, in main
  File "/home/openclaw/projects/1ai-trade-bot/engines/bitget/scripts/vilona_daemon_loop.py", line 508, in run_cycle
  File "/home/openclaw/projects/1ai-trade-bot/engines/bitget/scripts/vilona_daemon_loop.py", line 263, in write_heartbeat
  File "/usr/lib/python3.13/pathlib/_local.py", line 557, in write_text
    return PathBase.write_text(self, data, encoding, errors, newline)
           ~~~~~~~~~~~~~~~~~~~^^^^^^^^^^^^^^^^^^^^^^^^^^^^^^^^^^^^^^^
  File "/usr/lib/python3.13/pathlib/_abc.py", line 651, in write_text
    with self.open(mode='w', encoding=encoding, errors=errors, newline=newline) as f:
         ~~~~~~~~~^^^^^^^^^^^^^^^^^^^^^^^^^^^^^^^^^^^^^^^^^^^^^^^^^^^^^^^^^^^^^
  File "/usr/lib/python3.13/pathlib/_local.py", line 539, in open
    return io.open(self, mode, buffering, encoding, errors, newline)
           ~~~~~~~^^^^^^^^^^^^^^^^^^^^^^^^^^^^^^^^^^^^^^^^^^^^^^^^^^
FileNotFoundError: [Errno 2] No such file or directory: '/home/openclaw/projects/1ai-trade-bot/engines/bitget/logs/trading/vilona_heartbeat.txt'

💤 Sleeping 15 min until 18:12:19...

────────────────────────────────────────────────────────────
CYCLE #200
────────────────────────────────────────────────────────────

============================================================
🤖 VILONA DAEMON — 2026-06-04 18:12:19 WIB
============================================================

💥 Daemon error: [Errno 2] No such file or directory: '/home/openclaw/projects/1ai-trade-bot/engines/bitget/logs/trading/vilona_heartbeat.txt'
Traceback (most recent call last):
  File "/home/openclaw/projects/1ai-trade-bot/engines/bitget/scripts/vilona_daemon_loop.py", line 567, in main
  File "/home/openclaw/projects/1ai-trade-bot/engines/bitget/scripts/vilona_daemon_loop.py", line 508, in run_cycle
  File "/home/openclaw/projects/1ai-trade-bot/engines/bitget/scripts/vilona_daemon_loop.py", line 263, in write_heartbeat
  File "/usr/lib/python3.13/pathlib/_local.py", line 557, in write_text
    return PathBase.write_text(self, data, encoding, errors, newline)
           ~~~~~~~~~~~~~~~~~~~^^^^^^^^^^^^^^^^^^^^^^^^^^^^^^^^^^^^^^^
  File "/usr/lib/python3.13/pathlib/_abc.py", line 651, in write_text
    with self.open(mode='w', encoding=encoding, errors=errors, newline=newline) as f:
         ~~~~~~~~~^^^^^^^^^^^^^^^^^^^^^^^^^^^^^^^^^^^^^^^^^^^^^^^^^^^^^^^^^^^^^
  File "/usr/lib/python3.13/pathlib/_local.py", line 539, in open
    return io.open(self, mode, buffering, encoding, errors, newline)
           ~~~~~~~^^^^^^^^^^^^^^^^^^^^^^^^^^^^^^^^^^^^^^^^^^^^^^^^^^
FileNotFoundError: [Errno 2] No such file or directory: '/home/openclaw/projects/1ai-trade-bot/engines/bitget/logs/trading/vilona_heartbeat.txt'

💤 Sleeping 15 min until 18:27:19...

────────────────────────────────────────────────────────────
CYCLE #201
────────────────────────────────────────────────────────────

============================================================
🤖 VILONA DAEMON — 2026-06-04 18:27:19 WIB
============================================================

💥 Daemon error: [Errno 2] No such file or directory: '/home/openclaw/projects/1ai-trade-bot/engines/bitget/logs/trading/vilona_heartbeat.txt'
Traceback (most recent call last):
  File "/home/openclaw/projects/1ai-trade-bot/engines/bitget/scripts/vilona_daemon_loop.py", line 567, in main
  File "/home/openclaw/projects/1ai-trade-bot/engines/bitget/scripts/vilona_daemon_loop.py", line 508, in run_cycle
  File "/home/openclaw/projects/1ai-trade-bot/engines/bitget/scripts/vilona_daemon_loop.py", line 263, in write_heartbeat
  File "/usr/lib/python3.13/pathlib/_local.py", line 557, in write_text
    return PathBase.write_text(self, data, encoding, errors, newline)
           ~~~~~~~~~~~~~~~~~~~^^^^^^^^^^^^^^^^^^^^^^^^^^^^^^^^^^^^^^^
  File "/usr/lib/python3.13/pathlib/_abc.py", line 651, in write_text
    with self.open(mode='w', encoding=encoding, errors=errors, newline=newline) as f:
         ~~~~~~~~~^^^^^^^^^^^^^^^^^^^^^^^^^^^^^^^^^^^^^^^^^^^^^^^^^^^^^^^^^^^^^
  File "/usr/lib/python3.13/pathlib/_local.py", line 539, in open
    return io.open(self, mode, buffering, encoding, errors, newline)
           ~~~~~~~^^^^^^^^^^^^^^^^^^^^^^^^^^^^^^^^^^^^^^^^^^^^^^^^^^
FileNotFoundError: [Errno 2] No such file or directory: '/home/openclaw/projects/1ai-trade-bot/engines/bitget/logs/trading/vilona_heartbeat.txt'

💤 Sleeping 15 min until 18:42:19...

────────────────────────────────────────────────────────────
CYCLE #202
────────────────────────────────────────────────────────────

============================================================
🤖 VILONA DAEMON — 2026-06-04 18:42:19 WIB
============================================================

💥 Daemon error: [Errno 2] No such file or directory: '/home/openclaw/projects/1ai-trade-bot/engines/bitget/logs/trading/vilona_heartbeat.txt'
Traceback (most recent call last):
  File "/home/openclaw/projects/1ai-trade-bot/engines/bitget/scripts/vilona_daemon_loop.py", line 567, in main
  File "/home/openclaw/projects/1ai-trade-bot/engines/bitget/scripts/vilona_daemon_loop.py", line 508, in run_cycle
  File "/home/openclaw/projects/1ai-trade-bot/engines/bitget/scripts/vilona_daemon_loop.py", line 263, in write_heartbeat
  File "/usr/lib/python3.13/pathlib/_local.py", line 557, in write_text
    return PathBase.write_text(self, data, encoding, errors, newline)
           ~~~~~~~~~~~~~~~~~~~^^^^^^^^^^^^^^^^^^^^^^^^^^^^^^^^^^^^^^^
  File "/usr/lib/python3.13/pathlib/_abc.py", line 651, in write_text
    with self.open(mode='w', encoding=encoding, errors=errors, newline=newline) as f:
         ~~~~~~~~~^^^^^^^^^^^^^^^^^^^^^^^^^^^^^^^^^^^^^^^^^^^^^^^^^^^^^^^^^^^^^
  File "/usr/lib/python3.13/pathlib/_local.py", line 539, in open
    return io.open(self, mode, buffering, encoding, errors, newline)
           ~~~~~~~^^^^^^^^^^^^^^^^^^^^^^^^^^^^^^^^^^^^^^^^^^^^^^^^^^
FileNotFoundError: [Errno 2] No such file or directory: '/home/openclaw/projects/1ai-trade-bot/engines/bitget/logs/trading/vilona_heartbeat.txt'

💤 Sleeping 15 min until 18:57:19...

────────────────────────────────────────────────────────────
CYCLE #203
────────────────────────────────────────────────────────────

============================================================
🤖 VILONA DAEMON — 2026-06-04 18:57:19 WIB
============================================================

💥 Daemon error: [Errno 2] No such file or directory: '/home/openclaw/projects/1ai-trade-bot/engines/bitget/logs/trading/vilona_heartbeat.txt'
Traceback (most recent call last):
  File "/home/openclaw/projects/1ai-trade-bot/engines/bitget/scripts/vilona_daemon_loop.py", line 567, in main
  File "/home/openclaw/projects/1ai-trade-bot/engines/bitget/scripts/vilona_daemon_loop.py", line 508, in run_cycle
  File "/home/openclaw/projects/1ai-trade-bot/engines/bitget/scripts/vilona_daemon_loop.py", line 263, in write_heartbeat
  File "/usr/lib/python3.13/pathlib/_local.py", line 557, in write_text
    return PathBase.write_text(self, data, encoding, errors, newline)
           ~~~~~~~~~~~~~~~~~~~^^^^^^^^^^^^^^^^^^^^^^^^^^^^^^^^^^^^^^^
  File "/usr/lib/python3.13/pathlib/_abc.py", line 651, in write_text
    with self.open(mode='w', encoding=encoding, errors=errors, newline=newline) as f:
         ~~~~~~~~~^^^^^^^^^^^^^^^^^^^^^^^^^^^^^^^^^^^^^^^^^^^^^^^^^^^^^^^^^^^^^
  File "/usr/lib/python3.13/pathlib/_local.py", line 539, in open
    return io.open(self, mode, buffering, encoding, errors, newline)
           ~~~~~~~^^^^^^^^^^^^^^^^^^^^^^^^^^^^^^^^^^^^^^^^^^^^^^^^^^
FileNotFoundError: [Errno 2] No such file or directory: '/home/openclaw/projects/1ai-trade-bot/engines/bitget/logs/trading/vilona_heartbeat.txt'

💤 Sleeping 15 min until 19:12:19...

────────────────────────────────────────────────────────────
CYCLE #204
────────────────────────────────────────────────────────────

============================================================
🤖 VILONA DAEMON — 2026-06-04 19:12:19 WIB
============================================================

💥 Daemon error: [Errno 2] No such file or directory: '/home/openclaw/projects/1ai-trade-bot/engines/bitget/logs/trading/vilona_heartbeat.txt'
Traceback (most recent call last):
  File "/home/openclaw/projects/1ai-trade-bot/engines/bitget/scripts/vilona_daemon_loop.py", line 567, in main
  File "/home/openclaw/projects/1ai-trade-bot/engines/bitget/scripts/vilona_daemon_loop.py", line 508, in run_cycle
  File "/home/openclaw/projects/1ai-trade-bot/engines/bitget/scripts/vilona_daemon_loop.py", line 263, in write_heartbeat
  File "/usr/lib/python3.13/pathlib/_local.py", line 557, in write_text
    return PathBase.write_text(self, data, encoding, errors, newline)
           ~~~~~~~~~~~~~~~~~~~^^^^^^^^^^^^^^^^^^^^^^^^^^^^^^^^^^^^^^^
  File "/usr/lib/python3.13/pathlib/_abc.py", line 651, in write_text
    with self.open(mode='w', encoding=encoding, errors=errors, newline=newline) as f:
         ~~~~~~~~~^^^^^^^^^^^^^^^^^^^^^^^^^^^^^^^^^^^^^^^^^^^^^^^^^^^^^^^^^^^^^
  File "/usr/lib/python3.13/pathlib/_local.py", line 539, in open
    return io.open(self, mode, buffering, encoding, errors, newline)
           ~~~~~~~^^^^^^^^^^^^^^^^^^^^^^^^^^^^^^^^^^^^^^^^^^^^^^^^^^
FileNotFoundError: [Errno 2] No such file or directory: '/home/openclaw/projects/1ai-trade-bot/engines/bitget/logs/trading/vilona_heartbeat.txt'

💤 Sleeping 15 min until 19:27:19...

────────────────────────────────────────────────────────────
CYCLE #205
────────────────────────────────────────────────────────────

============================================================
🤖 VILONA DAEMON — 2026-06-04 19:27:19 WIB
============================================================

💥 Daemon error: [Errno 2] No such file or directory: '/home/openclaw/projects/1ai-trade-bot/engines/bitget/logs/trading/vilona_heartbeat.txt'
Traceback (most recent call last):
  File "/home/openclaw/projects/1ai-trade-bot/engines/bitget/scripts/vilona_daemon_loop.py", line 567, in main
  File "/home/openclaw/projects/1ai-trade-bot/engines/bitget/scripts/vilona_daemon_loop.py", line 508, in run_cycle
  File "/home/openclaw/projects/1ai-trade-bot/engines/bitget/scripts/vilona_daemon_loop.py", line 263, in write_heartbeat
  File "/usr/lib/python3.13/pathlib/_local.py", line 557, in write_text
    return PathBase.write_text(self, data, encoding, errors, newline)
           ~~~~~~~~~~~~~~~~~~~^^^^^^^^^^^^^^^^^^^^^^^^^^^^^^^^^^^^^^^
  File "/usr/lib/python3.13/pathlib/_abc.py", line 651, in write_text
    with self.open(mode='w', encoding=encoding, errors=errors, newline=newline) as f:
         ~~~~~~~~~^^^^^^^^^^^^^^^^^^^^^^^^^^^^^^^^^^^^^^^^^^^^^^^^^^^^^^^^^^^^^
  File "/usr/lib/python3.13/pathlib/_local.py", line 539, in open
    return io.open(self, mode, buffering, encoding, errors, newline)
           ~~~~~~~^^^^^^^^^^^^^^^^^^^^^^^^^^^^^^^^^^^^^^^^^^^^^^^^^^
FileNotFoundError: [Errno 2] No such file or directory: '/home/openclaw/projects/1ai-trade-bot/engines/bitget/logs/trading/vilona_heartbeat.txt'

💤 Sleeping 15 min until 19:42:19...

────────────────────────────────────────────────────────────
CYCLE #206
────────────────────────────────────────────────────────────

============================================================
🤖 VILONA DAEMON — 2026-06-04 19:42:19 WIB
============================================================

💥 Daemon error: [Errno 2] No such file or directory: '/home/openclaw/projects/1ai-trade-bot/engines/bitget/logs/trading/vilona_heartbeat.txt'
Traceback (most recent call last):
  File "/home/openclaw/projects/1ai-trade-bot/engines/bitget/scripts/vilona_daemon_loop.py", line 567, in main
  File "/home/openclaw/projects/1ai-trade-bot/engines/bitget/scripts/vilona_daemon_loop.py", line 508, in run_cycle
  File "/home/openclaw/projects/1ai-trade-bot/engines/bitget/scripts/vilona_daemon_loop.py", line 263, in write_heartbeat
  File "/usr/lib/python3.13/pathlib/_local.py", line 557, in write_text
    return PathBase.write_text(self, data, encoding, errors, newline)
           ~~~~~~~~~~~~~~~~~~~^^^^^^^^^^^^^^^^^^^^^^^^^^^^^^^^^^^^^^^
  File "/usr/lib/python3.13/pathlib/_abc.py", line 651, in write_text
    with self.open(mode='w', encoding=encoding, errors=errors, newline=newline) as f:
         ~~~~~~~~~^^^^^^^^^^^^^^^^^^^^^^^^^^^^^^^^^^^^^^^^^^^^^^^^^^^^^^^^^^^^^
  File "/usr/lib/python3.13/pathlib/_local.py", line 539, in open
    return io.open(self, mode, buffering, encoding, errors, newline)
           ~~~~~~~^^^^^^^^^^^^^^^^^^^^^^^^^^^^^^^^^^^^^^^^^^^^^^^^^^
FileNotFoundError: [Errno 2] No such file or directory: '/home/openclaw/projects/1ai-trade-bot/engines/bitget/logs/trading/vilona_heartbeat.txt'

💤 Sleeping 15 min until 19:57:19...

────────────────────────────────────────────────────────────
CYCLE #207
────────────────────────────────────────────────────────────

============================================================
🤖 VILONA DAEMON — 2026-06-04 19:57:19 WIB
============================================================

💥 Daemon error: [Errno 2] No such file or directory: '/home/openclaw/projects/1ai-trade-bot/engines/bitget/logs/trading/vilona_heartbeat.txt'
Traceback (most recent call last):
  File "/home/openclaw/projects/1ai-trade-bot/engines/bitget/scripts/vilona_daemon_loop.py", line 567, in main
  File "/home/openclaw/projects/1ai-trade-bot/engines/bitget/scripts/vilona_daemon_loop.py", line 508, in run_cycle
  File "/home/openclaw/projects/1ai-trade-bot/engines/bitget/scripts/vilona_daemon_loop.py", line 263, in write_heartbeat
  File "/usr/lib/python3.13/pathlib/_local.py", line 557, in write_text
    return PathBase.write_text(self, data, encoding, errors, newline)
           ~~~~~~~~~~~~~~~~~~~^^^^^^^^^^^^^^^^^^^^^^^^^^^^^^^^^^^^^^^
  File "/usr/lib/python3.13/pathlib/_abc.py", line 651, in write_text
    with self.open(mode='w', encoding=encoding, errors=errors, newline=newline) as f:
         ~~~~~~~~~^^^^^^^^^^^^^^^^^^^^^^^^^^^^^^^^^^^^^^^^^^^^^^^^^^^^^^^^^^^^^
  File "/usr/lib/python3.13/pathlib/_local.py", line 539, in open
    return io.open(self, mode, buffering, encoding, errors, newline)
           ~~~~~~~^^^^^^^^^^^^^^^^^^^^^^^^^^^^^^^^^^^^^^^^^^^^^^^^^^
FileNotFoundError: [Errno 2] No such file or directory: '/home/openclaw/projects/1ai-trade-bot/engines/bitget/logs/trading/vilona_heartbeat.txt'

💤 Sleeping 15 min until 20:12:19...

────────────────────────────────────────────────────────────
CYCLE #208
────────────────────────────────────────────────────────────

============================================================
🤖 VILONA DAEMON — 2026-06-04 20:12:19 WIB
============================================================

💥 Daemon error: [Errno 2] No such file or directory: '/home/openclaw/projects/1ai-trade-bot/engines/bitget/logs/trading/vilona_heartbeat.txt'
Traceback (most recent call last):
  File "/home/openclaw/projects/1ai-trade-bot/engines/bitget/scripts/vilona_daemon_loop.py", line 567, in main
  File "/home/openclaw/projects/1ai-trade-bot/engines/bitget/scripts/vilona_daemon_loop.py", line 508, in run_cycle
  File "/home/openclaw/projects/1ai-trade-bot/engines/bitget/scripts/vilona_daemon_loop.py", line 263, in write_heartbeat
  File "/usr/lib/python3.13/pathlib/_local.py", line 557, in write_text
    return PathBase.write_text(self, data, encoding, errors, newline)
           ~~~~~~~~~~~~~~~~~~~^^^^^^^^^^^^^^^^^^^^^^^^^^^^^^^^^^^^^^^
  File "/usr/lib/python3.13/pathlib/_abc.py", line 651, in write_text
    with self.open(mode='w', encoding=encoding, errors=errors, newline=newline) as f:
         ~~~~~~~~~^^^^^^^^^^^^^^^^^^^^^^^^^^^^^^^^^^^^^^^^^^^^^^^^^^^^^^^^^^^^^
  File "/usr/lib/python3.13/pathlib/_local.py", line 539, in open
    return io.open(self, mode, buffering, encoding, errors, newline)
           ~~~~~~~^^^^^^^^^^^^^^^^^^^^^^^^^^^^^^^^^^^^^^^^^^^^^^^^^^
FileNotFoundError: [Errno 2] No such file or directory: '/home/openclaw/projects/1ai-trade-bot/engines/bitget/logs/trading/vilona_heartbeat.txt'

💤 Sleeping 15 min until 20:27:19...

────────────────────────────────────────────────────────────
CYCLE #209
────────────────────────────────────────────────────────────

============================================================
🤖 VILONA DAEMON — 2026-06-04 20:27:19 WIB
============================================================

💥 Daemon error: [Errno 2] No such file or directory: '/home/openclaw/projects/1ai-trade-bot/engines/bitget/logs/trading/vilona_heartbeat.txt'
Traceback (most recent call last):
  File "/home/openclaw/projects/1ai-trade-bot/engines/bitget/scripts/vilona_daemon_loop.py", line 567, in main
  File "/home/openclaw/projects/1ai-trade-bot/engines/bitget/scripts/vilona_daemon_loop.py", line 508, in run_cycle
  File "/home/openclaw/projects/1ai-trade-bot/engines/bitget/scripts/vilona_daemon_loop.py", line 263, in write_heartbeat
  File "/usr/lib/python3.13/pathlib/_local.py", line 557, in write_text
    return PathBase.write_text(self, data, encoding, errors, newline)
           ~~~~~~~~~~~~~~~~~~~^^^^^^^^^^^^^^^^^^^^^^^^^^^^^^^^^^^^^^^
  File "/usr/lib/python3.13/pathlib/_abc.py", line 651, in write_text
    with self.open(mode='w', encoding=encoding, errors=errors, newline=newline) as f:
         ~~~~~~~~~^^^^^^^^^^^^^^^^^^^^^^^^^^^^^^^^^^^^^^^^^^^^^^^^^^^^^^^^^^^^^
  File "/usr/lib/python3.13/pathlib/_local.py", line 539, in open
    return io.open(self, mode, buffering, encoding, errors, newline)
           ~~~~~~~^^^^^^^^^^^^^^^^^^^^^^^^^^^^^^^^^^^^^^^^^^^^^^^^^^
FileNotFoundError: [Errno 2] No such file or directory: '/home/openclaw/projects/1ai-trade-bot/engines/bitget/logs/trading/vilona_heartbeat.txt'

💤 Sleeping 15 min until 20:42:19...

────────────────────────────────────────────────────────────
CYCLE #210
────────────────────────────────────────────────────────────

============================================================
🤖 VILONA DAEMON — 2026-06-04 20:42:19 WIB
============================================================

💥 Daemon error: [Errno 2] No such file or directory: '/home/openclaw/projects/1ai-trade-bot/engines/bitget/logs/trading/vilona_heartbeat.txt'
Traceback (most recent call last):
  File "/home/openclaw/projects/1ai-trade-bot/engines/bitget/scripts/vilona_daemon_loop.py", line 567, in main
  File "/home/openclaw/projects/1ai-trade-bot/engines/bitget/scripts/vilona_daemon_loop.py", line 508, in run_cycle
  File "/home/openclaw/projects/1ai-trade-bot/engines/bitget/scripts/vilona_daemon_loop.py", line 263, in write_heartbeat
  File "/usr/lib/python3.13/pathlib/_local.py", line 557, in write_text
    return PathBase.write_text(self, data, encoding, errors, newline)
           ~~~~~~~~~~~~~~~~~~~^^^^^^^^^^^^^^^^^^^^^^^^^^^^^^^^^^^^^^^
  File "/usr/lib/python3.13/pathlib/_abc.py", line 651, in write_text
    with self.open(mode='w', encoding=encoding, errors=errors, newline=newline) as f:
         ~~~~~~~~~^^^^^^^^^^^^^^^^^^^^^^^^^^^^^^^^^^^^^^^^^^^^^^^^^^^^^^^^^^^^^
  File "/usr/lib/python3.13/pathlib/_local.py", line 539, in open
    return io.open(self, mode, buffering, encoding, errors, newline)
           ~~~~~~~^^^^^^^^^^^^^^^^^^^^^^^^^^^^^^^^^^^^^^^^^^^^^^^^^^
FileNotFoundError: [Errno 2] No such file or directory: '/home/openclaw/projects/1ai-trade-bot/engines/bitget/logs/trading/vilona_heartbeat.txt'

💤 Sleeping 15 min until 20:57:19...

────────────────────────────────────────────────────────────
CYCLE #211
────────────────────────────────────────────────────────────

============================================================
🤖 VILONA DAEMON — 2026-06-04 20:57:19 WIB
============================================================

💥 Daemon error: [Errno 2] No such file or directory: '/home/openclaw/projects/1ai-trade-bot/engines/bitget/logs/trading/vilona_heartbeat.txt'
Traceback (most recent call last):
  File "/home/openclaw/projects/1ai-trade-bot/engines/bitget/scripts/vilona_daemon_loop.py", line 567, in main
  File "/home/openclaw/projects/1ai-trade-bot/engines/bitget/scripts/vilona_daemon_loop.py", line 508, in run_cycle
  File "/home/openclaw/projects/1ai-trade-bot/engines/bitget/scripts/vilona_daemon_loop.py", line 263, in write_heartbeat
  File "/usr/lib/python3.13/pathlib/_local.py", line 557, in write_text
    return PathBase.write_text(self, data, encoding, errors, newline)
           ~~~~~~~~~~~~~~~~~~~^^^^^^^^^^^^^^^^^^^^^^^^^^^^^^^^^^^^^^^
  File "/usr/lib/python3.13/pathlib/_abc.py", line 651, in write_text
    with self.open(mode='w', encoding=encoding, errors=errors, newline=newline) as f:
         ~~~~~~~~~^^^^^^^^^^^^^^^^^^^^^^^^^^^^^^^^^^^^^^^^^^^^^^^^^^^^^^^^^^^^^
  File "/usr/lib/python3.13/pathlib/_local.py", line 539, in open
    return io.open(self, mode, buffering, encoding, errors, newline)
           ~~~~~~~^^^^^^^^^^^^^^^^^^^^^^^^^^^^^^^^^^^^^^^^^^^^^^^^^^
FileNotFoundError: [Errno 2] No such file or directory: '/home/openclaw/projects/1ai-trade-bot/engines/bitget/logs/trading/vilona_heartbeat.txt'

💤 Sleeping 15 min until 21:12:19...

────────────────────────────────────────────────────────────
CYCLE #212
────────────────────────────────────────────────────────────

============================================================
🤖 VILONA DAEMON — 2026-06-04 21:12:19 WIB
============================================================

💥 Daemon error: [Errno 2] No such file or directory: '/home/openclaw/projects/1ai-trade-bot/engines/bitget/logs/trading/vilona_heartbeat.txt'
Traceback (most recent call last):
  File "/home/openclaw/projects/1ai-trade-bot/engines/bitget/scripts/vilona_daemon_loop.py", line 567, in main
  File "/home/openclaw/projects/1ai-trade-bot/engines/bitget/scripts/vilona_daemon_loop.py", line 508, in run_cycle
  File "/home/openclaw/projects/1ai-trade-bot/engines/bitget/scripts/vilona_daemon_loop.py", line 263, in write_heartbeat
  File "/usr/lib/python3.13/pathlib/_local.py", line 557, in write_text
    return PathBase.write_text(self, data, encoding, errors, newline)
           ~~~~~~~~~~~~~~~~~~~^^^^^^^^^^^^^^^^^^^^^^^^^^^^^^^^^^^^^^^
  File "/usr/lib/python3.13/pathlib/_abc.py", line 651, in write_text
    with self.open(mode='w', encoding=encoding, errors=errors, newline=newline) as f:
         ~~~~~~~~~^^^^^^^^^^^^^^^^^^^^^^^^^^^^^^^^^^^^^^^^^^^^^^^^^^^^^^^^^^^^^
  File "/usr/lib/python3.13/pathlib/_local.py", line 539, in open
    return io.open(self, mode, buffering, encoding, errors, newline)
           ~~~~~~~^^^^^^^^^^^^^^^^^^^^^^^^^^^^^^^^^^^^^^^^^^^^^^^^^^
FileNotFoundError: [Errno 2] No such file or directory: '/home/openclaw/projects/1ai-trade-bot/engines/bitget/logs/trading/vilona_heartbeat.txt'

💤 Sleeping 15 min until 21:27:19...

────────────────────────────────────────────────────────────
CYCLE #213
────────────────────────────────────────────────────────────

============================================================
🤖 VILONA DAEMON — 2026-06-04 21:27:19 WIB
============================================================

💥 Daemon error: [Errno 2] No such file or directory: '/home/openclaw/projects/1ai-trade-bot/engines/bitget/logs/trading/vilona_heartbeat.txt'
Traceback (most recent call last):
  File "/home/openclaw/projects/1ai-trade-bot/engines/bitget/scripts/vilona_daemon_loop.py", line 567, in main
  File "/home/openclaw/projects/1ai-trade-bot/engines/bitget/scripts/vilona_daemon_loop.py", line 508, in run_cycle
  File "/home/openclaw/projects/1ai-trade-bot/engines/bitget/scripts/vilona_daemon_loop.py", line 263, in write_heartbeat
  File "/usr/lib/python3.13/pathlib/_local.py", line 557, in write_text
    return PathBase.write_text(self, data, encoding, errors, newline)
           ~~~~~~~~~~~~~~~~~~~^^^^^^^^^^^^^^^^^^^^^^^^^^^^^^^^^^^^^^^
  File "/usr/lib/python3.13/pathlib/_abc.py", line 651, in write_text
    with self.open(mode='w', encoding=encoding, errors=errors, newline=newline) as f:
         ~~~~~~~~~^^^^^^^^^^^^^^^^^^^^^^^^^^^^^^^^^^^^^^^^^^^^^^^^^^^^^^^^^^^^^
  File "/usr/lib/python3.13/pathlib/_local.py", line 539, in open
    return io.open(self, mode, buffering, encoding, errors, newline)
           ~~~~~~~^^^^^^^^^^^^^^^^^^^^^^^^^^^^^^^^^^^^^^^^^^^^^^^^^^
FileNotFoundError: [Errno 2] No such file or directory: '/home/openclaw/projects/1ai-trade-bot/engines/bitget/logs/trading/vilona_heartbeat.txt'

💤 Sleeping 15 min until 21:42:19...

────────────────────────────────────────────────────────────
CYCLE #214
────────────────────────────────────────────────────────────

============================================================
🤖 VILONA DAEMON — 2026-06-04 21:42:19 WIB
============================================================

💥 Daemon error: [Errno 2] No such file or directory: '/home/openclaw/projects/1ai-trade-bot/engines/bitget/logs/trading/vilona_heartbeat.txt'
Traceback (most recent call last):
  File "/home/openclaw/projects/1ai-trade-bot/engines/bitget/scripts/vilona_daemon_loop.py", line 567, in main
  File "/home/openclaw/projects/1ai-trade-bot/engines/bitget/scripts/vilona_daemon_loop.py", line 508, in run_cycle
  File "/home/openclaw/projects/1ai-trade-bot/engines/bitget/scripts/vilona_daemon_loop.py", line 263, in write_heartbeat
  File "/usr/lib/python3.13/pathlib/_local.py", line 557, in write_text
    return PathBase.write_text(self, data, encoding, errors, newline)
           ~~~~~~~~~~~~~~~~~~~^^^^^^^^^^^^^^^^^^^^^^^^^^^^^^^^^^^^^^^
  File "/usr/lib/python3.13/pathlib/_abc.py", line 651, in write_text
    with self.open(mode='w', encoding=encoding, errors=errors, newline=newline) as f:
         ~~~~~~~~~^^^^^^^^^^^^^^^^^^^^^^^^^^^^^^^^^^^^^^^^^^^^^^^^^^^^^^^^^^^^^
  File "/usr/lib/python3.13/pathlib/_local.py", line 539, in open
    return io.open(self, mode, buffering, encoding, errors, newline)
           ~~~~~~~^^^^^^^^^^^^^^^^^^^^^^^^^^^^^^^^^^^^^^^^^^^^^^^^^^
FileNotFoundError: [Errno 2] No such file or directory: '/home/openclaw/projects/1ai-trade-bot/engines/bitget/logs/trading/vilona_heartbeat.txt'

💤 Sleeping 15 min until 21:57:19...

────────────────────────────────────────────────────────────
CYCLE #215
────────────────────────────────────────────────────────────

============================================================
🤖 VILONA DAEMON — 2026-06-04 21:57:19 WIB
============================================================

💥 Daemon error: [Errno 2] No such file or directory: '/home/openclaw/projects/1ai-trade-bot/engines/bitget/logs/trading/vilona_heartbeat.txt'
Traceback (most recent call last):
  File "/home/openclaw/projects/1ai-trade-bot/engines/bitget/scripts/vilona_daemon_loop.py", line 567, in main
  File "/home/openclaw/projects/1ai-trade-bot/engines/bitget/scripts/vilona_daemon_loop.py", line 508, in run_cycle
  File "/home/openclaw/projects/1ai-trade-bot/engines/bitget/scripts/vilona_daemon_loop.py", line 263, in write_heartbeat
  File "/usr/lib/python3.13/pathlib/_local.py", line 557, in write_text
    return PathBase.write_text(self, data, encoding, errors, newline)
           ~~~~~~~~~~~~~~~~~~~^^^^^^^^^^^^^^^^^^^^^^^^^^^^^^^^^^^^^^^
  File "/usr/lib/python3.13/pathlib/_abc.py", line 651, in write_text
    with self.open(mode='w', encoding=encoding, errors=errors, newline=newline) as f:
         ~~~~~~~~~^^^^^^^^^^^^^^^^^^^^^^^^^^^^^^^^^^^^^^^^^^^^^^^^^^^^^^^^^^^^^
  File "/usr/lib/python3.13/pathlib/_local.py", line 539, in open
    return io.open(self, mode, buffering, encoding, errors, newline)
           ~~~~~~~^^^^^^^^^^^^^^^^^^^^^^^^^^^^^^^^^^^^^^^^^^^^^^^^^^
FileNotFoundError: [Errno 2] No such file or directory: '/home/openclaw/projects/1ai-trade-bot/engines/bitget/logs/trading/vilona_heartbeat.txt'

💤 Sleeping 15 min until 22:12:19...

────────────────────────────────────────────────────────────
CYCLE #216
────────────────────────────────────────────────────────────

============================================================
🤖 VILONA DAEMON — 2026-06-04 22:12:19 WIB
============================================================

💥 Daemon error: [Errno 2] No such file or directory: '/home/openclaw/projects/1ai-trade-bot/engines/bitget/logs/trading/vilona_heartbeat.txt'
Traceback (most recent call last):
  File "/home/openclaw/projects/1ai-trade-bot/engines/bitget/scripts/vilona_daemon_loop.py", line 567, in main
  File "/home/openclaw/projects/1ai-trade-bot/engines/bitget/scripts/vilona_daemon_loop.py", line 508, in run_cycle
  File "/home/openclaw/projects/1ai-trade-bot/engines/bitget/scripts/vilona_daemon_loop.py", line 263, in write_heartbeat
  File "/usr/lib/python3.13/pathlib/_local.py", line 557, in write_text
    return PathBase.write_text(self, data, encoding, errors, newline)
           ~~~~~~~~~~~~~~~~~~~^^^^^^^^^^^^^^^^^^^^^^^^^^^^^^^^^^^^^^^
  File "/usr/lib/python3.13/pathlib/_abc.py", line 651, in write_text
    with self.open(mode='w', encoding=encoding, errors=errors, newline=newline) as f:
         ~~~~~~~~~^^^^^^^^^^^^^^^^^^^^^^^^^^^^^^^^^^^^^^^^^^^^^^^^^^^^^^^^^^^^^
  File "/usr/lib/python3.13/pathlib/_local.py", line 539, in open
    return io.open(self, mode, buffering, encoding, errors, newline)
           ~~~~~~~^^^^^^^^^^^^^^^^^^^^^^^^^^^^^^^^^^^^^^^^^^^^^^^^^^
FileNotFoundError: [Errno 2] No such file or directory: '/home/openclaw/projects/1ai-trade-bot/engines/bitget/logs/trading/vilona_heartbeat.txt'

💤 Sleeping 15 min until 22:27:19...

────────────────────────────────────────────────────────────
CYCLE #217
────────────────────────────────────────────────────────────

============================================================
🤖 VILONA DAEMON — 2026-06-04 22:27:19 WIB
============================================================

💥 Daemon error: [Errno 2] No such file or directory: '/home/openclaw/projects/1ai-trade-bot/engines/bitget/logs/trading/vilona_heartbeat.txt'
Traceback (most recent call last):
  File "/home/openclaw/projects/1ai-trade-bot/engines/bitget/scripts/vilona_daemon_loop.py", line 567, in main
  File "/home/openclaw/projects/1ai-trade-bot/engines/bitget/scripts/vilona_daemon_loop.py", line 508, in run_cycle
  File "/home/openclaw/projects/1ai-trade-bot/engines/bitget/scripts/vilona_daemon_loop.py", line 263, in write_heartbeat
  File "/usr/lib/python3.13/pathlib/_local.py", line 557, in write_text
    return PathBase.write_text(self, data, encoding, errors, newline)
           ~~~~~~~~~~~~~~~~~~~^^^^^^^^^^^^^^^^^^^^^^^^^^^^^^^^^^^^^^^
  File "/usr/lib/python3.13/pathlib/_abc.py", line 651, in write_text
    with self.open(mode='w', encoding=encoding, errors=errors, newline=newline) as f:
         ~~~~~~~~~^^^^^^^^^^^^^^^^^^^^^^^^^^^^^^^^^^^^^^^^^^^^^^^^^^^^^^^^^^^^^
  File "/usr/lib/python3.13/pathlib/_local.py", line 539, in open
    return io.open(self, mode, buffering, encoding, errors, newline)
           ~~~~~~~^^^^^^^^^^^^^^^^^^^^^^^^^^^^^^^^^^^^^^^^^^^^^^^^^^
FileNotFoundError: [Errno 2] No such file or directory: '/home/openclaw/projects/1ai-trade-bot/engines/bitget/logs/trading/vilona_heartbeat.txt'

💤 Sleeping 15 min until 22:42:19...

────────────────────────────────────────────────────────────
CYCLE #218
────────────────────────────────────────────────────────────

============================================================
🤖 VILONA DAEMON — 2026-06-04 22:42:19 WIB
============================================================

💥 Daemon error: [Errno 2] No such file or directory: '/home/openclaw/projects/1ai-trade-bot/engines/bitget/logs/trading/vilona_heartbeat.txt'
Traceback (most recent call last):
  File "/home/openclaw/projects/1ai-trade-bot/engines/bitget/scripts/vilona_daemon_loop.py", line 567, in main
  File "/home/openclaw/projects/1ai-trade-bot/engines/bitget/scripts/vilona_daemon_loop.py", line 508, in run_cycle
  File "/home/openclaw/projects/1ai-trade-bot/engines/bitget/scripts/vilona_daemon_loop.py", line 263, in write_heartbeat
  File "/usr/lib/python3.13/pathlib/_local.py", line 557, in write_text
    return PathBase.write_text(self, data, encoding, errors, newline)
           ~~~~~~~~~~~~~~~~~~~^^^^^^^^^^^^^^^^^^^^^^^^^^^^^^^^^^^^^^^
  File "/usr/lib/python3.13/pathlib/_abc.py", line 651, in write_text
    with self.open(mode='w', encoding=encoding, errors=errors, newline=newline) as f:
         ~~~~~~~~~^^^^^^^^^^^^^^^^^^^^^^^^^^^^^^^^^^^^^^^^^^^^^^^^^^^^^^^^^^^^^
  File "/usr/lib/python3.13/pathlib/_local.py", line 539, in open
    return io.open(self, mode, buffering, encoding, errors, newline)
           ~~~~~~~^^^^^^^^^^^^^^^^^^^^^^^^^^^^^^^^^^^^^^^^^^^^^^^^^^
FileNotFoundError: [Errno 2] No such file or directory: '/home/openclaw/projects/1ai-trade-bot/engines/bitget/logs/trading/vilona_heartbeat.txt'

💤 Sleeping 15 min until 22:57:19...

────────────────────────────────────────────────────────────
CYCLE #219
────────────────────────────────────────────────────────────

============================================================
🤖 VILONA DAEMON — 2026-06-04 22:57:19 WIB
============================================================

💥 Daemon error: [Errno 2] No such file or directory: '/home/openclaw/projects/1ai-trade-bot/engines/bitget/logs/trading/vilona_heartbeat.txt'
Traceback (most recent call last):
  File "/home/openclaw/projects/1ai-trade-bot/engines/bitget/scripts/vilona_daemon_loop.py", line 567, in main
  File "/home/openclaw/projects/1ai-trade-bot/engines/bitget/scripts/vilona_daemon_loop.py", line 508, in run_cycle
  File "/home/openclaw/projects/1ai-trade-bot/engines/bitget/scripts/vilona_daemon_loop.py", line 263, in write_heartbeat
  File "/usr/lib/python3.13/pathlib/_local.py", line 557, in write_text
    return PathBase.write_text(self, data, encoding, errors, newline)
           ~~~~~~~~~~~~~~~~~~~^^^^^^^^^^^^^^^^^^^^^^^^^^^^^^^^^^^^^^^
  File "/usr/lib/python3.13/pathlib/_abc.py", line 651, in write_text
    with self.open(mode='w', encoding=encoding, errors=errors, newline=newline) as f:
         ~~~~~~~~~^^^^^^^^^^^^^^^^^^^^^^^^^^^^^^^^^^^^^^^^^^^^^^^^^^^^^^^^^^^^^
  File "/usr/lib/python3.13/pathlib/_local.py", line 539, in open
    return io.open(self, mode, buffering, encoding, errors, newline)
           ~~~~~~~^^^^^^^^^^^^^^^^^^^^^^^^^^^^^^^^^^^^^^^^^^^^^^^^^^
FileNotFoundError: [Errno 2] No such file or directory: '/home/openclaw/projects/1ai-trade-bot/engines/bitget/logs/trading/vilona_heartbeat.txt'

💤 Sleeping 15 min until 23:12:19...

────────────────────────────────────────────────────────────
CYCLE #220
────────────────────────────────────────────────────────────

============================================================
🤖 VILONA DAEMON — 2026-06-04 23:12:19 WIB
============================================================

💥 Daemon error: [Errno 2] No such file or directory: '/home/openclaw/projects/1ai-trade-bot/engines/bitget/logs/trading/vilona_heartbeat.txt'
Traceback (most recent call last):
  File "/home/openclaw/projects/1ai-trade-bot/engines/bitget/scripts/vilona_daemon_loop.py", line 567, in main
  File "/home/openclaw/projects/1ai-trade-bot/engines/bitget/scripts/vilona_daemon_loop.py", line 508, in run_cycle
  File "/home/openclaw/projects/1ai-trade-bot/engines/bitget/scripts/vilona_daemon_loop.py", line 263, in write_heartbeat
  File "/usr/lib/python3.13/pathlib/_local.py", line 557, in write_text
    return PathBase.write_text(self, data, encoding, errors, newline)
           ~~~~~~~~~~~~~~~~~~~^^^^^^^^^^^^^^^^^^^^^^^^^^^^^^^^^^^^^^^
  File "/usr/lib/python3.13/pathlib/_abc.py", line 651, in write_text
    with self.open(mode='w', encoding=encoding, errors=errors, newline=newline) as f:
         ~~~~~~~~~^^^^^^^^^^^^^^^^^^^^^^^^^^^^^^^^^^^^^^^^^^^^^^^^^^^^^^^^^^^^^
  File "/usr/lib/python3.13/pathlib/_local.py", line 539, in open
    return io.open(self, mode, buffering, encoding, errors, newline)
           ~~~~~~~^^^^^^^^^^^^^^^^^^^^^^^^^^^^^^^^^^^^^^^^^^^^^^^^^^
FileNotFoundError: [Errno 2] No such file or directory: '/home/openclaw/projects/1ai-trade-bot/engines/bitget/logs/trading/vilona_heartbeat.txt'

💤 Sleeping 15 min until 23:27:19...

────────────────────────────────────────────────────────────
CYCLE #221
────────────────────────────────────────────────────────────

============================================================
🤖 VILONA DAEMON — 2026-06-04 23:27:19 WIB
============================================================

💥 Daemon error: [Errno 2] No such file or directory: '/home/openclaw/projects/1ai-trade-bot/engines/bitget/logs/trading/vilona_heartbeat.txt'
Traceback (most recent call last):
  File "/home/openclaw/projects/1ai-trade-bot/engines/bitget/scripts/vilona_daemon_loop.py", line 567, in main
  File "/home/openclaw/projects/1ai-trade-bot/engines/bitget/scripts/vilona_daemon_loop.py", line 508, in run_cycle
  File "/home/openclaw/projects/1ai-trade-bot/engines/bitget/scripts/vilona_daemon_loop.py", line 263, in write_heartbeat
  File "/usr/lib/python3.13/pathlib/_local.py", line 557, in write_text
    return PathBase.write_text(self, data, encoding, errors, newline)
           ~~~~~~~~~~~~~~~~~~~^^^^^^^^^^^^^^^^^^^^^^^^^^^^^^^^^^^^^^^
  File "/usr/lib/python3.13/pathlib/_abc.py", line 651, in write_text
    with self.open(mode='w', encoding=encoding, errors=errors, newline=newline) as f:
         ~~~~~~~~~^^^^^^^^^^^^^^^^^^^^^^^^^^^^^^^^^^^^^^^^^^^^^^^^^^^^^^^^^^^^^
  File "/usr/lib/python3.13/pathlib/_local.py", line 539, in open
    return io.open(self, mode, buffering, encoding, errors, newline)
           ~~~~~~~^^^^^^^^^^^^^^^^^^^^^^^^^^^^^^^^^^^^^^^^^^^^^^^^^^
FileNotFoundError: [Errno 2] No such file or directory: '/home/openclaw/projects/1ai-trade-bot/engines/bitget/logs/trading/vilona_heartbeat.txt'

💤 Sleeping 15 min until 23:42:19...

────────────────────────────────────────────────────────────
CYCLE #222
────────────────────────────────────────────────────────────

============================================================
🤖 VILONA DAEMON — 2026-06-04 23:42:19 WIB
============================================================

💥 Daemon error: [Errno 2] No such file or directory: '/home/openclaw/projects/1ai-trade-bot/engines/bitget/logs/trading/vilona_heartbeat.txt'
Traceback (most recent call last):
  File "/home/openclaw/projects/1ai-trade-bot/engines/bitget/scripts/vilona_daemon_loop.py", line 567, in main
  File "/home/openclaw/projects/1ai-trade-bot/engines/bitget/scripts/vilona_daemon_loop.py", line 508, in run_cycle
  File "/home/openclaw/projects/1ai-trade-bot/engines/bitget/scripts/vilona_daemon_loop.py", line 263, in write_heartbeat
  File "/usr/lib/python3.13/pathlib/_local.py", line 557, in write_text
    return PathBase.write_text(self, data, encoding, errors, newline)
           ~~~~~~~~~~~~~~~~~~~^^^^^^^^^^^^^^^^^^^^^^^^^^^^^^^^^^^^^^^
  File "/usr/lib/python3.13/pathlib/_abc.py", line 651, in write_text
    with self.open(mode='w', encoding=encoding, errors=errors, newline=newline) as f:
         ~~~~~~~~~^^^^^^^^^^^^^^^^^^^^^^^^^^^^^^^^^^^^^^^^^^^^^^^^^^^^^^^^^^^^^
  File "/usr/lib/python3.13/pathlib/_local.py", line 539, in open
    return io.open(self, mode, buffering, encoding, errors, newline)
           ~~~~~~~^^^^^^^^^^^^^^^^^^^^^^^^^^^^^^^^^^^^^^^^^^^^^^^^^^
FileNotFoundError: [Errno 2] No such file or directory: '/home/openclaw/projects/1ai-trade-bot/engines/bitget/logs/trading/vilona_heartbeat.txt'

💤 Sleeping 15 min until 23:57:19...

────────────────────────────────────────────────────────────
CYCLE #223
────────────────────────────────────────────────────────────

============================================================
🤖 VILONA DAEMON — 2026-06-04 23:57:19 WIB
============================================================

💥 Daemon error: [Errno 2] No such file or directory: '/home/openclaw/projects/1ai-trade-bot/engines/bitget/logs/trading/vilona_heartbeat.txt'
Traceback (most recent call last):
  File "/home/openclaw/projects/1ai-trade-bot/engines/bitget/scripts/vilona_daemon_loop.py", line 567, in main
  File "/home/openclaw/projects/1ai-trade-bot/engines/bitget/scripts/vilona_daemon_loop.py", line 508, in run_cycle
  File "/home/openclaw/projects/1ai-trade-bot/engines/bitget/scripts/vilona_daemon_loop.py", line 263, in write_heartbeat
  File "/usr/lib/python3.13/pathlib/_local.py", line 557, in write_text
    return PathBase.write_text(self, data, encoding, errors, newline)
           ~~~~~~~~~~~~~~~~~~~^^^^^^^^^^^^^^^^^^^^^^^^^^^^^^^^^^^^^^^
  File "/usr/lib/python3.13/pathlib/_abc.py", line 651, in write_text
    with self.open(mode='w', encoding=encoding, errors=errors, newline=newline) as f:
         ~~~~~~~~~^^^^^^^^^^^^^^^^^^^^^^^^^^^^^^^^^^^^^^^^^^^^^^^^^^^^^^^^^^^^^
  File "/usr/lib/python3.13/pathlib/_local.py", line 539, in open
    return io.open(self, mode, buffering, encoding, errors, newline)
           ~~~~~~~^^^^^^^^^^^^^^^^^^^^^^^^^^^^^^^^^^^^^^^^^^^^^^^^^^
FileNotFoundError: [Errno 2] No such file or directory: '/home/openclaw/projects/1ai-trade-bot/engines/bitget/logs/trading/vilona_heartbeat.txt'

💤 Sleeping 15 min until 00:12:19...

────────────────────────────────────────────────────────────
CYCLE #224
────────────────────────────────────────────────────────────

============================================================
🤖 VILONA DAEMON — 2026-06-05 00:12:19 WIB
============================================================

💥 Daemon error: [Errno 2] No such file or directory: '/home/openclaw/projects/1ai-trade-bot/engines/bitget/logs/trading/vilona_heartbeat.txt'
Traceback (most recent call last):
  File "/home/openclaw/projects/1ai-trade-bot/engines/bitget/scripts/vilona_daemon_loop.py", line 567, in main
  File "/home/openclaw/projects/1ai-trade-bot/engines/bitget/scripts/vilona_daemon_loop.py", line 508, in run_cycle
  File "/home/openclaw/projects/1ai-trade-bot/engines/bitget/scripts/vilona_daemon_loop.py", line 263, in write_heartbeat
  File "/usr/lib/python3.13/pathlib/_local.py", line 557, in write_text
    return PathBase.write_text(self, data, encoding, errors, newline)
           ~~~~~~~~~~~~~~~~~~~^^^^^^^^^^^^^^^^^^^^^^^^^^^^^^^^^^^^^^^
  File "/usr/lib/python3.13/pathlib/_abc.py", line 651, in write_text
    with self.open(mode='w', encoding=encoding, errors=errors, newline=newline) as f:
         ~~~~~~~~~^^^^^^^^^^^^^^^^^^^^^^^^^^^^^^^^^^^^^^^^^^^^^^^^^^^^^^^^^^^^^
  File "/usr/lib/python3.13/pathlib/_local.py", line 539, in open
    return io.open(self, mode, buffering, encoding, errors, newline)
           ~~~~~~~^^^^^^^^^^^^^^^^^^^^^^^^^^^^^^^^^^^^^^^^^^^^^^^^^^
FileNotFoundError: [Errno 2] No such file or directory: '/home/openclaw/projects/1ai-trade-bot/engines/bitget/logs/trading/vilona_heartbeat.txt'

💤 Sleeping 15 min until 00:27:19...

────────────────────────────────────────────────────────────
CYCLE #225
────────────────────────────────────────────────────────────

============================================================
🤖 VILONA DAEMON — 2026-06-05 00:27:19 WIB
============================================================

💥 Daemon error: [Errno 2] No such file or directory: '/home/openclaw/projects/1ai-trade-bot/engines/bitget/logs/trading/vilona_heartbeat.txt'
Traceback (most recent call last):
  File "/home/openclaw/projects/1ai-trade-bot/engines/bitget/scripts/vilona_daemon_loop.py", line 567, in main
  File "/home/openclaw/projects/1ai-trade-bot/engines/bitget/scripts/vilona_daemon_loop.py", line 508, in run_cycle
  File "/home/openclaw/projects/1ai-trade-bot/engines/bitget/scripts/vilona_daemon_loop.py", line 263, in write_heartbeat
  File "/usr/lib/python3.13/pathlib/_local.py", line 557, in write_text
    return PathBase.write_text(self, data, encoding, errors, newline)
           ~~~~~~~~~~~~~~~~~~~^^^^^^^^^^^^^^^^^^^^^^^^^^^^^^^^^^^^^^^
  File "/usr/lib/python3.13/pathlib/_abc.py", line 651, in write_text
    with self.open(mode='w', encoding=encoding, errors=errors, newline=newline) as f:
         ~~~~~~~~~^^^^^^^^^^^^^^^^^^^^^^^^^^^^^^^^^^^^^^^^^^^^^^^^^^^^^^^^^^^^^
  File "/usr/lib/python3.13/pathlib/_local.py", line 539, in open
    return io.open(self, mode, buffering, encoding, errors, newline)
           ~~~~~~~^^^^^^^^^^^^^^^^^^^^^^^^^^^^^^^^^^^^^^^^^^^^^^^^^^
FileNotFoundError: [Errno 2] No such file or directory: '/home/openclaw/projects/1ai-trade-bot/engines/bitget/logs/trading/vilona_heartbeat.txt'

💤 Sleeping 15 min until 00:42:19...

────────────────────────────────────────────────────────────
CYCLE #226
────────────────────────────────────────────────────────────

============================================================
🤖 VILONA DAEMON — 2026-06-05 00:42:19 WIB
============================================================

💥 Daemon error: [Errno 2] No such file or directory: '/home/openclaw/projects/1ai-trade-bot/engines/bitget/logs/trading/vilona_heartbeat.txt'
Traceback (most recent call last):
  File "/home/openclaw/projects/1ai-trade-bot/engines/bitget/scripts/vilona_daemon_loop.py", line 567, in main
  File "/home/openclaw/projects/1ai-trade-bot/engines/bitget/scripts/vilona_daemon_loop.py", line 508, in run_cycle
  File "/home/openclaw/projects/1ai-trade-bot/engines/bitget/scripts/vilona_daemon_loop.py", line 263, in write_heartbeat
  File "/usr/lib/python3.13/pathlib/_local.py", line 557, in write_text
    return PathBase.write_text(self, data, encoding, errors, newline)
           ~~~~~~~~~~~~~~~~~~~^^^^^^^^^^^^^^^^^^^^^^^^^^^^^^^^^^^^^^^
  File "/usr/lib/python3.13/pathlib/_abc.py", line 651, in write_text
    with self.open(mode='w', encoding=encoding, errors=errors, newline=newline) as f:
         ~~~~~~~~~^^^^^^^^^^^^^^^^^^^^^^^^^^^^^^^^^^^^^^^^^^^^^^^^^^^^^^^^^^^^^
  File "/usr/lib/python3.13/pathlib/_local.py", line 539, in open
    return io.open(self, mode, buffering, encoding, errors, newline)
           ~~~~~~~^^^^^^^^^^^^^^^^^^^^^^^^^^^^^^^^^^^^^^^^^^^^^^^^^^
FileNotFoundError: [Errno 2] No such file or directory: '/home/openclaw/projects/1ai-trade-bot/engines/bitget/logs/trading/vilona_heartbeat.txt'

💤 Sleeping 15 min until 00:57:19...

────────────────────────────────────────────────────────────
CYCLE #227
────────────────────────────────────────────────────────────

============================================================
🤖 VILONA DAEMON — 2026-06-05 00:57:19 WIB
============================================================

💥 Daemon error: [Errno 2] No such file or directory: '/home/openclaw/projects/1ai-trade-bot/engines/bitget/logs/trading/vilona_heartbeat.txt'
Traceback (most recent call last):
  File "/home/openclaw/projects/1ai-trade-bot/engines/bitget/scripts/vilona_daemon_loop.py", line 567, in main
  File "/home/openclaw/projects/1ai-trade-bot/engines/bitget/scripts/vilona_daemon_loop.py", line 508, in run_cycle
  File "/home/openclaw/projects/1ai-trade-bot/engines/bitget/scripts/vilona_daemon_loop.py", line 263, in write_heartbeat
  File "/usr/lib/python3.13/pathlib/_local.py", line 557, in write_text
    return PathBase.write_text(self, data, encoding, errors, newline)
           ~~~~~~~~~~~~~~~~~~~^^^^^^^^^^^^^^^^^^^^^^^^^^^^^^^^^^^^^^^
  File "/usr/lib/python3.13/pathlib/_abc.py", line 651, in write_text
    with self.open(mode='w', encoding=encoding, errors=errors, newline=newline) as f:
         ~~~~~~~~~^^^^^^^^^^^^^^^^^^^^^^^^^^^^^^^^^^^^^^^^^^^^^^^^^^^^^^^^^^^^^
  File "/usr/lib/python3.13/pathlib/_local.py", line 539, in open
    return io.open(self, mode, buffering, encoding, errors, newline)
           ~~~~~~~^^^^^^^^^^^^^^^^^^^^^^^^^^^^^^^^^^^^^^^^^^^^^^^^^^
FileNotFoundError: [Errno 2] No such file or directory: '/home/openclaw/projects/1ai-trade-bot/engines/bitget/logs/trading/vilona_heartbeat.txt'

💤 Sleeping 15 min until 01:12:19...

────────────────────────────────────────────────────────────
CYCLE #228
────────────────────────────────────────────────────────────

============================================================
🤖 VILONA DAEMON — 2026-06-05 01:12:19 WIB
============================================================

💥 Daemon error: [Errno 2] No such file or directory: '/home/openclaw/projects/1ai-trade-bot/engines/bitget/logs/trading/vilona_heartbeat.txt'
Traceback (most recent call last):
  File "/home/openclaw/projects/1ai-trade-bot/engines/bitget/scripts/vilona_daemon_loop.py", line 567, in main
  File "/home/openclaw/projects/1ai-trade-bot/engines/bitget/scripts/vilona_daemon_loop.py", line 508, in run_cycle
  File "/home/openclaw/projects/1ai-trade-bot/engines/bitget/scripts/vilona_daemon_loop.py", line 263, in write_heartbeat
  File "/usr/lib/python3.13/pathlib/_local.py", line 557, in write_text
    return PathBase.write_text(self, data, encoding, errors, newline)
           ~~~~~~~~~~~~~~~~~~~^^^^^^^^^^^^^^^^^^^^^^^^^^^^^^^^^^^^^^^
  File "/usr/lib/python3.13/pathlib/_abc.py", line 651, in write_text
    with self.open(mode='w', encoding=encoding, errors=errors, newline=newline) as f:
         ~~~~~~~~~^^^^^^^^^^^^^^^^^^^^^^^^^^^^^^^^^^^^^^^^^^^^^^^^^^^^^^^^^^^^^
  File "/usr/lib/python3.13/pathlib/_local.py", line 539, in open
    return io.open(self, mode, buffering, encoding, errors, newline)
           ~~~~~~~^^^^^^^^^^^^^^^^^^^^^^^^^^^^^^^^^^^^^^^^^^^^^^^^^^
FileNotFoundError: [Errno 2] No such file or directory: '/home/openclaw/projects/1ai-trade-bot/engines/bitget/logs/trading/vilona_heartbeat.txt'

💤 Sleeping 15 min until 01:27:19...

────────────────────────────────────────────────────────────
CYCLE #229
────────────────────────────────────────────────────────────

============================================================
🤖 VILONA DAEMON — 2026-06-05 01:27:19 WIB
============================================================

💥 Daemon error: [Errno 2] No such file or directory: '/home/openclaw/projects/1ai-trade-bot/engines/bitget/logs/trading/vilona_heartbeat.txt'
Traceback (most recent call last):
  File "/home/openclaw/projects/1ai-trade-bot/engines/bitget/scripts/vilona_daemon_loop.py", line 567, in main
  File "/home/openclaw/projects/1ai-trade-bot/engines/bitget/scripts/vilona_daemon_loop.py", line 508, in run_cycle
  File "/home/openclaw/projects/1ai-trade-bot/engines/bitget/scripts/vilona_daemon_loop.py", line 263, in write_heartbeat
  File "/usr/lib/python3.13/pathlib/_local.py", line 557, in write_text
    return PathBase.write_text(self, data, encoding, errors, newline)
           ~~~~~~~~~~~~~~~~~~~^^^^^^^^^^^^^^^^^^^^^^^^^^^^^^^^^^^^^^^
  File "/usr/lib/python3.13/pathlib/_abc.py", line 651, in write_text
    with self.open(mode='w', encoding=encoding, errors=errors, newline=newline) as f:
         ~~~~~~~~~^^^^^^^^^^^^^^^^^^^^^^^^^^^^^^^^^^^^^^^^^^^^^^^^^^^^^^^^^^^^^
  File "/usr/lib/python3.13/pathlib/_local.py", line 539, in open
    return io.open(self, mode, buffering, encoding, errors, newline)
           ~~~~~~~^^^^^^^^^^^^^^^^^^^^^^^^^^^^^^^^^^^^^^^^^^^^^^^^^^
FileNotFoundError: [Errno 2] No such file or directory: '/home/openclaw/projects/1ai-trade-bot/engines/bitget/logs/trading/vilona_heartbeat.txt'

💤 Sleeping 15 min until 01:42:19...

────────────────────────────────────────────────────────────
CYCLE #230
────────────────────────────────────────────────────────────

============================================================
🤖 VILONA DAEMON — 2026-06-05 01:42:19 WIB
============================================================

💥 Daemon error: [Errno 2] No such file or directory: '/home/openclaw/projects/1ai-trade-bot/engines/bitget/logs/trading/vilona_heartbeat.txt'
Traceback (most recent call last):
  File "/home/openclaw/projects/1ai-trade-bot/engines/bitget/scripts/vilona_daemon_loop.py", line 567, in main
  File "/home/openclaw/projects/1ai-trade-bot/engines/bitget/scripts/vilona_daemon_loop.py", line 508, in run_cycle
  File "/home/openclaw/projects/1ai-trade-bot/engines/bitget/scripts/vilona_daemon_loop.py", line 263, in write_heartbeat
  File "/usr/lib/python3.13/pathlib/_local.py", line 557, in write_text
    return PathBase.write_text(self, data, encoding, errors, newline)
           ~~~~~~~~~~~~~~~~~~~^^^^^^^^^^^^^^^^^^^^^^^^^^^^^^^^^^^^^^^
  File "/usr/lib/python3.13/pathlib/_abc.py", line 651, in write_text
    with self.open(mode='w', encoding=encoding, errors=errors, newline=newline) as f:
         ~~~~~~~~~^^^^^^^^^^^^^^^^^^^^^^^^^^^^^^^^^^^^^^^^^^^^^^^^^^^^^^^^^^^^^
  File "/usr/lib/python3.13/pathlib/_local.py", line 539, in open
    return io.open(self, mode, buffering, encoding, errors, newline)
           ~~~~~~~^^^^^^^^^^^^^^^^^^^^^^^^^^^^^^^^^^^^^^^^^^^^^^^^^^
FileNotFoundError: [Errno 2] No such file or directory: '/home/openclaw/projects/1ai-trade-bot/engines/bitget/logs/trading/vilona_heartbeat.txt'

💤 Sleeping 15 min until 01:57:19...

────────────────────────────────────────────────────────────
CYCLE #231
────────────────────────────────────────────────────────────

============================================================
🤖 VILONA DAEMON — 2026-06-05 01:57:19 WIB
============================================================

💥 Daemon error: [Errno 2] No such file or directory: '/home/openclaw/projects/1ai-trade-bot/engines/bitget/logs/trading/vilona_heartbeat.txt'
Traceback (most recent call last):
  File "/home/openclaw/projects/1ai-trade-bot/engines/bitget/scripts/vilona_daemon_loop.py", line 567, in main
  File "/home/openclaw/projects/1ai-trade-bot/engines/bitget/scripts/vilona_daemon_loop.py", line 508, in run_cycle
  File "/home/openclaw/projects/1ai-trade-bot/engines/bitget/scripts/vilona_daemon_loop.py", line 263, in write_heartbeat
  File "/usr/lib/python3.13/pathlib/_local.py", line 557, in write_text
    return PathBase.write_text(self, data, encoding, errors, newline)
           ~~~~~~~~~~~~~~~~~~~^^^^^^^^^^^^^^^^^^^^^^^^^^^^^^^^^^^^^^^
  File "/usr/lib/python3.13/pathlib/_abc.py", line 651, in write_text
    with self.open(mode='w', encoding=encoding, errors=errors, newline=newline) as f:
         ~~~~~~~~~^^^^^^^^^^^^^^^^^^^^^^^^^^^^^^^^^^^^^^^^^^^^^^^^^^^^^^^^^^^^^
  File "/usr/lib/python3.13/pathlib/_local.py", line 539, in open
    return io.open(self, mode, buffering, encoding, errors, newline)
           ~~~~~~~^^^^^^^^^^^^^^^^^^^^^^^^^^^^^^^^^^^^^^^^^^^^^^^^^^
FileNotFoundError: [Errno 2] No such file or directory: '/home/openclaw/projects/1ai-trade-bot/engines/bitget/logs/trading/vilona_heartbeat.txt'

💤 Sleeping 15 min until 02:12:19...

────────────────────────────────────────────────────────────
CYCLE #232
────────────────────────────────────────────────────────────

============================================================
🤖 VILONA DAEMON — 2026-06-05 02:12:19 WIB
============================================================

💥 Daemon error: [Errno 2] No such file or directory: '/home/openclaw/projects/1ai-trade-bot/engines/bitget/logs/trading/vilona_heartbeat.txt'
Traceback (most recent call last):
  File "/home/openclaw/projects/1ai-trade-bot/engines/bitget/scripts/vilona_daemon_loop.py", line 567, in main
  File "/home/openclaw/projects/1ai-trade-bot/engines/bitget/scripts/vilona_daemon_loop.py", line 508, in run_cycle
  File "/home/openclaw/projects/1ai-trade-bot/engines/bitget/scripts/vilona_daemon_loop.py", line 263, in write_heartbeat
  File "/usr/lib/python3.13/pathlib/_local.py", line 557, in write_text
    return PathBase.write_text(self, data, encoding, errors, newline)
           ~~~~~~~~~~~~~~~~~~~^^^^^^^^^^^^^^^^^^^^^^^^^^^^^^^^^^^^^^^
  File "/usr/lib/python3.13/pathlib/_abc.py", line 651, in write_text
    with self.open(mode='w', encoding=encoding, errors=errors, newline=newline) as f:
         ~~~~~~~~~^^^^^^^^^^^^^^^^^^^^^^^^^^^^^^^^^^^^^^^^^^^^^^^^^^^^^^^^^^^^^
  File "/usr/lib/python3.13/pathlib/_local.py", line 539, in open
    return io.open(self, mode, buffering, encoding, errors, newline)
           ~~~~~~~^^^^^^^^^^^^^^^^^^^^^^^^^^^^^^^^^^^^^^^^^^^^^^^^^^
FileNotFoundError: [Errno 2] No such file or directory: '/home/openclaw/projects/1ai-trade-bot/engines/bitget/logs/trading/vilona_heartbeat.txt'

💤 Sleeping 15 min until 02:27:19...

────────────────────────────────────────────────────────────
CYCLE #233
────────────────────────────────────────────────────────────

============================================================
🤖 VILONA DAEMON — 2026-06-05 02:27:19 WIB
============================================================

💥 Daemon error: [Errno 2] No such file or directory: '/home/openclaw/projects/1ai-trade-bot/engines/bitget/logs/trading/vilona_heartbeat.txt'
Traceback (most recent call last):
  File "/home/openclaw/projects/1ai-trade-bot/engines/bitget/scripts/vilona_daemon_loop.py", line 567, in main
  File "/home/openclaw/projects/1ai-trade-bot/engines/bitget/scripts/vilona_daemon_loop.py", line 508, in run_cycle
  File "/home/openclaw/projects/1ai-trade-bot/engines/bitget/scripts/vilona_daemon_loop.py", line 263, in write_heartbeat
  File "/usr/lib/python3.13/pathlib/_local.py", line 557, in write_text
    return PathBase.write_text(self, data, encoding, errors, newline)
           ~~~~~~~~~~~~~~~~~~~^^^^^^^^^^^^^^^^^^^^^^^^^^^^^^^^^^^^^^^
  File "/usr/lib/python3.13/pathlib/_abc.py", line 651, in write_text
    with self.open(mode='w', encoding=encoding, errors=errors, newline=newline) as f:
         ~~~~~~~~~^^^^^^^^^^^^^^^^^^^^^^^^^^^^^^^^^^^^^^^^^^^^^^^^^^^^^^^^^^^^^
  File "/usr/lib/python3.13/pathlib/_local.py", line 539, in open
    return io.open(self, mode, buffering, encoding, errors, newline)
           ~~~~~~~^^^^^^^^^^^^^^^^^^^^^^^^^^^^^^^^^^^^^^^^^^^^^^^^^^
FileNotFoundError: [Errno 2] No such file or directory: '/home/openclaw/projects/1ai-trade-bot/engines/bitget/logs/trading/vilona_heartbeat.txt'

💤 Sleeping 15 min until 02:42:19...

────────────────────────────────────────────────────────────
CYCLE #234
────────────────────────────────────────────────────────────

============================================================
🤖 VILONA DAEMON — 2026-06-05 02:42:19 WIB
============================================================

💥 Daemon error: [Errno 2] No such file or directory: '/home/openclaw/projects/1ai-trade-bot/engines/bitget/logs/trading/vilona_heartbeat.txt'
Traceback (most recent call last):
  File "/home/openclaw/projects/1ai-trade-bot/engines/bitget/scripts/vilona_daemon_loop.py", line 567, in main
  File "/home/openclaw/projects/1ai-trade-bot/engines/bitget/scripts/vilona_daemon_loop.py", line 508, in run_cycle
  File "/home/openclaw/projects/1ai-trade-bot/engines/bitget/scripts/vilona_daemon_loop.py", line 263, in write_heartbeat
  File "/usr/lib/python3.13/pathlib/_local.py", line 557, in write_text
    return PathBase.write_text(self, data, encoding, errors, newline)
           ~~~~~~~~~~~~~~~~~~~^^^^^^^^^^^^^^^^^^^^^^^^^^^^^^^^^^^^^^^
  File "/usr/lib/python3.13/pathlib/_abc.py", line 651, in write_text
    with self.open(mode='w', encoding=encoding, errors=errors, newline=newline) as f:
         ~~~~~~~~~^^^^^^^^^^^^^^^^^^^^^^^^^^^^^^^^^^^^^^^^^^^^^^^^^^^^^^^^^^^^^
  File "/usr/lib/python3.13/pathlib/_local.py", line 539, in open
    return io.open(self, mode, buffering, encoding, errors, newline)
           ~~~~~~~^^^^^^^^^^^^^^^^^^^^^^^^^^^^^^^^^^^^^^^^^^^^^^^^^^
FileNotFoundError: [Errno 2] No such file or directory: '/home/openclaw/projects/1ai-trade-bot/engines/bitget/logs/trading/vilona_heartbeat.txt'

💤 Sleeping 15 min until 02:57:19...

────────────────────────────────────────────────────────────
CYCLE #235
────────────────────────────────────────────────────────────

============================================================
🤖 VILONA DAEMON — 2026-06-05 02:57:19 WIB
============================================================

💥 Daemon error: [Errno 2] No such file or directory: '/home/openclaw/projects/1ai-trade-bot/engines/bitget/logs/trading/vilona_heartbeat.txt'
Traceback (most recent call last):
  File "/home/openclaw/projects/1ai-trade-bot/engines/bitget/scripts/vilona_daemon_loop.py", line 567, in main
  File "/home/openclaw/projects/1ai-trade-bot/engines/bitget/scripts/vilona_daemon_loop.py", line 508, in run_cycle
  File "/home/openclaw/projects/1ai-trade-bot/engines/bitget/scripts/vilona_daemon_loop.py", line 263, in write_heartbeat
  File "/usr/lib/python3.13/pathlib/_local.py", line 557, in write_text
    return PathBase.write_text(self, data, encoding, errors, newline)
           ~~~~~~~~~~~~~~~~~~~^^^^^^^^^^^^^^^^^^^^^^^^^^^^^^^^^^^^^^^
  File "/usr/lib/python3.13/pathlib/_abc.py", line 651, in write_text
    with self.open(mode='w', encoding=encoding, errors=errors, newline=newline) as f:
         ~~~~~~~~~^^^^^^^^^^^^^^^^^^^^^^^^^^^^^^^^^^^^^^^^^^^^^^^^^^^^^^^^^^^^^
  File "/usr/lib/python3.13/pathlib/_local.py", line 539, in open
    return io.open(self, mode, buffering, encoding, errors, newline)
           ~~~~~~~^^^^^^^^^^^^^^^^^^^^^^^^^^^^^^^^^^^^^^^^^^^^^^^^^^
FileNotFoundError: [Errno 2] No such file or directory: '/home/openclaw/projects/1ai-trade-bot/engines/bitget/logs/trading/vilona_heartbeat.txt'

💤 Sleeping 15 min until 03:12:19...

────────────────────────────────────────────────────────────
CYCLE #236
────────────────────────────────────────────────────────────

============================================================
🤖 VILONA DAEMON — 2026-06-05 03:12:19 WIB
============================================================

💥 Daemon error: [Errno 2] No such file or directory: '/home/openclaw/projects/1ai-trade-bot/engines/bitget/logs/trading/vilona_heartbeat.txt'
Traceback (most recent call last):
  File "/home/openclaw/projects/1ai-trade-bot/engines/bitget/scripts/vilona_daemon_loop.py", line 567, in main
  File "/home/openclaw/projects/1ai-trade-bot/engines/bitget/scripts/vilona_daemon_loop.py", line 508, in run_cycle
  File "/home/openclaw/projects/1ai-trade-bot/engines/bitget/scripts/vilona_daemon_loop.py", line 263, in write_heartbeat
  File "/usr/lib/python3.13/pathlib/_local.py", line 557, in write_text
    return PathBase.write_text(self, data, encoding, errors, newline)
           ~~~~~~~~~~~~~~~~~~~^^^^^^^^^^^^^^^^^^^^^^^^^^^^^^^^^^^^^^^
  File "/usr/lib/python3.13/pathlib/_abc.py", line 651, in write_text
    with self.open(mode='w', encoding=encoding, errors=errors, newline=newline) as f:
         ~~~~~~~~~^^^^^^^^^^^^^^^^^^^^^^^^^^^^^^^^^^^^^^^^^^^^^^^^^^^^^^^^^^^^^
  File "/usr/lib/python3.13/pathlib/_local.py", line 539, in open
    return io.open(self, mode, buffering, encoding, errors, newline)
           ~~~~~~~^^^^^^^^^^^^^^^^^^^^^^^^^^^^^^^^^^^^^^^^^^^^^^^^^^
FileNotFoundError: [Errno 2] No such file or directory: '/home/openclaw/projects/1ai-trade-bot/engines/bitget/logs/trading/vilona_heartbeat.txt'

💤 Sleeping 15 min until 03:27:19...

────────────────────────────────────────────────────────────
CYCLE #237
────────────────────────────────────────────────────────────

============================================================
🤖 VILONA DAEMON — 2026-06-05 03:27:19 WIB
============================================================

💥 Daemon error: [Errno 2] No such file or directory: '/home/openclaw/projects/1ai-trade-bot/engines/bitget/logs/trading/vilona_heartbeat.txt'
Traceback (most recent call last):
  File "/home/openclaw/projects/1ai-trade-bot/engines/bitget/scripts/vilona_daemon_loop.py", line 567, in main
  File "/home/openclaw/projects/1ai-trade-bot/engines/bitget/scripts/vilona_daemon_loop.py", line 508, in run_cycle
  File "/home/openclaw/projects/1ai-trade-bot/engines/bitget/scripts/vilona_daemon_loop.py", line 263, in write_heartbeat
  File "/usr/lib/python3.13/pathlib/_local.py", line 557, in write_text
    return PathBase.write_text(self, data, encoding, errors, newline)
           ~~~~~~~~~~~~~~~~~~~^^^^^^^^^^^^^^^^^^^^^^^^^^^^^^^^^^^^^^^
  File "/usr/lib/python3.13/pathlib/_abc.py", line 651, in write_text
    with self.open(mode='w', encoding=encoding, errors=errors, newline=newline) as f:
         ~~~~~~~~~^^^^^^^^^^^^^^^^^^^^^^^^^^^^^^^^^^^^^^^^^^^^^^^^^^^^^^^^^^^^^
  File "/usr/lib/python3.13/pathlib/_local.py", line 539, in open
    return io.open(self, mode, buffering, encoding, errors, newline)
           ~~~~~~~^^^^^^^^^^^^^^^^^^^^^^^^^^^^^^^^^^^^^^^^^^^^^^^^^^
FileNotFoundError: [Errno 2] No such file or directory: '/home/openclaw/projects/1ai-trade-bot/engines/bitget/logs/trading/vilona_heartbeat.txt'

💤 Sleeping 15 min until 03:42:19...

────────────────────────────────────────────────────────────
CYCLE #238
────────────────────────────────────────────────────────────

============================================================
🤖 VILONA DAEMON — 2026-06-05 03:42:19 WIB
============================================================

💥 Daemon error: [Errno 2] No such file or directory: '/home/openclaw/projects/1ai-trade-bot/engines/bitget/logs/trading/vilona_heartbeat.txt'
Traceback (most recent call last):
  File "/home/openclaw/projects/1ai-trade-bot/engines/bitget/scripts/vilona_daemon_loop.py", line 567, in main
  File "/home/openclaw/projects/1ai-trade-bot/engines/bitget/scripts/vilona_daemon_loop.py", line 508, in run_cycle
  File "/home/openclaw/projects/1ai-trade-bot/engines/bitget/scripts/vilona_daemon_loop.py", line 263, in write_heartbeat
  File "/usr/lib/python3.13/pathlib/_local.py", line 557, in write_text
    return PathBase.write_text(self, data, encoding, errors, newline)
           ~~~~~~~~~~~~~~~~~~~^^^^^^^^^^^^^^^^^^^^^^^^^^^^^^^^^^^^^^^
  File "/usr/lib/python3.13/pathlib/_abc.py", line 651, in write_text
    with self.open(mode='w', encoding=encoding, errors=errors, newline=newline) as f:
         ~~~~~~~~~^^^^^^^^^^^^^^^^^^^^^^^^^^^^^^^^^^^^^^^^^^^^^^^^^^^^^^^^^^^^^
  File "/usr/lib/python3.13/pathlib/_local.py", line 539, in open
    return io.open(self, mode, buffering, encoding, errors, newline)
           ~~~~~~~^^^^^^^^^^^^^^^^^^^^^^^^^^^^^^^^^^^^^^^^^^^^^^^^^^
FileNotFoundError: [Errno 2] No such file or directory: '/home/openclaw/projects/1ai-trade-bot/engines/bitget/logs/trading/vilona_heartbeat.txt'

💤 Sleeping 15 min until 03:57:19...

────────────────────────────────────────────────────────────
CYCLE #239
────────────────────────────────────────────────────────────

============================================================
🤖 VILONA DAEMON — 2026-06-05 03:57:19 WIB
============================================================

💥 Daemon error: [Errno 2] No such file or directory: '/home/openclaw/projects/1ai-trade-bot/engines/bitget/logs/trading/vilona_heartbeat.txt'
Traceback (most recent call last):
  File "/home/openclaw/projects/1ai-trade-bot/engines/bitget/scripts/vilona_daemon_loop.py", line 567, in main
  File "/home/openclaw/projects/1ai-trade-bot/engines/bitget/scripts/vilona_daemon_loop.py", line 508, in run_cycle
  File "/home/openclaw/projects/1ai-trade-bot/engines/bitget/scripts/vilona_daemon_loop.py", line 263, in write_heartbeat
  File "/usr/lib/python3.13/pathlib/_local.py", line 557, in write_text
    return PathBase.write_text(self, data, encoding, errors, newline)
           ~~~~~~~~~~~~~~~~~~~^^^^^^^^^^^^^^^^^^^^^^^^^^^^^^^^^^^^^^^
  File "/usr/lib/python3.13/pathlib/_abc.py", line 651, in write_text
    with self.open(mode='w', encoding=encoding, errors=errors, newline=newline) as f:
         ~~~~~~~~~^^^^^^^^^^^^^^^^^^^^^^^^^^^^^^^^^^^^^^^^^^^^^^^^^^^^^^^^^^^^^
  File "/usr/lib/python3.13/pathlib/_local.py", line 539, in open
    return io.open(self, mode, buffering, encoding, errors, newline)
           ~~~~~~~^^^^^^^^^^^^^^^^^^^^^^^^^^^^^^^^^^^^^^^^^^^^^^^^^^
FileNotFoundError: [Errno 2] No such file or directory: '/home/openclaw/projects/1ai-trade-bot/engines/bitget/logs/trading/vilona_heartbeat.txt'

💤 Sleeping 15 min until 04:12:19...

────────────────────────────────────────────────────────────
CYCLE #240
────────────────────────────────────────────────────────────

============================================================
🤖 VILONA DAEMON — 2026-06-05 04:12:19 WIB
============================================================

💥 Daemon error: [Errno 2] No such file or directory: '/home/openclaw/projects/1ai-trade-bot/engines/bitget/logs/trading/vilona_heartbeat.txt'
Traceback (most recent call last):
  File "/home/openclaw/projects/1ai-trade-bot/engines/bitget/scripts/vilona_daemon_loop.py", line 567, in main
  File "/home/openclaw/projects/1ai-trade-bot/engines/bitget/scripts/vilona_daemon_loop.py", line 508, in run_cycle
  File "/home/openclaw/projects/1ai-trade-bot/engines/bitget/scripts/vilona_daemon_loop.py", line 263, in write_heartbeat
  File "/usr/lib/python3.13/pathlib/_local.py", line 557, in write_text
    return PathBase.write_text(self, data, encoding, errors, newline)
           ~~~~~~~~~~~~~~~~~~~^^^^^^^^^^^^^^^^^^^^^^^^^^^^^^^^^^^^^^^
  File "/usr/lib/python3.13/pathlib/_abc.py", line 651, in write_text
    with self.open(mode='w', encoding=encoding, errors=errors, newline=newline) as f:
         ~~~~~~~~~^^^^^^^^^^^^^^^^^^^^^^^^^^^^^^^^^^^^^^^^^^^^^^^^^^^^^^^^^^^^^
  File "/usr/lib/python3.13/pathlib/_local.py", line 539, in open
    return io.open(self, mode, buffering, encoding, errors, newline)
           ~~~~~~~^^^^^^^^^^^^^^^^^^^^^^^^^^^^^^^^^^^^^^^^^^^^^^^^^^
FileNotFoundError: [Errno 2] No such file or directory: '/home/openclaw/projects/1ai-trade-bot/engines/bitget/logs/trading/vilona_heartbeat.txt'

💤 Sleeping 15 min until 04:27:19...

────────────────────────────────────────────────────────────
CYCLE #241
────────────────────────────────────────────────────────────

============================================================
🤖 VILONA DAEMON — 2026-06-05 04:27:19 WIB
============================================================

💥 Daemon error: [Errno 2] No such file or directory: '/home/openclaw/projects/1ai-trade-bot/engines/bitget/logs/trading/vilona_heartbeat.txt'
Traceback (most recent call last):
  File "/home/openclaw/projects/1ai-trade-bot/engines/bitget/scripts/vilona_daemon_loop.py", line 567, in main
  File "/home/openclaw/projects/1ai-trade-bot/engines/bitget/scripts/vilona_daemon_loop.py", line 508, in run_cycle
  File "/home/openclaw/projects/1ai-trade-bot/engines/bitget/scripts/vilona_daemon_loop.py", line 263, in write_heartbeat
  File "/usr/lib/python3.13/pathlib/_local.py", line 557, in write_text
    return PathBase.write_text(self, data, encoding, errors, newline)
           ~~~~~~~~~~~~~~~~~~~^^^^^^^^^^^^^^^^^^^^^^^^^^^^^^^^^^^^^^^
  File "/usr/lib/python3.13/pathlib/_abc.py", line 651, in write_text
    with self.open(mode='w', encoding=encoding, errors=errors, newline=newline) as f:
         ~~~~~~~~~^^^^^^^^^^^^^^^^^^^^^^^^^^^^^^^^^^^^^^^^^^^^^^^^^^^^^^^^^^^^^
  File "/usr/lib/python3.13/pathlib/_local.py", line 539, in open
    return io.open(self, mode, buffering, encoding, errors, newline)
           ~~~~~~~^^^^^^^^^^^^^^^^^^^^^^^^^^^^^^^^^^^^^^^^^^^^^^^^^^
FileNotFoundError: [Errno 2] No such file or directory: '/home/openclaw/projects/1ai-trade-bot/engines/bitget/logs/trading/vilona_heartbeat.txt'

💤 Sleeping 15 min until 04:42:19...

────────────────────────────────────────────────────────────
CYCLE #242
────────────────────────────────────────────────────────────

============================================================
🤖 VILONA DAEMON — 2026-06-05 04:42:19 WIB
============================================================

💥 Daemon error: [Errno 2] No such file or directory: '/home/openclaw/projects/1ai-trade-bot/engines/bitget/logs/trading/vilona_heartbeat.txt'
Traceback (most recent call last):
  File "/home/openclaw/projects/1ai-trade-bot/engines/bitget/scripts/vilona_daemon_loop.py", line 567, in main
  File "/home/openclaw/projects/1ai-trade-bot/engines/bitget/scripts/vilona_daemon_loop.py", line 508, in run_cycle
  File "/home/openclaw/projects/1ai-trade-bot/engines/bitget/scripts/vilona_daemon_loop.py", line 263, in write_heartbeat
  File "/usr/lib/python3.13/pathlib/_local.py", line 557, in write_text
    return PathBase.write_text(self, data, encoding, errors, newline)
           ~~~~~~~~~~~~~~~~~~~^^^^^^^^^^^^^^^^^^^^^^^^^^^^^^^^^^^^^^^
  File "/usr/lib/python3.13/pathlib/_abc.py", line 651, in write_text
    with self.open(mode='w', encoding=encoding, errors=errors, newline=newline) as f:
         ~~~~~~~~~^^^^^^^^^^^^^^^^^^^^^^^^^^^^^^^^^^^^^^^^^^^^^^^^^^^^^^^^^^^^^
  File "/usr/lib/python3.13/pathlib/_local.py", line 539, in open
    return io.open(self, mode, buffering, encoding, errors, newline)
           ~~~~~~~^^^^^^^^^^^^^^^^^^^^^^^^^^^^^^^^^^^^^^^^^^^^^^^^^^
FileNotFoundError: [Errno 2] No such file or directory: '/home/openclaw/projects/1ai-trade-bot/engines/bitget/logs/trading/vilona_heartbeat.txt'

💤 Sleeping 15 min until 04:57:19...

────────────────────────────────────────────────────────────
CYCLE #243
────────────────────────────────────────────────────────────

============================================================
🤖 VILONA DAEMON — 2026-06-05 04:57:19 WIB
============================================================

💥 Daemon error: [Errno 2] No such file or directory: '/home/openclaw/projects/1ai-trade-bot/engines/bitget/logs/trading/vilona_heartbeat.txt'
Traceback (most recent call last):
  File "/home/openclaw/projects/1ai-trade-bot/engines/bitget/scripts/vilona_daemon_loop.py", line 567, in main
  File "/home/openclaw/projects/1ai-trade-bot/engines/bitget/scripts/vilona_daemon_loop.py", line 508, in run_cycle
  File "/home/openclaw/projects/1ai-trade-bot/engines/bitget/scripts/vilona_daemon_loop.py", line 263, in write_heartbeat
  File "/usr/lib/python3.13/pathlib/_local.py", line 557, in write_text
    return PathBase.write_text(self, data, encoding, errors, newline)
           ~~~~~~~~~~~~~~~~~~~^^^^^^^^^^^^^^^^^^^^^^^^^^^^^^^^^^^^^^^
  File "/usr/lib/python3.13/pathlib/_abc.py", line 651, in write_text
    with self.open(mode='w', encoding=encoding, errors=errors, newline=newline) as f:
         ~~~~~~~~~^^^^^^^^^^^^^^^^^^^^^^^^^^^^^^^^^^^^^^^^^^^^^^^^^^^^^^^^^^^^^
  File "/usr/lib/python3.13/pathlib/_local.py", line 539, in open
    return io.open(self, mode, buffering, encoding, errors, newline)
           ~~~~~~~^^^^^^^^^^^^^^^^^^^^^^^^^^^^^^^^^^^^^^^^^^^^^^^^^^
FileNotFoundError: [Errno 2] No such file or directory: '/home/openclaw/projects/1ai-trade-bot/engines/bitget/logs/trading/vilona_heartbeat.txt'

💤 Sleeping 15 min until 05:12:19...

────────────────────────────────────────────────────────────
CYCLE #244
────────────────────────────────────────────────────────────

============================================================
🤖 VILONA DAEMON — 2026-06-05 05:12:19 WIB
============================================================

💥 Daemon error: [Errno 2] No such file or directory: '/home/openclaw/projects/1ai-trade-bot/engines/bitget/logs/trading/vilona_heartbeat.txt'
Traceback (most recent call last):
  File "/home/openclaw/projects/1ai-trade-bot/engines/bitget/scripts/vilona_daemon_loop.py", line 567, in main
  File "/home/openclaw/projects/1ai-trade-bot/engines/bitget/scripts/vilona_daemon_loop.py", line 508, in run_cycle
  File "/home/openclaw/projects/1ai-trade-bot/engines/bitget/scripts/vilona_daemon_loop.py", line 263, in write_heartbeat
  File "/usr/lib/python3.13/pathlib/_local.py", line 557, in write_text
    return PathBase.write_text(self, data, encoding, errors, newline)
           ~~~~~~~~~~~~~~~~~~~^^^^^^^^^^^^^^^^^^^^^^^^^^^^^^^^^^^^^^^
  File "/usr/lib/python3.13/pathlib/_abc.py", line 651, in write_text
    with self.open(mode='w', encoding=encoding, errors=errors, newline=newline) as f:
         ~~~~~~~~~^^^^^^^^^^^^^^^^^^^^^^^^^^^^^^^^^^^^^^^^^^^^^^^^^^^^^^^^^^^^^
  File "/usr/lib/python3.13/pathlib/_local.py", line 539, in open
    return io.open(self, mode, buffering, encoding, errors, newline)
           ~~~~~~~^^^^^^^^^^^^^^^^^^^^^^^^^^^^^^^^^^^^^^^^^^^^^^^^^^
FileNotFoundError: [Errno 2] No such file or directory: '/home/openclaw/projects/1ai-trade-bot/engines/bitget/logs/trading/vilona_heartbeat.txt'

💤 Sleeping 15 min until 05:27:19...

────────────────────────────────────────────────────────────
CYCLE #245
────────────────────────────────────────────────────────────

============================================================
🤖 VILONA DAEMON — 2026-06-05 05:27:19 WIB
============================================================

💥 Daemon error: [Errno 2] No such file or directory: '/home/openclaw/projects/1ai-trade-bot/engines/bitget/logs/trading/vilona_heartbeat.txt'
Traceback (most recent call last):
  File "/home/openclaw/projects/1ai-trade-bot/engines/bitget/scripts/vilona_daemon_loop.py", line 567, in main
  File "/home/openclaw/projects/1ai-trade-bot/engines/bitget/scripts/vilona_daemon_loop.py", line 508, in run_cycle
  File "/home/openclaw/projects/1ai-trade-bot/engines/bitget/scripts/vilona_daemon_loop.py", line 263, in write_heartbeat
  File "/usr/lib/python3.13/pathlib/_local.py", line 557, in write_text
    return PathBase.write_text(self, data, encoding, errors, newline)
           ~~~~~~~~~~~~~~~~~~~^^^^^^^^^^^^^^^^^^^^^^^^^^^^^^^^^^^^^^^
  File "/usr/lib/python3.13/pathlib/_abc.py", line 651, in write_text
    with self.open(mode='w', encoding=encoding, errors=errors, newline=newline) as f:
         ~~~~~~~~~^^^^^^^^^^^^^^^^^^^^^^^^^^^^^^^^^^^^^^^^^^^^^^^^^^^^^^^^^^^^^
  File "/usr/lib/python3.13/pathlib/_local.py", line 539, in open
    return io.open(self, mode, buffering, encoding, errors, newline)
           ~~~~~~~^^^^^^^^^^^^^^^^^^^^^^^^^^^^^^^^^^^^^^^^^^^^^^^^^^
FileNotFoundError: [Errno 2] No such file or directory: '/home/openclaw/projects/1ai-trade-bot/engines/bitget/logs/trading/vilona_heartbeat.txt'

💤 Sleeping 15 min until 05:42:19...

────────────────────────────────────────────────────────────
CYCLE #246
────────────────────────────────────────────────────────────

============================================================
🤖 VILONA DAEMON — 2026-06-05 05:42:19 WIB
============================================================

💥 Daemon error: [Errno 2] No such file or directory: '/home/openclaw/projects/1ai-trade-bot/engines/bitget/logs/trading/vilona_heartbeat.txt'
Traceback (most recent call last):
  File "/home/openclaw/projects/1ai-trade-bot/engines/bitget/scripts/vilona_daemon_loop.py", line 567, in main
  File "/home/openclaw/projects/1ai-trade-bot/engines/bitget/scripts/vilona_daemon_loop.py", line 508, in run_cycle
  File "/home/openclaw/projects/1ai-trade-bot/engines/bitget/scripts/vilona_daemon_loop.py", line 263, in write_heartbeat
  File "/usr/lib/python3.13/pathlib/_local.py", line 557, in write_text
    return PathBase.write_text(self, data, encoding, errors, newline)
           ~~~~~~~~~~~~~~~~~~~^^^^^^^^^^^^^^^^^^^^^^^^^^^^^^^^^^^^^^^
  File "/usr/lib/python3.13/pathlib/_abc.py", line 651, in write_text
    with self.open(mode='w', encoding=encoding, errors=errors, newline=newline) as f:
         ~~~~~~~~~^^^^^^^^^^^^^^^^^^^^^^^^^^^^^^^^^^^^^^^^^^^^^^^^^^^^^^^^^^^^^
  File "/usr/lib/python3.13/pathlib/_local.py", line 539, in open
    return io.open(self, mode, buffering, encoding, errors, newline)
           ~~~~~~~^^^^^^^^^^^^^^^^^^^^^^^^^^^^^^^^^^^^^^^^^^^^^^^^^^
FileNotFoundError: [Errno 2] No such file or directory: '/home/openclaw/projects/1ai-trade-bot/engines/bitget/logs/trading/vilona_heartbeat.txt'

💤 Sleeping 15 min until 05:57:19...

────────────────────────────────────────────────────────────
CYCLE #247
────────────────────────────────────────────────────────────

============================================================
🤖 VILONA DAEMON — 2026-06-05 05:57:19 WIB
============================================================

💥 Daemon error: [Errno 2] No such file or directory: '/home/openclaw/projects/1ai-trade-bot/engines/bitget/logs/trading/vilona_heartbeat.txt'
Traceback (most recent call last):
  File "/home/openclaw/projects/1ai-trade-bot/engines/bitget/scripts/vilona_daemon_loop.py", line 567, in main
  File "/home/openclaw/projects/1ai-trade-bot/engines/bitget/scripts/vilona_daemon_loop.py", line 508, in run_cycle
  File "/home/openclaw/projects/1ai-trade-bot/engines/bitget/scripts/vilona_daemon_loop.py", line 263, in write_heartbeat
  File "/usr/lib/python3.13/pathlib/_local.py", line 557, in write_text
    return PathBase.write_text(self, data, encoding, errors, newline)
           ~~~~~~~~~~~~~~~~~~~^^^^^^^^^^^^^^^^^^^^^^^^^^^^^^^^^^^^^^^
  File "/usr/lib/python3.13/pathlib/_abc.py", line 651, in write_text
    with self.open(mode='w', encoding=encoding, errors=errors, newline=newline) as f:
         ~~~~~~~~~^^^^^^^^^^^^^^^^^^^^^^^^^^^^^^^^^^^^^^^^^^^^^^^^^^^^^^^^^^^^^
  File "/usr/lib/python3.13/pathlib/_local.py", line 539, in open
    return io.open(self, mode, buffering, encoding, errors, newline)
           ~~~~~~~^^^^^^^^^^^^^^^^^^^^^^^^^^^^^^^^^^^^^^^^^^^^^^^^^^
FileNotFoundError: [Errno 2] No such file or directory: '/home/openclaw/projects/1ai-trade-bot/engines/bitget/logs/trading/vilona_heartbeat.txt'

💤 Sleeping 15 min until 06:12:19...

────────────────────────────────────────────────────────────
CYCLE #248
────────────────────────────────────────────────────────────

============================================================
🤖 VILONA DAEMON — 2026-06-05 06:12:19 WIB
============================================================

💥 Daemon error: [Errno 2] No such file or directory: '/home/openclaw/projects/1ai-trade-bot/engines/bitget/logs/trading/vilona_heartbeat.txt'
Traceback (most recent call last):
  File "/home/openclaw/projects/1ai-trade-bot/engines/bitget/scripts/vilona_daemon_loop.py", line 567, in main
  File "/home/openclaw/projects/1ai-trade-bot/engines/bitget/scripts/vilona_daemon_loop.py", line 508, in run_cycle
  File "/home/openclaw/projects/1ai-trade-bot/engines/bitget/scripts/vilona_daemon_loop.py", line 263, in write_heartbeat
  File "/usr/lib/python3.13/pathlib/_local.py", line 557, in write_text
    return PathBase.write_text(self, data, encoding, errors, newline)
           ~~~~~~~~~~~~~~~~~~~^^^^^^^^^^^^^^^^^^^^^^^^^^^^^^^^^^^^^^^
  File "/usr/lib/python3.13/pathlib/_abc.py", line 651, in write_text
    with self.open(mode='w', encoding=encoding, errors=errors, newline=newline) as f:
         ~~~~~~~~~^^^^^^^^^^^^^^^^^^^^^^^^^^^^^^^^^^^^^^^^^^^^^^^^^^^^^^^^^^^^^
  File "/usr/lib/python3.13/pathlib/_local.py", line 539, in open
    return io.open(self, mode, buffering, encoding, errors, newline)
           ~~~~~~~^^^^^^^^^^^^^^^^^^^^^^^^^^^^^^^^^^^^^^^^^^^^^^^^^^
FileNotFoundError: [Errno 2] No such file or directory: '/home/openclaw/projects/1ai-trade-bot/engines/bitget/logs/trading/vilona_heartbeat.txt'

💤 Sleeping 15 min until 06:27:19...

────────────────────────────────────────────────────────────
CYCLE #249
────────────────────────────────────────────────────────────

============================================================
🤖 VILONA DAEMON — 2026-06-05 06:27:19 WIB
============================================================

💥 Daemon error: [Errno 2] No such file or directory: '/home/openclaw/projects/1ai-trade-bot/engines/bitget/logs/trading/vilona_heartbeat.txt'
Traceback (most recent call last):
  File "/home/openclaw/projects/1ai-trade-bot/engines/bitget/scripts/vilona_daemon_loop.py", line 567, in main
  File "/home/openclaw/projects/1ai-trade-bot/engines/bitget/scripts/vilona_daemon_loop.py", line 508, in run_cycle
  File "/home/openclaw/projects/1ai-trade-bot/engines/bitget/scripts/vilona_daemon_loop.py", line 263, in write_heartbeat
  File "/usr/lib/python3.13/pathlib/_local.py", line 557, in write_text
    return PathBase.write_text(self, data, encoding, errors, newline)
           ~~~~~~~~~~~~~~~~~~~^^^^^^^^^^^^^^^^^^^^^^^^^^^^^^^^^^^^^^^
  File "/usr/lib/python3.13/pathlib/_abc.py", line 651, in write_text
    with self.open(mode='w', encoding=encoding, errors=errors, newline=newline) as f:
         ~~~~~~~~~^^^^^^^^^^^^^^^^^^^^^^^^^^^^^^^^^^^^^^^^^^^^^^^^^^^^^^^^^^^^^
  File "/usr/lib/python3.13/pathlib/_local.py", line 539, in open
    return io.open(self, mode, buffering, encoding, errors, newline)
           ~~~~~~~^^^^^^^^^^^^^^^^^^^^^^^^^^^^^^^^^^^^^^^^^^^^^^^^^^
FileNotFoundError: [Errno 2] No such file or directory: '/home/openclaw/projects/1ai-trade-bot/engines/bitget/logs/trading/vilona_heartbeat.txt'

💤 Sleeping 15 min until 06:42:19...

────────────────────────────────────────────────────────────
CYCLE #250
────────────────────────────────────────────────────────────

============================================================
🤖 VILONA DAEMON — 2026-06-05 06:42:19 WIB
============================================================

💥 Daemon error: [Errno 2] No such file or directory: '/home/openclaw/projects/1ai-trade-bot/engines/bitget/logs/trading/vilona_heartbeat.txt'
Traceback (most recent call last):
  File "/home/openclaw/projects/1ai-trade-bot/engines/bitget/scripts/vilona_daemon_loop.py", line 567, in main
  File "/home/openclaw/projects/1ai-trade-bot/engines/bitget/scripts/vilona_daemon_loop.py", line 508, in run_cycle
  File "/home/openclaw/projects/1ai-trade-bot/engines/bitget/scripts/vilona_daemon_loop.py", line 263, in write_heartbeat
  File "/usr/lib/python3.13/pathlib/_local.py", line 557, in write_text
    return PathBase.write_text(self, data, encoding, errors, newline)
           ~~~~~~~~~~~~~~~~~~~^^^^^^^^^^^^^^^^^^^^^^^^^^^^^^^^^^^^^^^
  File "/usr/lib/python3.13/pathlib/_abc.py", line 651, in write_text
    with self.open(mode='w', encoding=encoding, errors=errors, newline=newline) as f:
         ~~~~~~~~~^^^^^^^^^^^^^^^^^^^^^^^^^^^^^^^^^^^^^^^^^^^^^^^^^^^^^^^^^^^^^
  File "/usr/lib/python3.13/pathlib/_local.py", line 539, in open
    return io.open(self, mode, buffering, encoding, errors, newline)
           ~~~~~~~^^^^^^^^^^^^^^^^^^^^^^^^^^^^^^^^^^^^^^^^^^^^^^^^^^
FileNotFoundError: [Errno 2] No such file or directory: '/home/openclaw/projects/1ai-trade-bot/engines/bitget/logs/trading/vilona_heartbeat.txt'

💤 Sleeping 15 min until 06:57:19...

────────────────────────────────────────────────────────────
CYCLE #251
────────────────────────────────────────────────────────────

============================================================
🤖 VILONA DAEMON — 2026-06-05 06:57:19 WIB
============================================================

💥 Daemon error: [Errno 2] No such file or directory: '/home/openclaw/projects/1ai-trade-bot/engines/bitget/logs/trading/vilona_heartbeat.txt'
Traceback (most recent call last):
  File "/home/openclaw/projects/1ai-trade-bot/engines/bitget/scripts/vilona_daemon_loop.py", line 567, in main
  File "/home/openclaw/projects/1ai-trade-bot/engines/bitget/scripts/vilona_daemon_loop.py", line 508, in run_cycle
  File "/home/openclaw/projects/1ai-trade-bot/engines/bitget/scripts/vilona_daemon_loop.py", line 263, in write_heartbeat
  File "/usr/lib/python3.13/pathlib/_local.py", line 557, in write_text
    return PathBase.write_text(self, data, encoding, errors, newline)
           ~~~~~~~~~~~~~~~~~~~^^^^^^^^^^^^^^^^^^^^^^^^^^^^^^^^^^^^^^^
  File "/usr/lib/python3.13/pathlib/_abc.py", line 651, in write_text
    with self.open(mode='w', encoding=encoding, errors=errors, newline=newline) as f:
         ~~~~~~~~~^^^^^^^^^^^^^^^^^^^^^^^^^^^^^^^^^^^^^^^^^^^^^^^^^^^^^^^^^^^^^
  File "/usr/lib/python3.13/pathlib/_local.py", line 539, in open
    return io.open(self, mode, buffering, encoding, errors, newline)
           ~~~~~~~^^^^^^^^^^^^^^^^^^^^^^^^^^^^^^^^^^^^^^^^^^^^^^^^^^
FileNotFoundError: [Errno 2] No such file or directory: '/home/openclaw/projects/1ai-trade-bot/engines/bitget/logs/trading/vilona_heartbeat.txt'

💤 Sleeping 15 min until 07:12:19...

────────────────────────────────────────────────────────────
CYCLE #252
────────────────────────────────────────────────────────────

============================================================
🤖 VILONA DAEMON — 2026-06-05 07:12:19 WIB
============================================================

💥 Daemon error: [Errno 2] No such file or directory: '/home/openclaw/projects/1ai-trade-bot/engines/bitget/logs/trading/vilona_heartbeat.txt'
Traceback (most recent call last):
  File "/home/openclaw/projects/1ai-trade-bot/engines/bitget/scripts/vilona_daemon_loop.py", line 567, in main
  File "/home/openclaw/projects/1ai-trade-bot/engines/bitget/scripts/vilona_daemon_loop.py", line 508, in run_cycle
  File "/home/openclaw/projects/1ai-trade-bot/engines/bitget/scripts/vilona_daemon_loop.py", line 263, in write_heartbeat
  File "/usr/lib/python3.13/pathlib/_local.py", line 557, in write_text
    return PathBase.write_text(self, data, encoding, errors, newline)
           ~~~~~~~~~~~~~~~~~~~^^^^^^^^^^^^^^^^^^^^^^^^^^^^^^^^^^^^^^^
  File "/usr/lib/python3.13/pathlib/_abc.py", line 651, in write_text
    with self.open(mode='w', encoding=encoding, errors=errors, newline=newline) as f:
         ~~~~~~~~~^^^^^^^^^^^^^^^^^^^^^^^^^^^^^^^^^^^^^^^^^^^^^^^^^^^^^^^^^^^^^
  File "/usr/lib/python3.13/pathlib/_local.py", line 539, in open
    return io.open(self, mode, buffering, encoding, errors, newline)
           ~~~~~~~^^^^^^^^^^^^^^^^^^^^^^^^^^^^^^^^^^^^^^^^^^^^^^^^^^
FileNotFoundError: [Errno 2] No such file or directory: '/home/openclaw/projects/1ai-trade-bot/engines/bitget/logs/trading/vilona_heartbeat.txt'

💤 Sleeping 15 min until 07:27:19...

────────────────────────────────────────────────────────────
CYCLE #253
────────────────────────────────────────────────────────────

============================================================
🤖 VILONA DAEMON — 2026-06-05 07:27:19 WIB
============================================================

💥 Daemon error: [Errno 2] No such file or directory: '/home/openclaw/projects/1ai-trade-bot/engines/bitget/logs/trading/vilona_heartbeat.txt'
Traceback (most recent call last):
  File "/home/openclaw/projects/1ai-trade-bot/engines/bitget/scripts/vilona_daemon_loop.py", line 567, in main
  File "/home/openclaw/projects/1ai-trade-bot/engines/bitget/scripts/vilona_daemon_loop.py", line 508, in run_cycle
  File "/home/openclaw/projects/1ai-trade-bot/engines/bitget/scripts/vilona_daemon_loop.py", line 263, in write_heartbeat
  File "/usr/lib/python3.13/pathlib/_local.py", line 557, in write_text
    return PathBase.write_text(self, data, encoding, errors, newline)
           ~~~~~~~~~~~~~~~~~~~^^^^^^^^^^^^^^^^^^^^^^^^^^^^^^^^^^^^^^^
  File "/usr/lib/python3.13/pathlib/_abc.py", line 651, in write_text
    with self.open(mode='w', encoding=encoding, errors=errors, newline=newline) as f:
         ~~~~~~~~~^^^^^^^^^^^^^^^^^^^^^^^^^^^^^^^^^^^^^^^^^^^^^^^^^^^^^^^^^^^^^
  File "/usr/lib/python3.13/pathlib/_local.py", line 539, in open
    return io.open(self, mode, buffering, encoding, errors, newline)
           ~~~~~~~^^^^^^^^^^^^^^^^^^^^^^^^^^^^^^^^^^^^^^^^^^^^^^^^^^
FileNotFoundError: [Errno 2] No such file or directory: '/home/openclaw/projects/1ai-trade-bot/engines/bitget/logs/trading/vilona_heartbeat.txt'

💤 Sleeping 15 min until 07:42:19...

────────────────────────────────────────────────────────────
CYCLE #254
────────────────────────────────────────────────────────────

============================================================
🤖 VILONA DAEMON — 2026-06-05 07:42:19 WIB
============================================================

💥 Daemon error: [Errno 2] No such file or directory: '/home/openclaw/projects/1ai-trade-bot/engines/bitget/logs/trading/vilona_heartbeat.txt'
Traceback (most recent call last):
  File "/home/openclaw/projects/1ai-trade-bot/engines/bitget/scripts/vilona_daemon_loop.py", line 567, in main
  File "/home/openclaw/projects/1ai-trade-bot/engines/bitget/scripts/vilona_daemon_loop.py", line 508, in run_cycle
  File "/home/openclaw/projects/1ai-trade-bot/engines/bitget/scripts/vilona_daemon_loop.py", line 263, in write_heartbeat
  File "/usr/lib/python3.13/pathlib/_local.py", line 557, in write_text
    return PathBase.write_text(self, data, encoding, errors, newline)
           ~~~~~~~~~~~~~~~~~~~^^^^^^^^^^^^^^^^^^^^^^^^^^^^^^^^^^^^^^^
  File "/usr/lib/python3.13/pathlib/_abc.py", line 651, in write_text
    with self.open(mode='w', encoding=encoding, errors=errors, newline=newline) as f:
         ~~~~~~~~~^^^^^^^^^^^^^^^^^^^^^^^^^^^^^^^^^^^^^^^^^^^^^^^^^^^^^^^^^^^^^
  File "/usr/lib/python3.13/pathlib/_local.py", line 539, in open
    return io.open(self, mode, buffering, encoding, errors, newline)
           ~~~~~~~^^^^^^^^^^^^^^^^^^^^^^^^^^^^^^^^^^^^^^^^^^^^^^^^^^
FileNotFoundError: [Errno 2] No such file or directory: '/home/openclaw/projects/1ai-trade-bot/engines/bitget/logs/trading/vilona_heartbeat.txt'

💤 Sleeping 15 min until 07:57:19...

────────────────────────────────────────────────────────────
CYCLE #255
────────────────────────────────────────────────────────────

============================================================
🤖 VILONA DAEMON — 2026-06-05 07:57:19 WIB
============================================================

💥 Daemon error: [Errno 2] No such file or directory: '/home/openclaw/projects/1ai-trade-bot/engines/bitget/logs/trading/vilona_heartbeat.txt'
Traceback (most recent call last):
  File "/home/openclaw/projects/1ai-trade-bot/engines/bitget/scripts/vilona_daemon_loop.py", line 567, in main
  File "/home/openclaw/projects/1ai-trade-bot/engines/bitget/scripts/vilona_daemon_loop.py", line 508, in run_cycle
  File "/home/openclaw/projects/1ai-trade-bot/engines/bitget/scripts/vilona_daemon_loop.py", line 263, in write_heartbeat
  File "/usr/lib/python3.13/pathlib/_local.py", line 557, in write_text
    return PathBase.write_text(self, data, encoding, errors, newline)
           ~~~~~~~~~~~~~~~~~~~^^^^^^^^^^^^^^^^^^^^^^^^^^^^^^^^^^^^^^^
  File "/usr/lib/python3.13/pathlib/_abc.py", line 651, in write_text
    with self.open(mode='w', encoding=encoding, errors=errors, newline=newline) as f:
         ~~~~~~~~~^^^^^^^^^^^^^^^^^^^^^^^^^^^^^^^^^^^^^^^^^^^^^^^^^^^^^^^^^^^^^
  File "/usr/lib/python3.13/pathlib/_local.py", line 539, in open
    return io.open(self, mode, buffering, encoding, errors, newline)
           ~~~~~~~^^^^^^^^^^^^^^^^^^^^^^^^^^^^^^^^^^^^^^^^^^^^^^^^^^
FileNotFoundError: [Errno 2] No such file or directory: '/home/openclaw/projects/1ai-trade-bot/engines/bitget/logs/trading/vilona_heartbeat.txt'

💤 Sleeping 15 min until 08:12:19...

────────────────────────────────────────────────────────────
CYCLE #256
────────────────────────────────────────────────────────────

============================================================
🤖 VILONA DAEMON — 2026-06-05 08:12:19 WIB
============================================================

💥 Daemon error: [Errno 2] No such file or directory: '/home/openclaw/projects/1ai-trade-bot/engines/bitget/logs/trading/vilona_heartbeat.txt'
Traceback (most recent call last):
  File "/home/openclaw/projects/1ai-trade-bot/engines/bitget/scripts/vilona_daemon_loop.py", line 567, in main
  File "/home/openclaw/projects/1ai-trade-bot/engines/bitget/scripts/vilona_daemon_loop.py", line 508, in run_cycle
  File "/home/openclaw/projects/1ai-trade-bot/engines/bitget/scripts/vilona_daemon_loop.py", line 263, in write_heartbeat
  File "/usr/lib/python3.13/pathlib/_local.py", line 557, in write_text
    return PathBase.write_text(self, data, encoding, errors, newline)
           ~~~~~~~~~~~~~~~~~~~^^^^^^^^^^^^^^^^^^^^^^^^^^^^^^^^^^^^^^^
  File "/usr/lib/python3.13/pathlib/_abc.py", line 651, in write_text
    with self.open(mode='w', encoding=encoding, errors=errors, newline=newline) as f:
         ~~~~~~~~~^^^^^^^^^^^^^^^^^^^^^^^^^^^^^^^^^^^^^^^^^^^^^^^^^^^^^^^^^^^^^
  File "/usr/lib/python3.13/pathlib/_local.py", line 539, in open
    return io.open(self, mode, buffering, encoding, errors, newline)
           ~~~~~~~^^^^^^^^^^^^^^^^^^^^^^^^^^^^^^^^^^^^^^^^^^^^^^^^^^
FileNotFoundError: [Errno 2] No such file or directory: '/home/openclaw/projects/1ai-trade-bot/engines/bitget/logs/trading/vilona_heartbeat.txt'

💤 Sleeping 15 min until 08:27:19...

────────────────────────────────────────────────────────────
CYCLE #257
────────────────────────────────────────────────────────────

============================================================
🤖 VILONA DAEMON — 2026-06-05 08:27:19 WIB
============================================================

💥 Daemon error: [Errno 2] No such file or directory: '/home/openclaw/projects/1ai-trade-bot/engines/bitget/logs/trading/vilona_heartbeat.txt'
Traceback (most recent call last):
  File "/home/openclaw/projects/1ai-trade-bot/engines/bitget/scripts/vilona_daemon_loop.py", line 567, in main
  File "/home/openclaw/projects/1ai-trade-bot/engines/bitget/scripts/vilona_daemon_loop.py", line 508, in run_cycle
  File "/home/openclaw/projects/1ai-trade-bot/engines/bitget/scripts/vilona_daemon_loop.py", line 263, in write_heartbeat
  File "/usr/lib/python3.13/pathlib/_local.py", line 557, in write_text
    return PathBase.write_text(self, data, encoding, errors, newline)
           ~~~~~~~~~~~~~~~~~~~^^^^^^^^^^^^^^^^^^^^^^^^^^^^^^^^^^^^^^^
  File "/usr/lib/python3.13/pathlib/_abc.py", line 651, in write_text
    with self.open(mode='w', encoding=encoding, errors=errors, newline=newline) as f:
         ~~~~~~~~~^^^^^^^^^^^^^^^^^^^^^^^^^^^^^^^^^^^^^^^^^^^^^^^^^^^^^^^^^^^^^
  File "/usr/lib/python3.13/pathlib/_local.py", line 539, in open
    return io.open(self, mode, buffering, encoding, errors, newline)
           ~~~~~~~^^^^^^^^^^^^^^^^^^^^^^^^^^^^^^^^^^^^^^^^^^^^^^^^^^
FileNotFoundError: [Errno 2] No such file or directory: '/home/openclaw/projects/1ai-trade-bot/engines/bitget/logs/trading/vilona_heartbeat.txt'

💤 Sleeping 15 min until 08:42:19...

────────────────────────────────────────────────────────────
CYCLE #258
────────────────────────────────────────────────────────────

============================================================
🤖 VILONA DAEMON — 2026-06-05 08:42:19 WIB
============================================================

💥 Daemon error: [Errno 2] No such file or directory: '/home/openclaw/projects/1ai-trade-bot/engines/bitget/logs/trading/vilona_heartbeat.txt'
Traceback (most recent call last):
  File "/home/openclaw/projects/1ai-trade-bot/engines/bitget/scripts/vilona_daemon_loop.py", line 567, in main
  File "/home/openclaw/projects/1ai-trade-bot/engines/bitget/scripts/vilona_daemon_loop.py", line 508, in run_cycle
  File "/home/openclaw/projects/1ai-trade-bot/engines/bitget/scripts/vilona_daemon_loop.py", line 263, in write_heartbeat
  File "/usr/lib/python3.13/pathlib/_local.py", line 557, in write_text
    return PathBase.write_text(self, data, encoding, errors, newline)
           ~~~~~~~~~~~~~~~~~~~^^^^^^^^^^^^^^^^^^^^^^^^^^^^^^^^^^^^^^^
  File "/usr/lib/python3.13/pathlib/_abc.py", line 651, in write_text
    with self.open(mode='w', encoding=encoding, errors=errors, newline=newline) as f:
         ~~~~~~~~~^^^^^^^^^^^^^^^^^^^^^^^^^^^^^^^^^^^^^^^^^^^^^^^^^^^^^^^^^^^^^
  File "/usr/lib/python3.13/pathlib/_local.py", line 539, in open
    return io.open(self, mode, buffering, encoding, errors, newline)
           ~~~~~~~^^^^^^^^^^^^^^^^^^^^^^^^^^^^^^^^^^^^^^^^^^^^^^^^^^
FileNotFoundError: [Errno 2] No such file or directory: '/home/openclaw/projects/1ai-trade-bot/engines/bitget/logs/trading/vilona_heartbeat.txt'

💤 Sleeping 15 min until 08:57:19...

────────────────────────────────────────────────────────────
CYCLE #259
────────────────────────────────────────────────────────────

============================================================
🤖 VILONA DAEMON — 2026-06-05 08:57:19 WIB
============================================================

💥 Daemon error: [Errno 2] No such file or directory: '/home/openclaw/projects/1ai-trade-bot/engines/bitget/logs/trading/vilona_heartbeat.txt'
Traceback (most recent call last):
  File "/home/openclaw/projects/1ai-trade-bot/engines/bitget/scripts/vilona_daemon_loop.py", line 567, in main
  File "/home/openclaw/projects/1ai-trade-bot/engines/bitget/scripts/vilona_daemon_loop.py", line 508, in run_cycle
  File "/home/openclaw/projects/1ai-trade-bot/engines/bitget/scripts/vilona_daemon_loop.py", line 263, in write_heartbeat
  File "/usr/lib/python3.13/pathlib/_local.py", line 557, in write_text
    return PathBase.write_text(self, data, encoding, errors, newline)
           ~~~~~~~~~~~~~~~~~~~^^^^^^^^^^^^^^^^^^^^^^^^^^^^^^^^^^^^^^^
  File "/usr/lib/python3.13/pathlib/_abc.py", line 651, in write_text
    with self.open(mode='w', encoding=encoding, errors=errors, newline=newline) as f:
         ~~~~~~~~~^^^^^^^^^^^^^^^^^^^^^^^^^^^^^^^^^^^^^^^^^^^^^^^^^^^^^^^^^^^^^
  File "/usr/lib/python3.13/pathlib/_local.py", line 539, in open
    return io.open(self, mode, buffering, encoding, errors, newline)
           ~~~~~~~^^^^^^^^^^^^^^^^^^^^^^^^^^^^^^^^^^^^^^^^^^^^^^^^^^
FileNotFoundError: [Errno 2] No such file or directory: '/home/openclaw/projects/1ai-trade-bot/engines/bitget/logs/trading/vilona_heartbeat.txt'

💤 Sleeping 15 min until 09:12:19...

────────────────────────────────────────────────────────────
CYCLE #260
────────────────────────────────────────────────────────────

============================================================
🤖 VILONA DAEMON — 2026-06-05 09:12:19 WIB
============================================================

💥 Daemon error: [Errno 2] No such file or directory: '/home/openclaw/projects/1ai-trade-bot/engines/bitget/logs/trading/vilona_heartbeat.txt'
Traceback (most recent call last):
  File "/home/openclaw/projects/1ai-trade-bot/engines/bitget/scripts/vilona_daemon_loop.py", line 567, in main
  File "/home/openclaw/projects/1ai-trade-bot/engines/bitget/scripts/vilona_daemon_loop.py", line 508, in run_cycle
  File "/home/openclaw/projects/1ai-trade-bot/engines/bitget/scripts/vilona_daemon_loop.py", line 263, in write_heartbeat
  File "/usr/lib/python3.13/pathlib/_local.py", line 557, in write_text
    return PathBase.write_text(self, data, encoding, errors, newline)
           ~~~~~~~~~~~~~~~~~~~^^^^^^^^^^^^^^^^^^^^^^^^^^^^^^^^^^^^^^^
  File "/usr/lib/python3.13/pathlib/_abc.py", line 651, in write_text
    with self.open(mode='w', encoding=encoding, errors=errors, newline=newline) as f:
         ~~~~~~~~~^^^^^^^^^^^^^^^^^^^^^^^^^^^^^^^^^^^^^^^^^^^^^^^^^^^^^^^^^^^^^
  File "/usr/lib/python3.13/pathlib/_local.py", line 539, in open
    return io.open(self, mode, buffering, encoding, errors, newline)
           ~~~~~~~^^^^^^^^^^^^^^^^^^^^^^^^^^^^^^^^^^^^^^^^^^^^^^^^^^
FileNotFoundError: [Errno 2] No such file or directory: '/home/openclaw/projects/1ai-trade-bot/engines/bitget/logs/trading/vilona_heartbeat.txt'

💤 Sleeping 15 min until 09:27:19...

────────────────────────────────────────────────────────────
CYCLE #261
────────────────────────────────────────────────────────────

============================================================
🤖 VILONA DAEMON — 2026-06-05 09:27:19 WIB
============================================================

💥 Daemon error: [Errno 2] No such file or directory: '/home/openclaw/projects/1ai-trade-bot/engines/bitget/logs/trading/vilona_heartbeat.txt'
Traceback (most recent call last):
  File "/home/openclaw/projects/1ai-trade-bot/engines/bitget/scripts/vilona_daemon_loop.py", line 567, in main
  File "/home/openclaw/projects/1ai-trade-bot/engines/bitget/scripts/vilona_daemon_loop.py", line 508, in run_cycle
  File "/home/openclaw/projects/1ai-trade-bot/engines/bitget/scripts/vilona_daemon_loop.py", line 263, in write_heartbeat
  File "/usr/lib/python3.13/pathlib/_local.py", line 557, in write_text
    return PathBase.write_text(self, data, encoding, errors, newline)
           ~~~~~~~~~~~~~~~~~~~^^^^^^^^^^^^^^^^^^^^^^^^^^^^^^^^^^^^^^^
  File "/usr/lib/python3.13/pathlib/_abc.py", line 651, in write_text
    with self.open(mode='w', encoding=encoding, errors=errors, newline=newline) as f:
         ~~~~~~~~~^^^^^^^^^^^^^^^^^^^^^^^^^^^^^^^^^^^^^^^^^^^^^^^^^^^^^^^^^^^^^
  File "/usr/lib/python3.13/pathlib/_local.py", line 539, in open
    return io.open(self, mode, buffering, encoding, errors, newline)
           ~~~~~~~^^^^^^^^^^^^^^^^^^^^^^^^^^^^^^^^^^^^^^^^^^^^^^^^^^
FileNotFoundError: [Errno 2] No such file or directory: '/home/openclaw/projects/1ai-trade-bot/engines/bitget/logs/trading/vilona_heartbeat.txt'

💤 Sleeping 15 min until 09:42:19...

────────────────────────────────────────────────────────────
CYCLE #262
────────────────────────────────────────────────────────────

============================================================
🤖 VILONA DAEMON — 2026-06-05 09:42:19 WIB
============================================================

💥 Daemon error: [Errno 2] No such file or directory: '/home/openclaw/projects/1ai-trade-bot/engines/bitget/logs/trading/vilona_heartbeat.txt'
Traceback (most recent call last):
  File "/home/openclaw/projects/1ai-trade-bot/engines/bitget/scripts/vilona_daemon_loop.py", line 567, in main
  File "/home/openclaw/projects/1ai-trade-bot/engines/bitget/scripts/vilona_daemon_loop.py", line 508, in run_cycle
  File "/home/openclaw/projects/1ai-trade-bot/engines/bitget/scripts/vilona_daemon_loop.py", line 263, in write_heartbeat
  File "/usr/lib/python3.13/pathlib/_local.py", line 557, in write_text
    return PathBase.write_text(self, data, encoding, errors, newline)
           ~~~~~~~~~~~~~~~~~~~^^^^^^^^^^^^^^^^^^^^^^^^^^^^^^^^^^^^^^^
  File "/usr/lib/python3.13/pathlib/_abc.py", line 651, in write_text
    with self.open(mode='w', encoding=encoding, errors=errors, newline=newline) as f:
         ~~~~~~~~~^^^^^^^^^^^^^^^^^^^^^^^^^^^^^^^^^^^^^^^^^^^^^^^^^^^^^^^^^^^^^
  File "/usr/lib/python3.13/pathlib/_local.py", line 539, in open
    return io.open(self, mode, buffering, encoding, errors, newline)
           ~~~~~~~^^^^^^^^^^^^^^^^^^^^^^^^^^^^^^^^^^^^^^^^^^^^^^^^^^
FileNotFoundError: [Errno 2] No such file or directory: '/home/openclaw/projects/1ai-trade-bot/engines/bitget/logs/trading/vilona_heartbeat.txt'

💤 Sleeping 15 min until 09:57:19...

────────────────────────────────────────────────────────────
CYCLE #263
────────────────────────────────────────────────────────────

============================================================
🤖 VILONA DAEMON — 2026-06-05 09:57:19 WIB
============================================================

💥 Daemon error: [Errno 2] No such file or directory: '/home/openclaw/projects/1ai-trade-bot/engines/bitget/logs/trading/vilona_heartbeat.txt'
Traceback (most recent call last):
  File "/home/openclaw/projects/1ai-trade-bot/engines/bitget/scripts/vilona_daemon_loop.py", line 567, in main
  File "/home/openclaw/projects/1ai-trade-bot/engines/bitget/scripts/vilona_daemon_loop.py", line 508, in run_cycle
  File "/home/openclaw/projects/1ai-trade-bot/engines/bitget/scripts/vilona_daemon_loop.py", line 263, in write_heartbeat
  File "/usr/lib/python3.13/pathlib/_local.py", line 557, in write_text
    return PathBase.write_text(self, data, encoding, errors, newline)
           ~~~~~~~~~~~~~~~~~~~^^^^^^^^^^^^^^^^^^^^^^^^^^^^^^^^^^^^^^^
  File "/usr/lib/python3.13/pathlib/_abc.py", line 651, in write_text
    with self.open(mode='w', encoding=encoding, errors=errors, newline=newline) as f:
         ~~~~~~~~~^^^^^^^^^^^^^^^^^^^^^^^^^^^^^^^^^^^^^^^^^^^^^^^^^^^^^^^^^^^^^
  File "/usr/lib/python3.13/pathlib/_local.py", line 539, in open
    return io.open(self, mode, buffering, encoding, errors, newline)
           ~~~~~~~^^^^^^^^^^^^^^^^^^^^^^^^^^^^^^^^^^^^^^^^^^^^^^^^^^
FileNotFoundError: [Errno 2] No such file or directory: '/home/openclaw/projects/1ai-trade-bot/engines/bitget/logs/trading/vilona_heartbeat.txt'

💤 Sleeping 15 min until 10:12:19...

────────────────────────────────────────────────────────────
CYCLE #264
────────────────────────────────────────────────────────────

============================================================
🤖 VILONA DAEMON — 2026-06-05 10:12:19 WIB
============================================================

💥 Daemon error: [Errno 2] No such file or directory: '/home/openclaw/projects/1ai-trade-bot/engines/bitget/logs/trading/vilona_heartbeat.txt'
Traceback (most recent call last):
  File "/home/openclaw/projects/1ai-trade-bot/engines/bitget/scripts/vilona_daemon_loop.py", line 567, in main
  File "/home/openclaw/projects/1ai-trade-bot/engines/bitget/scripts/vilona_daemon_loop.py", line 508, in run_cycle
  File "/home/openclaw/projects/1ai-trade-bot/engines/bitget/scripts/vilona_daemon_loop.py", line 263, in write_heartbeat
  File "/usr/lib/python3.13/pathlib/_local.py", line 557, in write_text
    return PathBase.write_text(self, data, encoding, errors, newline)
           ~~~~~~~~~~~~~~~~~~~^^^^^^^^^^^^^^^^^^^^^^^^^^^^^^^^^^^^^^^
  File "/usr/lib/python3.13/pathlib/_abc.py", line 651, in write_text
    with self.open(mode='w', encoding=encoding, errors=errors, newline=newline) as f:
         ~~~~~~~~~^^^^^^^^^^^^^^^^^^^^^^^^^^^^^^^^^^^^^^^^^^^^^^^^^^^^^^^^^^^^^
  File "/usr/lib/python3.13/pathlib/_local.py", line 539, in open
    return io.open(self, mode, buffering, encoding, errors, newline)
           ~~~~~~~^^^^^^^^^^^^^^^^^^^^^^^^^^^^^^^^^^^^^^^^^^^^^^^^^^
FileNotFoundError: [Errno 2] No such file or directory: '/home/openclaw/projects/1ai-trade-bot/engines/bitget/logs/trading/vilona_heartbeat.txt'

💤 Sleeping 15 min until 10:27:19...

────────────────────────────────────────────────────────────
CYCLE #265
────────────────────────────────────────────────────────────

============================================================
🤖 VILONA DAEMON — 2026-06-05 10:27:19 WIB
============================================================

💥 Daemon error: [Errno 2] No such file or directory: '/home/openclaw/projects/1ai-trade-bot/engines/bitget/logs/trading/vilona_heartbeat.txt'
Traceback (most recent call last):
  File "/home/openclaw/projects/1ai-trade-bot/engines/bitget/scripts/vilona_daemon_loop.py", line 567, in main
  File "/home/openclaw/projects/1ai-trade-bot/engines/bitget/scripts/vilona_daemon_loop.py", line 508, in run_cycle
  File "/home/openclaw/projects/1ai-trade-bot/engines/bitget/scripts/vilona_daemon_loop.py", line 263, in write_heartbeat
  File "/usr/lib/python3.13/pathlib/_local.py", line 557, in write_text
    return PathBase.write_text(self, data, encoding, errors, newline)
           ~~~~~~~~~~~~~~~~~~~^^^^^^^^^^^^^^^^^^^^^^^^^^^^^^^^^^^^^^^
  File "/usr/lib/python3.13/pathlib/_abc.py", line 651, in write_text
    with self.open(mode='w', encoding=encoding, errors=errors, newline=newline) as f:
         ~~~~~~~~~^^^^^^^^^^^^^^^^^^^^^^^^^^^^^^^^^^^^^^^^^^^^^^^^^^^^^^^^^^^^^
  File "/usr/lib/python3.13/pathlib/_local.py", line 539, in open
    return io.open(self, mode, buffering, encoding, errors, newline)
           ~~~~~~~^^^^^^^^^^^^^^^^^^^^^^^^^^^^^^^^^^^^^^^^^^^^^^^^^^
FileNotFoundError: [Errno 2] No such file or directory: '/home/openclaw/projects/1ai-trade-bot/engines/bitget/logs/trading/vilona_heartbeat.txt'

💤 Sleeping 15 min until 10:42:19...

────────────────────────────────────────────────────────────
CYCLE #266
────────────────────────────────────────────────────────────

============================================================
🤖 VILONA DAEMON — 2026-06-05 10:42:19 WIB
============================================================

💥 Daemon error: [Errno 2] No such file or directory: '/home/openclaw/projects/1ai-trade-bot/engines/bitget/logs/trading/vilona_heartbeat.txt'
Traceback (most recent call last):
  File "/home/openclaw/projects/1ai-trade-bot/engines/bitget/scripts/vilona_daemon_loop.py", line 567, in main
  File "/home/openclaw/projects/1ai-trade-bot/engines/bitget/scripts/vilona_daemon_loop.py", line 508, in run_cycle
  File "/home/openclaw/projects/1ai-trade-bot/engines/bitget/scripts/vilona_daemon_loop.py", line 263, in write_heartbeat
  File "/usr/lib/python3.13/pathlib/_local.py", line 557, in write_text
    return PathBase.write_text(self, data, encoding, errors, newline)
           ~~~~~~~~~~~~~~~~~~~^^^^^^^^^^^^^^^^^^^^^^^^^^^^^^^^^^^^^^^
  File "/usr/lib/python3.13/pathlib/_abc.py", line 651, in write_text
    with self.open(mode='w', encoding=encoding, errors=errors, newline=newline) as f:
         ~~~~~~~~~^^^^^^^^^^^^^^^^^^^^^^^^^^^^^^^^^^^^^^^^^^^^^^^^^^^^^^^^^^^^^
  File "/usr/lib/python3.13/pathlib/_local.py", line 539, in open
    return io.open(self, mode, buffering, encoding, errors, newline)
           ~~~~~~~^^^^^^^^^^^^^^^^^^^^^^^^^^^^^^^^^^^^^^^^^^^^^^^^^^
FileNotFoundError: [Errno 2] No such file or directory: '/home/openclaw/projects/1ai-trade-bot/engines/bitget/logs/trading/vilona_heartbeat.txt'

💤 Sleeping 15 min until 10:57:19...

────────────────────────────────────────────────────────────
CYCLE #267
────────────────────────────────────────────────────────────

============================================================
🤖 VILONA DAEMON — 2026-06-05 10:57:19 WIB
============================================================

💥 Daemon error: [Errno 2] No such file or directory: '/home/openclaw/projects/1ai-trade-bot/engines/bitget/logs/trading/vilona_heartbeat.txt'
Traceback (most recent call last):
  File "/home/openclaw/projects/1ai-trade-bot/engines/bitget/scripts/vilona_daemon_loop.py", line 567, in main
  File "/home/openclaw/projects/1ai-trade-bot/engines/bitget/scripts/vilona_daemon_loop.py", line 508, in run_cycle
  File "/home/openclaw/projects/1ai-trade-bot/engines/bitget/scripts/vilona_daemon_loop.py", line 263, in write_heartbeat
  File "/usr/lib/python3.13/pathlib/_local.py", line 557, in write_text
    return PathBase.write_text(self, data, encoding, errors, newline)
           ~~~~~~~~~~~~~~~~~~~^^^^^^^^^^^^^^^^^^^^^^^^^^^^^^^^^^^^^^^
  File "/usr/lib/python3.13/pathlib/_abc.py", line 651, in write_text
    with self.open(mode='w', encoding=encoding, errors=errors, newline=newline) as f:
         ~~~~~~~~~^^^^^^^^^^^^^^^^^^^^^^^^^^^^^^^^^^^^^^^^^^^^^^^^^^^^^^^^^^^^^
  File "/usr/lib/python3.13/pathlib/_local.py", line 539, in open
    return io.open(self, mode, buffering, encoding, errors, newline)
           ~~~~~~~^^^^^^^^^^^^^^^^^^^^^^^^^^^^^^^^^^^^^^^^^^^^^^^^^^
FileNotFoundError: [Errno 2] No such file or directory: '/home/openclaw/projects/1ai-trade-bot/engines/bitget/logs/trading/vilona_heartbeat.txt'

💤 Sleeping 15 min until 11:12:19...

────────────────────────────────────────────────────────────
CYCLE #268
────────────────────────────────────────────────────────────

============================================================
🤖 VILONA DAEMON — 2026-06-05 11:12:19 WIB
============================================================

💥 Daemon error: [Errno 2] No such file or directory: '/home/openclaw/projects/1ai-trade-bot/engines/bitget/logs/trading/vilona_heartbeat.txt'
Traceback (most recent call last):
  File "/home/openclaw/projects/1ai-trade-bot/engines/bitget/scripts/vilona_daemon_loop.py", line 567, in main
  File "/home/openclaw/projects/1ai-trade-bot/engines/bitget/scripts/vilona_daemon_loop.py", line 508, in run_cycle
  File "/home/openclaw/projects/1ai-trade-bot/engines/bitget/scripts/vilona_daemon_loop.py", line 263, in write_heartbeat
  File "/usr/lib/python3.13/pathlib/_local.py", line 557, in write_text
    return PathBase.write_text(self, data, encoding, errors, newline)
           ~~~~~~~~~~~~~~~~~~~^^^^^^^^^^^^^^^^^^^^^^^^^^^^^^^^^^^^^^^
  File "/usr/lib/python3.13/pathlib/_abc.py", line 651, in write_text
    with self.open(mode='w', encoding=encoding, errors=errors, newline=newline) as f:
         ~~~~~~~~~^^^^^^^^^^^^^^^^^^^^^^^^^^^^^^^^^^^^^^^^^^^^^^^^^^^^^^^^^^^^^
  File "/usr/lib/python3.13/pathlib/_local.py", line 539, in open
    return io.open(self, mode, buffering, encoding, errors, newline)
           ~~~~~~~^^^^^^^^^^^^^^^^^^^^^^^^^^^^^^^^^^^^^^^^^^^^^^^^^^
FileNotFoundError: [Errno 2] No such file or directory: '/home/openclaw/projects/1ai-trade-bot/engines/bitget/logs/trading/vilona_heartbeat.txt'

💤 Sleeping 15 min until 11:27:19...

────────────────────────────────────────────────────────────
CYCLE #269
────────────────────────────────────────────────────────────

============================================================
🤖 VILONA DAEMON — 2026-06-05 11:27:19 WIB
============================================================

💥 Daemon error: [Errno 2] No such file or directory: '/home/openclaw/projects/1ai-trade-bot/engines/bitget/logs/trading/vilona_heartbeat.txt'
Traceback (most recent call last):
  File "/home/openclaw/projects/1ai-trade-bot/engines/bitget/scripts/vilona_daemon_loop.py", line 567, in main
  File "/home/openclaw/projects/1ai-trade-bot/engines/bitget/scripts/vilona_daemon_loop.py", line 508, in run_cycle
  File "/home/openclaw/projects/1ai-trade-bot/engines/bitget/scripts/vilona_daemon_loop.py", line 263, in write_heartbeat
  File "/usr/lib/python3.13/pathlib/_local.py", line 557, in write_text
    return PathBase.write_text(self, data, encoding, errors, newline)
           ~~~~~~~~~~~~~~~~~~~^^^^^^^^^^^^^^^^^^^^^^^^^^^^^^^^^^^^^^^
  File "/usr/lib/python3.13/pathlib/_abc.py", line 651, in write_text
    with self.open(mode='w', encoding=encoding, errors=errors, newline=newline) as f:
         ~~~~~~~~~^^^^^^^^^^^^^^^^^^^^^^^^^^^^^^^^^^^^^^^^^^^^^^^^^^^^^^^^^^^^^
  File "/usr/lib/python3.13/pathlib/_local.py", line 539, in open
    return io.open(self, mode, buffering, encoding, errors, newline)
           ~~~~~~~^^^^^^^^^^^^^^^^^^^^^^^^^^^^^^^^^^^^^^^^^^^^^^^^^^
FileNotFoundError: [Errno 2] No such file or directory: '/home/openclaw/projects/1ai-trade-bot/engines/bitget/logs/trading/vilona_heartbeat.txt'

💤 Sleeping 15 min until 11:42:19...

────────────────────────────────────────────────────────────
CYCLE #270
────────────────────────────────────────────────────────────

============================================================
🤖 VILONA DAEMON — 2026-06-05 11:42:19 WIB
============================================================

💥 Daemon error: [Errno 2] No such file or directory: '/home/openclaw/projects/1ai-trade-bot/engines/bitget/logs/trading/vilona_heartbeat.txt'
Traceback (most recent call last):
  File "/home/openclaw/projects/1ai-trade-bot/engines/bitget/scripts/vilona_daemon_loop.py", line 567, in main
  File "/home/openclaw/projects/1ai-trade-bot/engines/bitget/scripts/vilona_daemon_loop.py", line 508, in run_cycle
  File "/home/openclaw/projects/1ai-trade-bot/engines/bitget/scripts/vilona_daemon_loop.py", line 263, in write_heartbeat
  File "/usr/lib/python3.13/pathlib/_local.py", line 557, in write_text
    return PathBase.write_text(self, data, encoding, errors, newline)
           ~~~~~~~~~~~~~~~~~~~^^^^^^^^^^^^^^^^^^^^^^^^^^^^^^^^^^^^^^^
  File "/usr/lib/python3.13/pathlib/_abc.py", line 651, in write_text
    with self.open(mode='w', encoding=encoding, errors=errors, newline=newline) as f:
         ~~~~~~~~~^^^^^^^^^^^^^^^^^^^^^^^^^^^^^^^^^^^^^^^^^^^^^^^^^^^^^^^^^^^^^
  File "/usr/lib/python3.13/pathlib/_local.py", line 539, in open
    return io.open(self, mode, buffering, encoding, errors, newline)
           ~~~~~~~^^^^^^^^^^^^^^^^^^^^^^^^^^^^^^^^^^^^^^^^^^^^^^^^^^
FileNotFoundError: [Errno 2] No such file or directory: '/home/openclaw/projects/1ai-trade-bot/engines/bitget/logs/trading/vilona_heartbeat.txt'

💤 Sleeping 15 min until 11:57:19...

────────────────────────────────────────────────────────────
CYCLE #271
────────────────────────────────────────────────────────────

============================================================
🤖 VILONA DAEMON — 2026-06-05 11:57:19 WIB
============================================================

💥 Daemon error: [Errno 2] No such file or directory: '/home/openclaw/projects/1ai-trade-bot/engines/bitget/logs/trading/vilona_heartbeat.txt'
Traceback (most recent call last):
  File "/home/openclaw/projects/1ai-trade-bot/engines/bitget/scripts/vilona_daemon_loop.py", line 567, in main
  File "/home/openclaw/projects/1ai-trade-bot/engines/bitget/scripts/vilona_daemon_loop.py", line 508, in run_cycle
  File "/home/openclaw/projects/1ai-trade-bot/engines/bitget/scripts/vilona_daemon_loop.py", line 263, in write_heartbeat
  File "/usr/lib/python3.13/pathlib/_local.py", line 557, in write_text
    return PathBase.write_text(self, data, encoding, errors, newline)
           ~~~~~~~~~~~~~~~~~~~^^^^^^^^^^^^^^^^^^^^^^^^^^^^^^^^^^^^^^^
  File "/usr/lib/python3.13/pathlib/_abc.py", line 651, in write_text
    with self.open(mode='w', encoding=encoding, errors=errors, newline=newline) as f:
         ~~~~~~~~~^^^^^^^^^^^^^^^^^^^^^^^^^^^^^^^^^^^^^^^^^^^^^^^^^^^^^^^^^^^^^
  File "/usr/lib/python3.13/pathlib/_local.py", line 539, in open
    return io.open(self, mode, buffering, encoding, errors, newline)
           ~~~~~~~^^^^^^^^^^^^^^^^^^^^^^^^^^^^^^^^^^^^^^^^^^^^^^^^^^
FileNotFoundError: [Errno 2] No such file or directory: '/home/openclaw/projects/1ai-trade-bot/engines/bitget/logs/trading/vilona_heartbeat.txt'

💤 Sleeping 15 min until 12:12:19...

────────────────────────────────────────────────────────────
CYCLE #272
────────────────────────────────────────────────────────────

============================================================
🤖 VILONA DAEMON — 2026-06-05 12:12:19 WIB
============================================================

💥 Daemon error: [Errno 2] No such file or directory: '/home/openclaw/projects/1ai-trade-bot/engines/bitget/logs/trading/vilona_heartbeat.txt'
Traceback (most recent call last):
  File "/home/openclaw/projects/1ai-trade-bot/engines/bitget/scripts/vilona_daemon_loop.py", line 567, in main
  File "/home/openclaw/projects/1ai-trade-bot/engines/bitget/scripts/vilona_daemon_loop.py", line 508, in run_cycle
  File "/home/openclaw/projects/1ai-trade-bot/engines/bitget/scripts/vilona_daemon_loop.py", line 263, in write_heartbeat
  File "/usr/lib/python3.13/pathlib/_local.py", line 557, in write_text
    return PathBase.write_text(self, data, encoding, errors, newline)
           ~~~~~~~~~~~~~~~~~~~^^^^^^^^^^^^^^^^^^^^^^^^^^^^^^^^^^^^^^^
  File "/usr/lib/python3.13/pathlib/_abc.py", line 651, in write_text
    with self.open(mode='w', encoding=encoding, errors=errors, newline=newline) as f:
         ~~~~~~~~~^^^^^^^^^^^^^^^^^^^^^^^^^^^^^^^^^^^^^^^^^^^^^^^^^^^^^^^^^^^^^
  File "/usr/lib/python3.13/pathlib/_local.py", line 539, in open
    return io.open(self, mode, buffering, encoding, errors, newline)
           ~~~~~~~^^^^^^^^^^^^^^^^^^^^^^^^^^^^^^^^^^^^^^^^^^^^^^^^^^
FileNotFoundError: [Errno 2] No such file or directory: '/home/openclaw/projects/1ai-trade-bot/engines/bitget/logs/trading/vilona_heartbeat.txt'

💤 Sleeping 15 min until 12:27:19...

────────────────────────────────────────────────────────────
CYCLE #273
────────────────────────────────────────────────────────────

============================================================
🤖 VILONA DAEMON — 2026-06-05 12:27:19 WIB
============================================================

💥 Daemon error: [Errno 2] No such file or directory: '/home/openclaw/projects/1ai-trade-bot/engines/bitget/logs/trading/vilona_heartbeat.txt'
Traceback (most recent call last):
  File "/home/openclaw/projects/1ai-trade-bot/engines/bitget/scripts/vilona_daemon_loop.py", line 567, in main
  File "/home/openclaw/projects/1ai-trade-bot/engines/bitget/scripts/vilona_daemon_loop.py", line 508, in run_cycle
  File "/home/openclaw/projects/1ai-trade-bot/engines/bitget/scripts/vilona_daemon_loop.py", line 263, in write_heartbeat
  File "/usr/lib/python3.13/pathlib/_local.py", line 557, in write_text
    return PathBase.write_text(self, data, encoding, errors, newline)
           ~~~~~~~~~~~~~~~~~~~^^^^^^^^^^^^^^^^^^^^^^^^^^^^^^^^^^^^^^^
  File "/usr/lib/python3.13/pathlib/_abc.py", line 651, in write_text
    with self.open(mode='w', encoding=encoding, errors=errors, newline=newline) as f:
         ~~~~~~~~~^^^^^^^^^^^^^^^^^^^^^^^^^^^^^^^^^^^^^^^^^^^^^^^^^^^^^^^^^^^^^
  File "/usr/lib/python3.13/pathlib/_local.py", line 539, in open
    return io.open(self, mode, buffering, encoding, errors, newline)
           ~~~~~~~^^^^^^^^^^^^^^^^^^^^^^^^^^^^^^^^^^^^^^^^^^^^^^^^^^
FileNotFoundError: [Errno 2] No such file or directory: '/home/openclaw/projects/1ai-trade-bot/engines/bitget/logs/trading/vilona_heartbeat.txt'

💤 Sleeping 15 min until 12:42:19...

────────────────────────────────────────────────────────────
CYCLE #274
────────────────────────────────────────────────────────────

============================================================
🤖 VILONA DAEMON — 2026-06-05 12:42:19 WIB
============================================================

💥 Daemon error: [Errno 2] No such file or directory: '/home/openclaw/projects/1ai-trade-bot/engines/bitget/logs/trading/vilona_heartbeat.txt'
Traceback (most recent call last):
  File "/home/openclaw/projects/1ai-trade-bot/engines/bitget/scripts/vilona_daemon_loop.py", line 567, in main
  File "/home/openclaw/projects/1ai-trade-bot/engines/bitget/scripts/vilona_daemon_loop.py", line 508, in run_cycle
  File "/home/openclaw/projects/1ai-trade-bot/engines/bitget/scripts/vilona_daemon_loop.py", line 263, in write_heartbeat
  File "/usr/lib/python3.13/pathlib/_local.py", line 557, in write_text
    return PathBase.write_text(self, data, encoding, errors, newline)
           ~~~~~~~~~~~~~~~~~~~^^^^^^^^^^^^^^^^^^^^^^^^^^^^^^^^^^^^^^^
  File "/usr/lib/python3.13/pathlib/_abc.py", line 651, in write_text
    with self.open(mode='w', encoding=encoding, errors=errors, newline=newline) as f:
         ~~~~~~~~~^^^^^^^^^^^^^^^^^^^^^^^^^^^^^^^^^^^^^^^^^^^^^^^^^^^^^^^^^^^^^
  File "/usr/lib/python3.13/pathlib/_local.py", line 539, in open
    return io.open(self, mode, buffering, encoding, errors, newline)
           ~~~~~~~^^^^^^^^^^^^^^^^^^^^^^^^^^^^^^^^^^^^^^^^^^^^^^^^^^
FileNotFoundError: [Errno 2] No such file or directory: '/home/openclaw/projects/1ai-trade-bot/engines/bitget/logs/trading/vilona_heartbeat.txt'

💤 Sleeping 15 min until 12:57:19...

────────────────────────────────────────────────────────────
CYCLE #275
────────────────────────────────────────────────────────────

============================================================
🤖 VILONA DAEMON — 2026-06-05 12:57:19 WIB
============================================================

💥 Daemon error: [Errno 2] No such file or directory: '/home/openclaw/projects/1ai-trade-bot/engines/bitget/logs/trading/vilona_heartbeat.txt'
Traceback (most recent call last):
  File "/home/openclaw/projects/1ai-trade-bot/engines/bitget/scripts/vilona_daemon_loop.py", line 567, in main
  File "/home/openclaw/projects/1ai-trade-bot/engines/bitget/scripts/vilona_daemon_loop.py", line 508, in run_cycle
  File "/home/openclaw/projects/1ai-trade-bot/engines/bitget/scripts/vilona_daemon_loop.py", line 263, in write_heartbeat
  File "/usr/lib/python3.13/pathlib/_local.py", line 557, in write_text
    return PathBase.write_text(self, data, encoding, errors, newline)
           ~~~~~~~~~~~~~~~~~~~^^^^^^^^^^^^^^^^^^^^^^^^^^^^^^^^^^^^^^^
  File "/usr/lib/python3.13/pathlib/_abc.py", line 651, in write_text
    with self.open(mode='w', encoding=encoding, errors=errors, newline=newline) as f:
         ~~~~~~~~~^^^^^^^^^^^^^^^^^^^^^^^^^^^^^^^^^^^^^^^^^^^^^^^^^^^^^^^^^^^^^
  File "/usr/lib/python3.13/pathlib/_local.py", line 539, in open
    return io.open(self, mode, buffering, encoding, errors, newline)
           ~~~~~~~^^^^^^^^^^^^^^^^^^^^^^^^^^^^^^^^^^^^^^^^^^^^^^^^^^
FileNotFoundError: [Errno 2] No such file or directory: '/home/openclaw/projects/1ai-trade-bot/engines/bitget/logs/trading/vilona_heartbeat.txt'

💤 Sleeping 15 min until 13:12:19...

────────────────────────────────────────────────────────────
CYCLE #276
────────────────────────────────────────────────────────────

============================================================
🤖 VILONA DAEMON — 2026-06-05 13:12:19 WIB
============================================================

💥 Daemon error: [Errno 2] No such file or directory: '/home/openclaw/projects/1ai-trade-bot/engines/bitget/logs/trading/vilona_heartbeat.txt'
Traceback (most recent call last):
  File "/home/openclaw/projects/1ai-trade-bot/engines/bitget/scripts/vilona_daemon_loop.py", line 567, in main
  File "/home/openclaw/projects/1ai-trade-bot/engines/bitget/scripts/vilona_daemon_loop.py", line 508, in run_cycle
  File "/home/openclaw/projects/1ai-trade-bot/engines/bitget/scripts/vilona_daemon_loop.py", line 263, in write_heartbeat
  File "/usr/lib/python3.13/pathlib/_local.py", line 557, in write_text
    return PathBase.write_text(self, data, encoding, errors, newline)
           ~~~~~~~~~~~~~~~~~~~^^^^^^^^^^^^^^^^^^^^^^^^^^^^^^^^^^^^^^^
  File "/usr/lib/python3.13/pathlib/_abc.py", line 651, in write_text
    with self.open(mode='w', encoding=encoding, errors=errors, newline=newline) as f:
         ~~~~~~~~~^^^^^^^^^^^^^^^^^^^^^^^^^^^^^^^^^^^^^^^^^^^^^^^^^^^^^^^^^^^^^
  File "/usr/lib/python3.13/pathlib/_local.py", line 539, in open
    return io.open(self, mode, buffering, encoding, errors, newline)
           ~~~~~~~^^^^^^^^^^^^^^^^^^^^^^^^^^^^^^^^^^^^^^^^^^^^^^^^^^
FileNotFoundError: [Errno 2] No such file or directory: '/home/openclaw/projects/1ai-trade-bot/engines/bitget/logs/trading/vilona_heartbeat.txt'

💤 Sleeping 15 min until 13:27:19...

────────────────────────────────────────────────────────────
CYCLE #277
────────────────────────────────────────────────────────────

============================================================
🤖 VILONA DAEMON — 2026-06-05 13:27:19 WIB
============================================================

💥 Daemon error: [Errno 2] No such file or directory: '/home/openclaw/projects/1ai-trade-bot/engines/bitget/logs/trading/vilona_heartbeat.txt'
Traceback (most recent call last):
  File "/home/openclaw/projects/1ai-trade-bot/engines/bitget/scripts/vilona_daemon_loop.py", line 567, in main
  File "/home/openclaw/projects/1ai-trade-bot/engines/bitget/scripts/vilona_daemon_loop.py", line 508, in run_cycle
  File "/home/openclaw/projects/1ai-trade-bot/engines/bitget/scripts/vilona_daemon_loop.py", line 263, in write_heartbeat
  File "/usr/lib/python3.13/pathlib/_local.py", line 557, in write_text
    return PathBase.write_text(self, data, encoding, errors, newline)
           ~~~~~~~~~~~~~~~~~~~^^^^^^^^^^^^^^^^^^^^^^^^^^^^^^^^^^^^^^^
  File "/usr/lib/python3.13/pathlib/_abc.py", line 651, in write_text
    with self.open(mode='w', encoding=encoding, errors=errors, newline=newline) as f:
         ~~~~~~~~~^^^^^^^^^^^^^^^^^^^^^^^^^^^^^^^^^^^^^^^^^^^^^^^^^^^^^^^^^^^^^
  File "/usr/lib/python3.13/pathlib/_local.py", line 539, in open
    return io.open(self, mode, buffering, encoding, errors, newline)
           ~~~~~~~^^^^^^^^^^^^^^^^^^^^^^^^^^^^^^^^^^^^^^^^^^^^^^^^^^
FileNotFoundError: [Errno 2] No such file or directory: '/home/openclaw/projects/1ai-trade-bot/engines/bitget/logs/trading/vilona_heartbeat.txt'

💤 Sleeping 15 min until 13:42:19...

────────────────────────────────────────────────────────────
CYCLE #278
────────────────────────────────────────────────────────────

============================================================
🤖 VILONA DAEMON — 2026-06-05 13:42:19 WIB
============================================================

💥 Daemon error: [Errno 2] No such file or directory: '/home/openclaw/projects/1ai-trade-bot/engines/bitget/logs/trading/vilona_heartbeat.txt'
Traceback (most recent call last):
  File "/home/openclaw/projects/1ai-trade-bot/engines/bitget/scripts/vilona_daemon_loop.py", line 567, in main
  File "/home/openclaw/projects/1ai-trade-bot/engines/bitget/scripts/vilona_daemon_loop.py", line 508, in run_cycle
  File "/home/openclaw/projects/1ai-trade-bot/engines/bitget/scripts/vilona_daemon_loop.py", line 263, in write_heartbeat
  File "/usr/lib/python3.13/pathlib/_local.py", line 557, in write_text
    return PathBase.write_text(self, data, encoding, errors, newline)
           ~~~~~~~~~~~~~~~~~~~^^^^^^^^^^^^^^^^^^^^^^^^^^^^^^^^^^^^^^^
  File "/usr/lib/python3.13/pathlib/_abc.py", line 651, in write_text
    with self.open(mode='w', encoding=encoding, errors=errors, newline=newline) as f:
         ~~~~~~~~~^^^^^^^^^^^^^^^^^^^^^^^^^^^^^^^^^^^^^^^^^^^^^^^^^^^^^^^^^^^^^
  File "/usr/lib/python3.13/pathlib/_local.py", line 539, in open
    return io.open(self, mode, buffering, encoding, errors, newline)
           ~~~~~~~^^^^^^^^^^^^^^^^^^^^^^^^^^^^^^^^^^^^^^^^^^^^^^^^^^
FileNotFoundError: [Errno 2] No such file or directory: '/home/openclaw/projects/1ai-trade-bot/engines/bitget/logs/trading/vilona_heartbeat.txt'

💤 Sleeping 15 min until 13:57:19...

────────────────────────────────────────────────────────────
CYCLE #279
────────────────────────────────────────────────────────────

============================================================
🤖 VILONA DAEMON — 2026-06-05 13:57:19 WIB
============================================================

💥 Daemon error: [Errno 2] No such file or directory: '/home/openclaw/projects/1ai-trade-bot/engines/bitget/logs/trading/vilona_heartbeat.txt'
Traceback (most recent call last):
  File "/home/openclaw/projects/1ai-trade-bot/engines/bitget/scripts/vilona_daemon_loop.py", line 567, in main
  File "/home/openclaw/projects/1ai-trade-bot/engines/bitget/scripts/vilona_daemon_loop.py", line 508, in run_cycle
  File "/home/openclaw/projects/1ai-trade-bot/engines/bitget/scripts/vilona_daemon_loop.py", line 263, in write_heartbeat
  File "/usr/lib/python3.13/pathlib/_local.py", line 557, in write_text
    return PathBase.write_text(self, data, encoding, errors, newline)
           ~~~~~~~~~~~~~~~~~~~^^^^^^^^^^^^^^^^^^^^^^^^^^^^^^^^^^^^^^^
  File "/usr/lib/python3.13/pathlib/_abc.py", line 651, in write_text
    with self.open(mode='w', encoding=encoding, errors=errors, newline=newline) as f:
         ~~~~~~~~~^^^^^^^^^^^^^^^^^^^^^^^^^^^^^^^^^^^^^^^^^^^^^^^^^^^^^^^^^^^^^
  File "/usr/lib/python3.13/pathlib/_local.py", line 539, in open
    return io.open(self, mode, buffering, encoding, errors, newline)
           ~~~~~~~^^^^^^^^^^^^^^^^^^^^^^^^^^^^^^^^^^^^^^^^^^^^^^^^^^
FileNotFoundError: [Errno 2] No such file or directory: '/home/openclaw/projects/1ai-trade-bot/engines/bitget/logs/trading/vilona_heartbeat.txt'

💤 Sleeping 15 min until 14:12:19...

────────────────────────────────────────────────────────────
CYCLE #280
────────────────────────────────────────────────────────────

============================================================
🤖 VILONA DAEMON — 2026-06-05 14:12:19 WIB
============================================================

💥 Daemon error: [Errno 2] No such file or directory: '/home/openclaw/projects/1ai-trade-bot/engines/bitget/logs/trading/vilona_heartbeat.txt'
Traceback (most recent call last):
  File "/home/openclaw/projects/1ai-trade-bot/engines/bitget/scripts/vilona_daemon_loop.py", line 567, in main
  File "/home/openclaw/projects/1ai-trade-bot/engines/bitget/scripts/vilona_daemon_loop.py", line 508, in run_cycle
  File "/home/openclaw/projects/1ai-trade-bot/engines/bitget/scripts/vilona_daemon_loop.py", line 263, in write_heartbeat
  File "/usr/lib/python3.13/pathlib/_local.py", line 557, in write_text
    return PathBase.write_text(self, data, encoding, errors, newline)
           ~~~~~~~~~~~~~~~~~~~^^^^^^^^^^^^^^^^^^^^^^^^^^^^^^^^^^^^^^^
  File "/usr/lib/python3.13/pathlib/_abc.py", line 651, in write_text
    with self.open(mode='w', encoding=encoding, errors=errors, newline=newline) as f:
         ~~~~~~~~~^^^^^^^^^^^^^^^^^^^^^^^^^^^^^^^^^^^^^^^^^^^^^^^^^^^^^^^^^^^^^
  File "/usr/lib/python3.13/pathlib/_local.py", line 539, in open
    return io.open(self, mode, buffering, encoding, errors, newline)
           ~~~~~~~^^^^^^^^^^^^^^^^^^^^^^^^^^^^^^^^^^^^^^^^^^^^^^^^^^
FileNotFoundError: [Errno 2] No such file or directory: '/home/openclaw/projects/1ai-trade-bot/engines/bitget/logs/trading/vilona_heartbeat.txt'

💤 Sleeping 15 min until 14:27:19...
/usr/bin/python3: can't open file '/home/openclaw/projects/1ai-trade-bot/engines/bitget/scripts/vilona_daemon_loop.py': [Errno 2] No such file or directory
/usr/bin/python3: can't open file '/home/openclaw/projects/1ai-trade-bot/engines/bitget/scripts/vilona_daemon_loop.py': [Errno 2] No such file or directory
/usr/bin/python3: can't open file '/home/openclaw/projects/1ai-trade-bot/engines/bitget/scripts/vilona_daemon_loop.py': [Errno 2] No such file or directory
/usr/bin/python3: can't open file '/home/openclaw/projects/1ai-trade-bot/engines/bitget/scripts/vilona_daemon_loop.py': [Errno 2] No such file or directory
/usr/bin/python3: can't open file '/home/openclaw/projects/1ai-trade-bot/engines/bitget/scripts/vilona_daemon_loop.py': [Errno 2] No such file or directory
/usr/bin/python3: can't open file '/home/openclaw/projects/1ai-trade-bot/engines/bitget/scripts/vilona_daemon_loop.py': [Errno 2] No such file or directory
/usr/bin/python3: can't open file '/home/openclaw/projects/1ai-trade-bot/engines/bitget/scripts/vilona_daemon_loop.py': [Errno 2] No such file or directory
/usr/bin/python3: can't open file '/home/openclaw/projects/1ai-trade-bot/engines/bitget/scripts/vilona_daemon_loop.py': [Errno 2] No such file or directory
/usr/bin/python3: can't open file '/home/openclaw/projects/1ai-trade-bot/engines/bitget/scripts/vilona_daemon_loop.py': [Errno 2] No such file or directory
/usr/bin/python3: can't open file '/home/openclaw/projects/1ai-trade-bot/engines/bitget/scripts/vilona_daemon_loop.py': [Errno 2] No such file or directory
/usr/bin/python3: can't open file '/home/openclaw/projects/1ai-trade-bot/engines/bitget/scripts/vilona_daemon_loop.py': [Errno 2] No such file or directory
/usr/bin/python3: can't open file '/home/openclaw/projects/1ai-trade-bot/engines/bitget/scripts/vilona_daemon_loop.py': [Errno 2] No such file or directory
/usr/bin/python3: can't open file '/home/openclaw/projects/1ai-trade-bot/engines/bitget/scripts/vilona_daemon_loop.py': [Errno 2] No such file or directory
/usr/bin/python3: can't open file '/home/openclaw/projects/1ai-trade-bot/engines/bitget/scripts/vilona_daemon_loop.py': [Errno 2] No such file or directory
