Traceback (most recent call last):
  File "/home/openclaw/projects/1ai-trade-bot/bots/subscription-bot/bot.py", line 973, in <module>
    asyncio.run(main())
  File "/home/openclaw/.local/share/uv/python/cpython-3.11.15-linux-x86_64-gnu/lib/python3.11/asyncio/runners.py", line 190, in run
    return runner.run(main)
           ^^^^^^^^^^^^^^^^
  File "/home/openclaw/.local/share/uv/python/cpython-3.11.15-linux-x86_64-gnu/lib/python3.11/asyncio/runners.py", line 118, in run
    return self._loop.run_until_complete(task)
           ^^^^^^^^^^^^^^^^^^^^^^^^^^^^^^^^^^^
  File "/home/openclaw/.local/share/uv/python/cpython-3.11.15-linux-x86_64-gnu/lib/python3.11/asyncio/base_events.py", line 654, in run_until_complete
    return future.result()
           ^^^^^^^^^^^^^^^
  File "/home/openclaw/projects/1ai-trade-bot/bots/subscription-bot/bot.py", line 962, in main
    logging.FileHandler(
  File "/home/openclaw/.local/share/uv/python/cpython-3.11.15-linux-x86_64-gnu/lib/python3.11/logging/__init__.py", line 1181, in __init__
    StreamHandler.__init__(self, self._open())
                                 ^^^^^^^^^^^^
  File "/home/openclaw/.local/share/uv/python/cpython-3.11.15-linux-x86_64-gnu/lib/python3.11/logging/__init__.py", line 1213, in _open
    return open_func(self.baseFilename, self.mode,
           ^^^^^^^^^^^^^^^^^^^^^^^^^^^^^^^^^^^^^^^
PermissionError: [Errno 13] Permission denied: '/home/openclaw/projects/1ai-trade-bot/bots/subscription-bot/subscription_bot.log'
Traceback (most recent call last):
  File "/home/openclaw/projects/1ai-trade-bot/bots/subscription-bot/bot.py", line 973, in <module>
    asyncio.run(main())
  File "/home/openclaw/.local/share/uv/python/cpython-3.11.15-linux-x86_64-gnu/lib/python3.11/asyncio/runners.py", line 190, in run
    return runner.run(main)
           ^^^^^^^^^^^^^^^^
  File "/home/openclaw/.local/share/uv/python/cpython-3.11.15-linux-x86_64-gnu/lib/python3.11/asyncio/runners.py", line 118, in run
    return self._loop.run_until_complete(task)
           ^^^^^^^^^^^^^^^^^^^^^^^^^^^^^^^^^^^
  File "/home/openclaw/.local/share/uv/python/cpython-3.11.15-linux-x86_64-gnu/lib/python3.11/asyncio/base_events.py", line 654, in run_until_complete
    return future.result()
           ^^^^^^^^^^^^^^^
  File "/home/openclaw/projects/1ai-trade-bot/bots/subscription-bot/bot.py", line 962, in main
    logging.FileHandler(
  File "/home/openclaw/.local/share/uv/python/cpython-3.11.15-linux-x86_64-gnu/lib/python3.11/logging/__init__.py", line 1181, in __init__
    StreamHandler.__init__(self, self._open())
                                 ^^^^^^^^^^^^
  File "/home/openclaw/.local/share/uv/python/cpython-3.11.15-linux-x86_64-gnu/lib/python3.11/logging/__init__.py", line 1213, in _open
    return open_func(self.baseFilename, self.mode,
           ^^^^^^^^^^^^^^^^^^^^^^^^^^^^^^^^^^^^^^^
PermissionError: [Errno 13] Permission denied: '/home/openclaw/projects/1ai-trade-bot/bots/subscription-bot/subscription_bot.log'
Traceback (most recent call last):
  File "/home/openclaw/projects/1ai-trade-bot/bots/subscription-bot/bot.py", line 973, in <module>
    asyncio.run(main())
  File "/home/openclaw/.local/share/uv/python/cpython-3.11.15-linux-x86_64-gnu/lib/python3.11/asyncio/runners.py", line 190, in run
    return runner.run(main)
           ^^^^^^^^^^^^^^^^
  File "/home/openclaw/.local/share/uv/python/cpython-3.11.15-linux-x86_64-gnu/lib/python3.11/asyncio/runners.py", line 118, in run
    return self._loop.run_until_complete(task)
           ^^^^^^^^^^^^^^^^^^^^^^^^^^^^^^^^^^^
  File "/home/openclaw/.local/share/uv/python/cpython-3.11.15-linux-x86_64-gnu/lib/python3.11/asyncio/base_events.py", line 654, in run_until_complete
    return future.result()
           ^^^^^^^^^^^^^^^
  File "/home/openclaw/projects/1ai-trade-bot/bots/subscription-bot/bot.py", line 962, in main
    logging.FileHandler(
  File "/home/openclaw/.local/share/uv/python/cpython-3.11.15-linux-x86_64-gnu/lib/python3.11/logging/__init__.py", line 1181, in __init__
    StreamHandler.__init__(self, self._open())
                                 ^^^^^^^^^^^^
  File "/home/openclaw/.local/share/uv/python/cpython-3.11.15-linux-x86_64-gnu/lib/python3.11/logging/__init__.py", line 1213, in _open
    return open_func(self.baseFilename, self.mode,
           ^^^^^^^^^^^^^^^^^^^^^^^^^^^^^^^^^^^^^^^
PermissionError: [Errno 13] Permission denied: '/home/openclaw/projects/1ai-trade-bot/bots/subscription-bot/subscription_bot.log'
Traceback (most recent call last):
  File "/home/openclaw/projects/1ai-trade-bot/bots/subscription-bot/bot.py", line 973, in <module>
    asyncio.run(main())
  File "/home/openclaw/.local/share/uv/python/cpython-3.11.15-linux-x86_64-gnu/lib/python3.11/asyncio/runners.py", line 190, in run
    return runner.run(main)
           ^^^^^^^^^^^^^^^^
  File "/home/openclaw/.local/share/uv/python/cpython-3.11.15-linux-x86_64-gnu/lib/python3.11/asyncio/runners.py", line 118, in run
    return self._loop.run_until_complete(task)
           ^^^^^^^^^^^^^^^^^^^^^^^^^^^^^^^^^^^
  File "/home/openclaw/.local/share/uv/python/cpython-3.11.15-linux-x86_64-gnu/lib/python3.11/asyncio/base_events.py", line 654, in run_until_complete
    return future.result()
           ^^^^^^^^^^^^^^^
  File "/home/openclaw/projects/1ai-trade-bot/bots/subscription-bot/bot.py", line 962, in main
    logging.FileHandler(
  File "/home/openclaw/.local/share/uv/python/cpython-3.11.15-linux-x86_64-gnu/lib/python3.11/logging/__init__.py", line 1181, in __init__
    StreamHandler.__init__(self, self._open())
                                 ^^^^^^^^^^^^
  File "/home/openclaw/.local/share/uv/python/cpython-3.11.15-linux-x86_64-gnu/lib/python3.11/logging/__init__.py", line 1213, in _open
    return open_func(self.baseFilename, self.mode,
           ^^^^^^^^^^^^^^^^^^^^^^^^^^^^^^^^^^^^^^^
PermissionError: [Errno 13] Permission denied: '/home/openclaw/projects/1ai-trade-bot/bots/subscription-bot/subscription_bot.log'
Traceback (most recent call last):
  File "/home/openclaw/projects/1ai-trade-bot/bots/subscription-bot/bot.py", line 973, in <module>
    asyncio.run(main())
  File "/home/openclaw/.local/share/uv/python/cpython-3.11.15-linux-x86_64-gnu/lib/python3.11/asyncio/runners.py", line 190, in run
    return runner.run(main)
           ^^^^^^^^^^^^^^^^
  File "/home/openclaw/.local/share/uv/python/cpython-3.11.15-linux-x86_64-gnu/lib/python3.11/asyncio/runners.py", line 118, in run
    return self._loop.run_until_complete(task)
           ^^^^^^^^^^^^^^^^^^^^^^^^^^^^^^^^^^^
  File "/home/openclaw/.local/share/uv/python/cpython-3.11.15-linux-x86_64-gnu/lib/python3.11/asyncio/base_events.py", line 654, in run_until_complete
    return future.result()
           ^^^^^^^^^^^^^^^
  File "/home/openclaw/projects/1ai-trade-bot/bots/subscription-bot/bot.py", line 962, in main
    logging.FileHandler(
  File "/home/openclaw/.local/share/uv/python/cpython-3.11.15-linux-x86_64-gnu/lib/python3.11/logging/__init__.py", line 1181, in __init__
    StreamHandler.__init__(self, self._open())
                                 ^^^^^^^^^^^^
  File "/home/openclaw/.local/share/uv/python/cpython-3.11.15-linux-x86_64-gnu/lib/python3.11/logging/__init__.py", line 1213, in _open
    return open_func(self.baseFilename, self.mode,
           ^^^^^^^^^^^^^^^^^^^^^^^^^^^^^^^^^^^^^^^
PermissionError: [Errno 13] Permission denied: '/home/openclaw/projects/1ai-trade-bot/bots/subscription-bot/subscription_bot.log'
2026-06-08 21:14:33,974 [INFO] subscription_bot.database: Database path: /home/openclaw/projects/1ai-trade-bot/bots/subscription-bot/subscription_bot.db
2026-06-08 21:14:33,995 [INFO] subscription_bot.database: Database tables ready
2026-06-08 21:14:34,057 [INFO] subscription_bot.signaler: Proactive signaler started
2026-06-08 21:14:34,057 [INFO] subscription_bot.bot: Bot starting...
2026-06-08 21:14:34,057 [INFO] subscription_bot.signaler: Proactive signaler started (interval=300s, min_conf=62%)
2026-06-08 21:14:34,737 [INFO] subscription_bot.database: Database path: /home/openclaw/projects/1ai-trade-bot/bots/subscription-bot/subscription_bot.db
2026-06-08 21:14:34,737 [INFO] subscription_bot.database: Database tables ready
2026-06-08 21:14:34,796 [INFO] subscription_bot.signaler: Proactive signaler started
2026-06-08 21:14:34,796 [INFO] subscription_bot.bot: Bot starting...
2026-06-08 21:14:34,796 [INFO] subscription_bot.signaler: Proactive signaler started (interval=300s, min_conf=62%)
2026-06-08 21:14:35,283 [ERROR] subscription_bot.signaler: Signal generation error for CRYPTO_IDX: minute must be in 0..59
2026-06-08 21:14:35,283 [ERROR] subscription_bot.signaler: Signal generation error for BTC_IDX: minute must be in 0..59
2026-06-08 21:14:35,283 [ERROR] subscription_bot.signaler: Signal generation error for ETH_IDX: minute must be in 0..59
2026-06-08 21:14:35,283 [ERROR] subscription_bot.signaler: Signal generation error for GOLD_IDX: minute must be in 0..59
2026-06-08 21:14:35,856 [INFO] httpx: HTTP Request: POST https://api.telegram.org/bot8343388239:AAFgeAkc9bvjywyCsHqRIa_RiJ6q-rp6uv0/getMe "HTTP/1.1 200 OK"
2026-06-08 21:14:35,857 [INFO] apscheduler.scheduler: Scheduler started
2026-06-08 21:14:35,857 [INFO] telegram.ext.Application: Application started
2026-06-08 21:14:35,857 [INFO] subscription_bot.bot: Bot is running!
2026-06-08 21:14:36,250 [INFO] httpx: HTTP Request: POST https://api.telegram.org/bot8343388239:AAFgeAkc9bvjywyCsHqRIa_RiJ6q-rp6uv0/sendMessage "HTTP/1.1 200 OK"
2026-06-08 21:15:35,500 [INFO] subscription_bot.database: Database path: /home/openclaw/projects/1ai-trade-bot/bots/subscription-bot/subscription_bot.db
2026-06-08 21:15:35,506 [INFO] subscription_bot.database: Database tables ready
2026-06-08 21:15:35,596 [INFO] subscription_bot.signaler: Proactive signaler started
2026-06-08 21:15:35,596 [INFO] subscription_bot.bot: Bot starting...
2026-06-08 21:15:35,596 [INFO] subscription_bot.signaler: Proactive signaler started (interval=300s, min_conf=62%)
2026-06-08 21:15:36,670 [INFO] signals.stockity_http: Got 900 raw 1s candles for CRYPTO_IDX (Z-CRY/IDX)
2026-06-08 21:15:36,672 [INFO] signals.stockity_http: Aggregated into 16 1m candles
2026-06-08 21:15:36,673 [INFO] signals.stockity_http: Signal for CRYPTO_IDX: WAIT 50% (score=50, EMA5↓EMA10; RSI0 OS; midLo)
2026-06-08 21:15:36,836 [INFO] signals.stockity_http: Got 900 raw 1s candles for BTC_IDX (Z-CRY/IDX)
2026-06-08 21:15:36,837 [INFO] signals.stockity_http: Aggregated into 16 1m candles
2026-06-08 21:15:36,837 [INFO] signals.stockity_http: Signal for BTC_IDX: WAIT 50% (score=50, EMA5↓EMA10; RSI0 OS; midLo)
2026-06-08 21:15:36,997 [INFO] signals.stockity_http: Got 900 raw 1s candles for ETH_IDX (Z-CRY/IDX)
2026-06-08 21:15:36,998 [INFO] signals.stockity_http: Aggregated into 16 1m candles
2026-06-08 21:15:36,999 [INFO] signals.stockity_http: Signal for ETH_IDX: WAIT 50% (score=50, EMA5↓EMA10; RSI0 OS; midLo)
2026-06-08 21:15:37,184 [INFO] signals.stockity_http: Got 900 raw 1s candles for GOLD_IDX (Z-CRY/IDX)
2026-06-08 21:15:37,184 [INFO] signals.stockity_http: Aggregated into 16 1m candles
2026-06-08 21:15:37,184 [INFO] signals.stockity_http: Signal for GOLD_IDX: WAIT 50% (score=50, EMA5↓EMA10; RSI0 OS; midLo)
2026-06-08 21:15:37,758 [INFO] httpx: HTTP Request: POST https://api.telegram.org/bot8343388239:AAFgeAkc9bvjywyCsHqRIa_RiJ6q-rp6uv0/getMe "HTTP/1.1 200 OK"
2026-06-08 21:15:37,759 [INFO] apscheduler.scheduler: Scheduler started
2026-06-08 21:15:37,759 [INFO] telegram.ext.Application: Application started
2026-06-08 21:15:37,759 [INFO] subscription_bot.bot: Bot is running!
2026-06-08 21:15:38,143 [INFO] httpx: HTTP Request: POST https://api.telegram.org/bot8343388239:AAFgeAkc9bvjywyCsHqRIa_RiJ6q-rp6uv0/sendMessage "HTTP/1.1 200 OK"
2026-06-08 21:20:37,461 [INFO] signals.stockity_http: Got 900 raw 1s candles for CRYPTO_IDX (Z-CRY/IDX)
2026-06-08 21:20:37,461 [INFO] signals.stockity_http: Aggregated into 16 1m candles
2026-06-08 21:20:37,461 [INFO] signals.stockity_http: Signal for CRYPTO_IDX: WAIT 50% (score=50, EMA5↓EMA10; RSI0 OS; midLo)
2026-06-08 21:20:37,606 [INFO] signals.stockity_http: Got 900 raw 1s candles for BTC_IDX (Z-CRY/IDX)
2026-06-08 21:20:37,607 [INFO] signals.stockity_http: Aggregated into 16 1m candles
2026-06-08 21:20:37,607 [INFO] signals.stockity_http: Signal for BTC_IDX: WAIT 50% (score=50, EMA5↓EMA10; RSI0 OS; midLo)
2026-06-08 21:20:37,774 [INFO] signals.stockity_http: Got 900 raw 1s candles for ETH_IDX (Z-CRY/IDX)
2026-06-08 21:20:37,776 [INFO] signals.stockity_http: Aggregated into 16 1m candles
2026-06-08 21:20:37,776 [INFO] signals.stockity_http: Signal for ETH_IDX: WAIT 50% (score=50, EMA5↓EMA10; RSI0 OS; midLo)
2026-06-08 21:20:37,935 [INFO] signals.stockity_http: Got 900 raw 1s candles for GOLD_IDX (Z-CRY/IDX)
2026-06-08 21:20:37,936 [INFO] signals.stockity_http: Aggregated into 16 1m candles
2026-06-08 21:20:37,936 [INFO] signals.stockity_http: Signal for GOLD_IDX: WAIT 50% (score=50, EMA5↓EMA10; RSI0 OS; midLo)
2026-06-08 21:25:38,223 [INFO] signals.stockity_http: Got 900 raw 1s candles for CRYPTO_IDX (Z-CRY/IDX)
2026-06-08 21:25:38,224 [INFO] signals.stockity_http: Aggregated into 16 1m candles
2026-06-08 21:25:38,224 [INFO] signals.stockity_http: Signal for CRYPTO_IDX: WAIT 50% (score=50, EMA5↓EMA10; RSI0 OS; midLo)
2026-06-08 21:25:38,366 [INFO] signals.stockity_http: Got 900 raw 1s candles for BTC_IDX (Z-CRY/IDX)
2026-06-08 21:25:38,366 [INFO] signals.stockity_http: Aggregated into 16 1m candles
2026-06-08 21:25:38,366 [INFO] signals.stockity_http: Signal for BTC_IDX: WAIT 50% (score=50, EMA5↓EMA10; RSI0 OS; midLo)
2026-06-08 21:25:38,510 [INFO] signals.stockity_http: Got 900 raw 1s candles for ETH_IDX (Z-CRY/IDX)
2026-06-08 21:25:38,511 [INFO] signals.stockity_http: Aggregated into 16 1m candles
2026-06-08 21:25:38,511 [INFO] signals.stockity_http: Signal for ETH_IDX: WAIT 50% (score=50, EMA5↓EMA10; RSI0 OS; midLo)
2026-06-08 21:25:38,788 [INFO] signals.stockity_http: Got 900 raw 1s candles for GOLD_IDX (Z-CRY/IDX)
2026-06-08 21:25:38,789 [INFO] signals.stockity_http: Aggregated into 16 1m candles
2026-06-08 21:25:38,789 [INFO] signals.stockity_http: Signal for GOLD_IDX: WAIT 50% (score=50, EMA5↓EMA10; RSI0 OS; midLo)
2026-06-08 21:30:39,269 [INFO] signals.stockity_http: Got 900 raw 1s candles for CRYPTO_IDX (Z-CRY/IDX)
2026-06-08 21:30:39,269 [INFO] signals.stockity_http: Aggregated into 16 1m candles
2026-06-08 21:30:39,269 [INFO] signals.stockity_http: Signal for CRYPTO_IDX: PUT 68% (score=32, EMA5↓EMA10; bearX; RSI0 OS)
2026-06-08 21:30:39,269 [INFO] subscription_bot.signaler: NEW signal: CRYPTO_IDX PUT 68%
2026-06-08 21:30:39,272 [INFO] subscription_bot.bot: Signal dispatched to 0/0 subscribers
2026-06-08 21:30:39,427 [INFO] signals.stockity_http: Got 900 raw 1s candles for BTC_IDX (Z-CRY/IDX)
2026-06-08 21:30:39,428 [INFO] signals.stockity_http: Aggregated into 16 1m candles
2026-06-08 21:30:39,428 [INFO] signals.stockity_http: Signal for BTC_IDX: PUT 68% (score=32, EMA5↓EMA10; bearX; RSI0 OS)
2026-06-08 21:30:39,428 [INFO] subscription_bot.signaler: NEW signal: BTC_IDX PUT 68%
2026-06-08 21:30:39,429 [INFO] subscription_bot.bot: Signal dispatched to 0/0 subscribers
2026-06-08 21:30:39,570 [INFO] signals.stockity_http: Got 900 raw 1s candles for ETH_IDX (Z-CRY/IDX)
2026-06-08 21:30:39,571 [INFO] signals.stockity_http: Aggregated into 16 1m candles
2026-06-08 21:30:39,571 [INFO] signals.stockity_http: Signal for ETH_IDX: PUT 68% (score=32, EMA5↓EMA10; bearX; RSI0 OS)
2026-06-08 21:30:39,571 [INFO] subscription_bot.signaler: NEW signal: ETH_IDX PUT 68%
2026-06-08 21:30:39,571 [INFO] subscription_bot.bot: Signal dispatched to 0/0 subscribers
2026-06-08 21:30:39,722 [INFO] signals.stockity_http: Got 900 raw 1s candles for GOLD_IDX (Z-CRY/IDX)
2026-06-08 21:30:39,723 [INFO] signals.stockity_http: Aggregated into 16 1m candles
2026-06-08 21:30:39,723 [INFO] signals.stockity_http: Signal for GOLD_IDX: PUT 68% (score=32, EMA5↓EMA10; bearX; RSI0 OS)
2026-06-08 21:30:39,723 [INFO] subscription_bot.signaler: NEW signal: GOLD_IDX PUT 68%
2026-06-08 21:30:39,723 [INFO] subscription_bot.bot: Signal dispatched to 0/0 subscribers
2026-06-08 21:35:40,008 [INFO] signals.stockity_http: Got 900 raw 1s candles for CRYPTO_IDX (Z-CRY/IDX)
2026-06-08 21:35:40,009 [INFO] signals.stockity_http: Aggregated into 16 1m candles
2026-06-08 21:35:40,009 [INFO] signals.stockity_http: Signal for CRYPTO_IDX: PUT 68% (score=32, EMA5↓EMA10; bearX; RSI0 OS)
2026-06-08 21:35:40,163 [INFO] signals.stockity_http: Got 900 raw 1s candles for BTC_IDX (Z-CRY/IDX)
2026-06-08 21:35:40,164 [INFO] signals.stockity_http: Aggregated into 16 1m candles
2026-06-08 21:35:40,164 [INFO] signals.stockity_http: Signal for BTC_IDX: PUT 68% (score=32, EMA5↓EMA10; bearX; RSI0 OS)
2026-06-08 21:35:40,314 [INFO] signals.stockity_http: Got 900 raw 1s candles for ETH_IDX (Z-CRY/IDX)
2026-06-08 21:35:40,315 [INFO] signals.stockity_http: Aggregated into 16 1m candles
2026-06-08 21:35:40,315 [INFO] signals.stockity_http: Signal for ETH_IDX: PUT 68% (score=32, EMA5↓EMA10; bearX; RSI0 OS)
2026-06-08 21:35:40,476 [INFO] signals.stockity_http: Got 900 raw 1s candles for GOLD_IDX (Z-CRY/IDX)
2026-06-08 21:35:40,477 [INFO] signals.stockity_http: Aggregated into 16 1m candles
2026-06-08 21:35:40,477 [INFO] signals.stockity_http: Signal for GOLD_IDX: PUT 68% (score=32, EMA5↓EMA10; bearX; RSI0 OS)
2026-06-08 21:40:40,773 [INFO] signals.stockity_http: Got 900 raw 1s candles for CRYPTO_IDX (Z-CRY/IDX)
2026-06-08 21:40:40,774 [INFO] signals.stockity_http: Aggregated into 16 1m candles
2026-06-08 21:40:40,774 [INFO] signals.stockity_http: Signal for CRYPTO_IDX: PUT 68% (score=32, EMA5↓EMA10; bearX; RSI0 OS)
2026-06-08 21:40:40,934 [INFO] signals.stockity_http: Got 900 raw 1s candles for BTC_IDX (Z-CRY/IDX)
2026-06-08 21:40:40,935 [INFO] signals.stockity_http: Aggregated into 16 1m candles
2026-06-08 21:40:40,935 [INFO] signals.stockity_http: Signal for BTC_IDX: PUT 68% (score=32, EMA5↓EMA10; bearX; RSI0 OS)
2026-06-08 21:40:41,092 [INFO] signals.stockity_http: Got 900 raw 1s candles for ETH_IDX (Z-CRY/IDX)
2026-06-08 21:40:41,093 [INFO] signals.stockity_http: Aggregated into 16 1m candles
2026-06-08 21:40:41,093 [INFO] signals.stockity_http: Signal for ETH_IDX: PUT 68% (score=32, EMA5↓EMA10; bearX; RSI0 OS)
2026-06-08 21:40:41,233 [INFO] signals.stockity_http: Got 900 raw 1s candles for GOLD_IDX (Z-CRY/IDX)
2026-06-08 21:40:41,234 [INFO] signals.stockity_http: Aggregated into 16 1m candles
2026-06-08 21:40:41,234 [INFO] signals.stockity_http: Signal for GOLD_IDX: PUT 68% (score=32, EMA5↓EMA10; bearX; RSI0 OS)
2026-06-08 21:45:41,721 [INFO] signals.stockity_http: Got 900 raw 1s candles for CRYPTO_IDX (Z-CRY/IDX)
2026-06-08 21:45:41,723 [INFO] signals.stockity_http: Aggregated into 16 1m candles
2026-06-08 21:45:41,723 [INFO] signals.stockity_http: Signal for CRYPTO_IDX: CALL 60% (score=60, EMA5↑EMA10; RSI0 OS; pinTop)
2026-06-08 21:45:41,723 [INFO] subscription_bot.signaler: NEW signal: CRYPTO_IDX CALL 60%
2026-06-08 21:45:41,724 [INFO] subscription_bot.bot: Signal dispatched to 0/0 subscribers
2026-06-08 21:45:41,881 [INFO] signals.stockity_http: Got 900 raw 1s candles for BTC_IDX (Z-CRY/IDX)
2026-06-08 21:45:41,881 [INFO] signals.stockity_http: Aggregated into 16 1m candles
2026-06-08 21:45:41,882 [INFO] signals.stockity_http: Signal for BTC_IDX: CALL 60% (score=60, EMA5↑EMA10; RSI0 OS; pinTop)
2026-06-08 21:45:41,882 [INFO] subscription_bot.signaler: NEW signal: BTC_IDX CALL 60%
2026-06-08 21:45:41,882 [INFO] subscription_bot.bot: Signal dispatched to 0/0 subscribers
2026-06-08 21:45:42,043 [INFO] signals.stockity_http: Got 900 raw 1s candles for ETH_IDX (Z-CRY/IDX)
2026-06-08 21:45:42,043 [INFO] signals.stockity_http: Aggregated into 16 1m candles
2026-06-08 21:45:42,044 [INFO] signals.stockity_http: Signal for ETH_IDX: CALL 60% (score=60, EMA5↑EMA10; RSI0 OS; pinTop)
2026-06-08 21:45:42,044 [INFO] subscription_bot.signaler: NEW signal: ETH_IDX CALL 60%
2026-06-08 21:45:42,044 [INFO] subscription_bot.bot: Signal dispatched to 0/0 subscribers
2026-06-08 21:45:42,208 [INFO] signals.stockity_http: Got 900 raw 1s candles for GOLD_IDX (Z-CRY/IDX)
2026-06-08 21:45:42,210 [INFO] signals.stockity_http: Aggregated into 16 1m candles
2026-06-08 21:45:42,210 [INFO] signals.stockity_http: Signal for GOLD_IDX: CALL 60% (score=60, EMA5↑EMA10; RSI0 OS; pinTop)
2026-06-08 21:45:42,211 [INFO] subscription_bot.signaler: NEW signal: GOLD_IDX CALL 60%
2026-06-08 21:45:42,211 [INFO] subscription_bot.bot: Signal dispatched to 0/0 subscribers
2026-06-08 21:50:42,470 [INFO] signals.stockity_http: Got 900 raw 1s candles for CRYPTO_IDX (Z-CRY/IDX)
2026-06-08 21:50:42,470 [INFO] signals.stockity_http: Aggregated into 16 1m candles
2026-06-08 21:50:42,470 [INFO] signals.stockity_http: Signal for CRYPTO_IDX: CALL 60% (score=60, EMA5↑EMA10; RSI0 OS; pinTop)
2026-06-08 21:50:42,634 [INFO] signals.stockity_http: Got 900 raw 1s candles for BTC_IDX (Z-CRY/IDX)
2026-06-08 21:50:42,636 [INFO] signals.stockity_http: Aggregated into 16 1m candles
2026-06-08 21:50:42,636 [INFO] signals.stockity_http: Signal for BTC_IDX: CALL 60% (score=60, EMA5↑EMA10; RSI0 OS; pinTop)
2026-06-08 21:50:42,807 [INFO] signals.stockity_http: Got 900 raw 1s candles for ETH_IDX (Z-CRY/IDX)
2026-06-08 21:50:42,808 [INFO] signals.stockity_http: Aggregated into 16 1m candles
2026-06-08 21:50:42,809 [INFO] signals.stockity_http: Signal for ETH_IDX: CALL 60% (score=60, EMA5↑EMA10; RSI0 OS; pinTop)
2026-06-08 21:50:42,971 [INFO] signals.stockity_http: Got 900 raw 1s candles for GOLD_IDX (Z-CRY/IDX)
2026-06-08 21:50:42,973 [INFO] signals.stockity_http: Aggregated into 16 1m candles
2026-06-08 21:50:42,974 [INFO] signals.stockity_http: Signal for GOLD_IDX: CALL 60% (score=60, EMA5↑EMA10; RSI0 OS; pinTop)
2026-06-08 21:55:43,259 [INFO] signals.stockity_http: Got 900 raw 1s candles for CRYPTO_IDX (Z-CRY/IDX)
2026-06-08 21:55:43,260 [INFO] signals.stockity_http: Aggregated into 16 1m candles
2026-06-08 21:55:43,260 [INFO] signals.stockity_http: Signal for CRYPTO_IDX: CALL 60% (score=60, EMA5↑EMA10; RSI0 OS; pinTop)
2026-06-08 21:55:43,402 [INFO] signals.stockity_http: Got 900 raw 1s candles for BTC_IDX (Z-CRY/IDX)
2026-06-08 21:55:43,402 [INFO] signals.stockity_http: Aggregated into 16 1m candles
2026-06-08 21:55:43,402 [INFO] signals.stockity_http: Signal for BTC_IDX: CALL 60% (score=60, EMA5↑EMA10; RSI0 OS; pinTop)
2026-06-08 21:55:43,551 [INFO] signals.stockity_http: Got 900 raw 1s candles for ETH_IDX (Z-CRY/IDX)
2026-06-08 21:55:43,551 [INFO] signals.stockity_http: Aggregated into 16 1m candles
2026-06-08 21:55:43,551 [INFO] signals.stockity_http: Signal for ETH_IDX: CALL 60% (score=60, EMA5↑EMA10; RSI0 OS; pinTop)
2026-06-08 21:55:43,722 [INFO] signals.stockity_http: Got 900 raw 1s candles for GOLD_IDX (Z-CRY/IDX)
2026-06-08 21:55:43,722 [INFO] signals.stockity_http: Aggregated into 16 1m candles
2026-06-08 21:55:43,722 [INFO] signals.stockity_http: Signal for GOLD_IDX: CALL 60% (score=60, EMA5↑EMA10; RSI0 OS; pinTop)
2026-06-08 22:00:43,807 [ERROR] subscription_bot.signaler: Signal generation error for CRYPTO_IDX: minute must be in 0..59
2026-06-08 22:00:43,807 [ERROR] subscription_bot.signaler: Signal generation error for BTC_IDX: minute must be in 0..59
2026-06-08 22:00:43,807 [ERROR] subscription_bot.signaler: Signal generation error for ETH_IDX: minute must be in 0..59
2026-06-08 22:00:43,807 [ERROR] subscription_bot.signaler: Signal generation error for GOLD_IDX: minute must be in 0..59
2026-06-08 22:05:43,905 [ERROR] subscription_bot.signaler: Signal generation error for CRYPTO_IDX: minute must be in 0..59
2026-06-08 22:05:43,906 [ERROR] subscription_bot.signaler: Signal generation error for BTC_IDX: minute must be in 0..59
2026-06-08 22:05:43,906 [ERROR] subscription_bot.signaler: Signal generation error for ETH_IDX: minute must be in 0..59
2026-06-08 22:05:43,906 [ERROR] subscription_bot.signaler: Signal generation error for GOLD_IDX: minute must be in 0..59
2026-06-08 22:10:44,006 [ERROR] subscription_bot.signaler: Signal generation error for CRYPTO_IDX: minute must be in 0..59
2026-06-08 22:10:44,006 [ERROR] subscription_bot.signaler: Signal generation error for BTC_IDX: minute must be in 0..59
2026-06-08 22:10:44,006 [ERROR] subscription_bot.signaler: Signal generation error for ETH_IDX: minute must be in 0..59
2026-06-08 22:10:44,007 [ERROR] subscription_bot.signaler: Signal generation error for GOLD_IDX: minute must be in 0..59
2026-06-08 22:15:44,453 [INFO] signals.stockity_http: Got 900 raw 1s candles for CRYPTO_IDX (Z-CRY/IDX)
2026-06-08 22:15:44,454 [INFO] signals.stockity_http: Aggregated into 16 1m candles
2026-06-08 22:15:44,454 [INFO] signals.stockity_http: Signal for CRYPTO_IDX: WAIT 57% (score=57, EMA5↓EMA10; RSI0 OS; rangeBot)
2026-06-08 22:15:44,610 [INFO] signals.stockity_http: Got 900 raw 1s candles for BTC_IDX (Z-CRY/IDX)
2026-06-08 22:15:44,610 [INFO] signals.stockity_http: Aggregated into 16 1m candles
2026-06-08 22:15:44,611 [INFO] signals.stockity_http: Signal for BTC_IDX: WAIT 57% (score=57, EMA5↓EMA10; RSI0 OS; rangeBot)
2026-06-08 22:15:44,758 [INFO] signals.stockity_http: Got 900 raw 1s candles for ETH_IDX (Z-CRY/IDX)
2026-06-08 22:15:44,758 [INFO] signals.stockity_http: Aggregated into 16 1m candles
2026-06-08 22:15:44,758 [INFO] signals.stockity_http: Signal for ETH_IDX: WAIT 57% (score=57, EMA5↓EMA10; RSI0 OS; rangeBot)
2026-06-08 22:15:44,906 [INFO] signals.stockity_http: Got 900 raw 1s candles for GOLD_IDX (Z-CRY/IDX)
2026-06-08 22:15:44,907 [INFO] signals.stockity_http: Aggregated into 16 1m candles
2026-06-08 22:15:44,907 [INFO] signals.stockity_http: Signal for GOLD_IDX: WAIT 57% (score=57, EMA5↓EMA10; RSI0 OS; rangeBot)
2026-06-08 22:20:45,187 [INFO] signals.stockity_http: Got 900 raw 1s candles for CRYPTO_IDX (Z-CRY/IDX)
2026-06-08 22:20:45,187 [INFO] signals.stockity_http: Aggregated into 16 1m candles
2026-06-08 22:20:45,187 [INFO] signals.stockity_http: Signal for CRYPTO_IDX: WAIT 57% (score=57, EMA5↓EMA10; RSI0 OS; rangeBot)
2026-06-08 22:20:45,355 [INFO] signals.stockity_http: Got 900 raw 1s candles for BTC_IDX (Z-CRY/IDX)
2026-06-08 22:20:45,355 [INFO] signals.stockity_http: Aggregated into 16 1m candles
2026-06-08 22:20:45,356 [INFO] signals.stockity_http: Signal for BTC_IDX: WAIT 57% (score=57, EMA5↓EMA10; RSI0 OS; rangeBot)
2026-06-08 22:20:45,537 [INFO] signals.stockity_http: Got 900 raw 1s candles for ETH_IDX (Z-CRY/IDX)
2026-06-08 22:20:45,539 [INFO] signals.stockity_http: Aggregated into 16 1m candles
2026-06-08 22:20:45,539 [INFO] signals.stockity_http: Signal for ETH_IDX: WAIT 57% (score=57, EMA5↓EMA10; RSI0 OS; rangeBot)
2026-06-08 22:20:45,717 [INFO] signals.stockity_http: Got 900 raw 1s candles for GOLD_IDX (Z-CRY/IDX)
2026-06-08 22:20:45,718 [INFO] signals.stockity_http: Aggregated into 16 1m candles
2026-06-08 22:20:45,719 [INFO] signals.stockity_http: Signal for GOLD_IDX: WAIT 57% (score=57, EMA5↓EMA10; RSI0 OS; rangeBot)
2026-06-08 22:25:46,014 [INFO] signals.stockity_http: Got 900 raw 1s candles for CRYPTO_IDX (Z-CRY/IDX)
2026-06-08 22:25:46,014 [INFO] signals.stockity_http: Aggregated into 16 1m candles
2026-06-08 22:25:46,014 [INFO] signals.stockity_http: Signal for CRYPTO_IDX: WAIT 57% (score=57, EMA5↓EMA10; RSI0 OS; rangeBot)
2026-06-08 22:25:46,160 [INFO] signals.stockity_http: Got 900 raw 1s candles for BTC_IDX (Z-CRY/IDX)
2026-06-08 22:25:46,160 [INFO] signals.stockity_http: Aggregated into 16 1m candles
2026-06-08 22:25:46,160 [INFO] signals.stockity_http: Signal for BTC_IDX: WAIT 57% (score=57, EMA5↓EMA10; RSI0 OS; rangeBot)
2026-06-08 22:25:46,315 [INFO] signals.stockity_http: Got 900 raw 1s candles for ETH_IDX (Z-CRY/IDX)
2026-06-08 22:25:46,316 [INFO] signals.stockity_http: Aggregated into 16 1m candles
2026-06-08 22:25:46,316 [INFO] signals.stockity_http: Signal for ETH_IDX: WAIT 57% (score=57, EMA5↓EMA10; RSI0 OS; rangeBot)
2026-06-08 22:25:46,461 [INFO] signals.stockity_http: Got 900 raw 1s candles for GOLD_IDX (Z-CRY/IDX)
2026-06-08 22:25:46,463 [INFO] signals.stockity_http: Aggregated into 16 1m candles
2026-06-08 22:25:46,464 [INFO] signals.stockity_http: Signal for GOLD_IDX: WAIT 57% (score=57, EMA5↓EMA10; RSI0 OS; rangeBot)
2026-06-08 22:30:46,923 [INFO] signals.stockity_http: Got 900 raw 1s candles for CRYPTO_IDX (Z-CRY/IDX)
2026-06-08 22:30:46,926 [INFO] signals.stockity_http: Aggregated into 16 1m candles
2026-06-08 22:30:46,926 [INFO] signals.stockity_http: Signal for CRYPTO_IDX: CALL 63% (score=63, EMA5↓EMA10; RSI0 OS; pinBot)
2026-06-08 22:30:47,065 [INFO] signals.stockity_http: Got 900 raw 1s candles for BTC_IDX (Z-CRY/IDX)
2026-06-08 22:30:47,065 [INFO] signals.stockity_http: Aggregated into 16 1m candles
2026-06-08 22:30:47,065 [INFO] signals.stockity_http: Signal for BTC_IDX: CALL 63% (score=63, EMA5↓EMA10; RSI0 OS; pinBot)
2026-06-08 22:30:47,218 [INFO] signals.stockity_http: Got 900 raw 1s candles for ETH_IDX (Z-CRY/IDX)
2026-06-08 22:30:47,219 [INFO] signals.stockity_http: Aggregated into 16 1m candles
2026-06-08 22:30:47,219 [INFO] signals.stockity_http: Signal for ETH_IDX: CALL 63% (score=63, EMA5↓EMA10; RSI0 OS; pinBot)
2026-06-08 22:30:47,359 [INFO] signals.stockity_http: Got 900 raw 1s candles for GOLD_IDX (Z-CRY/IDX)
2026-06-08 22:30:47,360 [INFO] signals.stockity_http: Aggregated into 16 1m candles
2026-06-08 22:30:47,360 [INFO] signals.stockity_http: Signal for GOLD_IDX: CALL 63% (score=63, EMA5↓EMA10; RSI0 OS; pinBot)
2026-06-08 22:35:47,631 [INFO] signals.stockity_http: Got 900 raw 1s candles for CRYPTO_IDX (Z-CRY/IDX)
2026-06-08 22:35:47,632 [INFO] signals.stockity_http: Aggregated into 16 1m candles
2026-06-08 22:35:47,632 [INFO] signals.stockity_http: Signal for CRYPTO_IDX: CALL 63% (score=63, EMA5↓EMA10; RSI0 OS; pinBot)
2026-06-08 22:35:47,777 [INFO] signals.stockity_http: Got 900 raw 1s candles for BTC_IDX (Z-CRY/IDX)
2026-06-08 22:35:47,778 [INFO] signals.stockity_http: Aggregated into 16 1m candles
2026-06-08 22:35:47,778 [INFO] signals.stockity_http: Signal for BTC_IDX: CALL 63% (score=63, EMA5↓EMA10; RSI0 OS; pinBot)
2026-06-08 22:35:47,938 [INFO] signals.stockity_http: Got 900 raw 1s candles for ETH_IDX (Z-CRY/IDX)
2026-06-08 22:35:47,939 [INFO] signals.stockity_http: Aggregated into 16 1m candles
2026-06-08 22:35:47,939 [INFO] signals.stockity_http: Signal for ETH_IDX: CALL 63% (score=63, EMA5↓EMA10; RSI0 OS; pinBot)
2026-06-08 22:35:48,098 [INFO] signals.stockity_http: Got 900 raw 1s candles for GOLD_IDX (Z-CRY/IDX)
2026-06-08 22:35:48,099 [INFO] signals.stockity_http: Aggregated into 16 1m candles
2026-06-08 22:35:48,099 [INFO] signals.stockity_http: Signal for GOLD_IDX: CALL 63% (score=63, EMA5↓EMA10; RSI0 OS; pinBot)
2026-06-08 22:40:48,377 [INFO] signals.stockity_http: Got 900 raw 1s candles for CRYPTO_IDX (Z-CRY/IDX)
2026-06-08 22:40:48,377 [INFO] signals.stockity_http: Aggregated into 16 1m candles
2026-06-08 22:40:48,377 [INFO] signals.stockity_http: Signal for CRYPTO_IDX: CALL 63% (score=63, EMA5↓EMA10; RSI0 OS; pinBot)
2026-06-08 22:40:48,527 [INFO] signals.stockity_http: Got 900 raw 1s candles for BTC_IDX (Z-CRY/IDX)
2026-06-08 22:40:48,527 [INFO] signals.stockity_http: Aggregated into 16 1m candles
2026-06-08 22:40:48,527 [INFO] signals.stockity_http: Signal for BTC_IDX: CALL 63% (score=63, EMA5↓EMA10; RSI0 OS; pinBot)
2026-06-08 22:40:48,676 [INFO] signals.stockity_http: Got 900 raw 1s candles for ETH_IDX (Z-CRY/IDX)
2026-06-08 22:40:48,677 [INFO] signals.stockity_http: Aggregated into 16 1m candles
2026-06-08 22:40:48,677 [INFO] signals.stockity_http: Signal for ETH_IDX: CALL 63% (score=63, EMA5↓EMA10; RSI0 OS; pinBot)
2026-06-08 22:40:48,821 [INFO] signals.stockity_http: Got 900 raw 1s candles for GOLD_IDX (Z-CRY/IDX)
2026-06-08 22:40:48,822 [INFO] signals.stockity_http: Aggregated into 16 1m candles
2026-06-08 22:40:48,822 [INFO] signals.stockity_http: Signal for GOLD_IDX: CALL 63% (score=63, EMA5↓EMA10; RSI0 OS; pinBot)
2026-06-08 22:45:49,287 [INFO] signals.stockity_http: Got 900 raw 1s candles for CRYPTO_IDX (Z-CRY/IDX)
2026-06-08 22:45:49,288 [INFO] signals.stockity_http: Aggregated into 16 1m candles
2026-06-08 22:45:49,288 [INFO] signals.stockity_http: Signal for CRYPTO_IDX: CALL 78% (score=78, EMA5↑EMA10; bullX; RSI0 OS)
2026-06-08 22:45:49,288 [INFO] subscription_bot.signaler: NEW signal: CRYPTO_IDX CALL 78%
2026-06-08 22:45:49,288 [INFO] subscription_bot.bot: Signal dispatched to 0/0 subscribers
2026-06-08 22:45:49,451 [INFO] signals.stockity_http: Got 900 raw 1s candles for BTC_IDX (Z-CRY/IDX)
2026-06-08 22:45:49,452 [INFO] signals.stockity_http: Aggregated into 16 1m candles
2026-06-08 22:45:49,452 [INFO] signals.stockity_http: Signal for BTC_IDX: CALL 78% (score=78, EMA5↑EMA10; bullX; RSI0 OS)
2026-06-08 22:45:49,452 [INFO] subscription_bot.signaler: NEW signal: BTC_IDX CALL 78%
2026-06-08 22:45:49,453 [INFO] subscription_bot.bot: Signal dispatched to 0/0 subscribers
2026-06-08 22:45:49,634 [INFO] signals.stockity_http: Got 900 raw 1s candles for ETH_IDX (Z-CRY/IDX)
2026-06-08 22:45:49,634 [INFO] signals.stockity_http: Aggregated into 16 1m candles
2026-06-08 22:45:49,634 [INFO] signals.stockity_http: Signal for ETH_IDX: CALL 78% (score=78, EMA5↑EMA10; bullX; RSI0 OS)
2026-06-08 22:45:49,635 [INFO] subscription_bot.signaler: NEW signal: ETH_IDX CALL 78%
2026-06-08 22:45:49,635 [INFO] subscription_bot.bot: Signal dispatched to 0/0 subscribers
2026-06-08 22:45:49,805 [INFO] signals.stockity_http: Got 900 raw 1s candles for GOLD_IDX (Z-CRY/IDX)
2026-06-08 22:45:49,806 [INFO] signals.stockity_http: Aggregated into 16 1m candles
2026-06-08 22:45:49,806 [INFO] signals.stockity_http: Signal for GOLD_IDX: CALL 78% (score=78, EMA5↑EMA10; bullX; RSI0 OS)
2026-06-08 22:45:49,806 [INFO] subscription_bot.signaler: NEW signal: GOLD_IDX CALL 78%
2026-06-08 22:45:49,806 [INFO] subscription_bot.bot: Signal dispatched to 0/0 subscribers
2026-06-08 22:50:01,109 [INFO] subscription_bot.database: Database path: /home/openclaw/projects/1ai-trade-bot/bots/subscription-bot/subscription_bot.db
2026-06-08 22:50:01,110 [INFO] subscription_bot.database: Database tables ready
2026-06-08 22:50:01,169 [INFO] subscription_bot.signaler: Proactive signaler started
2026-06-08 22:50:01,169 [INFO] subscription_bot.bot: Bot starting...
2026-06-08 22:50:01,169 [INFO] subscription_bot.signaler: Proactive signaler started (interval=300s, min_conf=62%)
2026-06-08 22:50:01,170 [ERROR] subscription_bot.signaler: Cannot import stockity_http: No module named 'requests'
2026-06-08 22:50:01,171 [ERROR] subscription_bot.signaler: Cannot import stockity_http: No module named 'requests'
2026-06-08 22:50:01,171 [ERROR] subscription_bot.signaler: Cannot import stockity_http: No module named 'requests'
2026-06-08 22:50:01,172 [ERROR] subscription_bot.signaler: Cannot import stockity_http: No module named 'requests'
2026-06-08 22:50:01,749 [INFO] httpx: HTTP Request: POST https://api.telegram.org/bot8343388239:AAFgeAkc9bvjywyCsHqRIa_RiJ6q-rp6uv0/getMe "HTTP/1.1 200 OK"
2026-06-08 22:50:01,751 [INFO] telegram.ext.Application: Application started
2026-06-08 22:50:01,751 [INFO] subscription_bot.bot: Bot is running!
2026-06-08 22:50:02,146 [INFO] httpx: HTTP Request: POST https://api.telegram.org/bot8343388239:AAFgeAkc9bvjywyCsHqRIa_RiJ6q-rp6uv0/sendMessage "HTTP/1.1 200 OK"
2026-06-08 22:51:03,913 [INFO] subscription_bot.database: Database path: /home/openclaw/projects/1ai-trade-bot/bots/subscription-bot/subscription_bot.db
2026-06-08 22:51:03,914 [INFO] subscription_bot.database: Database tables ready
2026-06-08 22:51:03,959 [INFO] subscription_bot.signaler: Proactive signaler started
2026-06-08 22:51:03,959 [INFO] subscription_bot.bot: Bot starting...
2026-06-08 22:51:03,959 [INFO] subscription_bot.signaler: Proactive signaler started (interval=300s, min_conf=62%)
2026-06-08 22:51:04,504 [INFO] signals.stockity_http: Got 900 raw 1s candles for CRYPTO_IDX (Z-CRY/IDX)
2026-06-08 22:51:04,504 [INFO] signals.stockity_http: Aggregated into 16 1m candles
2026-06-08 22:51:04,505 [INFO] signals.stockity_http: Signal for CRYPTO_IDX: CALL 78% (score=78, EMA5↑EMA10; bullX; RSI0 OS)
2026-06-08 22:51:04,505 [INFO] subscription_bot.signaler: NEW signal: CRYPTO_IDX CALL 78%
2026-06-08 22:51:04,505 [INFO] subscription_bot.bot: Signal dispatched to 0/0 subscribers
2026-06-08 22:51:04,652 [INFO] signals.stockity_http: Got 900 raw 1s candles for BTC_IDX (Z-CRY/IDX)
2026-06-08 22:51:04,653 [INFO] signals.stockity_http: Aggregated into 16 1m candles
2026-06-08 22:51:04,653 [INFO] signals.stockity_http: Signal for BTC_IDX: CALL 78% (score=78, EMA5↑EMA10; bullX; RSI0 OS)
2026-06-08 22:51:04,653 [INFO] subscription_bot.signaler: NEW signal: BTC_IDX CALL 78%
2026-06-08 22:51:04,654 [INFO] subscription_bot.bot: Signal dispatched to 0/0 subscribers
2026-06-08 22:51:04,815 [INFO] signals.stockity_http: Got 900 raw 1s candles for ETH_IDX (Z-CRY/IDX)
2026-06-08 22:51:04,815 [INFO] signals.stockity_http: Aggregated into 16 1m candles
2026-06-08 22:51:04,815 [INFO] signals.stockity_http: Signal for ETH_IDX: CALL 78% (score=78, EMA5↑EMA10; bullX; RSI0 OS)
2026-06-08 22:51:04,816 [INFO] subscription_bot.signaler: NEW signal: ETH_IDX CALL 78%
2026-06-08 22:51:04,816 [INFO] subscription_bot.bot: Signal dispatched to 0/0 subscribers
2026-06-08 22:51:04,975 [INFO] signals.stockity_http: Got 900 raw 1s candles for GOLD_IDX (Z-CRY/IDX)
2026-06-08 22:51:04,976 [INFO] signals.stockity_http: Aggregated into 16 1m candles
2026-06-08 22:51:04,977 [INFO] signals.stockity_http: Signal for GOLD_IDX: CALL 78% (score=78, EMA5↑EMA10; bullX; RSI0 OS)
2026-06-08 22:51:04,977 [INFO] subscription_bot.signaler: NEW signal: GOLD_IDX CALL 78%
2026-06-08 22:51:04,977 [INFO] subscription_bot.bot: Signal dispatched to 0/0 subscribers
2026-06-08 22:51:05,558 [INFO] httpx: HTTP Request: POST https://api.telegram.org/bot8343388239:AAFgeAkc9bvjywyCsHqRIa_RiJ6q-rp6uv0/getMe "HTTP/1.1 200 OK"
2026-06-08 22:51:05,559 [INFO] telegram.ext.Application: Application started
2026-06-08 22:51:05,559 [INFO] subscription_bot.bot: Bot is running!
2026-06-08 22:51:05,940 [INFO] httpx: HTTP Request: POST https://api.telegram.org/bot8343388239:AAFgeAkc9bvjywyCsHqRIa_RiJ6q-rp6uv0/sendMessage "HTTP/1.1 200 OK"
2026-06-08 22:56:05,272 [INFO] signals.stockity_http: Got 900 raw 1s candles for CRYPTO_IDX (Z-CRY/IDX)
2026-06-08 22:56:05,273 [INFO] signals.stockity_http: Aggregated into 16 1m candles
2026-06-08 22:56:05,273 [INFO] signals.stockity_http: Signal for CRYPTO_IDX: CALL 78% (score=78, EMA5↑EMA10; bullX; RSI0 OS)
2026-06-08 22:56:05,417 [INFO] signals.stockity_http: Got 900 raw 1s candles for BTC_IDX (Z-CRY/IDX)
2026-06-08 22:56:05,417 [INFO] signals.stockity_http: Aggregated into 16 1m candles
2026-06-08 22:56:05,417 [INFO] signals.stockity_http: Signal for BTC_IDX: CALL 78% (score=78, EMA5↑EMA10; bullX; RSI0 OS)
2026-06-08 22:56:05,567 [INFO] signals.stockity_http: Got 900 raw 1s candles for ETH_IDX (Z-CRY/IDX)
2026-06-08 22:56:05,567 [INFO] signals.stockity_http: Aggregated into 16 1m candles
2026-06-08 22:56:05,571 [INFO] signals.stockity_http: Signal for ETH_IDX: CALL 78% (score=78, EMA5↑EMA10; bullX; RSI0 OS)
2026-06-08 22:56:05,714 [INFO] signals.stockity_http: Got 900 raw 1s candles for GOLD_IDX (Z-CRY/IDX)
2026-06-08 22:56:05,715 [INFO] signals.stockity_http: Aggregated into 16 1m candles
2026-06-08 22:56:05,715 [INFO] signals.stockity_http: Signal for GOLD_IDX: CALL 78% (score=78, EMA5↑EMA10; bullX; RSI0 OS)
2026-06-08 23:01:05,813 [ERROR] subscription_bot.signaler: Signal generation error for CRYPTO_IDX: minute must be in 0..59
2026-06-08 23:01:05,814 [ERROR] subscription_bot.signaler: Signal generation error for BTC_IDX: minute must be in 0..59
2026-06-08 23:01:05,814 [ERROR] subscription_bot.signaler: Signal generation error for ETH_IDX: minute must be in 0..59
2026-06-08 23:01:05,814 [ERROR] subscription_bot.signaler: Signal generation error for GOLD_IDX: minute must be in 0..59
2026-06-08 23:06:05,913 [ERROR] subscription_bot.signaler: Signal generation error for CRYPTO_IDX: minute must be in 0..59
2026-06-08 23:06:05,914 [ERROR] subscription_bot.signaler: Signal generation error for BTC_IDX: minute must be in 0..59
2026-06-08 23:06:05,914 [ERROR] subscription_bot.signaler: Signal generation error for ETH_IDX: minute must be in 0..59
2026-06-08 23:06:05,914 [ERROR] subscription_bot.signaler: Signal generation error for GOLD_IDX: minute must be in 0..59
2026-06-08 23:11:06,013 [ERROR] subscription_bot.signaler: Signal generation error for CRYPTO_IDX: minute must be in 0..59
2026-06-08 23:11:06,014 [ERROR] subscription_bot.signaler: Signal generation error for BTC_IDX: minute must be in 0..59
2026-06-08 23:11:06,014 [ERROR] subscription_bot.signaler: Signal generation error for ETH_IDX: minute must be in 0..59
2026-06-08 23:11:06,014 [ERROR] subscription_bot.signaler: Signal generation error for GOLD_IDX: minute must be in 0..59
2026-06-08 23:16:06,471 [INFO] signals.stockity_http: Got 900 raw 1s candles for CRYPTO_IDX (Z-CRY/IDX)
2026-06-08 23:16:06,472 [INFO] signals.stockity_http: Aggregated into 16 1m candles
2026-06-08 23:16:06,472 [INFO] signals.stockity_http: Signal for CRYPTO_IDX: WAIT 55% (score=45, EMA5↓EMA10; bearX; RSI0 OS)
2026-06-08 23:16:06,610 [INFO] signals.stockity_http: Got 900 raw 1s candles for BTC_IDX (Z-CRY/IDX)
2026-06-08 23:16:06,611 [INFO] signals.stockity_http: Aggregated into 16 1m candles
2026-06-08 23:16:06,611 [INFO] signals.stockity_http: Signal for BTC_IDX: WAIT 55% (score=45, EMA5↓EMA10; bearX; RSI0 OS)
2026-06-08 23:16:06,751 [INFO] signals.stockity_http: Got 900 raw 1s candles for ETH_IDX (Z-CRY/IDX)
2026-06-08 23:16:06,751 [INFO] signals.stockity_http: Aggregated into 16 1m candles
2026-06-08 23:16:06,752 [INFO] signals.stockity_http: Signal for ETH_IDX: WAIT 55% (score=45, EMA5↓EMA10; bearX; RSI0 OS)
2026-06-08 23:16:06,900 [INFO] signals.stockity_http: Got 900 raw 1s candles for GOLD_IDX (Z-CRY/IDX)
2026-06-08 23:16:06,901 [INFO] signals.stockity_http: Aggregated into 16 1m candles
2026-06-08 23:16:06,901 [INFO] signals.stockity_http: Signal for GOLD_IDX: WAIT 55% (score=45, EMA5↓EMA10; bearX; RSI0 OS)
2026-06-08 23:21:07,167 [INFO] signals.stockity_http: Got 900 raw 1s candles for CRYPTO_IDX (Z-CRY/IDX)
2026-06-08 23:21:07,168 [INFO] signals.stockity_http: Aggregated into 16 1m candles
2026-06-08 23:21:07,168 [INFO] signals.stockity_http: Signal for CRYPTO_IDX: WAIT 55% (score=45, EMA5↓EMA10; bearX; RSI0 OS)
2026-06-08 23:21:07,303 [INFO] signals.stockity_http: Got 900 raw 1s candles for BTC_IDX (Z-CRY/IDX)
2026-06-08 23:21:07,303 [INFO] signals.stockity_http: Aggregated into 16 1m candles
2026-06-08 23:21:07,304 [INFO] signals.stockity_http: Signal for BTC_IDX: WAIT 55% (score=45, EMA5↓EMA10; bearX; RSI0 OS)
2026-06-08 23:21:07,454 [INFO] signals.stockity_http: Got 900 raw 1s candles for ETH_IDX (Z-CRY/IDX)
2026-06-08 23:21:07,454 [INFO] signals.stockity_http: Aggregated into 16 1m candles
2026-06-08 23:21:07,455 [INFO] signals.stockity_http: Signal for ETH_IDX: WAIT 55% (score=45, EMA5↓EMA10; bearX; RSI0 OS)
2026-06-08 23:21:07,593 [INFO] signals.stockity_http: Got 900 raw 1s candles for GOLD_IDX (Z-CRY/IDX)
2026-06-08 23:21:07,594 [INFO] signals.stockity_http: Aggregated into 16 1m candles
2026-06-08 23:21:07,594 [INFO] signals.stockity_http: Signal for GOLD_IDX: WAIT 55% (score=45, EMA5↓EMA10; bearX; RSI0 OS)
2026-06-08 23:26:07,895 [INFO] signals.stockity_http: Got 900 raw 1s candles for CRYPTO_IDX (Z-CRY/IDX)
2026-06-08 23:26:07,896 [INFO] signals.stockity_http: Aggregated into 16 1m candles
2026-06-08 23:26:07,896 [INFO] signals.stockity_http: Signal for CRYPTO_IDX: WAIT 55% (score=45, EMA5↓EMA10; bearX; RSI0 OS)
2026-06-08 23:26:08,031 [INFO] signals.stockity_http: Got 900 raw 1s candles for BTC_IDX (Z-CRY/IDX)
2026-06-08 23:26:08,032 [INFO] signals.stockity_http: Aggregated into 16 1m candles
2026-06-08 23:26:08,032 [INFO] signals.stockity_http: Signal for BTC_IDX: WAIT 55% (score=45, EMA5↓EMA10; bearX; RSI0 OS)
2026-06-08 23:26:08,180 [INFO] signals.stockity_http: Got 900 raw 1s candles for ETH_IDX (Z-CRY/IDX)
2026-06-08 23:26:08,180 [INFO] signals.stockity_http: Aggregated into 16 1m candles
2026-06-08 23:26:08,181 [INFO] signals.stockity_http: Signal for ETH_IDX: WAIT 55% (score=45, EMA5↓EMA10; bearX; RSI0 OS)
2026-06-08 23:26:08,317 [INFO] signals.stockity_http: Got 900 raw 1s candles for GOLD_IDX (Z-CRY/IDX)
2026-06-08 23:26:08,317 [INFO] signals.stockity_http: Aggregated into 16 1m candles
2026-06-08 23:26:08,317 [INFO] signals.stockity_http: Signal for GOLD_IDX: WAIT 55% (score=45, EMA5↓EMA10; bearX; RSI0 OS)
2026-06-08 23:31:08,874 [INFO] signals.stockity_http: Got 900 raw 1s candles for CRYPTO_IDX (Z-CRY/IDX)
2026-06-08 23:31:08,875 [INFO] signals.stockity_http: Aggregated into 16 1m candles
2026-06-08 23:31:08,875 [INFO] signals.stockity_http: Signal for CRYPTO_IDX: WAIT 59% (score=59, EMA5↑EMA10; RSI0 OS; rangeTop)
2026-06-08 23:31:09,018 [INFO] signals.stockity_http: Got 900 raw 1s candles for BTC_IDX (Z-CRY/IDX)
2026-06-08 23:31:09,019 [INFO] signals.stockity_http: Aggregated into 16 1m candles
2026-06-08 23:31:09,019 [INFO] signals.stockity_http: Signal for BTC_IDX: WAIT 59% (score=59, EMA5↑EMA10; RSI0 OS; rangeTop)
2026-06-08 23:31:09,196 [INFO] signals.stockity_http: Got 900 raw 1s candles for ETH_IDX (Z-CRY/IDX)
2026-06-08 23:31:09,197 [INFO] signals.stockity_http: Aggregated into 16 1m candles
2026-06-08 23:31:09,197 [INFO] signals.stockity_http: Signal for ETH_IDX: WAIT 59% (score=59, EMA5↑EMA10; RSI0 OS; rangeTop)
2026-06-08 23:31:09,338 [INFO] signals.stockity_http: Got 900 raw 1s candles for GOLD_IDX (Z-CRY/IDX)
2026-06-08 23:31:09,338 [INFO] signals.stockity_http: Aggregated into 16 1m candles
2026-06-08 23:31:09,339 [INFO] signals.stockity_http: Signal for GOLD_IDX: WAIT 59% (score=59, EMA5↑EMA10; RSI0 OS; rangeTop)
2026-06-08 23:36:09,628 [INFO] signals.stockity_http: Got 900 raw 1s candles for CRYPTO_IDX (Z-CRY/IDX)
2026-06-08 23:36:09,628 [INFO] signals.stockity_http: Aggregated into 16 1m candles
2026-06-08 23:36:09,628 [INFO] signals.stockity_http: Signal for CRYPTO_IDX: WAIT 59% (score=59, EMA5↑EMA10; RSI0 OS; rangeTop)
2026-06-08 23:36:09,768 [INFO] signals.stockity_http: Got 900 raw 1s candles for BTC_IDX (Z-CRY/IDX)
2026-06-08 23:36:09,769 [INFO] signals.stockity_http: Aggregated into 16 1m candles
2026-06-08 23:36:09,769 [INFO] signals.stockity_http: Signal for BTC_IDX: WAIT 59% (score=59, EMA5↑EMA10; RSI0 OS; rangeTop)
2026-06-08 23:36:09,920 [INFO] signals.stockity_http: Got 900 raw 1s candles for ETH_IDX (Z-CRY/IDX)
2026-06-08 23:36:09,921 [INFO] signals.stockity_http: Aggregated into 16 1m candles
2026-06-08 23:36:09,922 [INFO] signals.stockity_http: Signal for ETH_IDX: WAIT 59% (score=59, EMA5↑EMA10; RSI0 OS; rangeTop)
2026-06-08 23:36:10,067 [INFO] signals.stockity_http: Got 900 raw 1s candles for GOLD_IDX (Z-CRY/IDX)
2026-06-08 23:36:10,068 [INFO] signals.stockity_http: Aggregated into 16 1m candles
2026-06-08 23:36:10,068 [INFO] signals.stockity_http: Signal for GOLD_IDX: WAIT 59% (score=59, EMA5↑EMA10; RSI0 OS; rangeTop)
2026-06-08 23:41:10,335 [INFO] signals.stockity_http: Got 900 raw 1s candles for CRYPTO_IDX (Z-CRY/IDX)
2026-06-08 23:41:10,336 [INFO] signals.stockity_http: Aggregated into 16 1m candles
2026-06-08 23:41:10,336 [INFO] signals.stockity_http: Signal for CRYPTO_IDX: WAIT 59% (score=59, EMA5↑EMA10; RSI0 OS; rangeTop)
2026-06-08 23:41:10,481 [INFO] signals.stockity_http: Got 900 raw 1s candles for BTC_IDX (Z-CRY/IDX)
2026-06-08 23:41:10,481 [INFO] signals.stockity_http: Aggregated into 16 1m candles
2026-06-08 23:41:10,481 [INFO] signals.stockity_http: Signal for BTC_IDX: WAIT 59% (score=59, EMA5↑EMA10; RSI0 OS; rangeTop)
2026-06-08 23:41:10,615 [INFO] signals.stockity_http: Got 900 raw 1s candles for ETH_IDX (Z-CRY/IDX)
2026-06-08 23:41:10,616 [INFO] signals.stockity_http: Aggregated into 16 1m candles
2026-06-08 23:41:10,616 [INFO] signals.stockity_http: Signal for ETH_IDX: WAIT 59% (score=59, EMA5↑EMA10; RSI0 OS; rangeTop)
2026-06-08 23:41:10,769 [INFO] signals.stockity_http: Got 900 raw 1s candles for GOLD_IDX (Z-CRY/IDX)
2026-06-08 23:41:10,769 [INFO] signals.stockity_http: Aggregated into 16 1m candles
2026-06-08 23:41:10,771 [INFO] signals.stockity_http: Signal for GOLD_IDX: WAIT 59% (score=59, EMA5↑EMA10; RSI0 OS; rangeTop)
2026-06-08 23:46:11,216 [INFO] signals.stockity_http: Got 900 raw 1s candles for CRYPTO_IDX (Z-CRY/IDX)
2026-06-08 23:46:11,216 [INFO] signals.stockity_http: Aggregated into 16 1m candles
2026-06-08 23:46:11,217 [INFO] signals.stockity_http: Signal for CRYPTO_IDX: WAIT 57% (score=57, EMA5↓EMA10; RSI0 OS; rangeBot)
2026-06-08 23:46:11,358 [INFO] signals.stockity_http: Got 900 raw 1s candles for BTC_IDX (Z-CRY/IDX)
2026-06-08 23:46:11,359 [INFO] signals.stockity_http: Aggregated into 16 1m candles
2026-06-08 23:46:11,359 [INFO] signals.stockity_http: Signal for BTC_IDX: WAIT 57% (score=57, EMA5↓EMA10; RSI0 OS; rangeBot)
2026-06-08 23:46:11,500 [INFO] signals.stockity_http: Got 900 raw 1s candles for ETH_IDX (Z-CRY/IDX)
2026-06-08 23:46:11,501 [INFO] signals.stockity_http: Aggregated into 16 1m candles
2026-06-08 23:46:11,501 [INFO] signals.stockity_http: Signal for ETH_IDX: WAIT 57% (score=57, EMA5↓EMA10; RSI0 OS; rangeBot)
2026-06-08 23:46:11,644 [INFO] signals.stockity_http: Got 900 raw 1s candles for GOLD_IDX (Z-CRY/IDX)
2026-06-08 23:46:11,644 [INFO] signals.stockity_http: Aggregated into 16 1m candles
2026-06-08 23:46:11,644 [INFO] signals.stockity_http: Signal for GOLD_IDX: WAIT 57% (score=57, EMA5↓EMA10; RSI0 OS; rangeBot)
2026-06-08 23:51:11,916 [INFO] signals.stockity_http: Got 900 raw 1s candles for CRYPTO_IDX (Z-CRY/IDX)
2026-06-08 23:51:11,917 [INFO] signals.stockity_http: Aggregated into 16 1m candles
2026-06-08 23:51:11,917 [INFO] signals.stockity_http: Signal for CRYPTO_IDX: WAIT 57% (score=57, EMA5↓EMA10; RSI0 OS; rangeBot)
2026-06-08 23:51:12,056 [INFO] signals.stockity_http: Got 900 raw 1s candles for BTC_IDX (Z-CRY/IDX)
2026-06-08 23:51:12,058 [INFO] signals.stockity_http: Aggregated into 16 1m candles
2026-06-08 23:51:12,058 [INFO] signals.stockity_http: Signal for BTC_IDX: WAIT 57% (score=57, EMA5↓EMA10; RSI0 OS; rangeBot)
2026-06-08 23:51:12,211 [INFO] signals.stockity_http: Got 900 raw 1s candles for ETH_IDX (Z-CRY/IDX)
2026-06-08 23:51:12,212 [INFO] signals.stockity_http: Aggregated into 16 1m candles
2026-06-08 23:51:12,212 [INFO] signals.stockity_http: Signal for ETH_IDX: WAIT 57% (score=57, EMA5↓EMA10; RSI0 OS; rangeBot)
2026-06-08 23:51:12,349 [INFO] signals.stockity_http: Got 900 raw 1s candles for GOLD_IDX (Z-CRY/IDX)
2026-06-08 23:51:12,349 [INFO] signals.stockity_http: Aggregated into 16 1m candles
2026-06-08 23:51:12,350 [INFO] signals.stockity_http: Signal for GOLD_IDX: WAIT 57% (score=57, EMA5↓EMA10; RSI0 OS; rangeBot)
2026-06-08 23:56:12,642 [INFO] signals.stockity_http: Got 900 raw 1s candles for CRYPTO_IDX (Z-CRY/IDX)
2026-06-08 23:56:12,643 [INFO] signals.stockity_http: Aggregated into 16 1m candles
2026-06-08 23:56:12,643 [INFO] signals.stockity_http: Signal for CRYPTO_IDX: WAIT 57% (score=57, EMA5↓EMA10; RSI0 OS; rangeBot)
2026-06-08 23:56:12,802 [INFO] signals.stockity_http: Got 900 raw 1s candles for BTC_IDX (Z-CRY/IDX)
2026-06-08 23:56:12,802 [INFO] signals.stockity_http: Aggregated into 16 1m candles
2026-06-08 23:56:12,803 [INFO] signals.stockity_http: Signal for BTC_IDX: WAIT 57% (score=57, EMA5↓EMA10; RSI0 OS; rangeBot)
2026-06-08 23:56:12,944 [INFO] signals.stockity_http: Got 900 raw 1s candles for ETH_IDX (Z-CRY/IDX)
2026-06-08 23:56:12,944 [INFO] signals.stockity_http: Aggregated into 16 1m candles
2026-06-08 23:56:12,945 [INFO] signals.stockity_http: Signal for ETH_IDX: WAIT 57% (score=57, EMA5↓EMA10; RSI0 OS; rangeBot)
2026-06-08 23:56:13,086 [INFO] signals.stockity_http: Got 900 raw 1s candles for GOLD_IDX (Z-CRY/IDX)
2026-06-08 23:56:13,088 [INFO] signals.stockity_http: Aggregated into 16 1m candles
2026-06-08 23:56:13,089 [INFO] signals.stockity_http: Signal for GOLD_IDX: WAIT 57% (score=57, EMA5↓EMA10; RSI0 OS; rangeBot)
2026-06-09 00:01:13,142 [ERROR] subscription_bot.signaler: Signal generation error for CRYPTO_IDX: minute must be in 0..59
2026-06-09 00:01:13,144 [ERROR] subscription_bot.signaler: Signal generation error for BTC_IDX: minute must be in 0..59
2026-06-09 00:01:13,144 [ERROR] subscription_bot.signaler: Signal generation error for ETH_IDX: minute must be in 0..59
2026-06-09 00:01:13,144 [ERROR] subscription_bot.signaler: Signal generation error for GOLD_IDX: minute must be in 0..59
2026-06-09 00:06:13,242 [ERROR] subscription_bot.signaler: Signal generation error for CRYPTO_IDX: minute must be in 0..59
2026-06-09 00:06:13,243 [ERROR] subscription_bot.signaler: Signal generation error for BTC_IDX: minute must be in 0..59
2026-06-09 00:06:13,243 [ERROR] subscription_bot.signaler: Signal generation error for ETH_IDX: minute must be in 0..59
2026-06-09 00:06:13,243 [ERROR] subscription_bot.signaler: Signal generation error for GOLD_IDX: minute must be in 0..59
2026-06-09 00:11:13,342 [ERROR] subscription_bot.signaler: Signal generation error for CRYPTO_IDX: minute must be in 0..59
2026-06-09 00:11:13,342 [ERROR] subscription_bot.signaler: Signal generation error for BTC_IDX: minute must be in 0..59
2026-06-09 00:11:13,342 [ERROR] subscription_bot.signaler: Signal generation error for ETH_IDX: minute must be in 0..59
2026-06-09 00:11:13,342 [ERROR] subscription_bot.signaler: Signal generation error for GOLD_IDX: minute must be in 0..59
2026-06-09 00:16:13,798 [INFO] signals.stockity_http: Got 900 raw 1s candles for CRYPTO_IDX (Z-CRY/IDX)
2026-06-09 00:16:13,799 [INFO] signals.stockity_http: Aggregated into 16 1m candles
2026-06-09 00:16:13,801 [INFO] signals.stockity_http: Signal for CRYPTO_IDX: WAIT 50% (score=50, EMA5↓EMA10; RSI0 OS; midLo)
2026-06-09 00:16:13,952 [INFO] signals.stockity_http: Got 900 raw 1s candles for BTC_IDX (Z-CRY/IDX)
2026-06-09 00:16:13,952 [INFO] signals.stockity_http: Aggregated into 16 1m candles
2026-06-09 00:16:13,957 [INFO] signals.stockity_http: Signal for BTC_IDX: WAIT 50% (score=50, EMA5↓EMA10; RSI0 OS; midLo)
2026-06-09 00:16:14,176 [INFO] signals.stockity_http: Got 900 raw 1s candles for ETH_IDX (Z-CRY/IDX)
2026-06-09 00:16:14,177 [INFO] signals.stockity_http: Aggregated into 16 1m candles
2026-06-09 00:16:14,177 [INFO] signals.stockity_http: Signal for ETH_IDX: WAIT 50% (score=50, EMA5↓EMA10; RSI0 OS; midLo)
2026-06-09 00:16:14,328 [INFO] signals.stockity_http: Got 900 raw 1s candles for GOLD_IDX (Z-CRY/IDX)
2026-06-09 00:16:14,328 [INFO] signals.stockity_http: Aggregated into 16 1m candles
2026-06-09 00:16:14,330 [INFO] signals.stockity_http: Signal for GOLD_IDX: WAIT 50% (score=50, EMA5↓EMA10; RSI0 OS; midLo)
2026-06-09 00:21:14,596 [INFO] signals.stockity_http: Got 900 raw 1s candles for CRYPTO_IDX (Z-CRY/IDX)
2026-06-09 00:21:14,596 [INFO] signals.stockity_http: Aggregated into 16 1m candles
2026-06-09 00:21:14,597 [INFO] signals.stockity_http: Signal for CRYPTO_IDX: WAIT 50% (score=50, EMA5↓EMA10; RSI0 OS; midLo)
2026-06-09 00:21:14,736 [INFO] signals.stockity_http: Got 900 raw 1s candles for BTC_IDX (Z-CRY/IDX)
2026-06-09 00:21:14,736 [INFO] signals.stockity_http: Aggregated into 16 1m candles
2026-06-09 00:21:14,736 [INFO] signals.stockity_http: Signal for BTC_IDX: WAIT 50% (score=50, EMA5↓EMA10; RSI0 OS; midLo)
2026-06-09 00:21:14,873 [INFO] signals.stockity_http: Got 900 raw 1s candles for ETH_IDX (Z-CRY/IDX)
2026-06-09 00:21:14,874 [INFO] signals.stockity_http: Aggregated into 16 1m candles
2026-06-09 00:21:14,874 [INFO] signals.stockity_http: Signal for ETH_IDX: WAIT 50% (score=50, EMA5↓EMA10; RSI0 OS; midLo)
2026-06-09 00:21:15,010 [INFO] signals.stockity_http: Got 900 raw 1s candles for GOLD_IDX (Z-CRY/IDX)
2026-06-09 00:21:15,011 [INFO] signals.stockity_http: Aggregated into 16 1m candles
2026-06-09 00:21:15,011 [INFO] signals.stockity_http: Signal for GOLD_IDX: WAIT 50% (score=50, EMA5↓EMA10; RSI0 OS; midLo)
2026-06-09 00:26:15,282 [INFO] signals.stockity_http: Got 900 raw 1s candles for CRYPTO_IDX (Z-CRY/IDX)
2026-06-09 00:26:15,283 [INFO] signals.stockity_http: Aggregated into 16 1m candles
2026-06-09 00:26:15,283 [INFO] signals.stockity_http: Signal for CRYPTO_IDX: WAIT 50% (score=50, EMA5↓EMA10; RSI0 OS; midLo)
2026-06-09 00:26:15,423 [INFO] signals.stockity_http: Got 900 raw 1s candles for BTC_IDX (Z-CRY/IDX)
2026-06-09 00:26:15,424 [INFO] signals.stockity_http: Aggregated into 16 1m candles
2026-06-09 00:26:15,424 [INFO] signals.stockity_http: Signal for BTC_IDX: WAIT 50% (score=50, EMA5↓EMA10; RSI0 OS; midLo)
2026-06-09 00:26:15,656 [INFO] signals.stockity_http: Got 900 raw 1s candles for ETH_IDX (Z-CRY/IDX)
2026-06-09 00:26:15,656 [INFO] signals.stockity_http: Aggregated into 16 1m candles
2026-06-09 00:26:15,657 [INFO] signals.stockity_http: Signal for ETH_IDX: WAIT 50% (score=50, EMA5↓EMA10; RSI0 OS; midLo)
2026-06-09 00:26:15,796 [INFO] signals.stockity_http: Got 900 raw 1s candles for GOLD_IDX (Z-CRY/IDX)
2026-06-09 00:26:15,796 [INFO] signals.stockity_http: Aggregated into 16 1m candles
2026-06-09 00:26:15,796 [INFO] signals.stockity_http: Signal for GOLD_IDX: WAIT 50% (score=50, EMA5↓EMA10; RSI0 OS; midLo)
2026-06-09 00:31:16,267 [INFO] signals.stockity_http: Got 900 raw 1s candles for CRYPTO_IDX (Z-CRY/IDX)
2026-06-09 00:31:16,267 [INFO] signals.stockity_http: Aggregated into 16 1m candles
2026-06-09 00:31:16,268 [INFO] signals.stockity_http: Signal for CRYPTO_IDX: CALL 78% (score=78, EMA5↑EMA10; bullX; RSI0 OS)
2026-06-09 00:31:16,268 [INFO] subscription_bot.signaler: NEW signal: CRYPTO_IDX CALL 78%
2026-06-09 00:31:16,281 [INFO] subscription_bot.bot: Signal dispatched to 0/0 subscribers
2026-06-09 00:31:16,440 [INFO] signals.stockity_http: Got 900 raw 1s candles for BTC_IDX (Z-CRY/IDX)
2026-06-09 00:31:16,440 [INFO] signals.stockity_http: Aggregated into 16 1m candles
2026-06-09 00:31:16,440 [INFO] signals.stockity_http: Signal for BTC_IDX: CALL 78% (score=78, EMA5↑EMA10; bullX; RSI0 OS)
2026-06-09 00:31:16,440 [INFO] subscription_bot.signaler: NEW signal: BTC_IDX CALL 78%
2026-06-09 00:31:16,441 [INFO] subscription_bot.bot: Signal dispatched to 0/0 subscribers
2026-06-09 00:31:16,576 [INFO] signals.stockity_http: Got 900 raw 1s candles for ETH_IDX (Z-CRY/IDX)
2026-06-09 00:31:16,577 [INFO] signals.stockity_http: Aggregated into 16 1m candles
2026-06-09 00:31:16,578 [INFO] signals.stockity_http: Signal for ETH_IDX: CALL 78% (score=78, EMA5↑EMA10; bullX; RSI0 OS)
2026-06-09 00:31:16,580 [INFO] subscription_bot.signaler: NEW signal: ETH_IDX CALL 78%
2026-06-09 00:31:16,580 [INFO] subscription_bot.bot: Signal dispatched to 0/0 subscribers
2026-06-09 00:31:16,718 [INFO] signals.stockity_http: Got 900 raw 1s candles for GOLD_IDX (Z-CRY/IDX)
2026-06-09 00:31:16,719 [INFO] signals.stockity_http: Aggregated into 16 1m candles
2026-06-09 00:31:16,721 [INFO] signals.stockity_http: Signal for GOLD_IDX: CALL 78% (score=78, EMA5↑EMA10; bullX; RSI0 OS)
2026-06-09 00:31:16,722 [INFO] subscription_bot.signaler: NEW signal: GOLD_IDX CALL 78%
2026-06-09 00:31:16,722 [INFO] subscription_bot.bot: Signal dispatched to 0/0 subscribers
2026-06-09 00:32:45,788 [INFO] subscription_bot.database: Database path: /home/openclaw/projects/1ai-trade-bot/bots/subscription-bot/subscription_bot.db
2026-06-09 00:32:45,789 [INFO] subscription_bot.database: Database tables ready
2026-06-09 00:32:45,875 [INFO] subscription_bot.signaler: Proactive signaler started
2026-06-09 00:32:45,875 [INFO] subscription_bot.bot: Bot starting...
2026-06-09 00:32:45,875 [INFO] subscription_bot.signaler: Proactive signaler started (interval=300s, min_conf=62%)
2026-06-09 00:32:46,649 [INFO] signals.stockity_http: Got 900 raw 1s candles for CRYPTO_IDX (Z-CRY/IDX)
2026-06-09 00:32:46,650 [INFO] signals.stockity_http: Aggregated into 16 1m candles
2026-06-09 00:32:46,650 [INFO] signals.stockity_http: Signal for CRYPTO_IDX: CALL 78% (score=78, EMA5↑EMA10; bullX; RSI0 OS)
2026-06-09 00:32:46,650 [INFO] subscription_bot.signaler: NEW signal: CRYPTO_IDX CALL 78%
2026-06-09 00:32:46,651 [INFO] subscription_bot.bot: Signal dispatched to 0/0 subscribers
2026-06-09 00:32:46,792 [INFO] signals.stockity_http: Got 900 raw 1s candles for BTC_IDX (Z-CRY/IDX)
2026-06-09 00:32:46,792 [INFO] signals.stockity_http: Aggregated into 16 1m candles
2026-06-09 00:32:46,792 [INFO] signals.stockity_http: Signal for BTC_IDX: CALL 78% (score=78, EMA5↑EMA10; bullX; RSI0 OS)
2026-06-09 00:32:46,792 [INFO] subscription_bot.signaler: NEW signal: BTC_IDX CALL 78%
2026-06-09 00:32:46,792 [INFO] subscription_bot.bot: Signal dispatched to 0/0 subscribers
2026-06-09 00:32:46,924 [INFO] signals.stockity_http: Got 900 raw 1s candles for ETH_IDX (Z-CRY/IDX)
2026-06-09 00:32:46,924 [INFO] signals.stockity_http: Aggregated into 16 1m candles
2026-06-09 00:32:46,924 [INFO] signals.stockity_http: Signal for ETH_IDX: CALL 78% (score=78, EMA5↑EMA10; bullX; RSI0 OS)
2026-06-09 00:32:46,924 [INFO] subscription_bot.signaler: NEW signal: ETH_IDX CALL 78%
2026-06-09 00:32:46,925 [INFO] subscription_bot.bot: Signal dispatched to 0/0 subscribers
2026-06-09 00:32:47,086 [INFO] signals.stockity_http: Got 900 raw 1s candles for GOLD_IDX (Z-CRY/IDX)
2026-06-09 00:32:47,087 [INFO] signals.stockity_http: Aggregated into 16 1m candles
2026-06-09 00:32:47,087 [INFO] signals.stockity_http: Signal for GOLD_IDX: CALL 78% (score=78, EMA5↑EMA10; bullX; RSI0 OS)
2026-06-09 00:32:47,087 [INFO] subscription_bot.signaler: NEW signal: GOLD_IDX CALL 78%
2026-06-09 00:32:47,087 [INFO] subscription_bot.bot: Signal dispatched to 0/0 subscribers
2026-06-09 00:32:47,654 [INFO] httpx: HTTP Request: POST https://api.telegram.org/bot8343388239:AAFgeAkc9bvjywyCsHqRIa_RiJ6q-rp6uv0/getMe "HTTP/1.1 200 OK"
2026-06-09 00:32:47,656 [INFO] telegram.ext.Application: Application started
2026-06-09 00:32:47,842 [INFO] httpx: HTTP Request: POST https://api.telegram.org/bot8343388239:AAFgeAkc9bvjywyCsHqRIa_RiJ6q-rp6uv0/deleteWebhook "HTTP/1.1 200 OK"
2026-06-09 00:32:47,843 [INFO] subscription_bot.bot: Polling started — bot will respond to messages!
2026-06-09 00:32:47,843 [INFO] subscription_bot.bot: Bot is running!
2026-06-09 00:32:48,232 [INFO] httpx: HTTP Request: POST https://api.telegram.org/bot8343388239:AAFgeAkc9bvjywyCsHqRIa_RiJ6q-rp6uv0/sendMessage "HTTP/1.1 200 OK"
2026-06-09 00:32:58,408 [INFO] httpx: HTTP Request: POST https://api.telegram.org/bot8343388239:AAFgeAkc9bvjywyCsHqRIa_RiJ6q-rp6uv0/getUpdates "HTTP/1.1 200 OK"
2026-06-09 00:33:08,596 [INFO] httpx: HTTP Request: POST https://api.telegram.org/bot8343388239:AAFgeAkc9bvjywyCsHqRIa_RiJ6q-rp6uv0/getUpdates "HTTP/1.1 200 OK"
2026-06-09 00:33:18,786 [INFO] httpx: HTTP Request: POST https://api.telegram.org/bot8343388239:AAFgeAkc9bvjywyCsHqRIa_RiJ6q-rp6uv0/getUpdates "HTTP/1.1 200 OK"
2026-06-09 00:33:28,976 [INFO] httpx: HTTP Request: POST https://api.telegram.org/bot8343388239:AAFgeAkc9bvjywyCsHqRIa_RiJ6q-rp6uv0/getUpdates "HTTP/1.1 200 OK"
2026-06-09 00:33:39,167 [INFO] httpx: HTTP Request: POST https://api.telegram.org/bot8343388239:AAFgeAkc9bvjywyCsHqRIa_RiJ6q-rp6uv0/getUpdates "HTTP/1.1 200 OK"
2026-06-09 00:33:49,356 [INFO] httpx: HTTP Request: POST https://api.telegram.org/bot8343388239:AAFgeAkc9bvjywyCsHqRIa_RiJ6q-rp6uv0/getUpdates "HTTP/1.1 200 OK"
2026-06-09 00:33:59,543 [INFO] httpx: HTTP Request: POST https://api.telegram.org/bot8343388239:AAFgeAkc9bvjywyCsHqRIa_RiJ6q-rp6uv0/getUpdates "HTTP/1.1 200 OK"
2026-06-09 00:34:09,734 [INFO] httpx: HTTP Request: POST https://api.telegram.org/bot8343388239:AAFgeAkc9bvjywyCsHqRIa_RiJ6q-rp6uv0/getUpdates "HTTP/1.1 200 OK"
2026-06-09 00:34:19,923 [INFO] httpx: HTTP Request: POST https://api.telegram.org/bot8343388239:AAFgeAkc9bvjywyCsHqRIa_RiJ6q-rp6uv0/getUpdates "HTTP/1.1 200 OK"
2026-06-09 00:34:30,134 [INFO] httpx: HTTP Request: POST https://api.telegram.org/bot8343388239:AAFgeAkc9bvjywyCsHqRIa_RiJ6q-rp6uv0/getUpdates "HTTP/1.1 200 OK"
2026-06-09 00:34:40,324 [INFO] httpx: HTTP Request: POST https://api.telegram.org/bot8343388239:AAFgeAkc9bvjywyCsHqRIa_RiJ6q-rp6uv0/getUpdates "HTTP/1.1 200 OK"
2026-06-09 00:34:50,517 [INFO] httpx: HTTP Request: POST https://api.telegram.org/bot8343388239:AAFgeAkc9bvjywyCsHqRIa_RiJ6q-rp6uv0/getUpdates "HTTP/1.1 200 OK"
2026-06-09 00:35:00,710 [INFO] httpx: HTTP Request: POST https://api.telegram.org/bot8343388239:AAFgeAkc9bvjywyCsHqRIa_RiJ6q-rp6uv0/getUpdates "HTTP/1.1 200 OK"
2026-06-09 00:35:10,898 [INFO] httpx: HTTP Request: POST https://api.telegram.org/bot8343388239:AAFgeAkc9bvjywyCsHqRIa_RiJ6q-rp6uv0/getUpdates "HTTP/1.1 200 OK"
2026-06-09 00:35:21,094 [INFO] httpx: HTTP Request: POST https://api.telegram.org/bot8343388239:AAFgeAkc9bvjywyCsHqRIa_RiJ6q-rp6uv0/getUpdates "HTTP/1.1 200 OK"
2026-06-09 00:35:31,286 [INFO] httpx: HTTP Request: POST https://api.telegram.org/bot8343388239:AAFgeAkc9bvjywyCsHqRIa_RiJ6q-rp6uv0/getUpdates "HTTP/1.1 200 OK"
2026-06-09 00:35:41,475 [INFO] httpx: HTTP Request: POST https://api.telegram.org/bot8343388239:AAFgeAkc9bvjywyCsHqRIa_RiJ6q-rp6uv0/getUpdates "HTTP/1.1 200 OK"
2026-06-09 00:35:51,664 [INFO] httpx: HTTP Request: POST https://api.telegram.org/bot8343388239:AAFgeAkc9bvjywyCsHqRIa_RiJ6q-rp6uv0/getUpdates "HTTP/1.1 200 OK"
2026-06-09 00:36:01,853 [INFO] httpx: HTTP Request: POST https://api.telegram.org/bot8343388239:AAFgeAkc9bvjywyCsHqRIa_RiJ6q-rp6uv0/getUpdates "HTTP/1.1 200 OK"
2026-06-09 00:36:12,040 [INFO] httpx: HTTP Request: POST https://api.telegram.org/bot8343388239:AAFgeAkc9bvjywyCsHqRIa_RiJ6q-rp6uv0/getUpdates "HTTP/1.1 200 OK"
2026-06-09 00:36:22,229 [INFO] httpx: HTTP Request: POST https://api.telegram.org/bot8343388239:AAFgeAkc9bvjywyCsHqRIa_RiJ6q-rp6uv0/getUpdates "HTTP/1.1 200 OK"
2026-06-09 00:36:32,416 [INFO] httpx: HTTP Request: POST https://api.telegram.org/bot8343388239:AAFgeAkc9bvjywyCsHqRIa_RiJ6q-rp6uv0/getUpdates "HTTP/1.1 200 OK"
2026-06-09 00:36:42,603 [INFO] httpx: HTTP Request: POST https://api.telegram.org/bot8343388239:AAFgeAkc9bvjywyCsHqRIa_RiJ6q-rp6uv0/getUpdates "HTTP/1.1 200 OK"
2026-06-09 00:36:52,814 [INFO] httpx: HTTP Request: POST https://api.telegram.org/bot8343388239:AAFgeAkc9bvjywyCsHqRIa_RiJ6q-rp6uv0/getUpdates "HTTP/1.1 200 OK"
2026-06-09 00:37:03,003 [INFO] httpx: HTTP Request: POST https://api.telegram.org/bot8343388239:AAFgeAkc9bvjywyCsHqRIa_RiJ6q-rp6uv0/getUpdates "HTTP/1.1 200 OK"
2026-06-09 00:37:13,199 [INFO] httpx: HTTP Request: POST https://api.telegram.org/bot8343388239:AAFgeAkc9bvjywyCsHqRIa_RiJ6q-rp6uv0/getUpdates "HTTP/1.1 200 OK"
2026-06-09 00:37:23,392 [INFO] httpx: HTTP Request: POST https://api.telegram.org/bot8343388239:AAFgeAkc9bvjywyCsHqRIa_RiJ6q-rp6uv0/getUpdates "HTTP/1.1 200 OK"
2026-06-09 00:37:33,586 [INFO] httpx: HTTP Request: POST https://api.telegram.org/bot8343388239:AAFgeAkc9bvjywyCsHqRIa_RiJ6q-rp6uv0/getUpdates "HTTP/1.1 200 OK"
2026-06-09 00:37:43,775 [INFO] httpx: HTTP Request: POST https://api.telegram.org/bot8343388239:AAFgeAkc9bvjywyCsHqRIa_RiJ6q-rp6uv0/getUpdates "HTTP/1.1 200 OK"
2026-06-09 00:37:47,261 [INFO] signals.stockity_http: Got 900 raw 1s candles for CRYPTO_IDX (Z-CRY/IDX)
2026-06-09 00:37:47,270 [INFO] signals.stockity_http: Aggregated into 16 1m candles
2026-06-09 00:37:47,270 [INFO] signals.stockity_http: Signal for CRYPTO_IDX: CALL 78% (score=78, EMA5↑EMA10; bullX; RSI0 OS)
2026-06-09 00:37:47,428 [INFO] signals.stockity_http: Got 900 raw 1s candles for BTC_IDX (Z-CRY/IDX)
2026-06-09 00:37:47,429 [INFO] signals.stockity_http: Aggregated into 16 1m candles
2026-06-09 00:37:47,429 [INFO] signals.stockity_http: Signal for BTC_IDX: CALL 78% (score=78, EMA5↑EMA10; bullX; RSI0 OS)
2026-06-09 00:37:47,575 [INFO] signals.stockity_http: Got 900 raw 1s candles for ETH_IDX (Z-CRY/IDX)
2026-06-09 00:37:47,576 [INFO] signals.stockity_http: Aggregated into 16 1m candles
2026-06-09 00:37:47,576 [INFO] signals.stockity_http: Signal for ETH_IDX: CALL 78% (score=78, EMA5↑EMA10; bullX; RSI0 OS)
2026-06-09 00:37:47,724 [INFO] signals.stockity_http: Got 900 raw 1s candles for GOLD_IDX (Z-CRY/IDX)
2026-06-09 00:37:47,724 [INFO] signals.stockity_http: Aggregated into 16 1m candles
2026-06-09 00:37:47,724 [INFO] signals.stockity_http: Signal for GOLD_IDX: CALL 78% (score=78, EMA5↑EMA10; bullX; RSI0 OS)
2026-06-09 00:37:53,963 [INFO] httpx: HTTP Request: POST https://api.telegram.org/bot8343388239:AAFgeAkc9bvjywyCsHqRIa_RiJ6q-rp6uv0/getUpdates "HTTP/1.1 200 OK"
2026-06-09 00:38:04,152 [INFO] httpx: HTTP Request: POST https://api.telegram.org/bot8343388239:AAFgeAkc9bvjywyCsHqRIa_RiJ6q-rp6uv0/getUpdates "HTTP/1.1 200 OK"
2026-06-09 00:38:14,340 [INFO] httpx: HTTP Request: POST https://api.telegram.org/bot8343388239:AAFgeAkc9bvjywyCsHqRIa_RiJ6q-rp6uv0/getUpdates "HTTP/1.1 200 OK"
2026-06-09 00:38:24,529 [INFO] httpx: HTTP Request: POST https://api.telegram.org/bot8343388239:AAFgeAkc9bvjywyCsHqRIa_RiJ6q-rp6uv0/getUpdates "HTTP/1.1 200 OK"
2026-06-09 00:38:34,720 [INFO] httpx: HTTP Request: POST https://api.telegram.org/bot8343388239:AAFgeAkc9bvjywyCsHqRIa_RiJ6q-rp6uv0/getUpdates "HTTP/1.1 200 OK"
2026-06-09 00:38:44,911 [INFO] httpx: HTTP Request: POST https://api.telegram.org/bot8343388239:AAFgeAkc9bvjywyCsHqRIa_RiJ6q-rp6uv0/getUpdates "HTTP/1.1 200 OK"
2026-06-09 00:38:55,107 [INFO] httpx: HTTP Request: POST https://api.telegram.org/bot8343388239:AAFgeAkc9bvjywyCsHqRIa_RiJ6q-rp6uv0/getUpdates "HTTP/1.1 200 OK"
2026-06-09 00:39:05,297 [INFO] httpx: HTTP Request: POST https://api.telegram.org/bot8343388239:AAFgeAkc9bvjywyCsHqRIa_RiJ6q-rp6uv0/getUpdates "HTTP/1.1 200 OK"
2026-06-09 00:39:15,490 [INFO] httpx: HTTP Request: POST https://api.telegram.org/bot8343388239:AAFgeAkc9bvjywyCsHqRIa_RiJ6q-rp6uv0/getUpdates "HTTP/1.1 200 OK"
2026-06-09 00:39:25,679 [INFO] httpx: HTTP Request: POST https://api.telegram.org/bot8343388239:AAFgeAkc9bvjywyCsHqRIa_RiJ6q-rp6uv0/getUpdates "HTTP/1.1 200 OK"
2026-06-09 00:39:35,865 [INFO] httpx: HTTP Request: POST https://api.telegram.org/bot8343388239:AAFgeAkc9bvjywyCsHqRIa_RiJ6q-rp6uv0/getUpdates "HTTP/1.1 200 OK"
2026-06-09 00:39:46,054 [INFO] httpx: HTTP Request: POST https://api.telegram.org/bot8343388239:AAFgeAkc9bvjywyCsHqRIa_RiJ6q-rp6uv0/getUpdates "HTTP/1.1 200 OK"
2026-06-09 00:39:55,703 [INFO] httpx: HTTP Request: POST https://api.telegram.org/bot8343388239:AAFgeAkc9bvjywyCsHqRIa_RiJ6q-rp6uv0/getUpdates "HTTP/1.1 409 Conflict"
2026-06-09 00:39:55,704 [ERROR] telegram.ext.Updater: Exception happened while polling for updates.
Traceback (most recent call last):
  File "/home/openclaw/projects/1ai-trade-bot/bots/subscription-bot/.venv/lib/python3.11/site-packages/telegram/ext/_utils/networkloop.py", line 161, in network_retry_loop
    await do_action()
  File "/home/openclaw/projects/1ai-trade-bot/bots/subscription-bot/.venv/lib/python3.11/site-packages/telegram/ext/_utils/networkloop.py", line 154, in do_action
    action_cb_task.result()
  File "/home/openclaw/projects/1ai-trade-bot/bots/subscription-bot/.venv/lib/python3.11/site-packages/telegram/ext/_updater.py", line 340, in polling_action_cb
    updates = await self.bot.get_updates(
              ^^^^^^^^^^^^^^^^^^^^^^^^^^^
  File "/home/openclaw/projects/1ai-trade-bot/bots/subscription-bot/.venv/lib/python3.11/site-packages/telegram/ext/_extbot.py", line 672, in get_updates
    updates = await super().get_updates(
              ^^^^^^^^^^^^^^^^^^^^^^^^^^
  File "/home/openclaw/projects/1ai-trade-bot/bots/subscription-bot/.venv/lib/python3.11/site-packages/telegram/_bot.py", line 4865, in get_updates
    await self._post(
  File "/home/openclaw/projects/1ai-trade-bot/bots/subscription-bot/.venv/lib/python3.11/site-packages/telegram/_bot.py", line 704, in _post
    return await self._do_post(
           ^^^^^^^^^^^^^^^^^^^^
  File "/home/openclaw/projects/1ai-trade-bot/bots/subscription-bot/.venv/lib/python3.11/site-packages/telegram/ext/_extbot.py", line 370, in _do_post
    return await super()._do_post(
           ^^^^^^^^^^^^^^^^^^^^^^^
  File "/home/openclaw/projects/1ai-trade-bot/bots/subscription-bot/.venv/lib/python3.11/site-packages/telegram/_bot.py", line 733, in _do_post
    result = await request.post(
             ^^^^^^^^^^^^^^^^^^^
  File "/home/openclaw/projects/1ai-trade-bot/bots/subscription-bot/.venv/lib/python3.11/site-packages/telegram/request/_baserequest.py", line 198, in post
    result = await self._request_wrapper(
             ^^^^^^^^^^^^^^^^^^^^^^^^^^^^
  File "/home/openclaw/projects/1ai-trade-bot/bots/subscription-bot/.venv/lib/python3.11/site-packages/telegram/request/_baserequest.py", line 375, in _request_wrapper
    raise exception
telegram.error.Conflict: Conflict: terminated by other getUpdates request; make sure that only one bot instance is running
2026-06-09 00:40:01,101 [INFO] httpx: HTTP Request: POST https://api.telegram.org/bot8343388239:AAFgeAkc9bvjywyCsHqRIa_RiJ6q-rp6uv0/getUpdates "HTTP/1.1 409 Conflict"
2026-06-09 00:40:01,102 [ERROR] telegram.ext.Updater: Exception happened while polling for updates.
Traceback (most recent call last):
  File "/home/openclaw/projects/1ai-trade-bot/bots/subscription-bot/.venv/lib/python3.11/site-packages/telegram/ext/_utils/networkloop.py", line 161, in network_retry_loop
    await do_action()
  File "/home/openclaw/projects/1ai-trade-bot/bots/subscription-bot/.venv/lib/python3.11/site-packages/telegram/ext/_utils/networkloop.py", line 154, in do_action
    action_cb_task.result()
  File "/home/openclaw/projects/1ai-trade-bot/bots/subscription-bot/.venv/lib/python3.11/site-packages/telegram/ext/_updater.py", line 340, in polling_action_cb
    updates = await self.bot.get_updates(
              ^^^^^^^^^^^^^^^^^^^^^^^^^^^
  File "/home/openclaw/projects/1ai-trade-bot/bots/subscription-bot/.venv/lib/python3.11/site-packages/telegram/ext/_extbot.py", line 672, in get_updates
    updates = await super().get_updates(
              ^^^^^^^^^^^^^^^^^^^^^^^^^^
  File "/home/openclaw/projects/1ai-trade-bot/bots/subscription-bot/.venv/lib/python3.11/site-packages/telegram/_bot.py", line 4865, in get_updates
    await self._post(
  File "/home/openclaw/projects/1ai-trade-bot/bots/subscription-bot/.venv/lib/python3.11/site-packages/telegram/_bot.py", line 704, in _post
    return await self._do_post(
           ^^^^^^^^^^^^^^^^^^^^
  File "/home/openclaw/projects/1ai-trade-bot/bots/subscription-bot/.venv/lib/python3.11/site-packages/telegram/ext/_extbot.py", line 370, in _do_post
    return await super()._do_post(
           ^^^^^^^^^^^^^^^^^^^^^^^
  File "/home/openclaw/projects/1ai-trade-bot/bots/subscription-bot/.venv/lib/python3.11/site-packages/telegram/_bot.py", line 733, in _do_post
    result = await request.post(
             ^^^^^^^^^^^^^^^^^^^
  File "/home/openclaw/projects/1ai-trade-bot/bots/subscription-bot/.venv/lib/python3.11/site-packages/telegram/request/_baserequest.py", line 198, in post
    result = await self._request_wrapper(
             ^^^^^^^^^^^^^^^^^^^^^^^^^^^^
  File "/home/openclaw/projects/1ai-trade-bot/bots/subscription-bot/.venv/lib/python3.11/site-packages/telegram/request/_baserequest.py", line 375, in _request_wrapper
    raise exception
telegram.error.Conflict: Conflict: terminated by other getUpdates request; make sure that only one bot instance is running
2026-06-09 00:40:05,682 [INFO] httpx: HTTP Request: POST https://api.telegram.org/bot8343388239:AAFgeAkc9bvjywyCsHqRIa_RiJ6q-rp6uv0/getUpdates "HTTP/1.1 409 Conflict"
2026-06-09 00:40:05,683 [ERROR] telegram.ext.Updater: Exception happened while polling for updates.
Traceback (most recent call last):
  File "/home/openclaw/projects/1ai-trade-bot/bots/subscription-bot/.venv/lib/python3.11/site-packages/telegram/ext/_utils/networkloop.py", line 161, in network_retry_loop
    await do_action()
  File "/home/openclaw/projects/1ai-trade-bot/bots/subscription-bot/.venv/lib/python3.11/site-packages/telegram/ext/_utils/networkloop.py", line 154, in do_action
    action_cb_task.result()
  File "/home/openclaw/projects/1ai-trade-bot/bots/subscription-bot/.venv/lib/python3.11/site-packages/telegram/ext/_updater.py", line 340, in polling_action_cb
    updates = await self.bot.get_updates(
              ^^^^^^^^^^^^^^^^^^^^^^^^^^^
  File "/home/openclaw/projects/1ai-trade-bot/bots/subscription-bot/.venv/lib/python3.11/site-packages/telegram/ext/_extbot.py", line 672, in get_updates
    updates = await super().get_updates(
              ^^^^^^^^^^^^^^^^^^^^^^^^^^
  File "/home/openclaw/projects/1ai-trade-bot/bots/subscription-bot/.venv/lib/python3.11/site-packages/telegram/_bot.py", line 4865, in get_updates
    await self._post(
  File "/home/openclaw/projects/1ai-trade-bot/bots/subscription-bot/.venv/lib/python3.11/site-packages/telegram/_bot.py", line 704, in _post
    return await self._do_post(
           ^^^^^^^^^^^^^^^^^^^^
  File "/home/openclaw/projects/1ai-trade-bot/bots/subscription-bot/.venv/lib/python3.11/site-packages/telegram/ext/_extbot.py", line 370, in _do_post
    return await super()._do_post(
           ^^^^^^^^^^^^^^^^^^^^^^^
  File "/home/openclaw/projects/1ai-trade-bot/bots/subscription-bot/.venv/lib/python3.11/site-packages/telegram/_bot.py", line 733, in _do_post
    result = await request.post(
             ^^^^^^^^^^^^^^^^^^^
  File "/home/openclaw/projects/1ai-trade-bot/bots/subscription-bot/.venv/lib/python3.11/site-packages/telegram/request/_baserequest.py", line 198, in post
    result = await self._request_wrapper(
             ^^^^^^^^^^^^^^^^^^^^^^^^^^^^
  File "/home/openclaw/projects/1ai-trade-bot/bots/subscription-bot/.venv/lib/python3.11/site-packages/telegram/request/_baserequest.py", line 375, in _request_wrapper
    raise exception
telegram.error.Conflict: Conflict: terminated by other getUpdates request; make sure that only one bot instance is running
2026-06-09 00:40:18,124 [INFO] httpx: HTTP Request: POST https://api.telegram.org/bot8343388239:AAFgeAkc9bvjywyCsHqRIa_RiJ6q-rp6uv0/getUpdates "HTTP/1.1 200 OK"
2026-06-09 00:40:28,313 [INFO] httpx: HTTP Request: POST https://api.telegram.org/bot8343388239:AAFgeAkc9bvjywyCsHqRIa_RiJ6q-rp6uv0/getUpdates "HTTP/1.1 200 OK"
2026-06-09 00:40:30,274 [INFO] httpx: HTTP Request: POST https://api.telegram.org/bot8343388239:AAFgeAkc9bvjywyCsHqRIa_RiJ6q-rp6uv0/getUpdates "HTTP/1.1 409 Conflict"
2026-06-09 00:40:30,275 [ERROR] telegram.ext.Updater: Exception happened while polling for updates.
Traceback (most recent call last):
  File "/home/openclaw/projects/1ai-trade-bot/bots/subscription-bot/.venv/lib/python3.11/site-packages/telegram/ext/_utils/networkloop.py", line 161, in network_retry_loop
    await do_action()
  File "/home/openclaw/projects/1ai-trade-bot/bots/subscription-bot/.venv/lib/python3.11/site-packages/telegram/ext/_utils/networkloop.py", line 154, in do_action
    action_cb_task.result()
  File "/home/openclaw/projects/1ai-trade-bot/bots/subscription-bot/.venv/lib/python3.11/site-packages/telegram/ext/_updater.py", line 340, in polling_action_cb
    updates = await self.bot.get_updates(
              ^^^^^^^^^^^^^^^^^^^^^^^^^^^
  File "/home/openclaw/projects/1ai-trade-bot/bots/subscription-bot/.venv/lib/python3.11/site-packages/telegram/ext/_extbot.py", line 672, in get_updates
    updates = await super().get_updates(
              ^^^^^^^^^^^^^^^^^^^^^^^^^^
  File "/home/openclaw/projects/1ai-trade-bot/bots/subscription-bot/.venv/lib/python3.11/site-packages/telegram/_bot.py", line 4865, in get_updates
    await self._post(
  File "/home/openclaw/projects/1ai-trade-bot/bots/subscription-bot/.venv/lib/python3.11/site-packages/telegram/_bot.py", line 704, in _post
    return await self._do_post(
           ^^^^^^^^^^^^^^^^^^^^
  File "/home/openclaw/projects/1ai-trade-bot/bots/subscription-bot/.venv/lib/python3.11/site-packages/telegram/ext/_extbot.py", line 370, in _do_post
    return await super()._do_post(
           ^^^^^^^^^^^^^^^^^^^^^^^
  File "/home/openclaw/projects/1ai-trade-bot/bots/subscription-bot/.venv/lib/python3.11/site-packages/telegram/_bot.py", line 733, in _do_post
    result = await request.post(
             ^^^^^^^^^^^^^^^^^^^
  File "/home/openclaw/projects/1ai-trade-bot/bots/subscription-bot/.venv/lib/python3.11/site-packages/telegram/request/_baserequest.py", line 198, in post
    result = await self._request_wrapper(
             ^^^^^^^^^^^^^^^^^^^^^^^^^^^^
  File "/home/openclaw/projects/1ai-trade-bot/bots/subscription-bot/.venv/lib/python3.11/site-packages/telegram/request/_baserequest.py", line 375, in _request_wrapper
    raise exception
telegram.error.Conflict: Conflict: terminated by other getUpdates request; make sure that only one bot instance is running
2026-06-09 00:40:41,370 [INFO] subscription_bot.database: Database path: /home/openclaw/projects/1ai-trade-bot/bots/subscription-bot/subscription_bot.db
2026-06-09 00:40:41,372 [INFO] subscription_bot.database: Database tables ready
2026-06-09 00:40:41,481 [DEBUG] telegram.ext.ExtBot: Set Bot API URL: https://api.telegram.org/bot8343388239:AAFgeAkc9bvjywyCsHqRIa_RiJ6q-rp6uv0
2026-06-09 00:40:41,481 [DEBUG] telegram.ext.ExtBot: Set Bot API File URL: https://api.telegram.org/file/bot8343388239:AAFgeAkc9bvjywyCsHqRIa_RiJ6q-rp6uv0
2026-06-09 00:40:41,482 [INFO] subscription_bot.signaler: Proactive signaler started
2026-06-09 00:40:41,483 [INFO] subscription_bot.bot: Bot starting...
2026-06-09 00:40:41,483 [INFO] subscription_bot.signaler: Proactive signaler started (interval=300s, min_conf=62%)
2026-06-09 00:40:42,437 [INFO] signals.stockity_http: Got 900 raw 1s candles for CRYPTO_IDX (Z-CRY/IDX)
2026-06-09 00:40:42,438 [INFO] signals.stockity_http: Aggregated into 16 1m candles
2026-06-09 00:40:42,438 [INFO] signals.stockity_http: Signal for CRYPTO_IDX: CALL 78% (score=78, EMA5↑EMA10; bullX; RSI0 OS)
2026-06-09 00:40:42,438 [INFO] subscription_bot.signaler: NEW signal: CRYPTO_IDX CALL 78%
2026-06-09 00:40:42,439 [INFO] subscription_bot.bot: Signal dispatched to 0/0 subscribers
2026-06-09 00:40:42,584 [INFO] signals.stockity_http: Got 900 raw 1s candles for BTC_IDX (Z-CRY/IDX)
2026-06-09 00:40:42,584 [INFO] signals.stockity_http: Aggregated into 16 1m candles
2026-06-09 00:40:42,585 [INFO] signals.stockity_http: Signal for BTC_IDX: CALL 78% (score=78, EMA5↑EMA10; bullX; RSI0 OS)
2026-06-09 00:40:42,585 [INFO] subscription_bot.signaler: NEW signal: BTC_IDX CALL 78%
2026-06-09 00:40:42,585 [INFO] subscription_bot.bot: Signal dispatched to 0/0 subscribers
2026-06-09 00:40:42,726 [INFO] signals.stockity_http: Got 900 raw 1s candles for ETH_IDX (Z-CRY/IDX)
2026-06-09 00:40:42,727 [INFO] signals.stockity_http: Aggregated into 16 1m candles
2026-06-09 00:40:42,727 [INFO] signals.stockity_http: Signal for ETH_IDX: CALL 78% (score=78, EMA5↑EMA10; bullX; RSI0 OS)
2026-06-09 00:40:42,727 [INFO] subscription_bot.signaler: NEW signal: ETH_IDX CALL 78%
2026-06-09 00:40:42,727 [INFO] subscription_bot.bot: Signal dispatched to 0/0 subscribers
2026-06-09 00:40:42,868 [INFO] signals.stockity_http: Got 900 raw 1s candles for GOLD_IDX (Z-CRY/IDX)
2026-06-09 00:40:42,869 [INFO] signals.stockity_http: Aggregated into 16 1m candles
2026-06-09 00:40:42,869 [INFO] signals.stockity_http: Signal for GOLD_IDX: CALL 78% (score=78, EMA5↑EMA10; bullX; RSI0 OS)
2026-06-09 00:40:42,869 [INFO] subscription_bot.signaler: NEW signal: GOLD_IDX CALL 78%
2026-06-09 00:40:42,870 [INFO] subscription_bot.bot: Signal dispatched to 0/0 subscribers
2026-06-09 00:40:42,870 [DEBUG] telegram.ext.ExtBot: Calling Bot API endpoint `getMe` with parameters `{}`
2026-06-09 00:40:42,875 [DEBUG] httpcore.connection: connect_tcp.started host='api.telegram.org' port=443 local_address=None timeout=5.0 socket_options=None
2026-06-09 00:40:43,074 [DEBUG] httpcore.connection: connect_tcp.complete return_value=<httpcore._backends.anyio.AnyIOStream object at 0x7fed838a9f90>
2026-06-09 00:40:43,074 [DEBUG] httpcore.connection: start_tls.started ssl_context=<ssl.SSLContext object at 0x7fed9d2b3410> server_hostname='api.telegram.org' timeout=5.0
2026-06-09 00:40:43,269 [DEBUG] httpcore.connection: start_tls.complete return_value=<httpcore._backends.anyio.AnyIOStream object at 0x7fed9a151050>
2026-06-09 00:40:43,270 [DEBUG] httpcore.http11: send_request_headers.started request=<Request [b'POST']>
2026-06-09 00:40:43,270 [DEBUG] httpcore.http11: send_request_headers.complete
2026-06-09 00:40:43,270 [DEBUG] httpcore.http11: send_request_body.started request=<Request [b'POST']>
2026-06-09 00:40:43,270 [DEBUG] httpcore.http11: send_request_body.complete
2026-06-09 00:40:43,270 [DEBUG] httpcore.http11: receive_response_headers.started request=<Request [b'POST']>
2026-06-09 00:40:43,463 [DEBUG] httpcore.http11: receive_response_headers.complete return_value=(b'HTTP/1.1', 200, b'OK', [(b'Server', b'nginx/1.30.1'), (b'Date', b'Mon, 08 Jun 2026 17:40:43 GMT'), (b'Content-Type', b'application/json'), (b'Content-Length', b'375'), (b'Connection', b'keep-alive'), (b'Strict-Transport-Security', b'max-age=31536000; includeSubDomains; preload'), (b'Access-Control-Allow-Origin', b'*'), (b'Access-Control-Allow-Methods', b'GET, POST, OPTIONS'), (b'Access-Control-Expose-Headers', b'Content-Length,Content-Type,Date,Server,Connection')])
2026-06-09 00:40:43,463 [INFO] httpx: HTTP Request: POST https://api.telegram.org/bot8343388239:AAFgeAkc9bvjywyCsHqRIa_RiJ6q-rp6uv0/getMe "HTTP/1.1 200 OK"
2026-06-09 00:40:43,463 [DEBUG] httpcore.http11: receive_response_body.started request=<Request [b'POST']>
2026-06-09 00:40:43,464 [DEBUG] httpcore.http11: receive_response_body.complete
2026-06-09 00:40:43,464 [DEBUG] httpcore.http11: response_closed.started
2026-06-09 00:40:43,464 [DEBUG] httpcore.http11: response_closed.complete
2026-06-09 00:40:43,465 [DEBUG] telegram.ext.ExtBot: Call to Bot API endpoint `getMe` finished with return value `{'id': 8343388239, 'is_bot': True, 'first_name': '1AI-Agent 2', 'username': 'agent_1ai2_bot', 'can_join_groups': True, 'can_read_all_group_messages': False, 'supports_inline_queries': False, 'supports_guest_queries': False, 'can_connect_to_business': False, 'has_main_web_app': False, 'has_topics_enabled': False, 'allows_users_to_create_topics': False, 'can_manage_bots': False}`
2026-06-09 00:40:43,465 [DEBUG] telegram.ext.ExtBot: This Bot is already initialized.
2026-06-09 00:40:43,466 [INFO] telegram.ext.Application: Application started
2026-06-09 00:40:43,466 [DEBUG] telegram.ext.Updater: Updater started (polling)
2026-06-09 00:40:43,466 [DEBUG] telegram.ext: Network Retry Loop (Bootstrap delete Webhook): Starting
2026-06-09 00:40:43,466 [DEBUG] telegram.ext.Updater: Deleting webhook
2026-06-09 00:40:43,466 [DEBUG] telegram.ext.ExtBot: Calling Bot API endpoint `deleteWebhook` with parameters `{}`
2026-06-09 00:40:43,467 [DEBUG] httpcore.http11: send_request_headers.started request=<Request [b'POST']>
2026-06-09 00:40:43,467 [DEBUG] httpcore.http11: send_request_headers.complete
2026-06-09 00:40:43,467 [DEBUG] httpcore.http11: send_request_body.started request=<Request [b'POST']>
2026-06-09 00:40:43,467 [DEBUG] httpcore.http11: send_request_body.complete
2026-06-09 00:40:43,467 [DEBUG] httpcore.http11: receive_response_headers.started request=<Request [b'POST']>
2026-06-09 00:40:43,664 [DEBUG] httpcore.http11: receive_response_headers.complete return_value=(b'HTTP/1.1', 200, b'OK', [(b'Server', b'nginx/1.30.1'), (b'Date', b'Mon, 08 Jun 2026 17:40:43 GMT'), (b'Content-Type', b'application/json'), (b'Content-Length', b'68'), (b'Connection', b'keep-alive'), (b'Strict-Transport-Security', b'max-age=31536000; includeSubDomains; preload'), (b'Access-Control-Allow-Origin', b'*'), (b'Access-Control-Allow-Methods', b'GET, POST, OPTIONS'), (b'Access-Control-Expose-Headers', b'Content-Length,Content-Type,Date,Server,Connection')])
2026-06-09 00:40:43,665 [INFO] httpx: HTTP Request: POST https://api.telegram.org/bot8343388239:AAFgeAkc9bvjywyCsHqRIa_RiJ6q-rp6uv0/deleteWebhook "HTTP/1.1 200 OK"
2026-06-09 00:40:43,665 [DEBUG] httpcore.http11: receive_response_body.started request=<Request [b'POST']>
2026-06-09 00:40:43,665 [DEBUG] httpcore.http11: receive_response_body.complete
2026-06-09 00:40:43,665 [DEBUG] httpcore.http11: response_closed.started
2026-06-09 00:40:43,665 [DEBUG] httpcore.http11: response_closed.complete
2026-06-09 00:40:43,666 [DEBUG] telegram.ext.ExtBot: Call to Bot API endpoint `deleteWebhook` finished with return value `True`
2026-06-09 00:40:43,666 [DEBUG] telegram.ext: Network Retry Loop (Bootstrap delete Webhook): Action succeeded. Stopping loop.
2026-06-09 00:40:43,666 [DEBUG] telegram.ext.Updater: Bootstrap done
2026-06-09 00:40:43,666 [DEBUG] telegram.ext.Updater: Waiting for polling to start
2026-06-09 00:40:43,666 [DEBUG] telegram.ext.Updater: Polling updates from Telegram started
2026-06-09 00:40:43,666 [INFO] subscription_bot.bot: Polling started — bot will respond to messages!
2026-06-09 00:40:43,666 [INFO] subscription_bot.bot: Bot is running!
2026-06-09 00:40:43,666 [DEBUG] telegram.ext.ExtBot: Calling Bot API endpoint `sendMessage` with parameters `{'chat_id': 5220170786, 'text': '🤖 *Subscription Bot Online*\n\nProactive signal scanning: 🟢 ON\nInterval: 300s\nMin confidence: 62%', 'parse_mode': 'Markdown'}`
2026-06-09 00:40:43,667 [DEBUG] telegram.ext: Network Retry Loop (Polling Updates): Starting
2026-06-09 00:40:43,668 [DEBUG] telegram.ext.ExtBot: Calling Bot API endpoint `getUpdates` with parameters `{'timeout': datetime.timedelta(seconds=10), 'offset': 0}`
2026-06-09 00:40:43,669 [DEBUG] httpcore.http11: send_request_headers.started request=<Request [b'POST']>
2026-06-09 00:40:43,669 [DEBUG] httpcore.connection: connect_tcp.started host='api.telegram.org' port=443 local_address=None timeout=5.0 socket_options=None
2026-06-09 00:40:43,669 [DEBUG] httpcore.http11: send_request_headers.complete
2026-06-09 00:40:43,669 [DEBUG] httpcore.http11: send_request_body.started request=<Request [b'POST']>
2026-06-09 00:40:43,670 [DEBUG] httpcore.http11: send_request_body.complete
2026-06-09 00:40:43,670 [DEBUG] httpcore.http11: receive_response_headers.started request=<Request [b'POST']>
2026-06-09 00:40:43,859 [DEBUG] httpcore.connection: connect_tcp.complete return_value=<httpcore._backends.anyio.AnyIOStream object at 0x7fed83894990>
2026-06-09 00:40:43,860 [DEBUG] httpcore.connection: start_tls.started ssl_context=<ssl.SSLContext object at 0x7fed9d2b39b0> server_hostname='api.telegram.org' timeout=5.0
2026-06-09 00:40:44,051 [DEBUG] httpcore.connection: start_tls.complete return_value=<httpcore._backends.anyio.AnyIOStream object at 0x7fed839c0ed0>
2026-06-09 00:40:44,051 [DEBUG] httpcore.http11: send_request_headers.started request=<Request [b'POST']>
2026-06-09 00:40:44,052 [DEBUG] httpcore.http11: send_request_headers.complete
2026-06-09 00:40:44,052 [DEBUG] httpcore.http11: send_request_body.started request=<Request [b'POST']>
2026-06-09 00:40:44,052 [DEBUG] httpcore.http11: send_request_body.complete
2026-06-09 00:40:44,052 [DEBUG] httpcore.http11: receive_response_headers.started request=<Request [b'POST']>
2026-06-09 00:40:44,088 [DEBUG] httpcore.http11: receive_response_headers.complete return_value=(b'HTTP/1.1', 200, b'OK', [(b'Server', b'nginx/1.30.1'), (b'Date', b'Mon, 08 Jun 2026 17:40:43 GMT'), (b'Content-Type', b'application/json'), (b'Content-Length', b'444'), (b'Connection', b'keep-alive'), (b'Strict-Transport-Security', b'max-age=31536000; includeSubDomains; preload'), (b'Access-Control-Allow-Origin', b'*'), (b'Access-Control-Allow-Methods', b'GET, POST, OPTIONS'), (b'Access-Control-Expose-Headers', b'Content-Length,Content-Type,Date,Server,Connection')])
2026-06-09 00:40:44,088 [INFO] httpx: HTTP Request: POST https://api.telegram.org/bot8343388239:AAFgeAkc9bvjywyCsHqRIa_RiJ6q-rp6uv0/sendMessage "HTTP/1.1 200 OK"
2026-06-09 00:40:44,089 [DEBUG] httpcore.http11: receive_response_body.started request=<Request [b'POST']>
2026-06-09 00:40:44,089 [DEBUG] httpcore.http11: receive_response_body.complete
2026-06-09 00:40:44,089 [DEBUG] httpcore.http11: response_closed.started
2026-06-09 00:40:44,089 [DEBUG] httpcore.http11: response_closed.complete
2026-06-09 00:40:44,090 [DEBUG] telegram.ext.ExtBot: Call to Bot API endpoint `sendMessage` finished with return value `{'message_id': 812, 'from': {'id': 8343388239, 'is_bot': True, 'first_name': '1AI-Agent 2', 'username': 'agent_1ai2_bot'}, 'chat': {'id': 5220170786, 'first_name': 'Coder', 'last_name': '$String$', 'username': 'codergaboets', 'type': 'private'}, 'date': 1780940443, 'text': '🤖 Subscription Bot Online\n\nProactive signal scanning: 🟢 ON\nInterval: 300s\nMin confidence: 62%', 'entities': [{'offset': 3, 'length': 23, 'type': 'bold'}]}`
2026-06-09 00:40:54,239 [DEBUG] httpcore.http11: receive_response_headers.complete return_value=(b'HTTP/1.1', 200, b'OK', [(b'Server', b'nginx/1.30.1'), (b'Date', b'Mon, 08 Jun 2026 17:40:54 GMT'), (b'Content-Type', b'application/json'), (b'Content-Length', b'23'), (b'Connection', b'keep-alive'), (b'Strict-Transport-Security', b'max-age=31536000; includeSubDomains; preload'), (b'Access-Control-Allow-Origin', b'*'), (b'Access-Control-Allow-Methods', b'GET, POST, OPTIONS'), (b'Access-Control-Expose-Headers', b'Content-Length,Content-Type,Date,Server,Connection')])
2026-06-09 00:40:54,240 [INFO] httpx: HTTP Request: POST https://api.telegram.org/bot8343388239:AAFgeAkc9bvjywyCsHqRIa_RiJ6q-rp6uv0/getUpdates "HTTP/1.1 200 OK"
2026-06-09 00:40:54,240 [DEBUG] httpcore.http11: receive_response_body.started request=<Request [b'POST']>
2026-06-09 00:40:54,240 [DEBUG] httpcore.http11: receive_response_body.complete
2026-06-09 00:40:54,241 [DEBUG] httpcore.http11: response_closed.started
2026-06-09 00:40:54,241 [DEBUG] httpcore.http11: response_closed.complete
2026-06-09 00:40:54,242 [DEBUG] telegram.ext.ExtBot: Call to Bot API endpoint `getUpdates` finished with return value `[]`
2026-06-09 00:40:54,242 [DEBUG] telegram.ext.ExtBot: No new updates found.
2026-06-09 00:40:54,242 [DEBUG] telegram.ext.ExtBot: Calling Bot API endpoint `getUpdates` with parameters `{'timeout': datetime.timedelta(seconds=10), 'offset': 0}`
2026-06-09 00:40:54,243 [DEBUG] httpcore.http11: send_request_headers.started request=<Request [b'POST']>
2026-06-09 00:40:54,243 [DEBUG] httpcore.http11: send_request_headers.complete
2026-06-09 00:40:54,243 [DEBUG] httpcore.http11: send_request_body.started request=<Request [b'POST']>
2026-06-09 00:40:54,244 [DEBUG] httpcore.http11: send_request_body.complete
2026-06-09 00:40:54,244 [DEBUG] httpcore.http11: receive_response_headers.started request=<Request [b'POST']>
2026-06-09 00:41:04,433 [DEBUG] httpcore.http11: receive_response_headers.complete return_value=(b'HTTP/1.1', 200, b'OK', [(b'Server', b'nginx/1.30.1'), (b'Date', b'Mon, 08 Jun 2026 17:41:04 GMT'), (b'Content-Type', b'application/json'), (b'Content-Length', b'23'), (b'Connection', b'keep-alive'), (b'Strict-Transport-Security', b'max-age=31536000; includeSubDomains; preload'), (b'Access-Control-Allow-Origin', b'*'), (b'Access-Control-Allow-Methods', b'GET, POST, OPTIONS'), (b'Access-Control-Expose-Headers', b'Content-Length,Content-Type,Date,Server,Connection')])
2026-06-09 00:41:04,433 [INFO] httpx: HTTP Request: POST https://api.telegram.org/bot8343388239:AAFgeAkc9bvjywyCsHqRIa_RiJ6q-rp6uv0/getUpdates "HTTP/1.1 200 OK"
2026-06-09 00:41:04,434 [DEBUG] httpcore.http11: receive_response_body.started request=<Request [b'POST']>
2026-06-09 00:41:04,434 [DEBUG] httpcore.http11: receive_response_body.complete
2026-06-09 00:41:04,435 [DEBUG] httpcore.http11: response_closed.started
2026-06-09 00:41:04,438 [DEBUG] httpcore.http11: response_closed.complete
2026-06-09 00:41:04,438 [DEBUG] telegram.ext.ExtBot: Call to Bot API endpoint `getUpdates` finished with return value `[]`
2026-06-09 00:41:04,438 [DEBUG] telegram.ext.ExtBot: No new updates found.
2026-06-09 00:41:04,438 [DEBUG] telegram.ext.ExtBot: Calling Bot API endpoint `getUpdates` with parameters `{'timeout': datetime.timedelta(seconds=10), 'offset': 0}`
2026-06-09 00:41:04,439 [DEBUG] httpcore.http11: send_request_headers.started request=<Request [b'POST']>
2026-06-09 00:41:04,439 [DEBUG] httpcore.http11: send_request_headers.complete
2026-06-09 00:41:04,439 [DEBUG] httpcore.http11: send_request_body.started request=<Request [b'POST']>
2026-06-09 00:41:04,440 [DEBUG] httpcore.http11: send_request_body.complete
2026-06-09 00:41:04,440 [DEBUG] httpcore.http11: receive_response_headers.started request=<Request [b'POST']>
2026-06-09 00:41:14,637 [DEBUG] httpcore.http11: receive_response_headers.complete return_value=(b'HTTP/1.1', 200, b'OK', [(b'Server', b'nginx/1.30.1'), (b'Date', b'Mon, 08 Jun 2026 17:41:14 GMT'), (b'Content-Type', b'application/json'), (b'Content-Length', b'23'), (b'Connection', b'keep-alive'), (b'Strict-Transport-Security', b'max-age=31536000; includeSubDomains; preload'), (b'Access-Control-Allow-Origin', b'*'), (b'Access-Control-Allow-Methods', b'GET, POST, OPTIONS'), (b'Access-Control-Expose-Headers', b'Content-Length,Content-Type,Date,Server,Connection')])
2026-06-09 00:41:14,638 [INFO] httpx: HTTP Request: POST https://api.telegram.org/bot8343388239:AAFgeAkc9bvjywyCsHqRIa_RiJ6q-rp6uv0/getUpdates "HTTP/1.1 200 OK"
2026-06-09 00:41:14,638 [DEBUG] httpcore.http11: receive_response_body.started request=<Request [b'POST']>
2026-06-09 00:41:14,638 [DEBUG] httpcore.http11: receive_response_body.complete
2026-06-09 00:41:14,638 [DEBUG] httpcore.http11: response_closed.started
2026-06-09 00:41:14,639 [DEBUG] httpcore.http11: response_closed.complete
2026-06-09 00:41:14,639 [DEBUG] telegram.ext.ExtBot: Call to Bot API endpoint `getUpdates` finished with return value `[]`
2026-06-09 00:41:14,639 [DEBUG] telegram.ext.ExtBot: No new updates found.
2026-06-09 00:41:14,639 [DEBUG] telegram.ext.ExtBot: Calling Bot API endpoint `getUpdates` with parameters `{'timeout': datetime.timedelta(seconds=10), 'offset': 0}`
2026-06-09 00:41:14,640 [DEBUG] httpcore.http11: send_request_headers.started request=<Request [b'POST']>
2026-06-09 00:41:14,642 [DEBUG] httpcore.http11: send_request_headers.complete
2026-06-09 00:41:14,642 [DEBUG] httpcore.http11: send_request_body.started request=<Request [b'POST']>
2026-06-09 00:41:14,642 [DEBUG] httpcore.http11: send_request_body.complete
2026-06-09 00:41:14,642 [DEBUG] httpcore.http11: receive_response_headers.started request=<Request [b'POST']>
2026-06-09 00:41:24,830 [DEBUG] httpcore.http11: receive_response_headers.complete return_value=(b'HTTP/1.1', 200, b'OK', [(b'Server', b'nginx/1.30.1'), (b'Date', b'Mon, 08 Jun 2026 17:41:24 GMT'), (b'Content-Type', b'application/json'), (b'Content-Length', b'23'), (b'Connection', b'keep-alive'), (b'Strict-Transport-Security', b'max-age=31536000; includeSubDomains; preload'), (b'Access-Control-Allow-Origin', b'*'), (b'Access-Control-Allow-Methods', b'GET, POST, OPTIONS'), (b'Access-Control-Expose-Headers', b'Content-Length,Content-Type,Date,Server,Connection')])
2026-06-09 00:41:24,830 [INFO] httpx: HTTP Request: POST https://api.telegram.org/bot8343388239:AAFgeAkc9bvjywyCsHqRIa_RiJ6q-rp6uv0/getUpdates "HTTP/1.1 200 OK"
2026-06-09 00:41:24,830 [DEBUG] httpcore.http11: receive_response_body.started request=<Request [b'POST']>
2026-06-09 00:41:24,830 [DEBUG] httpcore.http11: receive_response_body.complete
2026-06-09 00:41:24,831 [DEBUG] httpcore.http11: response_closed.started
2026-06-09 00:41:24,831 [DEBUG] httpcore.http11: response_closed.complete
2026-06-09 00:41:24,832 [DEBUG] telegram.ext.ExtBot: Call to Bot API endpoint `getUpdates` finished with return value `[]`
2026-06-09 00:41:24,832 [DEBUG] telegram.ext.ExtBot: No new updates found.
2026-06-09 00:41:24,832 [DEBUG] telegram.ext.ExtBot: Calling Bot API endpoint `getUpdates` with parameters `{'timeout': datetime.timedelta(seconds=10), 'offset': 0}`
2026-06-09 00:41:24,833 [DEBUG] httpcore.http11: send_request_headers.started request=<Request [b'POST']>
2026-06-09 00:41:24,833 [DEBUG] httpcore.http11: send_request_headers.complete
2026-06-09 00:41:24,834 [DEBUG] httpcore.http11: send_request_body.started request=<Request [b'POST']>
2026-06-09 00:41:24,834 [DEBUG] httpcore.http11: send_request_body.complete
2026-06-09 00:41:24,834 [DEBUG] httpcore.http11: receive_response_headers.started request=<Request [b'POST']>
2026-06-09 00:41:35,030 [DEBUG] httpcore.http11: receive_response_headers.complete return_value=(b'HTTP/1.1', 200, b'OK', [(b'Server', b'nginx/1.30.1'), (b'Date', b'Mon, 08 Jun 2026 17:41:34 GMT'), (b'Content-Type', b'application/json'), (b'Content-Length', b'23'), (b'Connection', b'keep-alive'), (b'Strict-Transport-Security', b'max-age=31536000; includeSubDomains; preload'), (b'Access-Control-Allow-Origin', b'*'), (b'Access-Control-Allow-Methods', b'GET, POST, OPTIONS'), (b'Access-Control-Expose-Headers', b'Content-Length,Content-Type,Date,Server,Connection')])
2026-06-09 00:41:35,031 [INFO] httpx: HTTP Request: POST https://api.telegram.org/bot8343388239:AAFgeAkc9bvjywyCsHqRIa_RiJ6q-rp6uv0/getUpdates "HTTP/1.1 200 OK"
2026-06-09 00:41:35,031 [DEBUG] httpcore.http11: receive_response_body.started request=<Request [b'POST']>
2026-06-09 00:41:35,031 [DEBUG] httpcore.http11: receive_response_body.complete
2026-06-09 00:41:35,032 [DEBUG] httpcore.http11: response_closed.started
2026-06-09 00:41:35,032 [DEBUG] httpcore.http11: response_closed.complete
2026-06-09 00:41:35,032 [DEBUG] telegram.ext.ExtBot: Call to Bot API endpoint `getUpdates` finished with return value `[]`
2026-06-09 00:41:35,032 [DEBUG] telegram.ext.ExtBot: No new updates found.
2026-06-09 00:41:35,033 [DEBUG] telegram.ext.ExtBot: Calling Bot API endpoint `getUpdates` with parameters `{'timeout': datetime.timedelta(seconds=10), 'offset': 0}`
2026-06-09 00:41:35,034 [DEBUG] httpcore.http11: send_request_headers.started request=<Request [b'POST']>
2026-06-09 00:41:35,035 [DEBUG] httpcore.http11: send_request_headers.complete
2026-06-09 00:41:35,035 [DEBUG] httpcore.http11: send_request_body.started request=<Request [b'POST']>
2026-06-09 00:41:35,036 [DEBUG] httpcore.http11: send_request_body.complete
2026-06-09 00:41:35,036 [DEBUG] httpcore.http11: receive_response_headers.started request=<Request [b'POST']>
2026-06-09 00:41:45,226 [DEBUG] httpcore.http11: receive_response_headers.complete return_value=(b'HTTP/1.1', 200, b'OK', [(b'Server', b'nginx/1.30.1'), (b'Date', b'Mon, 08 Jun 2026 17:41:45 GMT'), (b'Content-Type', b'application/json'), (b'Content-Length', b'23'), (b'Connection', b'keep-alive'), (b'Strict-Transport-Security', b'max-age=31536000; includeSubDomains; preload'), (b'Access-Control-Allow-Origin', b'*'), (b'Access-Control-Allow-Methods', b'GET, POST, OPTIONS'), (b'Access-Control-Expose-Headers', b'Content-Length,Content-Type,Date,Server,Connection')])
2026-06-09 00:41:45,227 [INFO] httpx: HTTP Request: POST https://api.telegram.org/bot8343388239:AAFgeAkc9bvjywyCsHqRIa_RiJ6q-rp6uv0/getUpdates "HTTP/1.1 200 OK"
2026-06-09 00:41:45,227 [DEBUG] httpcore.http11: receive_response_body.started request=<Request [b'POST']>
2026-06-09 00:41:45,227 [DEBUG] httpcore.http11: receive_response_body.complete
2026-06-09 00:41:45,227 [DEBUG] httpcore.http11: response_closed.started
2026-06-09 00:41:45,227 [DEBUG] httpcore.http11: response_closed.complete
2026-06-09 00:41:45,228 [DEBUG] telegram.ext.ExtBot: Call to Bot API endpoint `getUpdates` finished with return value `[]`
2026-06-09 00:41:45,228 [DEBUG] telegram.ext.ExtBot: No new updates found.
2026-06-09 00:41:45,228 [DEBUG] telegram.ext.ExtBot: Calling Bot API endpoint `getUpdates` with parameters `{'timeout': datetime.timedelta(seconds=10), 'offset': 0}`
2026-06-09 00:41:45,229 [DEBUG] httpcore.http11: send_request_headers.started request=<Request [b'POST']>
2026-06-09 00:41:45,229 [DEBUG] httpcore.http11: send_request_headers.complete
2026-06-09 00:41:45,229 [DEBUG] httpcore.http11: send_request_body.started request=<Request [b'POST']>
2026-06-09 00:41:45,229 [DEBUG] httpcore.http11: send_request_body.complete
2026-06-09 00:41:45,229 [DEBUG] httpcore.http11: receive_response_headers.started request=<Request [b'POST']>
2026-06-09 00:41:46,432 [INFO] subscription_bot.database: Database path: /home/openclaw/projects/1ai-trade-bot/bots/subscription-bot/subscription_bot.db
2026-06-09 00:41:46,433 [INFO] subscription_bot.database: Database tables ready
2026-06-09 00:41:46,515 [DEBUG] telegram.ext.ExtBot: Set Bot API URL: https://api.telegram.org/bot8343388239:AAFgeAkc9bvjywyCsHqRIa_RiJ6q-rp6uv0
2026-06-09 00:41:46,516 [DEBUG] telegram.ext.ExtBot: Set Bot API File URL: https://api.telegram.org/file/bot8343388239:AAFgeAkc9bvjywyCsHqRIa_RiJ6q-rp6uv0
2026-06-09 00:41:46,516 [INFO] subscription_bot.signaler: Proactive signaler started
2026-06-09 00:41:46,517 [INFO] subscription_bot.bot: Bot starting...
2026-06-09 00:41:46,517 [INFO] subscription_bot.signaler: Proactive signaler started (interval=300s, min_conf=62%)
2026-06-09 00:41:47,490 [INFO] signals.stockity_http: Got 900 raw 1s candles for CRYPTO_IDX (Z-CRY/IDX)
2026-06-09 00:41:47,490 [INFO] signals.stockity_http: Aggregated into 16 1m candles
2026-06-09 00:41:47,491 [INFO] signals.stockity_http: Signal for CRYPTO_IDX: CALL 78% (score=78, EMA5↑EMA10; bullX; RSI0 OS)
2026-06-09 00:41:47,491 [INFO] subscription_bot.signaler: NEW signal: CRYPTO_IDX CALL 78%
2026-06-09 00:41:47,491 [INFO] subscription_bot.bot: Signal dispatched to 0/0 subscribers
2026-06-09 00:41:47,643 [INFO] signals.stockity_http: Got 900 raw 1s candles for BTC_IDX (Z-CRY/IDX)
2026-06-09 00:41:47,644 [INFO] signals.stockity_http: Aggregated into 16 1m candles
2026-06-09 00:41:47,644 [INFO] signals.stockity_http: Signal for BTC_IDX: CALL 78% (score=78, EMA5↑EMA10; bullX; RSI0 OS)
2026-06-09 00:41:47,645 [INFO] subscription_bot.signaler: NEW signal: BTC_IDX CALL 78%
2026-06-09 00:41:47,645 [INFO] subscription_bot.bot: Signal dispatched to 0/0 subscribers
2026-06-09 00:41:47,789 [INFO] signals.stockity_http: Got 900 raw 1s candles for ETH_IDX (Z-CRY/IDX)
2026-06-09 00:41:47,790 [INFO] signals.stockity_http: Aggregated into 16 1m candles
2026-06-09 00:41:47,790 [INFO] signals.stockity_http: Signal for ETH_IDX: CALL 78% (score=78, EMA5↑EMA10; bullX; RSI0 OS)
2026-06-09 00:41:47,790 [INFO] subscription_bot.signaler: NEW signal: ETH_IDX CALL 78%
2026-06-09 00:41:47,790 [INFO] subscription_bot.bot: Signal dispatched to 0/0 subscribers
2026-06-09 00:41:47,931 [INFO] signals.stockity_http: Got 900 raw 1s candles for GOLD_IDX (Z-CRY/IDX)
2026-06-09 00:41:47,932 [INFO] signals.stockity_http: Aggregated into 16 1m candles
2026-06-09 00:41:47,932 [INFO] signals.stockity_http: Signal for GOLD_IDX: CALL 78% (score=78, EMA5↑EMA10; bullX; RSI0 OS)
2026-06-09 00:41:47,932 [INFO] subscription_bot.signaler: NEW signal: GOLD_IDX CALL 78%
2026-06-09 00:41:47,932 [INFO] subscription_bot.bot: Signal dispatched to 0/0 subscribers
2026-06-09 00:41:47,933 [DEBUG] telegram.ext.ExtBot: Calling Bot API endpoint `getMe` with parameters `{}`
2026-06-09 00:41:47,938 [DEBUG] httpcore.connection: connect_tcp.started host='api.telegram.org' port=443 local_address=None timeout=5.0 socket_options=None
2026-06-09 00:41:48,128 [DEBUG] httpcore.connection: connect_tcp.complete return_value=<httpcore._backends.anyio.AnyIOStream object at 0x7ff8c500a610>
2026-06-09 00:41:48,128 [DEBUG] httpcore.connection: start_tls.started ssl_context=<ssl.SSLContext object at 0x7ff8de9fb410> server_hostname='api.telegram.org' timeout=5.0
2026-06-09 00:41:48,318 [DEBUG] httpcore.connection: start_tls.complete return_value=<httpcore._backends.anyio.AnyIOStream object at 0x7ff8de966b90>
2026-06-09 00:41:48,319 [DEBUG] httpcore.http11: send_request_headers.started request=<Request [b'POST']>
2026-06-09 00:41:48,319 [DEBUG] httpcore.http11: send_request_headers.complete
2026-06-09 00:41:48,320 [DEBUG] httpcore.http11: send_request_body.started request=<Request [b'POST']>
2026-06-09 00:41:48,320 [DEBUG] httpcore.http11: send_request_body.complete
2026-06-09 00:41:48,320 [DEBUG] httpcore.http11: receive_response_headers.started request=<Request [b'POST']>
2026-06-09 00:41:48,514 [DEBUG] httpcore.http11: receive_response_headers.complete return_value=(b'HTTP/1.1', 200, b'OK', [(b'Server', b'nginx/1.30.1'), (b'Date', b'Mon, 08 Jun 2026 17:41:48 GMT'), (b'Content-Type', b'application/json'), (b'Content-Length', b'375'), (b'Connection', b'keep-alive'), (b'Strict-Transport-Security', b'max-age=31536000; includeSubDomains; preload'), (b'Access-Control-Allow-Origin', b'*'), (b'Access-Control-Allow-Methods', b'GET, POST, OPTIONS'), (b'Access-Control-Expose-Headers', b'Content-Length,Content-Type,Date,Server,Connection')])
2026-06-09 00:41:48,514 [INFO] httpx: HTTP Request: POST https://api.telegram.org/bot8343388239:AAFgeAkc9bvjywyCsHqRIa_RiJ6q-rp6uv0/getMe "HTTP/1.1 200 OK"
2026-06-09 00:41:48,515 [DEBUG] httpcore.http11: receive_response_body.started request=<Request [b'POST']>
2026-06-09 00:41:48,515 [DEBUG] httpcore.http11: receive_response_body.complete
2026-06-09 00:41:48,515 [DEBUG] httpcore.http11: response_closed.started
2026-06-09 00:41:48,516 [DEBUG] httpcore.http11: response_closed.complete
2026-06-09 00:41:48,516 [DEBUG] telegram.ext.ExtBot: Call to Bot API endpoint `getMe` finished with return value `{'id': 8343388239, 'is_bot': True, 'first_name': '1AI-Agent 2', 'username': 'agent_1ai2_bot', 'can_join_groups': True, 'can_read_all_group_messages': False, 'supports_inline_queries': False, 'supports_guest_queries': False, 'can_connect_to_business': False, 'has_main_web_app': False, 'has_topics_enabled': False, 'allows_users_to_create_topics': False, 'can_manage_bots': False}`
2026-06-09 00:41:48,516 [DEBUG] telegram.ext.ExtBot: This Bot is already initialized.
2026-06-09 00:41:48,516 [INFO] telegram.ext.Application: Application started
2026-06-09 00:41:48,517 [DEBUG] telegram.ext.Updater: Updater started (polling)
2026-06-09 00:41:48,517 [DEBUG] telegram.ext: Network Retry Loop (Bootstrap delete Webhook): Starting
2026-06-09 00:41:48,517 [DEBUG] telegram.ext.Updater: Deleting webhook
2026-06-09 00:41:48,517 [DEBUG] telegram.ext.ExtBot: Calling Bot API endpoint `deleteWebhook` with parameters `{}`
2026-06-09 00:41:48,518 [DEBUG] httpcore.http11: send_request_headers.started request=<Request [b'POST']>
2026-06-09 00:41:48,518 [DEBUG] httpcore.http11: send_request_headers.complete
2026-06-09 00:41:48,518 [DEBUG] httpcore.http11: send_request_body.started request=<Request [b'POST']>
2026-06-09 00:41:48,519 [DEBUG] httpcore.http11: send_request_body.complete
2026-06-09 00:41:48,519 [DEBUG] httpcore.http11: receive_response_headers.started request=<Request [b'POST']>
2026-06-09 00:41:48,705 [DEBUG] httpcore.http11: receive_response_headers.complete return_value=(b'HTTP/1.1', 200, b'OK', [(b'Server', b'nginx/1.30.1'), (b'Date', b'Mon, 08 Jun 2026 17:41:48 GMT'), (b'Content-Type', b'application/json'), (b'Content-Length', b'68'), (b'Connection', b'keep-alive'), (b'Strict-Transport-Security', b'max-age=31536000; includeSubDomains; preload'), (b'Access-Control-Allow-Origin', b'*'), (b'Access-Control-Allow-Methods', b'GET, POST, OPTIONS'), (b'Access-Control-Expose-Headers', b'Content-Length,Content-Type,Date,Server,Connection')])
2026-06-09 00:41:48,705 [INFO] httpx: HTTP Request: POST https://api.telegram.org/bot8343388239:AAFgeAkc9bvjywyCsHqRIa_RiJ6q-rp6uv0/deleteWebhook "HTTP/1.1 200 OK"
2026-06-09 00:41:48,705 [DEBUG] httpcore.http11: receive_response_body.started request=<Request [b'POST']>
2026-06-09 00:41:48,706 [DEBUG] httpcore.http11: receive_response_body.complete
2026-06-09 00:41:48,706 [DEBUG] httpcore.http11: response_closed.started
2026-06-09 00:41:48,706 [DEBUG] httpcore.http11: response_closed.complete
2026-06-09 00:41:48,706 [DEBUG] telegram.ext.ExtBot: Call to Bot API endpoint `deleteWebhook` finished with return value `True`
2026-06-09 00:41:48,707 [DEBUG] telegram.ext: Network Retry Loop (Bootstrap delete Webhook): Action succeeded. Stopping loop.
2026-06-09 00:41:48,707 [DEBUG] telegram.ext.Updater: Bootstrap done
2026-06-09 00:41:48,707 [DEBUG] telegram.ext.Updater: Waiting for polling to start
2026-06-09 00:41:48,707 [DEBUG] telegram.ext.Updater: Polling updates from Telegram started
2026-06-09 00:41:48,707 [INFO] subscription_bot.bot: Polling started — bot will respond to messages!
2026-06-09 00:41:48,707 [INFO] subscription_bot.bot: Bot is running!
2026-06-09 00:41:48,707 [DEBUG] telegram.ext.ExtBot: Calling Bot API endpoint `sendMessage` with parameters `{'chat_id': 5220170786, 'text': '🤖 *Subscription Bot Online*\n\nProactive signal scanning: 🟢 ON\nInterval: 300s\nMin confidence: 62%', 'parse_mode': 'Markdown'}`
2026-06-09 00:41:48,708 [DEBUG] telegram.ext: Network Retry Loop (Polling Updates): Starting
2026-06-09 00:41:48,708 [DEBUG] telegram.ext.ExtBot: Calling Bot API endpoint `getUpdates` with parameters `{'timeout': datetime.timedelta(seconds=10), 'offset': 0}`
2026-06-09 00:41:48,712 [DEBUG] httpcore.http11: send_request_headers.started request=<Request [b'POST']>
2026-06-09 00:41:48,712 [DEBUG] httpcore.connection: connect_tcp.started host='api.telegram.org' port=443 local_address=None timeout=5.0 socket_options=None
2026-06-09 00:41:48,713 [DEBUG] httpcore.http11: send_request_headers.complete
2026-06-09 00:41:48,713 [DEBUG] httpcore.http11: send_request_body.started request=<Request [b'POST']>
2026-06-09 00:41:48,713 [DEBUG] httpcore.http11: send_request_body.complete
2026-06-09 00:41:48,713 [DEBUG] httpcore.http11: receive_response_headers.started request=<Request [b'POST']>
2026-06-09 00:41:48,901 [DEBUG] httpcore.connection: connect_tcp.complete return_value=<httpcore._backends.anyio.AnyIOStream object at 0x7ff8c4e47710>
2026-06-09 00:41:48,902 [DEBUG] httpcore.connection: start_tls.started ssl_context=<ssl.SSLContext object at 0x7ff8de9fb9b0> server_hostname='api.telegram.org' timeout=5.0
2026-06-09 00:41:49,091 [DEBUG] httpcore.connection: start_tls.complete return_value=<httpcore._backends.anyio.AnyIOStream object at 0x7ff8c4e34710>
2026-06-09 00:41:49,092 [DEBUG] httpcore.http11: send_request_headers.started request=<Request [b'POST']>
2026-06-09 00:41:49,092 [DEBUG] httpcore.http11: send_request_headers.complete
2026-06-09 00:41:49,092 [DEBUG] httpcore.http11: send_request_body.started request=<Request [b'POST']>
2026-06-09 00:41:49,094 [DEBUG] httpcore.http11: send_request_body.complete
2026-06-09 00:41:49,094 [DEBUG] httpcore.http11: receive_response_headers.started request=<Request [b'POST']>
2026-06-09 00:41:49,099 [DEBUG] httpcore.http11: receive_response_headers.complete return_value=(b'HTTP/1.1', 200, b'OK', [(b'Server', b'nginx/1.30.1'), (b'Date', b'Mon, 08 Jun 2026 17:41:48 GMT'), (b'Content-Type', b'application/json'), (b'Content-Length', b'444'), (b'Connection', b'keep-alive'), (b'Strict-Transport-Security', b'max-age=31536000; includeSubDomains; preload'), (b'Access-Control-Allow-Origin', b'*'), (b'Access-Control-Allow-Methods', b'GET, POST, OPTIONS'), (b'Access-Control-Expose-Headers', b'Content-Length,Content-Type,Date,Server,Connection')])
2026-06-09 00:41:49,100 [INFO] httpx: HTTP Request: POST https://api.telegram.org/bot8343388239:AAFgeAkc9bvjywyCsHqRIa_RiJ6q-rp6uv0/sendMessage "HTTP/1.1 200 OK"
2026-06-09 00:41:49,100 [DEBUG] httpcore.http11: receive_response_body.started request=<Request [b'POST']>
2026-06-09 00:41:49,100 [DEBUG] httpcore.http11: receive_response_body.complete
2026-06-09 00:41:49,101 [DEBUG] httpcore.http11: response_closed.started
2026-06-09 00:41:49,101 [DEBUG] httpcore.http11: response_closed.complete
2026-06-09 00:41:49,101 [DEBUG] telegram.ext.ExtBot: Call to Bot API endpoint `sendMessage` finished with return value `{'message_id': 814, 'from': {'id': 8343388239, 'is_bot': True, 'first_name': '1AI-Agent 2', 'username': 'agent_1ai2_bot'}, 'chat': {'id': 5220170786, 'first_name': 'Coder', 'last_name': '$String$', 'username': 'codergaboets', 'type': 'private'}, 'date': 1780940508, 'text': '🤖 Subscription Bot Online\n\nProactive signal scanning: 🟢 ON\nInterval: 300s\nMin confidence: 62%', 'entities': [{'offset': 3, 'length': 23, 'type': 'bold'}]}`
2026-06-09 00:41:59,285 [DEBUG] httpcore.http11: receive_response_headers.complete return_value=(b'HTTP/1.1', 200, b'OK', [(b'Server', b'nginx/1.30.1'), (b'Date', b'Mon, 08 Jun 2026 17:41:59 GMT'), (b'Content-Type', b'application/json'), (b'Content-Length', b'23'), (b'Connection', b'keep-alive'), (b'Strict-Transport-Security', b'max-age=31536000; includeSubDomains; preload'), (b'Access-Control-Allow-Origin', b'*'), (b'Access-Control-Allow-Methods', b'GET, POST, OPTIONS'), (b'Access-Control-Expose-Headers', b'Content-Length,Content-Type,Date,Server,Connection')])
2026-06-09 00:41:59,285 [INFO] httpx: HTTP Request: POST https://api.telegram.org/bot8343388239:AAFgeAkc9bvjywyCsHqRIa_RiJ6q-rp6uv0/getUpdates "HTTP/1.1 200 OK"
2026-06-09 00:41:59,285 [DEBUG] httpcore.http11: receive_response_body.started request=<Request [b'POST']>
2026-06-09 00:41:59,285 [DEBUG] httpcore.http11: receive_response_body.complete
2026-06-09 00:41:59,286 [DEBUG] httpcore.http11: response_closed.started
2026-06-09 00:41:59,286 [DEBUG] httpcore.http11: response_closed.complete
2026-06-09 00:41:59,286 [DEBUG] telegram.ext.ExtBot: Call to Bot API endpoint `getUpdates` finished with return value `[]`
2026-06-09 00:41:59,286 [DEBUG] telegram.ext.ExtBot: No new updates found.
2026-06-09 00:41:59,286 [DEBUG] telegram.ext.ExtBot: Calling Bot API endpoint `getUpdates` with parameters `{'timeout': datetime.timedelta(seconds=10), 'offset': 0}`
2026-06-09 00:41:59,287 [DEBUG] httpcore.http11: send_request_headers.started request=<Request [b'POST']>
2026-06-09 00:41:59,288 [DEBUG] httpcore.http11: send_request_headers.complete
2026-06-09 00:41:59,288 [DEBUG] httpcore.http11: send_request_body.started request=<Request [b'POST']>
2026-06-09 00:41:59,288 [DEBUG] httpcore.http11: send_request_body.complete
2026-06-09 00:41:59,288 [DEBUG] httpcore.http11: receive_response_headers.started request=<Request [b'POST']>
2026-06-09 00:42:09,475 [DEBUG] httpcore.http11: receive_response_headers.complete return_value=(b'HTTP/1.1', 200, b'OK', [(b'Server', b'nginx/1.30.1'), (b'Date', b'Mon, 08 Jun 2026 17:42:09 GMT'), (b'Content-Type', b'application/json'), (b'Content-Length', b'23'), (b'Connection', b'keep-alive'), (b'Strict-Transport-Security', b'max-age=31536000; includeSubDomains; preload'), (b'Access-Control-Allow-Origin', b'*'), (b'Access-Control-Allow-Methods', b'GET, POST, OPTIONS'), (b'Access-Control-Expose-Headers', b'Content-Length,Content-Type,Date,Server,Connection')])
2026-06-09 00:42:09,476 [INFO] httpx: HTTP Request: POST https://api.telegram.org/bot8343388239:AAFgeAkc9bvjywyCsHqRIa_RiJ6q-rp6uv0/getUpdates "HTTP/1.1 200 OK"
2026-06-09 00:42:09,476 [DEBUG] httpcore.http11: receive_response_body.started request=<Request [b'POST']>
2026-06-09 00:42:09,476 [DEBUG] httpcore.http11: receive_response_body.complete
2026-06-09 00:42:09,476 [DEBUG] httpcore.http11: response_closed.started
2026-06-09 00:42:09,477 [DEBUG] httpcore.http11: response_closed.complete
2026-06-09 00:42:09,477 [DEBUG] telegram.ext.ExtBot: Call to Bot API endpoint `getUpdates` finished with return value `[]`
2026-06-09 00:42:09,477 [DEBUG] telegram.ext.ExtBot: No new updates found.
2026-06-09 00:42:09,477 [DEBUG] telegram.ext.ExtBot: Calling Bot API endpoint `getUpdates` with parameters `{'timeout': datetime.timedelta(seconds=10), 'offset': 0}`
2026-06-09 00:42:09,478 [DEBUG] httpcore.http11: send_request_headers.started request=<Request [b'POST']>
2026-06-09 00:42:09,479 [DEBUG] httpcore.http11: send_request_headers.complete
2026-06-09 00:42:09,479 [DEBUG] httpcore.http11: send_request_body.started request=<Request [b'POST']>
2026-06-09 00:42:09,479 [DEBUG] httpcore.http11: send_request_body.complete
2026-06-09 00:42:09,479 [DEBUG] httpcore.http11: receive_response_headers.started request=<Request [b'POST']>
2026-06-09 00:42:19,677 [DEBUG] httpcore.http11: receive_response_headers.complete return_value=(b'HTTP/1.1', 200, b'OK', [(b'Server', b'nginx/1.30.1'), (b'Date', b'Mon, 08 Jun 2026 17:42:19 GMT'), (b'Content-Type', b'application/json'), (b'Content-Length', b'23'), (b'Connection', b'keep-alive'), (b'Strict-Transport-Security', b'max-age=31536000; includeSubDomains; preload'), (b'Access-Control-Allow-Origin', b'*'), (b'Access-Control-Allow-Methods', b'GET, POST, OPTIONS'), (b'Access-Control-Expose-Headers', b'Content-Length,Content-Type,Date,Server,Connection')])
2026-06-09 00:42:19,677 [INFO] httpx: HTTP Request: POST https://api.telegram.org/bot8343388239:AAFgeAkc9bvjywyCsHqRIa_RiJ6q-rp6uv0/getUpdates "HTTP/1.1 200 OK"
2026-06-09 00:42:19,678 [DEBUG] httpcore.http11: receive_response_body.started request=<Request [b'POST']>
2026-06-09 00:42:19,678 [DEBUG] httpcore.http11: receive_response_body.complete
2026-06-09 00:42:19,678 [DEBUG] httpcore.http11: response_closed.started
2026-06-09 00:42:19,678 [DEBUG] httpcore.http11: response_closed.complete
2026-06-09 00:42:19,679 [DEBUG] telegram.ext.ExtBot: Call to Bot API endpoint `getUpdates` finished with return value `[]`
2026-06-09 00:42:19,679 [DEBUG] telegram.ext.ExtBot: No new updates found.
2026-06-09 00:42:19,679 [DEBUG] telegram.ext.ExtBot: Calling Bot API endpoint `getUpdates` with parameters `{'timeout': datetime.timedelta(seconds=10), 'offset': 0}`
2026-06-09 00:42:19,680 [DEBUG] httpcore.http11: send_request_headers.started request=<Request [b'POST']>
2026-06-09 00:42:19,681 [DEBUG] httpcore.http11: send_request_headers.complete
2026-06-09 00:42:19,681 [DEBUG] httpcore.http11: send_request_body.started request=<Request [b'POST']>
2026-06-09 00:42:19,681 [DEBUG] httpcore.http11: send_request_body.complete
2026-06-09 00:42:19,681 [DEBUG] httpcore.http11: receive_response_headers.started request=<Request [b'POST']>
2026-06-09 00:42:29,870 [DEBUG] httpcore.http11: receive_response_headers.complete return_value=(b'HTTP/1.1', 200, b'OK', [(b'Server', b'nginx/1.30.1'), (b'Date', b'Mon, 08 Jun 2026 17:42:29 GMT'), (b'Content-Type', b'application/json'), (b'Content-Length', b'23'), (b'Connection', b'keep-alive'), (b'Strict-Transport-Security', b'max-age=31536000; includeSubDomains; preload'), (b'Access-Control-Allow-Origin', b'*'), (b'Access-Control-Allow-Methods', b'GET, POST, OPTIONS'), (b'Access-Control-Expose-Headers', b'Content-Length,Content-Type,Date,Server,Connection')])
2026-06-09 00:42:29,870 [INFO] httpx: HTTP Request: POST https://api.telegram.org/bot8343388239:AAFgeAkc9bvjywyCsHqRIa_RiJ6q-rp6uv0/getUpdates "HTTP/1.1 200 OK"
2026-06-09 00:42:29,870 [DEBUG] httpcore.http11: receive_response_body.started request=<Request [b'POST']>
2026-06-09 00:42:29,871 [DEBUG] httpcore.http11: receive_response_body.complete
2026-06-09 00:42:29,871 [DEBUG] httpcore.http11: response_closed.started
2026-06-09 00:42:29,871 [DEBUG] httpcore.http11: response_closed.complete
2026-06-09 00:42:29,871 [DEBUG] telegram.ext.ExtBot: Call to Bot API endpoint `getUpdates` finished with return value `[]`
2026-06-09 00:42:29,871 [DEBUG] telegram.ext.ExtBot: No new updates found.
2026-06-09 00:42:29,872 [DEBUG] telegram.ext.ExtBot: Calling Bot API endpoint `getUpdates` with parameters `{'timeout': datetime.timedelta(seconds=10), 'offset': 0}`
2026-06-09 00:42:29,873 [DEBUG] httpcore.http11: send_request_headers.started request=<Request [b'POST']>
2026-06-09 00:42:29,873 [DEBUG] httpcore.http11: send_request_headers.complete
2026-06-09 00:42:29,873 [DEBUG] httpcore.http11: send_request_body.started request=<Request [b'POST']>
2026-06-09 00:42:29,873 [DEBUG] httpcore.http11: send_request_body.complete
2026-06-09 00:42:29,873 [DEBUG] httpcore.http11: receive_response_headers.started request=<Request [b'POST']>
2026-06-09 00:42:40,352 [DEBUG] httpcore.http11: receive_response_headers.complete return_value=(b'HTTP/1.1', 200, b'OK', [(b'Server', b'nginx/1.30.1'), (b'Date', b'Mon, 08 Jun 2026 17:42:40 GMT'), (b'Content-Type', b'application/json'), (b'Content-Length', b'23'), (b'Connection', b'keep-alive'), (b'Strict-Transport-Security', b'max-age=31536000; includeSubDomains; preload'), (b'Access-Control-Allow-Origin', b'*'), (b'Access-Control-Allow-Methods', b'GET, POST, OPTIONS'), (b'Access-Control-Expose-Headers', b'Content-Length,Content-Type,Date,Server,Connection')])
2026-06-09 00:42:40,352 [INFO] httpx: HTTP Request: POST https://api.telegram.org/bot8343388239:AAFgeAkc9bvjywyCsHqRIa_RiJ6q-rp6uv0/getUpdates "HTTP/1.1 200 OK"
2026-06-09 00:42:40,352 [DEBUG] httpcore.http11: receive_response_body.started request=<Request [b'POST']>
2026-06-09 00:42:40,352 [DEBUG] httpcore.http11: receive_response_body.complete
2026-06-09 00:42:40,353 [DEBUG] httpcore.http11: response_closed.started
2026-06-09 00:42:40,353 [DEBUG] httpcore.http11: response_closed.complete
2026-06-09 00:42:40,353 [DEBUG] telegram.ext.ExtBot: Call to Bot API endpoint `getUpdates` finished with return value `[]`
2026-06-09 00:42:40,354 [DEBUG] telegram.ext.ExtBot: No new updates found.
2026-06-09 00:42:40,354 [DEBUG] telegram.ext.ExtBot: Calling Bot API endpoint `getUpdates` with parameters `{'timeout': datetime.timedelta(seconds=10), 'offset': 0}`
2026-06-09 00:42:40,355 [DEBUG] httpcore.http11: send_request_headers.started request=<Request [b'POST']>
2026-06-09 00:42:40,355 [DEBUG] httpcore.http11: send_request_headers.complete
2026-06-09 00:42:40,355 [DEBUG] httpcore.http11: send_request_body.started request=<Request [b'POST']>
2026-06-09 00:42:40,356 [DEBUG] httpcore.http11: send_request_body.complete
2026-06-09 00:42:40,356 [DEBUG] httpcore.http11: receive_response_headers.started request=<Request [b'POST']>
2026-06-09 00:42:50,542 [DEBUG] httpcore.http11: receive_response_headers.complete return_value=(b'HTTP/1.1', 200, b'OK', [(b'Server', b'nginx/1.30.1'), (b'Date', b'Mon, 08 Jun 2026 17:42:50 GMT'), (b'Content-Type', b'application/json'), (b'Content-Length', b'23'), (b'Connection', b'keep-alive'), (b'Strict-Transport-Security', b'max-age=31536000; includeSubDomains; preload'), (b'Access-Control-Allow-Origin', b'*'), (b'Access-Control-Allow-Methods', b'GET, POST, OPTIONS'), (b'Access-Control-Expose-Headers', b'Content-Length,Content-Type,Date,Server,Connection')])
2026-06-09 00:42:50,542 [INFO] httpx: HTTP Request: POST https://api.telegram.org/bot8343388239:AAFgeAkc9bvjywyCsHqRIa_RiJ6q-rp6uv0/getUpdates "HTTP/1.1 200 OK"
2026-06-09 00:42:50,542 [DEBUG] httpcore.http11: receive_response_body.started request=<Request [b'POST']>
2026-06-09 00:42:50,542 [DEBUG] httpcore.http11: receive_response_body.complete
2026-06-09 00:42:50,543 [DEBUG] httpcore.http11: response_closed.started
2026-06-09 00:42:50,543 [DEBUG] httpcore.http11: response_closed.complete
2026-06-09 00:42:50,543 [DEBUG] telegram.ext.ExtBot: Call to Bot API endpoint `getUpdates` finished with return value `[]`
2026-06-09 00:42:50,543 [DEBUG] telegram.ext.ExtBot: No new updates found.
2026-06-09 00:42:50,544 [DEBUG] telegram.ext.ExtBot: Calling Bot API endpoint `getUpdates` with parameters `{'timeout': datetime.timedelta(seconds=10), 'offset': 0}`
2026-06-09 00:42:50,544 [DEBUG] httpcore.http11: send_request_headers.started request=<Request [b'POST']>
2026-06-09 00:42:50,545 [DEBUG] httpcore.http11: send_request_headers.complete
2026-06-09 00:42:50,545 [DEBUG] httpcore.http11: send_request_body.started request=<Request [b'POST']>
2026-06-09 00:42:50,545 [DEBUG] httpcore.http11: send_request_body.complete
2026-06-09 00:42:50,545 [DEBUG] httpcore.http11: receive_response_headers.started request=<Request [b'POST']>
2026-06-09 00:43:00,742 [DEBUG] httpcore.http11: receive_response_headers.complete return_value=(b'HTTP/1.1', 200, b'OK', [(b'Server', b'nginx/1.30.1'), (b'Date', b'Mon, 08 Jun 2026 17:43:00 GMT'), (b'Content-Type', b'application/json'), (b'Content-Length', b'23'), (b'Connection', b'keep-alive'), (b'Strict-Transport-Security', b'max-age=31536000; includeSubDomains; preload'), (b'Access-Control-Allow-Origin', b'*'), (b'Access-Control-Allow-Methods', b'GET, POST, OPTIONS'), (b'Access-Control-Expose-Headers', b'Content-Length,Content-Type,Date,Server,Connection')])
2026-06-09 00:43:00,742 [INFO] httpx: HTTP Request: POST https://api.telegram.org/bot8343388239:AAFgeAkc9bvjywyCsHqRIa_RiJ6q-rp6uv0/getUpdates "HTTP/1.1 200 OK"
2026-06-09 00:43:00,743 [DEBUG] httpcore.http11: receive_response_body.started request=<Request [b'POST']>
2026-06-09 00:43:00,743 [DEBUG] httpcore.http11: receive_response_body.complete
2026-06-09 00:43:00,743 [DEBUG] httpcore.http11: response_closed.started
2026-06-09 00:43:00,743 [DEBUG] httpcore.http11: response_closed.complete
2026-06-09 00:43:00,744 [DEBUG] telegram.ext.ExtBot: Call to Bot API endpoint `getUpdates` finished with return value `[]`
2026-06-09 00:43:00,744 [DEBUG] telegram.ext.ExtBot: No new updates found.
2026-06-09 00:43:00,744 [DEBUG] telegram.ext.ExtBot: Calling Bot API endpoint `getUpdates` with parameters `{'timeout': datetime.timedelta(seconds=10), 'offset': 0}`
2026-06-09 00:43:00,745 [DEBUG] httpcore.http11: send_request_headers.started request=<Request [b'POST']>
2026-06-09 00:43:00,746 [DEBUG] httpcore.http11: send_request_headers.complete
2026-06-09 00:43:00,746 [DEBUG] httpcore.http11: send_request_body.started request=<Request [b'POST']>
2026-06-09 00:43:00,746 [DEBUG] httpcore.http11: send_request_body.complete
2026-06-09 00:43:00,746 [DEBUG] httpcore.http11: receive_response_headers.started request=<Request [b'POST']>
2026-06-09 00:43:10,934 [DEBUG] httpcore.http11: receive_response_headers.complete return_value=(b'HTTP/1.1', 200, b'OK', [(b'Server', b'nginx/1.30.1'), (b'Date', b'Mon, 08 Jun 2026 17:43:10 GMT'), (b'Content-Type', b'application/json'), (b'Content-Length', b'23'), (b'Connection', b'keep-alive'), (b'Strict-Transport-Security', b'max-age=31536000; includeSubDomains; preload'), (b'Access-Control-Allow-Origin', b'*'), (b'Access-Control-Allow-Methods', b'GET, POST, OPTIONS'), (b'Access-Control-Expose-Headers', b'Content-Length,Content-Type,Date,Server,Connection')])
2026-06-09 00:43:10,935 [INFO] httpx: HTTP Request: POST https://api.telegram.org/bot8343388239:AAFgeAkc9bvjywyCsHqRIa_RiJ6q-rp6uv0/getUpdates "HTTP/1.1 200 OK"
2026-06-09 00:43:10,935 [DEBUG] httpcore.http11: receive_response_body.started request=<Request [b'POST']>
2026-06-09 00:43:10,935 [DEBUG] httpcore.http11: receive_response_body.complete
2026-06-09 00:43:10,935 [DEBUG] httpcore.http11: response_closed.started
2026-06-09 00:43:10,935 [DEBUG] httpcore.http11: response_closed.complete
2026-06-09 00:43:10,935 [DEBUG] telegram.ext.ExtBot: Call to Bot API endpoint `getUpdates` finished with return value `[]`
2026-06-09 00:43:10,935 [DEBUG] telegram.ext.ExtBot: No new updates found.
2026-06-09 00:43:10,936 [DEBUG] telegram.ext.ExtBot: Calling Bot API endpoint `getUpdates` with parameters `{'timeout': datetime.timedelta(seconds=10), 'offset': 0}`
2026-06-09 00:43:10,936 [DEBUG] httpcore.http11: send_request_headers.started request=<Request [b'POST']>
2026-06-09 00:43:10,936 [DEBUG] httpcore.http11: send_request_headers.complete
2026-06-09 00:43:10,936 [DEBUG] httpcore.http11: send_request_body.started request=<Request [b'POST']>
2026-06-09 00:43:10,936 [DEBUG] httpcore.http11: send_request_body.complete
2026-06-09 00:43:10,937 [DEBUG] httpcore.http11: receive_response_headers.started request=<Request [b'POST']>
2026-06-09 00:43:21,128 [DEBUG] httpcore.http11: receive_response_headers.complete return_value=(b'HTTP/1.1', 200, b'OK', [(b'Server', b'nginx/1.30.1'), (b'Date', b'Mon, 08 Jun 2026 17:43:20 GMT'), (b'Content-Type', b'application/json'), (b'Content-Length', b'23'), (b'Connection', b'keep-alive'), (b'Strict-Transport-Security', b'max-age=31536000; includeSubDomains; preload'), (b'Access-Control-Allow-Origin', b'*'), (b'Access-Control-Allow-Methods', b'GET, POST, OPTIONS'), (b'Access-Control-Expose-Headers', b'Content-Length,Content-Type,Date,Server,Connection')])
2026-06-09 00:43:21,129 [INFO] httpx: HTTP Request: POST https://api.telegram.org/bot8343388239:AAFgeAkc9bvjywyCsHqRIa_RiJ6q-rp6uv0/getUpdates "HTTP/1.1 200 OK"
2026-06-09 00:43:21,129 [DEBUG] httpcore.http11: receive_response_body.started request=<Request [b'POST']>
2026-06-09 00:43:21,129 [DEBUG] httpcore.http11: receive_response_body.complete
2026-06-09 00:43:21,129 [DEBUG] httpcore.http11: response_closed.started
2026-06-09 00:43:21,129 [DEBUG] httpcore.http11: response_closed.complete
2026-06-09 00:43:21,130 [DEBUG] telegram.ext.ExtBot: Call to Bot API endpoint `getUpdates` finished with return value `[]`
2026-06-09 00:43:21,130 [DEBUG] telegram.ext.ExtBot: No new updates found.
2026-06-09 00:43:21,130 [DEBUG] telegram.ext.ExtBot: Calling Bot API endpoint `getUpdates` with parameters `{'timeout': datetime.timedelta(seconds=10), 'offset': 0}`
2026-06-09 00:43:21,131 [DEBUG] httpcore.http11: send_request_headers.started request=<Request [b'POST']>
2026-06-09 00:43:21,131 [DEBUG] httpcore.http11: send_request_headers.complete
2026-06-09 00:43:21,131 [DEBUG] httpcore.http11: send_request_body.started request=<Request [b'POST']>
2026-06-09 00:43:21,131 [DEBUG] httpcore.http11: send_request_body.complete
2026-06-09 00:43:21,132 [DEBUG] httpcore.http11: receive_response_headers.started request=<Request [b'POST']>
2026-06-09 00:43:31,330 [DEBUG] httpcore.http11: receive_response_headers.complete return_value=(b'HTTP/1.1', 200, b'OK', [(b'Server', b'nginx/1.30.1'), (b'Date', b'Mon, 08 Jun 2026 17:43:31 GMT'), (b'Content-Type', b'application/json'), (b'Content-Length', b'23'), (b'Connection', b'keep-alive'), (b'Strict-Transport-Security', b'max-age=31536000; includeSubDomains; preload'), (b'Access-Control-Allow-Origin', b'*'), (b'Access-Control-Allow-Methods', b'GET, POST, OPTIONS'), (b'Access-Control-Expose-Headers', b'Content-Length,Content-Type,Date,Server,Connection')])
2026-06-09 00:43:31,330 [INFO] httpx: HTTP Request: POST https://api.telegram.org/bot8343388239:AAFgeAkc9bvjywyCsHqRIa_RiJ6q-rp6uv0/getUpdates "HTTP/1.1 200 OK"
2026-06-09 00:43:31,330 [DEBUG] httpcore.http11: receive_response_body.started request=<Request [b'POST']>
2026-06-09 00:43:31,331 [DEBUG] httpcore.http11: receive_response_body.complete
2026-06-09 00:43:31,331 [DEBUG] httpcore.http11: response_closed.started
2026-06-09 00:43:31,331 [DEBUG] httpcore.http11: response_closed.complete
2026-06-09 00:43:31,331 [DEBUG] telegram.ext.ExtBot: Call to Bot API endpoint `getUpdates` finished with return value `[]`
2026-06-09 00:43:31,332 [DEBUG] telegram.ext.ExtBot: No new updates found.
2026-06-09 00:43:31,332 [DEBUG] telegram.ext.ExtBot: Calling Bot API endpoint `getUpdates` with parameters `{'timeout': datetime.timedelta(seconds=10), 'offset': 0}`
2026-06-09 00:43:31,333 [DEBUG] httpcore.http11: send_request_headers.started request=<Request [b'POST']>
2026-06-09 00:43:31,333 [DEBUG] httpcore.http11: send_request_headers.complete
2026-06-09 00:43:31,333 [DEBUG] httpcore.http11: send_request_body.started request=<Request [b'POST']>
2026-06-09 00:43:31,333 [DEBUG] httpcore.http11: send_request_body.complete
2026-06-09 00:43:31,333 [DEBUG] httpcore.http11: receive_response_headers.started request=<Request [b'POST']>
2026-06-09 00:43:41,518 [DEBUG] httpcore.http11: receive_response_headers.complete return_value=(b'HTTP/1.1', 200, b'OK', [(b'Server', b'nginx/1.30.1'), (b'Date', b'Mon, 08 Jun 2026 17:43:41 GMT'), (b'Content-Type', b'application/json'), (b'Content-Length', b'23'), (b'Connection', b'keep-alive'), (b'Strict-Transport-Security', b'max-age=31536000; includeSubDomains; preload'), (b'Access-Control-Allow-Origin', b'*'), (b'Access-Control-Allow-Methods', b'GET, POST, OPTIONS'), (b'Access-Control-Expose-Headers', b'Content-Length,Content-Type,Date,Server,Connection')])
2026-06-09 00:43:41,518 [INFO] httpx: HTTP Request: POST https://api.telegram.org/bot8343388239:AAFgeAkc9bvjywyCsHqRIa_RiJ6q-rp6uv0/getUpdates "HTTP/1.1 200 OK"
2026-06-09 00:43:41,518 [DEBUG] httpcore.http11: receive_response_body.started request=<Request [b'POST']>
2026-06-09 00:43:41,518 [DEBUG] httpcore.http11: receive_response_body.complete
2026-06-09 00:43:41,519 [DEBUG] httpcore.http11: response_closed.started
2026-06-09 00:43:41,519 [DEBUG] httpcore.http11: response_closed.complete
2026-06-09 00:43:41,519 [DEBUG] telegram.ext.ExtBot: Call to Bot API endpoint `getUpdates` finished with return value `[]`
2026-06-09 00:43:41,519 [DEBUG] telegram.ext.ExtBot: No new updates found.
2026-06-09 00:43:41,519 [DEBUG] telegram.ext.ExtBot: Calling Bot API endpoint `getUpdates` with parameters `{'timeout': datetime.timedelta(seconds=10), 'offset': 0}`
2026-06-09 00:43:41,521 [DEBUG] httpcore.http11: send_request_headers.started request=<Request [b'POST']>
2026-06-09 00:43:41,521 [DEBUG] httpcore.http11: send_request_headers.complete
2026-06-09 00:43:41,521 [DEBUG] httpcore.http11: send_request_body.started request=<Request [b'POST']>
2026-06-09 00:43:41,522 [DEBUG] httpcore.http11: send_request_body.complete
2026-06-09 00:43:41,522 [DEBUG] httpcore.http11: receive_response_headers.started request=<Request [b'POST']>
2026-06-09 00:43:51,725 [DEBUG] httpcore.http11: receive_response_headers.complete return_value=(b'HTTP/1.1', 200, b'OK', [(b'Server', b'nginx/1.30.1'), (b'Date', b'Mon, 08 Jun 2026 17:43:51 GMT'), (b'Content-Type', b'application/json'), (b'Content-Length', b'23'), (b'Connection', b'keep-alive'), (b'Strict-Transport-Security', b'max-age=31536000; includeSubDomains; preload'), (b'Access-Control-Allow-Origin', b'*'), (b'Access-Control-Allow-Methods', b'GET, POST, OPTIONS'), (b'Access-Control-Expose-Headers', b'Content-Length,Content-Type,Date,Server,Connection')])
2026-06-09 00:43:51,725 [INFO] httpx: HTTP Request: POST https://api.telegram.org/bot8343388239:AAFgeAkc9bvjywyCsHqRIa_RiJ6q-rp6uv0/getUpdates "HTTP/1.1 200 OK"
2026-06-09 00:43:51,725 [DEBUG] httpcore.http11: receive_response_body.started request=<Request [b'POST']>
2026-06-09 00:43:51,725 [DEBUG] httpcore.http11: receive_response_body.complete
2026-06-09 00:43:51,726 [DEBUG] httpcore.http11: response_closed.started
2026-06-09 00:43:51,726 [DEBUG] httpcore.http11: response_closed.complete
2026-06-09 00:43:51,726 [DEBUG] telegram.ext.ExtBot: Call to Bot API endpoint `getUpdates` finished with return value `[]`
2026-06-09 00:43:51,726 [DEBUG] telegram.ext.ExtBot: No new updates found.
2026-06-09 00:43:51,726 [DEBUG] telegram.ext.ExtBot: Calling Bot API endpoint `getUpdates` with parameters `{'timeout': datetime.timedelta(seconds=10), 'offset': 0}`
2026-06-09 00:43:51,727 [DEBUG] httpcore.http11: send_request_headers.started request=<Request [b'POST']>
2026-06-09 00:43:51,727 [DEBUG] httpcore.http11: send_request_headers.complete
2026-06-09 00:43:51,728 [DEBUG] httpcore.http11: send_request_body.started request=<Request [b'POST']>
2026-06-09 00:43:51,728 [DEBUG] httpcore.http11: send_request_body.complete
2026-06-09 00:43:51,728 [DEBUG] httpcore.http11: receive_response_headers.started request=<Request [b'POST']>
2026-06-09 00:44:01,921 [DEBUG] httpcore.http11: receive_response_headers.complete return_value=(b'HTTP/1.1', 200, b'OK', [(b'Server', b'nginx/1.30.1'), (b'Date', b'Mon, 08 Jun 2026 17:44:01 GMT'), (b'Content-Type', b'application/json'), (b'Content-Length', b'23'), (b'Connection', b'keep-alive'), (b'Strict-Transport-Security', b'max-age=31536000; includeSubDomains; preload'), (b'Access-Control-Allow-Origin', b'*'), (b'Access-Control-Allow-Methods', b'GET, POST, OPTIONS'), (b'Access-Control-Expose-Headers', b'Content-Length,Content-Type,Date,Server,Connection')])
2026-06-09 00:44:01,922 [INFO] httpx: HTTP Request: POST https://api.telegram.org/bot8343388239:AAFgeAkc9bvjywyCsHqRIa_RiJ6q-rp6uv0/getUpdates "HTTP/1.1 200 OK"
2026-06-09 00:44:01,922 [DEBUG] httpcore.http11: receive_response_body.started request=<Request [b'POST']>
2026-06-09 00:44:01,922 [DEBUG] httpcore.http11: receive_response_body.complete
2026-06-09 00:44:01,923 [DEBUG] httpcore.http11: response_closed.started
2026-06-09 00:44:01,923 [DEBUG] httpcore.http11: response_closed.complete
2026-06-09 00:44:01,925 [DEBUG] telegram.ext.ExtBot: Call to Bot API endpoint `getUpdates` finished with return value `[]`
2026-06-09 00:44:01,925 [DEBUG] telegram.ext.ExtBot: No new updates found.
2026-06-09 00:44:01,925 [DEBUG] telegram.ext.ExtBot: Calling Bot API endpoint `getUpdates` with parameters `{'timeout': datetime.timedelta(seconds=10), 'offset': 0}`
2026-06-09 00:44:01,926 [DEBUG] httpcore.http11: send_request_headers.started request=<Request [b'POST']>
2026-06-09 00:44:01,927 [DEBUG] httpcore.http11: send_request_headers.complete
2026-06-09 00:44:01,927 [DEBUG] httpcore.http11: send_request_body.started request=<Request [b'POST']>
2026-06-09 00:44:01,927 [DEBUG] httpcore.http11: send_request_body.complete
2026-06-09 00:44:01,927 [DEBUG] httpcore.http11: receive_response_headers.started request=<Request [b'POST']>
2026-06-09 00:44:12,120 [DEBUG] httpcore.http11: receive_response_headers.complete return_value=(b'HTTP/1.1', 200, b'OK', [(b'Server', b'nginx/1.30.1'), (b'Date', b'Mon, 08 Jun 2026 17:44:11 GMT'), (b'Content-Type', b'application/json'), (b'Content-Length', b'23'), (b'Connection', b'keep-alive'), (b'Strict-Transport-Security', b'max-age=31536000; includeSubDomains; preload'), (b'Access-Control-Allow-Origin', b'*'), (b'Access-Control-Allow-Methods', b'GET, POST, OPTIONS'), (b'Access-Control-Expose-Headers', b'Content-Length,Content-Type,Date,Server,Connection')])
2026-06-09 00:44:12,121 [INFO] httpx: HTTP Request: POST https://api.telegram.org/bot8343388239:AAFgeAkc9bvjywyCsHqRIa_RiJ6q-rp6uv0/getUpdates "HTTP/1.1 200 OK"
2026-06-09 00:44:12,121 [DEBUG] httpcore.http11: receive_response_body.started request=<Request [b'POST']>
2026-06-09 00:44:12,121 [DEBUG] httpcore.http11: receive_response_body.complete
2026-06-09 00:44:12,122 [DEBUG] httpcore.http11: response_closed.started
2026-06-09 00:44:12,122 [DEBUG] httpcore.http11: response_closed.complete
2026-06-09 00:44:12,122 [DEBUG] telegram.ext.ExtBot: Call to Bot API endpoint `getUpdates` finished with return value `[]`
2026-06-09 00:44:12,122 [DEBUG] telegram.ext.ExtBot: No new updates found.
2026-06-09 00:44:12,126 [DEBUG] telegram.ext.ExtBot: Calling Bot API endpoint `getUpdates` with parameters `{'timeout': datetime.timedelta(seconds=10), 'offset': 0}`
2026-06-09 00:44:12,127 [DEBUG] httpcore.http11: send_request_headers.started request=<Request [b'POST']>
2026-06-09 00:44:12,127 [DEBUG] httpcore.http11: send_request_headers.complete
2026-06-09 00:44:12,128 [DEBUG] httpcore.http11: send_request_body.started request=<Request [b'POST']>
2026-06-09 00:44:12,128 [DEBUG] httpcore.http11: send_request_body.complete
2026-06-09 00:44:12,128 [DEBUG] httpcore.http11: receive_response_headers.started request=<Request [b'POST']>
2026-06-09 00:44:22,336 [DEBUG] httpcore.http11: receive_response_headers.complete return_value=(b'HTTP/1.1', 200, b'OK', [(b'Server', b'nginx/1.30.1'), (b'Date', b'Mon, 08 Jun 2026 17:44:22 GMT'), (b'Content-Type', b'application/json'), (b'Content-Length', b'23'), (b'Connection', b'keep-alive'), (b'Strict-Transport-Security', b'max-age=31536000; includeSubDomains; preload'), (b'Access-Control-Allow-Origin', b'*'), (b'Access-Control-Allow-Methods', b'GET, POST, OPTIONS'), (b'Access-Control-Expose-Headers', b'Content-Length,Content-Type,Date,Server,Connection')])
2026-06-09 00:44:22,336 [INFO] httpx: HTTP Request: POST https://api.telegram.org/bot8343388239:AAFgeAkc9bvjywyCsHqRIa_RiJ6q-rp6uv0/getUpdates "HTTP/1.1 200 OK"
2026-06-09 00:44:22,336 [DEBUG] httpcore.http11: receive_response_body.started request=<Request [b'POST']>
2026-06-09 00:44:22,336 [DEBUG] httpcore.http11: receive_response_body.complete
2026-06-09 00:44:22,336 [DEBUG] httpcore.http11: response_closed.started
2026-06-09 00:44:22,337 [DEBUG] httpcore.http11: response_closed.complete
2026-06-09 00:44:22,337 [DEBUG] telegram.ext.ExtBot: Call to Bot API endpoint `getUpdates` finished with return value `[]`
2026-06-09 00:44:22,337 [DEBUG] telegram.ext.ExtBot: No new updates found.
2026-06-09 00:44:22,337 [DEBUG] telegram.ext.ExtBot: Calling Bot API endpoint `getUpdates` with parameters `{'timeout': datetime.timedelta(seconds=10), 'offset': 0}`
2026-06-09 00:44:22,338 [DEBUG] httpcore.http11: send_request_headers.started request=<Request [b'POST']>
2026-06-09 00:44:22,338 [DEBUG] httpcore.http11: send_request_headers.complete
2026-06-09 00:44:22,338 [DEBUG] httpcore.http11: send_request_body.started request=<Request [b'POST']>
2026-06-09 00:44:22,339 [DEBUG] httpcore.http11: send_request_body.complete
2026-06-09 00:44:22,339 [DEBUG] httpcore.http11: receive_response_headers.started request=<Request [b'POST']>
2026-06-09 00:44:32,527 [DEBUG] httpcore.http11: receive_response_headers.complete return_value=(b'HTTP/1.1', 200, b'OK', [(b'Server', b'nginx/1.30.1'), (b'Date', b'Mon, 08 Jun 2026 17:44:32 GMT'), (b'Content-Type', b'application/json'), (b'Content-Length', b'23'), (b'Connection', b'keep-alive'), (b'Strict-Transport-Security', b'max-age=31536000; includeSubDomains; preload'), (b'Access-Control-Allow-Origin', b'*'), (b'Access-Control-Allow-Methods', b'GET, POST, OPTIONS'), (b'Access-Control-Expose-Headers', b'Content-Length,Content-Type,Date,Server,Connection')])
2026-06-09 00:44:32,527 [INFO] httpx: HTTP Request: POST https://api.telegram.org/bot8343388239:AAFgeAkc9bvjywyCsHqRIa_RiJ6q-rp6uv0/getUpdates "HTTP/1.1 200 OK"
2026-06-09 00:44:32,527 [DEBUG] httpcore.http11: receive_response_body.started request=<Request [b'POST']>
2026-06-09 00:44:32,528 [DEBUG] httpcore.http11: receive_response_body.complete
2026-06-09 00:44:32,528 [DEBUG] httpcore.http11: response_closed.started
2026-06-09 00:44:32,528 [DEBUG] httpcore.http11: response_closed.complete
2026-06-09 00:44:32,528 [DEBUG] telegram.ext.ExtBot: Call to Bot API endpoint `getUpdates` finished with return value `[]`
2026-06-09 00:44:32,528 [DEBUG] telegram.ext.ExtBot: No new updates found.
2026-06-09 00:44:32,529 [DEBUG] telegram.ext.ExtBot: Calling Bot API endpoint `getUpdates` with parameters `{'timeout': datetime.timedelta(seconds=10), 'offset': 0}`
2026-06-09 00:44:32,530 [DEBUG] httpcore.http11: send_request_headers.started request=<Request [b'POST']>
2026-06-09 00:44:32,530 [DEBUG] httpcore.http11: send_request_headers.complete
2026-06-09 00:44:32,530 [DEBUG] httpcore.http11: send_request_body.started request=<Request [b'POST']>
2026-06-09 00:44:32,531 [DEBUG] httpcore.http11: send_request_body.complete
2026-06-09 00:44:32,531 [DEBUG] httpcore.http11: receive_response_headers.started request=<Request [b'POST']>
2026-06-09 00:44:42,716 [DEBUG] httpcore.http11: receive_response_headers.complete return_value=(b'HTTP/1.1', 200, b'OK', [(b'Server', b'nginx/1.30.1'), (b'Date', b'Mon, 08 Jun 2026 17:44:42 GMT'), (b'Content-Type', b'application/json'), (b'Content-Length', b'23'), (b'Connection', b'keep-alive'), (b'Strict-Transport-Security', b'max-age=31536000; includeSubDomains; preload'), (b'Access-Control-Allow-Origin', b'*'), (b'Access-Control-Allow-Methods', b'GET, POST, OPTIONS'), (b'Access-Control-Expose-Headers', b'Content-Length,Content-Type,Date,Server,Connection')])
2026-06-09 00:44:42,716 [INFO] httpx: HTTP Request: POST https://api.telegram.org/bot8343388239:AAFgeAkc9bvjywyCsHqRIa_RiJ6q-rp6uv0/getUpdates "HTTP/1.1 200 OK"
2026-06-09 00:44:42,716 [DEBUG] httpcore.http11: receive_response_body.started request=<Request [b'POST']>
2026-06-09 00:44:42,716 [DEBUG] httpcore.http11: receive_response_body.complete
2026-06-09 00:44:42,717 [DEBUG] httpcore.http11: response_closed.started
2026-06-09 00:44:42,717 [DEBUG] httpcore.http11: response_closed.complete
2026-06-09 00:44:42,717 [DEBUG] telegram.ext.ExtBot: Call to Bot API endpoint `getUpdates` finished with return value `[]`
2026-06-09 00:44:42,717 [DEBUG] telegram.ext.ExtBot: No new updates found.
2026-06-09 00:44:42,717 [DEBUG] telegram.ext.ExtBot: Calling Bot API endpoint `getUpdates` with parameters `{'timeout': datetime.timedelta(seconds=10), 'offset': 0}`
2026-06-09 00:44:42,718 [DEBUG] httpcore.http11: send_request_headers.started request=<Request [b'POST']>
2026-06-09 00:44:42,718 [DEBUG] httpcore.http11: send_request_headers.complete
2026-06-09 00:44:42,718 [DEBUG] httpcore.http11: send_request_body.started request=<Request [b'POST']>
2026-06-09 00:44:42,718 [DEBUG] httpcore.http11: send_request_body.complete
2026-06-09 00:44:42,718 [DEBUG] httpcore.http11: receive_response_headers.started request=<Request [b'POST']>
2026-06-09 00:44:52,906 [DEBUG] httpcore.http11: receive_response_headers.complete return_value=(b'HTTP/1.1', 200, b'OK', [(b'Server', b'nginx/1.30.1'), (b'Date', b'Mon, 08 Jun 2026 17:44:52 GMT'), (b'Content-Type', b'application/json'), (b'Content-Length', b'23'), (b'Connection', b'keep-alive'), (b'Strict-Transport-Security', b'max-age=31536000; includeSubDomains; preload'), (b'Access-Control-Allow-Origin', b'*'), (b'Access-Control-Allow-Methods', b'GET, POST, OPTIONS'), (b'Access-Control-Expose-Headers', b'Content-Length,Content-Type,Date,Server,Connection')])
2026-06-09 00:44:52,906 [INFO] httpx: HTTP Request: POST https://api.telegram.org/bot8343388239:AAFgeAkc9bvjywyCsHqRIa_RiJ6q-rp6uv0/getUpdates "HTTP/1.1 200 OK"
2026-06-09 00:44:52,906 [DEBUG] httpcore.http11: receive_response_body.started request=<Request [b'POST']>
2026-06-09 00:44:52,906 [DEBUG] httpcore.http11: receive_response_body.complete
2026-06-09 00:44:52,906 [DEBUG] httpcore.http11: response_closed.started
2026-06-09 00:44:52,906 [DEBUG] httpcore.http11: response_closed.complete
2026-06-09 00:44:52,907 [DEBUG] telegram.ext.ExtBot: Call to Bot API endpoint `getUpdates` finished with return value `[]`
2026-06-09 00:44:52,907 [DEBUG] telegram.ext.ExtBot: No new updates found.
2026-06-09 00:44:52,907 [DEBUG] telegram.ext.ExtBot: Calling Bot API endpoint `getUpdates` with parameters `{'timeout': datetime.timedelta(seconds=10), 'offset': 0}`
2026-06-09 00:44:52,908 [DEBUG] httpcore.http11: send_request_headers.started request=<Request [b'POST']>
2026-06-09 00:44:52,908 [DEBUG] httpcore.http11: send_request_headers.complete
2026-06-09 00:44:52,908 [DEBUG] httpcore.http11: send_request_body.started request=<Request [b'POST']>
2026-06-09 00:44:52,908 [DEBUG] httpcore.http11: send_request_body.complete
2026-06-09 00:44:52,909 [DEBUG] httpcore.http11: receive_response_headers.started request=<Request [b'POST']>
2026-06-09 00:44:54,544 [INFO] subscription_bot.database: Database path: /home/openclaw/projects/1ai-trade-bot/bots/subscription-bot/subscription_bot.db
2026-06-09 00:44:54,545 [INFO] subscription_bot.database: Database tables ready
2026-06-09 00:44:55,191 [INFO] httpx: HTTP Request: POST https://api.telegram.org/bot8343388239:AAFgeAkc9bvjywyCsHqRIa_RiJ6q-rp6uv0/getMe "HTTP/1.1 200 OK"
2026-06-09 00:44:55,193 [INFO] subscription_bot.signaler: Proactive signaler started
2026-06-09 00:44:55,193 [INFO] subscription_bot.bot: Bot is running!
2026-06-09 00:44:55,194 [INFO] subscription_bot.signaler: Proactive signaler started (interval=300s, min_conf=62%)
2026-06-09 00:44:56,016 [INFO] signals.stockity_http: Got 900 raw 1s candles for CRYPTO_IDX (Z-CRY/IDX)
2026-06-09 00:44:56,017 [INFO] signals.stockity_http: Aggregated into 16 1m candles
2026-06-09 00:44:56,017 [INFO] signals.stockity_http: Signal for CRYPTO_IDX: CALL 78% (score=78, EMA5↑EMA10; bullX; RSI0 OS)
2026-06-09 00:44:56,017 [INFO] subscription_bot.signaler: NEW signal: CRYPTO_IDX CALL 78%
2026-06-09 00:44:56,017 [INFO] subscription_bot.bot: Signal dispatched to 0/0 subscribers
2026-06-09 00:44:56,161 [INFO] signals.stockity_http: Got 900 raw 1s candles for BTC_IDX (Z-CRY/IDX)
2026-06-09 00:44:56,161 [INFO] signals.stockity_http: Aggregated into 16 1m candles
2026-06-09 00:44:56,161 [INFO] signals.stockity_http: Signal for BTC_IDX: CALL 78% (score=78, EMA5↑EMA10; bullX; RSI0 OS)
2026-06-09 00:44:56,161 [INFO] subscription_bot.signaler: NEW signal: BTC_IDX CALL 78%
2026-06-09 00:44:56,162 [INFO] subscription_bot.bot: Signal dispatched to 0/0 subscribers
2026-06-09 00:44:56,300 [INFO] signals.stockity_http: Got 900 raw 1s candles for ETH_IDX (Z-CRY/IDX)
2026-06-09 00:44:56,301 [INFO] signals.stockity_http: Aggregated into 16 1m candles
2026-06-09 00:44:56,301 [INFO] signals.stockity_http: Signal for ETH_IDX: CALL 78% (score=78, EMA5↑EMA10; bullX; RSI0 OS)
2026-06-09 00:44:56,301 [INFO] subscription_bot.signaler: NEW signal: ETH_IDX CALL 78%
2026-06-09 00:44:56,301 [INFO] subscription_bot.bot: Signal dispatched to 0/0 subscribers
2026-06-09 00:44:56,440 [INFO] signals.stockity_http: Got 900 raw 1s candles for GOLD_IDX (Z-CRY/IDX)
2026-06-09 00:44:56,441 [INFO] signals.stockity_http: Aggregated into 16 1m candles
2026-06-09 00:44:56,441 [INFO] signals.stockity_http: Signal for GOLD_IDX: CALL 78% (score=78, EMA5↑EMA10; bullX; RSI0 OS)
2026-06-09 00:44:56,441 [INFO] subscription_bot.signaler: NEW signal: GOLD_IDX CALL 78%
2026-06-09 00:44:56,441 [INFO] subscription_bot.bot: Signal dispatched to 0/0 subscribers
2026-06-09 00:44:56,814 [INFO] httpx: HTTP Request: POST https://api.telegram.org/bot8343388239:AAFgeAkc9bvjywyCsHqRIa_RiJ6q-rp6uv0/sendMessage "HTTP/1.1 200 OK"
2026-06-09 00:44:57,002 [INFO] httpx: HTTP Request: POST https://api.telegram.org/bot8343388239:AAFgeAkc9bvjywyCsHqRIa_RiJ6q-rp6uv0/deleteWebhook "HTTP/1.1 200 OK"
2026-06-09 00:44:57,004 [INFO] telegram.ext.Application: Application started
2026-06-09 00:45:27,594 [INFO] httpx: HTTP Request: POST https://api.telegram.org/bot8343388239:AAFgeAkc9bvjywyCsHqRIa_RiJ6q-rp6uv0/getUpdates "HTTP/1.1 200 OK"
2026-06-09 00:45:58,297 [INFO] httpx: HTTP Request: POST https://api.telegram.org/bot8343388239:AAFgeAkc9bvjywyCsHqRIa_RiJ6q-rp6uv0/getUpdates "HTTP/1.1 200 OK"
2026-06-09 00:46:28,998 [INFO] httpx: HTTP Request: POST https://api.telegram.org/bot8343388239:AAFgeAkc9bvjywyCsHqRIa_RiJ6q-rp6uv0/getUpdates "HTTP/1.1 200 OK"
2026-06-09 00:46:47,451 [INFO] httpx: HTTP Request: POST https://api.telegram.org/bot8343388239:AAFgeAkc9bvjywyCsHqRIa_RiJ6q-rp6uv0/getUpdates "HTTP/1.1 200 OK"
2026-06-09 00:46:47,452 [INFO] telegram.ext.Application: Application is stopping. This might take a moment.
2026-06-09 00:46:47,452 [INFO] telegram.ext.Application: Application.stop() complete
2026-06-09 00:46:47,504 [ERROR] asyncio: Task was destroyed but it is pending!
task: <Task pending name='Task-7' coro=<ProactiveSignaler._loop() running at /home/openclaw/projects/1ai-trade-bot/bots/subscription-bot/signaler.py:140> wait_for=<Future pending cb=[Task.task_wakeup()]>>
2026-06-09 00:48:25,055 [INFO] subscription_bot.database: Database path: /home/openclaw/projects/1ai-trade-bot/bots/subscription-bot/subscription_bot.db
2026-06-09 00:48:25,057 [INFO] subscription_bot.database: Database tables ready
2026-06-09 00:48:25,709 [INFO] httpx: HTTP Request: POST https://api.telegram.org/bot8343388239:AAFgeAkc9bvjywyCsHqRIa_RiJ6q-rp6uv0/getMe "HTTP/1.1 200 OK"
2026-06-09 00:48:25,710 [INFO] subscription_bot.signaler: Proactive signaler started
2026-06-09 00:48:25,710 [INFO] subscription_bot.bot: Bot is running!
2026-06-09 00:48:25,711 [INFO] subscription_bot.signaler: Proactive signaler started (interval=300s, min_conf=62%)
2026-06-09 00:48:26,701 [INFO] signals.stockity_http: Got 900 raw 1s candles for CRYPTO_IDX (Z-CRY/IDX)
2026-06-09 00:48:26,701 [INFO] signals.stockity_http: Aggregated into 16 1m candles
2026-06-09 00:48:26,702 [INFO] signals.stockity_http: Signal for CRYPTO_IDX: PUT 62% (score=38, EMA5↓EMA10; bearX; RSI0 OS)
2026-06-09 00:48:26,702 [INFO] subscription_bot.signaler: NEW signal: CRYPTO_IDX PUT 62%
2026-06-09 00:48:26,703 [INFO] subscription_bot.bot: Signal dispatched to 0/0 subscribers
2026-06-09 00:48:26,835 [INFO] signals.stockity_http: Got 900 raw 1s candles for BTC_IDX (Z-CRY/IDX)
2026-06-09 00:48:26,835 [INFO] signals.stockity_http: Aggregated into 16 1m candles
2026-06-09 00:48:26,836 [INFO] signals.stockity_http: Signal for BTC_IDX: PUT 62% (score=38, EMA5↓EMA10; bearX; RSI0 OS)
2026-06-09 00:48:26,836 [INFO] subscription_bot.signaler: NEW signal: BTC_IDX PUT 62%
2026-06-09 00:48:26,836 [INFO] subscription_bot.bot: Signal dispatched to 0/0 subscribers
2026-06-09 00:48:26,973 [INFO] signals.stockity_http: Got 900 raw 1s candles for ETH_IDX (Z-CRY/IDX)
2026-06-09 00:48:26,974 [INFO] signals.stockity_http: Aggregated into 16 1m candles
2026-06-09 00:48:26,974 [INFO] signals.stockity_http: Signal for ETH_IDX: PUT 62% (score=38, EMA5↓EMA10; bearX; RSI0 OS)
2026-06-09 00:48:26,974 [INFO] subscription_bot.signaler: NEW signal: ETH_IDX PUT 62%
2026-06-09 00:48:26,974 [INFO] subscription_bot.bot: Signal dispatched to 0/0 subscribers
2026-06-09 00:48:27,124 [INFO] signals.stockity_http: Got 900 raw 1s candles for GOLD_IDX (Z-CRY/IDX)
2026-06-09 00:48:27,125 [INFO] signals.stockity_http: Aggregated into 16 1m candles
2026-06-09 00:48:27,125 [INFO] signals.stockity_http: Signal for GOLD_IDX: PUT 62% (score=38, EMA5↓EMA10; bearX; RSI0 OS)
2026-06-09 00:48:27,125 [INFO] subscription_bot.signaler: NEW signal: GOLD_IDX PUT 62%
2026-06-09 00:48:27,125 [INFO] subscription_bot.bot: Signal dispatched to 0/0 subscribers
2026-06-09 00:48:27,503 [INFO] httpx: HTTP Request: POST https://api.telegram.org/bot8343388239:AAFgeAkc9bvjywyCsHqRIa_RiJ6q-rp6uv0/sendMessage "HTTP/1.1 200 OK"
2026-06-09 00:48:27,692 [INFO] httpx: HTTP Request: POST https://api.telegram.org/bot8343388239:AAFgeAkc9bvjywyCsHqRIa_RiJ6q-rp6uv0/deleteWebhook "HTTP/1.1 200 OK"
2026-06-09 00:48:27,694 [INFO] telegram.ext.Application: Application started
2026-06-09 00:48:58,266 [INFO] httpx: HTTP Request: POST https://api.telegram.org/bot8343388239:AAFgeAkc9bvjywyCsHqRIa_RiJ6q-rp6uv0/getUpdates "HTTP/1.1 200 OK"
2026-06-09 00:49:28,965 [INFO] httpx: HTTP Request: POST https://api.telegram.org/bot8343388239:AAFgeAkc9bvjywyCsHqRIa_RiJ6q-rp6uv0/getUpdates "HTTP/1.1 200 OK"
2026-06-09 00:49:59,660 [INFO] httpx: HTTP Request: POST https://api.telegram.org/bot8343388239:AAFgeAkc9bvjywyCsHqRIa_RiJ6q-rp6uv0/getUpdates "HTTP/1.1 200 OK"
2026-06-09 00:50:30,350 [INFO] httpx: HTTP Request: POST https://api.telegram.org/bot8343388239:AAFgeAkc9bvjywyCsHqRIa_RiJ6q-rp6uv0/getUpdates "HTTP/1.1 200 OK"
2026-06-09 00:51:01,038 [INFO] httpx: HTTP Request: POST https://api.telegram.org/bot8343388239:AAFgeAkc9bvjywyCsHqRIa_RiJ6q-rp6uv0/getUpdates "HTTP/1.1 200 OK"
2026-06-09 00:51:31,735 [INFO] httpx: HTTP Request: POST https://api.telegram.org/bot8343388239:AAFgeAkc9bvjywyCsHqRIa_RiJ6q-rp6uv0/getUpdates "HTTP/1.1 200 OK"
2026-06-09 00:52:02,426 [INFO] httpx: HTTP Request: POST https://api.telegram.org/bot8343388239:AAFgeAkc9bvjywyCsHqRIa_RiJ6q-rp6uv0/getUpdates "HTTP/1.1 200 OK"
2026-06-09 00:52:33,121 [INFO] httpx: HTTP Request: POST https://api.telegram.org/bot8343388239:AAFgeAkc9bvjywyCsHqRIa_RiJ6q-rp6uv0/getUpdates "HTTP/1.1 200 OK"
2026-06-09 00:53:03,818 [INFO] httpx: HTTP Request: POST https://api.telegram.org/bot8343388239:AAFgeAkc9bvjywyCsHqRIa_RiJ6q-rp6uv0/getUpdates "HTTP/1.1 200 OK"
2026-06-09 00:53:27,343 [INFO] signals.stockity_http: Got 900 raw 1s candles for CRYPTO_IDX (Z-CRY/IDX)
2026-06-09 00:53:27,343 [INFO] signals.stockity_http: Aggregated into 16 1m candles
2026-06-09 00:53:27,343 [INFO] signals.stockity_http: Signal for CRYPTO_IDX: PUT 62% (score=38, EMA5↓EMA10; bearX; RSI0 OS)
2026-06-09 00:53:27,495 [INFO] signals.stockity_http: Got 900 raw 1s candles for BTC_IDX (Z-CRY/IDX)
2026-06-09 00:53:27,496 [INFO] signals.stockity_http: Aggregated into 16 1m candles
2026-06-09 00:53:27,496 [INFO] signals.stockity_http: Signal for BTC_IDX: PUT 62% (score=38, EMA5↓EMA10; bearX; RSI0 OS)
2026-06-09 00:53:27,658 [INFO] signals.stockity_http: Got 900 raw 1s candles for ETH_IDX (Z-CRY/IDX)
2026-06-09 00:53:27,659 [INFO] signals.stockity_http: Aggregated into 16 1m candles
2026-06-09 00:53:27,659 [INFO] signals.stockity_http: Signal for ETH_IDX: PUT 62% (score=38, EMA5↓EMA10; bearX; RSI0 OS)
2026-06-09 00:53:27,819 [INFO] signals.stockity_http: Got 900 raw 1s candles for GOLD_IDX (Z-CRY/IDX)
2026-06-09 00:53:27,820 [INFO] signals.stockity_http: Aggregated into 16 1m candles
2026-06-09 00:53:27,820 [INFO] signals.stockity_http: Signal for GOLD_IDX: PUT 62% (score=38, EMA5↓EMA10; bearX; RSI0 OS)
2026-06-09 00:53:34,514 [INFO] httpx: HTTP Request: POST https://api.telegram.org/bot8343388239:AAFgeAkc9bvjywyCsHqRIa_RiJ6q-rp6uv0/getUpdates "HTTP/1.1 200 OK"
2026-06-09 00:54:05,204 [INFO] httpx: HTTP Request: POST https://api.telegram.org/bot8343388239:AAFgeAkc9bvjywyCsHqRIa_RiJ6q-rp6uv0/getUpdates "HTTP/1.1 200 OK"
2026-06-09 00:54:35,897 [INFO] httpx: HTTP Request: POST https://api.telegram.org/bot8343388239:AAFgeAkc9bvjywyCsHqRIa_RiJ6q-rp6uv0/getUpdates "HTTP/1.1 200 OK"
2026-06-09 00:55:06,590 [INFO] httpx: HTTP Request: POST https://api.telegram.org/bot8343388239:AAFgeAkc9bvjywyCsHqRIa_RiJ6q-rp6uv0/getUpdates "HTTP/1.1 200 OK"
2026-06-09 00:55:37,288 [INFO] httpx: HTTP Request: POST https://api.telegram.org/bot8343388239:AAFgeAkc9bvjywyCsHqRIa_RiJ6q-rp6uv0/getUpdates "HTTP/1.1 200 OK"
2026-06-09 00:56:07,984 [INFO] httpx: HTTP Request: POST https://api.telegram.org/bot8343388239:AAFgeAkc9bvjywyCsHqRIa_RiJ6q-rp6uv0/getUpdates "HTTP/1.1 200 OK"
2026-06-09 00:56:38,672 [INFO] httpx: HTTP Request: POST https://api.telegram.org/bot8343388239:AAFgeAkc9bvjywyCsHqRIa_RiJ6q-rp6uv0/getUpdates "HTTP/1.1 200 OK"
2026-06-09 00:57:09,361 [INFO] httpx: HTTP Request: POST https://api.telegram.org/bot8343388239:AAFgeAkc9bvjywyCsHqRIa_RiJ6q-rp6uv0/getUpdates "HTTP/1.1 200 OK"
2026-06-09 00:57:40,055 [INFO] httpx: HTTP Request: POST https://api.telegram.org/bot8343388239:AAFgeAkc9bvjywyCsHqRIa_RiJ6q-rp6uv0/getUpdates "HTTP/1.1 200 OK"
2026-06-09 00:58:10,748 [INFO] httpx: HTTP Request: POST https://api.telegram.org/bot8343388239:AAFgeAkc9bvjywyCsHqRIa_RiJ6q-rp6uv0/getUpdates "HTTP/1.1 200 OK"
2026-06-09 00:58:28,015 [INFO] signals.stockity_http: Got 900 raw 1s candles for CRYPTO_IDX (Z-CRY/IDX)
2026-06-09 00:58:28,015 [INFO] signals.stockity_http: Aggregated into 16 1m candles
2026-06-09 00:58:28,015 [INFO] signals.stockity_http: Signal for CRYPTO_IDX: PUT 62% (score=38, EMA5↓EMA10; bearX; RSI0 OS)
2026-06-09 00:58:28,298 [INFO] signals.stockity_http: Got 900 raw 1s candles for BTC_IDX (Z-CRY/IDX)
2026-06-09 00:58:28,298 [INFO] signals.stockity_http: Aggregated into 16 1m candles
2026-06-09 00:58:28,299 [INFO] signals.stockity_http: Signal for BTC_IDX: PUT 62% (score=38, EMA5↓EMA10; bearX; RSI0 OS)
2026-06-09 00:58:28,446 [INFO] signals.stockity_http: Got 900 raw 1s candles for ETH_IDX (Z-CRY/IDX)
2026-06-09 00:58:28,447 [INFO] signals.stockity_http: Aggregated into 16 1m candles
2026-06-09 00:58:28,447 [INFO] signals.stockity_http: Signal for ETH_IDX: PUT 62% (score=38, EMA5↓EMA10; bearX; RSI0 OS)
2026-06-09 00:58:28,591 [INFO] signals.stockity_http: Got 900 raw 1s candles for GOLD_IDX (Z-CRY/IDX)
2026-06-09 00:58:28,592 [INFO] signals.stockity_http: Aggregated into 16 1m candles
2026-06-09 00:58:28,592 [INFO] signals.stockity_http: Signal for GOLD_IDX: PUT 62% (score=38, EMA5↓EMA10; bearX; RSI0 OS)
2026-06-09 00:58:41,442 [INFO] httpx: HTTP Request: POST https://api.telegram.org/bot8343388239:AAFgeAkc9bvjywyCsHqRIa_RiJ6q-rp6uv0/getUpdates "HTTP/1.1 200 OK"
2026-06-09 00:59:12,158 [INFO] httpx: HTTP Request: POST https://api.telegram.org/bot8343388239:AAFgeAkc9bvjywyCsHqRIa_RiJ6q-rp6uv0/getUpdates "HTTP/1.1 200 OK"
2026-06-09 00:59:42,851 [INFO] httpx: HTTP Request: POST https://api.telegram.org/bot8343388239:AAFgeAkc9bvjywyCsHqRIa_RiJ6q-rp6uv0/getUpdates "HTTP/1.1 200 OK"
2026-06-09 01:00:13,542 [INFO] httpx: HTTP Request: POST https://api.telegram.org/bot8343388239:AAFgeAkc9bvjywyCsHqRIa_RiJ6q-rp6uv0/getUpdates "HTTP/1.1 200 OK"
2026-06-09 01:00:44,237 [INFO] httpx: HTTP Request: POST https://api.telegram.org/bot8343388239:AAFgeAkc9bvjywyCsHqRIa_RiJ6q-rp6uv0/getUpdates "HTTP/1.1 200 OK"
2026-06-09 01:01:14,936 [INFO] httpx: HTTP Request: POST https://api.telegram.org/bot8343388239:AAFgeAkc9bvjywyCsHqRIa_RiJ6q-rp6uv0/getUpdates "HTTP/1.1 200 OK"
2026-06-09 01:01:45,626 [INFO] httpx: HTTP Request: POST https://api.telegram.org/bot8343388239:AAFgeAkc9bvjywyCsHqRIa_RiJ6q-rp6uv0/getUpdates "HTTP/1.1 200 OK"
2026-06-09 01:02:16,319 [INFO] httpx: HTTP Request: POST https://api.telegram.org/bot8343388239:AAFgeAkc9bvjywyCsHqRIa_RiJ6q-rp6uv0/getUpdates "HTTP/1.1 200 OK"
2026-06-09 01:02:47,019 [INFO] httpx: HTTP Request: POST https://api.telegram.org/bot8343388239:AAFgeAkc9bvjywyCsHqRIa_RiJ6q-rp6uv0/getUpdates "HTTP/1.1 200 OK"
2026-06-09 01:03:17,709 [INFO] httpx: HTTP Request: POST https://api.telegram.org/bot8343388239:AAFgeAkc9bvjywyCsHqRIa_RiJ6q-rp6uv0/getUpdates "HTTP/1.1 200 OK"
2026-06-09 01:03:28,949 [INFO] signals.stockity_http: Got 900 raw 1s candles for CRYPTO_IDX (Z-CRY/IDX)
2026-06-09 01:03:28,949 [INFO] signals.stockity_http: Aggregated into 16 1m candles
2026-06-09 01:03:28,950 [INFO] signals.stockity_http: Signal for CRYPTO_IDX: CALL 64% (score=64, EMA5↑EMA10; RSI0 OS)
2026-06-09 01:03:28,950 [INFO] subscription_bot.signaler: NEW signal: CRYPTO_IDX CALL 64%
2026-06-09 01:03:28,950 [INFO] subscription_bot.bot: Signal dispatched to 0/0 subscribers
2026-06-09 01:03:29,089 [INFO] signals.stockity_http: Got 900 raw 1s candles for BTC_IDX (Z-CRY/IDX)
2026-06-09 01:03:29,090 [INFO] signals.stockity_http: Aggregated into 16 1m candles
2026-06-09 01:03:29,090 [INFO] signals.stockity_http: Signal for BTC_IDX: CALL 64% (score=64, EMA5↑EMA10; RSI0 OS)
2026-06-09 01:03:29,091 [INFO] subscription_bot.signaler: NEW signal: BTC_IDX CALL 64%
2026-06-09 01:03:29,091 [INFO] subscription_bot.bot: Signal dispatched to 0/0 subscribers
2026-06-09 01:03:29,230 [INFO] signals.stockity_http: Got 900 raw 1s candles for ETH_IDX (Z-CRY/IDX)
2026-06-09 01:03:29,231 [INFO] signals.stockity_http: Aggregated into 16 1m candles
2026-06-09 01:03:29,231 [INFO] signals.stockity_http: Signal for ETH_IDX: CALL 64% (score=64, EMA5↑EMA10; RSI0 OS)
2026-06-09 01:03:29,231 [INFO] subscription_bot.signaler: NEW signal: ETH_IDX CALL 64%
2026-06-09 01:03:29,231 [INFO] subscription_bot.bot: Signal dispatched to 0/0 subscribers
2026-06-09 01:03:29,361 [INFO] signals.stockity_http: Got 900 raw 1s candles for GOLD_IDX (Z-CRY/IDX)
2026-06-09 01:03:29,362 [INFO] signals.stockity_http: Aggregated into 16 1m candles
2026-06-09 01:03:29,362 [INFO] signals.stockity_http: Signal for GOLD_IDX: CALL 64% (score=64, EMA5↑EMA10; RSI0 OS)
2026-06-09 01:03:29,362 [INFO] subscription_bot.signaler: NEW signal: GOLD_IDX CALL 64%
2026-06-09 01:03:29,362 [INFO] subscription_bot.bot: Signal dispatched to 0/0 subscribers
2026-06-09 01:03:48,397 [INFO] httpx: HTTP Request: POST https://api.telegram.org/bot8343388239:AAFgeAkc9bvjywyCsHqRIa_RiJ6q-rp6uv0/getUpdates "HTTP/1.1 200 OK"
2026-06-09 01:04:19,086 [INFO] httpx: HTTP Request: POST https://api.telegram.org/bot8343388239:AAFgeAkc9bvjywyCsHqRIa_RiJ6q-rp6uv0/getUpdates "HTTP/1.1 200 OK"
2026-06-09 01:04:49,782 [INFO] httpx: HTTP Request: POST https://api.telegram.org/bot8343388239:AAFgeAkc9bvjywyCsHqRIa_RiJ6q-rp6uv0/getUpdates "HTTP/1.1 200 OK"
2026-06-09 01:05:20,472 [INFO] httpx: HTTP Request: POST https://api.telegram.org/bot8343388239:AAFgeAkc9bvjywyCsHqRIa_RiJ6q-rp6uv0/getUpdates "HTTP/1.1 200 OK"
2026-06-09 01:05:51,164 [INFO] httpx: HTTP Request: POST https://api.telegram.org/bot8343388239:AAFgeAkc9bvjywyCsHqRIa_RiJ6q-rp6uv0/getUpdates "HTTP/1.1 200 OK"
2026-06-09 01:06:21,864 [INFO] httpx: HTTP Request: POST https://api.telegram.org/bot8343388239:AAFgeAkc9bvjywyCsHqRIa_RiJ6q-rp6uv0/getUpdates "HTTP/1.1 200 OK"
2026-06-09 01:06:52,563 [INFO] httpx: HTTP Request: POST https://api.telegram.org/bot8343388239:AAFgeAkc9bvjywyCsHqRIa_RiJ6q-rp6uv0/getUpdates "HTTP/1.1 200 OK"
2026-06-09 01:07:23,257 [INFO] httpx: HTTP Request: POST https://api.telegram.org/bot8343388239:AAFgeAkc9bvjywyCsHqRIa_RiJ6q-rp6uv0/getUpdates "HTTP/1.1 200 OK"
2026-06-09 01:07:53,953 [INFO] httpx: HTTP Request: POST https://api.telegram.org/bot8343388239:AAFgeAkc9bvjywyCsHqRIa_RiJ6q-rp6uv0/getUpdates "HTTP/1.1 200 OK"
2026-06-09 01:08:24,642 [INFO] httpx: HTTP Request: POST https://api.telegram.org/bot8343388239:AAFgeAkc9bvjywyCsHqRIa_RiJ6q-rp6uv0/getUpdates "HTTP/1.1 200 OK"
2026-06-09 01:08:29,537 [INFO] signals.stockity_http: Got 900 raw 1s candles for CRYPTO_IDX (Z-CRY/IDX)
2026-06-09 01:08:29,539 [INFO] signals.stockity_http: Aggregated into 16 1m candles
2026-06-09 01:08:29,539 [INFO] signals.stockity_http: Signal for CRYPTO_IDX: CALL 64% (score=64, EMA5↑EMA10; RSI0 OS)
2026-06-09 01:08:29,676 [INFO] signals.stockity_http: Got 900 raw 1s candles for BTC_IDX (Z-CRY/IDX)
2026-06-09 01:08:29,677 [INFO] signals.stockity_http: Aggregated into 16 1m candles
2026-06-09 01:08:29,677 [INFO] signals.stockity_http: Signal for BTC_IDX: CALL 64% (score=64, EMA5↑EMA10; RSI0 OS)
2026-06-09 01:08:29,817 [INFO] signals.stockity_http: Got 900 raw 1s candles for ETH_IDX (Z-CRY/IDX)
2026-06-09 01:08:29,818 [INFO] signals.stockity_http: Aggregated into 16 1m candles
2026-06-09 01:08:29,818 [INFO] signals.stockity_http: Signal for ETH_IDX: CALL 64% (score=64, EMA5↑EMA10; RSI0 OS)
2026-06-09 01:08:29,952 [INFO] signals.stockity_http: Got 900 raw 1s candles for GOLD_IDX (Z-CRY/IDX)
2026-06-09 01:08:29,952 [INFO] signals.stockity_http: Aggregated into 16 1m candles
2026-06-09 01:08:29,952 [INFO] signals.stockity_http: Signal for GOLD_IDX: CALL 64% (score=64, EMA5↑EMA10; RSI0 OS)
2026-06-09 01:08:55,332 [INFO] httpx: HTTP Request: POST https://api.telegram.org/bot8343388239:AAFgeAkc9bvjywyCsHqRIa_RiJ6q-rp6uv0/getUpdates "HTTP/1.1 200 OK"
2026-06-09 01:09:26,023 [INFO] httpx: HTTP Request: POST https://api.telegram.org/bot8343388239:AAFgeAkc9bvjywyCsHqRIa_RiJ6q-rp6uv0/getUpdates "HTTP/1.1 200 OK"
2026-06-09 01:09:56,715 [INFO] httpx: HTTP Request: POST https://api.telegram.org/bot8343388239:AAFgeAkc9bvjywyCsHqRIa_RiJ6q-rp6uv0/getUpdates "HTTP/1.1 200 OK"
2026-06-09 01:10:27,409 [INFO] httpx: HTTP Request: POST https://api.telegram.org/bot8343388239:AAFgeAkc9bvjywyCsHqRIa_RiJ6q-rp6uv0/getUpdates "HTTP/1.1 200 OK"
2026-06-09 01:10:58,100 [INFO] httpx: HTTP Request: POST https://api.telegram.org/bot8343388239:AAFgeAkc9bvjywyCsHqRIa_RiJ6q-rp6uv0/getUpdates "HTTP/1.1 200 OK"
2026-06-09 01:11:28,810 [INFO] httpx: HTTP Request: POST https://api.telegram.org/bot8343388239:AAFgeAkc9bvjywyCsHqRIa_RiJ6q-rp6uv0/getUpdates "HTTP/1.1 200 OK"
2026-06-09 01:11:59,503 [INFO] httpx: HTTP Request: POST https://api.telegram.org/bot8343388239:AAFgeAkc9bvjywyCsHqRIa_RiJ6q-rp6uv0/getUpdates "HTTP/1.1 200 OK"
2026-06-09 01:12:30,196 [INFO] httpx: HTTP Request: POST https://api.telegram.org/bot8343388239:AAFgeAkc9bvjywyCsHqRIa_RiJ6q-rp6uv0/getUpdates "HTTP/1.1 200 OK"
2026-06-09 01:13:00,893 [INFO] httpx: HTTP Request: POST https://api.telegram.org/bot8343388239:AAFgeAkc9bvjywyCsHqRIa_RiJ6q-rp6uv0/getUpdates "HTTP/1.1 200 OK"
2026-06-09 01:13:30,153 [INFO] signals.stockity_http: Got 900 raw 1s candles for CRYPTO_IDX (Z-CRY/IDX)
2026-06-09 01:13:30,154 [INFO] signals.stockity_http: Aggregated into 16 1m candles
2026-06-09 01:13:30,154 [INFO] signals.stockity_http: Signal for CRYPTO_IDX: CALL 64% (score=64, EMA5↑EMA10; RSI0 OS)
2026-06-09 01:13:30,306 [INFO] signals.stockity_http: Got 900 raw 1s candles for BTC_IDX (Z-CRY/IDX)
2026-06-09 01:13:30,307 [INFO] signals.stockity_http: Aggregated into 16 1m candles
2026-06-09 01:13:30,307 [INFO] signals.stockity_http: Signal for BTC_IDX: CALL 64% (score=64, EMA5↑EMA10; RSI0 OS)
2026-06-09 01:13:30,468 [INFO] signals.stockity_http: Got 900 raw 1s candles for ETH_IDX (Z-CRY/IDX)
2026-06-09 01:13:30,469 [INFO] signals.stockity_http: Aggregated into 16 1m candles
2026-06-09 01:13:30,469 [INFO] signals.stockity_http: Signal for ETH_IDX: CALL 64% (score=64, EMA5↑EMA10; RSI0 OS)
2026-06-09 01:13:30,599 [INFO] signals.stockity_http: Got 900 raw 1s candles for GOLD_IDX (Z-CRY/IDX)
2026-06-09 01:13:30,599 [INFO] signals.stockity_http: Aggregated into 16 1m candles
2026-06-09 01:13:30,599 [INFO] signals.stockity_http: Signal for GOLD_IDX: CALL 64% (score=64, EMA5↑EMA10; RSI0 OS)
2026-06-09 01:13:31,589 [INFO] httpx: HTTP Request: POST https://api.telegram.org/bot8343388239:AAFgeAkc9bvjywyCsHqRIa_RiJ6q-rp6uv0/getUpdates "HTTP/1.1 200 OK"
2026-06-09 01:14:02,303 [INFO] httpx: HTTP Request: POST https://api.telegram.org/bot8343388239:AAFgeAkc9bvjywyCsHqRIa_RiJ6q-rp6uv0/getUpdates "HTTP/1.1 200 OK"
2026-06-09 01:14:33,000 [INFO] httpx: HTTP Request: POST https://api.telegram.org/bot8343388239:AAFgeAkc9bvjywyCsHqRIa_RiJ6q-rp6uv0/getUpdates "HTTP/1.1 200 OK"
2026-06-09 01:15:03,697 [INFO] httpx: HTTP Request: POST https://api.telegram.org/bot8343388239:AAFgeAkc9bvjywyCsHqRIa_RiJ6q-rp6uv0/getUpdates "HTTP/1.1 200 OK"
2026-06-09 01:15:34,389 [INFO] httpx: HTTP Request: POST https://api.telegram.org/bot8343388239:AAFgeAkc9bvjywyCsHqRIa_RiJ6q-rp6uv0/getUpdates "HTTP/1.1 200 OK"
2026-06-09 01:16:05,083 [INFO] httpx: HTTP Request: POST https://api.telegram.org/bot8343388239:AAFgeAkc9bvjywyCsHqRIa_RiJ6q-rp6uv0/getUpdates "HTTP/1.1 200 OK"
2026-06-09 01:16:35,774 [INFO] httpx: HTTP Request: POST https://api.telegram.org/bot8343388239:AAFgeAkc9bvjywyCsHqRIa_RiJ6q-rp6uv0/getUpdates "HTTP/1.1 200 OK"
2026-06-09 01:17:06,466 [INFO] httpx: HTTP Request: POST https://api.telegram.org/bot8343388239:AAFgeAkc9bvjywyCsHqRIa_RiJ6q-rp6uv0/getUpdates "HTTP/1.1 200 OK"
2026-06-09 01:17:37,171 [INFO] httpx: HTTP Request: POST https://api.telegram.org/bot8343388239:AAFgeAkc9bvjywyCsHqRIa_RiJ6q-rp6uv0/getUpdates "HTTP/1.1 200 OK"
2026-06-09 01:18:07,862 [INFO] httpx: HTTP Request: POST https://api.telegram.org/bot8343388239:AAFgeAkc9bvjywyCsHqRIa_RiJ6q-rp6uv0/getUpdates "HTTP/1.1 200 OK"
2026-06-09 01:18:30,981 [INFO] signals.stockity_http: Got 900 raw 1s candles for CRYPTO_IDX (Z-CRY/IDX)
2026-06-09 01:18:30,981 [INFO] signals.stockity_http: Aggregated into 16 1m candles
2026-06-09 01:18:30,981 [INFO] signals.stockity_http: Signal for CRYPTO_IDX: CALL 72% (score=72, EMA5↑EMA10; RSI0 OS; pinBot)
2026-06-09 01:18:31,127 [INFO] signals.stockity_http: Got 900 raw 1s candles for BTC_IDX (Z-CRY/IDX)
2026-06-09 01:18:31,128 [INFO] signals.stockity_http: Aggregated into 16 1m candles
2026-06-09 01:18:31,129 [INFO] signals.stockity_http: Signal for BTC_IDX: CALL 72% (score=72, EMA5↑EMA10; RSI0 OS; pinBot)
2026-06-09 01:18:31,268 [INFO] signals.stockity_http: Got 900 raw 1s candles for ETH_IDX (Z-CRY/IDX)
2026-06-09 01:18:31,271 [INFO] signals.stockity_http: Aggregated into 16 1m candles
2026-06-09 01:18:31,271 [INFO] signals.stockity_http: Signal for ETH_IDX: CALL 72% (score=72, EMA5↑EMA10; RSI0 OS; pinBot)
2026-06-09 01:18:31,418 [INFO] signals.stockity_http: Got 900 raw 1s candles for GOLD_IDX (Z-CRY/IDX)
2026-06-09 01:18:31,418 [INFO] signals.stockity_http: Aggregated into 16 1m candles
2026-06-09 01:18:31,419 [INFO] signals.stockity_http: Signal for GOLD_IDX: CALL 72% (score=72, EMA5↑EMA10; RSI0 OS; pinBot)
2026-06-09 01:18:38,556 [INFO] httpx: HTTP Request: POST https://api.telegram.org/bot8343388239:AAFgeAkc9bvjywyCsHqRIa_RiJ6q-rp6uv0/getUpdates "HTTP/1.1 200 OK"
2026-06-09 01:19:09,248 [INFO] httpx: HTTP Request: POST https://api.telegram.org/bot8343388239:AAFgeAkc9bvjywyCsHqRIa_RiJ6q-rp6uv0/getUpdates "HTTP/1.1 200 OK"
2026-06-09 01:19:39,941 [INFO] httpx: HTTP Request: POST https://api.telegram.org/bot8343388239:AAFgeAkc9bvjywyCsHqRIa_RiJ6q-rp6uv0/getUpdates "HTTP/1.1 200 OK"
2026-06-09 01:20:10,647 [INFO] httpx: HTTP Request: POST https://api.telegram.org/bot8343388239:AAFgeAkc9bvjywyCsHqRIa_RiJ6q-rp6uv0/getUpdates "HTTP/1.1 200 OK"
2026-06-09 01:20:41,354 [INFO] httpx: HTTP Request: POST https://api.telegram.org/bot8343388239:AAFgeAkc9bvjywyCsHqRIa_RiJ6q-rp6uv0/getUpdates "HTTP/1.1 200 OK"
2026-06-09 01:21:12,062 [INFO] httpx: HTTP Request: POST https://api.telegram.org/bot8343388239:AAFgeAkc9bvjywyCsHqRIa_RiJ6q-rp6uv0/getUpdates "HTTP/1.1 200 OK"
2026-06-09 01:21:42,758 [INFO] httpx: HTTP Request: POST https://api.telegram.org/bot8343388239:AAFgeAkc9bvjywyCsHqRIa_RiJ6q-rp6uv0/getUpdates "HTTP/1.1 200 OK"
2026-06-09 01:22:13,486 [INFO] httpx: HTTP Request: POST https://api.telegram.org/bot8343388239:AAFgeAkc9bvjywyCsHqRIa_RiJ6q-rp6uv0/getUpdates "HTTP/1.1 200 OK"
2026-06-09 01:22:44,179 [INFO] httpx: HTTP Request: POST https://api.telegram.org/bot8343388239:AAFgeAkc9bvjywyCsHqRIa_RiJ6q-rp6uv0/getUpdates "HTTP/1.1 200 OK"
2026-06-09 01:23:14,868 [INFO] httpx: HTTP Request: POST https://api.telegram.org/bot8343388239:AAFgeAkc9bvjywyCsHqRIa_RiJ6q-rp6uv0/getUpdates "HTTP/1.1 200 OK"
2026-06-09 01:23:31,606 [INFO] signals.stockity_http: Got 900 raw 1s candles for CRYPTO_IDX (Z-CRY/IDX)
2026-06-09 01:23:31,607 [INFO] signals.stockity_http: Aggregated into 16 1m candles
2026-06-09 01:23:31,607 [INFO] signals.stockity_http: Signal for CRYPTO_IDX: CALL 72% (score=72, EMA5↑EMA10; RSI0 OS; pinBot)
2026-06-09 01:23:31,744 [INFO] signals.stockity_http: Got 900 raw 1s candles for BTC_IDX (Z-CRY/IDX)
2026-06-09 01:23:31,744 [INFO] signals.stockity_http: Aggregated into 16 1m candles
2026-06-09 01:23:31,744 [INFO] signals.stockity_http: Signal for BTC_IDX: CALL 72% (score=72, EMA5↑EMA10; RSI0 OS; pinBot)
2026-06-09 01:23:31,878 [INFO] signals.stockity_http: Got 900 raw 1s candles for ETH_IDX (Z-CRY/IDX)
2026-06-09 01:23:31,878 [INFO] signals.stockity_http: Aggregated into 16 1m candles
2026-06-09 01:23:31,878 [INFO] signals.stockity_http: Signal for ETH_IDX: CALL 72% (score=72, EMA5↑EMA10; RSI0 OS; pinBot)
2026-06-09 01:23:32,010 [INFO] signals.stockity_http: Got 900 raw 1s candles for GOLD_IDX (Z-CRY/IDX)
2026-06-09 01:23:32,010 [INFO] signals.stockity_http: Aggregated into 16 1m candles
2026-06-09 01:23:32,011 [INFO] signals.stockity_http: Signal for GOLD_IDX: CALL 72% (score=72, EMA5↑EMA10; RSI0 OS; pinBot)
2026-06-09 01:23:45,558 [INFO] httpx: HTTP Request: POST https://api.telegram.org/bot8343388239:AAFgeAkc9bvjywyCsHqRIa_RiJ6q-rp6uv0/getUpdates "HTTP/1.1 200 OK"
2026-06-09 01:24:16,283 [INFO] httpx: HTTP Request: POST https://api.telegram.org/bot8343388239:AAFgeAkc9bvjywyCsHqRIa_RiJ6q-rp6uv0/getUpdates "HTTP/1.1 200 OK"
2026-06-09 01:24:46,975 [INFO] httpx: HTTP Request: POST https://api.telegram.org/bot8343388239:AAFgeAkc9bvjywyCsHqRIa_RiJ6q-rp6uv0/getUpdates "HTTP/1.1 200 OK"
2026-06-09 01:25:17,669 [INFO] httpx: HTTP Request: POST https://api.telegram.org/bot8343388239:AAFgeAkc9bvjywyCsHqRIa_RiJ6q-rp6uv0/getUpdates "HTTP/1.1 200 OK"
2026-06-09 01:25:48,363 [INFO] httpx: HTTP Request: POST https://api.telegram.org/bot8343388239:AAFgeAkc9bvjywyCsHqRIa_RiJ6q-rp6uv0/getUpdates "HTTP/1.1 200 OK"
2026-06-09 01:26:19,059 [INFO] httpx: HTTP Request: POST https://api.telegram.org/bot8343388239:AAFgeAkc9bvjywyCsHqRIa_RiJ6q-rp6uv0/getUpdates "HTTP/1.1 200 OK"
2026-06-09 01:26:49,757 [INFO] httpx: HTTP Request: POST https://api.telegram.org/bot8343388239:AAFgeAkc9bvjywyCsHqRIa_RiJ6q-rp6uv0/getUpdates "HTTP/1.1 200 OK"
2026-06-09 01:27:20,458 [INFO] httpx: HTTP Request: POST https://api.telegram.org/bot8343388239:AAFgeAkc9bvjywyCsHqRIa_RiJ6q-rp6uv0/getUpdates "HTTP/1.1 200 OK"
2026-06-09 01:27:51,150 [INFO] httpx: HTTP Request: POST https://api.telegram.org/bot8343388239:AAFgeAkc9bvjywyCsHqRIa_RiJ6q-rp6uv0/getUpdates "HTTP/1.1 200 OK"
2026-06-09 01:28:21,848 [INFO] httpx: HTTP Request: POST https://api.telegram.org/bot8343388239:AAFgeAkc9bvjywyCsHqRIa_RiJ6q-rp6uv0/getUpdates "HTTP/1.1 200 OK"
2026-06-09 01:28:32,192 [INFO] signals.stockity_http: Got 900 raw 1s candles for CRYPTO_IDX (Z-CRY/IDX)
2026-06-09 01:28:32,193 [INFO] signals.stockity_http: Aggregated into 16 1m candles
2026-06-09 01:28:32,193 [INFO] signals.stockity_http: Signal for CRYPTO_IDX: CALL 72% (score=72, EMA5↑EMA10; RSI0 OS; pinBot)
2026-06-09 01:28:32,337 [INFO] signals.stockity_http: Got 900 raw 1s candles for BTC_IDX (Z-CRY/IDX)
2026-06-09 01:28:32,338 [INFO] signals.stockity_http: Aggregated into 16 1m candles
2026-06-09 01:28:32,338 [INFO] signals.stockity_http: Signal for BTC_IDX: CALL 72% (score=72, EMA5↑EMA10; RSI0 OS; pinBot)
2026-06-09 01:28:32,471 [INFO] signals.stockity_http: Got 900 raw 1s candles for ETH_IDX (Z-CRY/IDX)
2026-06-09 01:28:32,471 [INFO] signals.stockity_http: Aggregated into 16 1m candles
2026-06-09 01:28:32,471 [INFO] signals.stockity_http: Signal for ETH_IDX: CALL 72% (score=72, EMA5↑EMA10; RSI0 OS; pinBot)
2026-06-09 01:28:32,609 [INFO] signals.stockity_http: Got 900 raw 1s candles for GOLD_IDX (Z-CRY/IDX)
2026-06-09 01:28:32,609 [INFO] signals.stockity_http: Aggregated into 16 1m candles
2026-06-09 01:28:32,609 [INFO] signals.stockity_http: Signal for GOLD_IDX: CALL 72% (score=72, EMA5↑EMA10; RSI0 OS; pinBot)
2026-06-09 01:28:52,542 [INFO] httpx: HTTP Request: POST https://api.telegram.org/bot8343388239:AAFgeAkc9bvjywyCsHqRIa_RiJ6q-rp6uv0/getUpdates "HTTP/1.1 200 OK"
2026-06-09 01:29:23,237 [INFO] httpx: HTTP Request: POST https://api.telegram.org/bot8343388239:AAFgeAkc9bvjywyCsHqRIa_RiJ6q-rp6uv0/getUpdates "HTTP/1.1 200 OK"
2026-06-09 01:29:53,931 [INFO] httpx: HTTP Request: POST https://api.telegram.org/bot8343388239:AAFgeAkc9bvjywyCsHqRIa_RiJ6q-rp6uv0/getUpdates "HTTP/1.1 200 OK"
2026-06-09 01:30:24,627 [INFO] httpx: HTTP Request: POST https://api.telegram.org/bot8343388239:AAFgeAkc9bvjywyCsHqRIa_RiJ6q-rp6uv0/getUpdates "HTTP/1.1 200 OK"
2026-06-09 01:30:55,336 [INFO] httpx: HTTP Request: POST https://api.telegram.org/bot8343388239:AAFgeAkc9bvjywyCsHqRIa_RiJ6q-rp6uv0/getUpdates "HTTP/1.1 200 OK"
2026-06-09 01:31:26,030 [INFO] httpx: HTTP Request: POST https://api.telegram.org/bot8343388239:AAFgeAkc9bvjywyCsHqRIa_RiJ6q-rp6uv0/getUpdates "HTTP/1.1 200 OK"
2026-06-09 01:31:56,724 [INFO] httpx: HTTP Request: POST https://api.telegram.org/bot8343388239:AAFgeAkc9bvjywyCsHqRIa_RiJ6q-rp6uv0/getUpdates "HTTP/1.1 200 OK"
2026-06-09 01:32:27,419 [INFO] httpx: HTTP Request: POST https://api.telegram.org/bot8343388239:AAFgeAkc9bvjywyCsHqRIa_RiJ6q-rp6uv0/getUpdates "HTTP/1.1 200 OK"
2026-06-09 01:32:58,108 [INFO] httpx: HTTP Request: POST https://api.telegram.org/bot8343388239:AAFgeAkc9bvjywyCsHqRIa_RiJ6q-rp6uv0/getUpdates "HTTP/1.1 200 OK"
2026-06-09 01:33:28,804 [INFO] httpx: HTTP Request: POST https://api.telegram.org/bot8343388239:AAFgeAkc9bvjywyCsHqRIa_RiJ6q-rp6uv0/getUpdates "HTTP/1.1 200 OK"
2026-06-09 01:33:33,005 [INFO] signals.stockity_http: Got 900 raw 1s candles for CRYPTO_IDX (Z-CRY/IDX)
2026-06-09 01:33:33,006 [INFO] signals.stockity_http: Aggregated into 16 1m candles
2026-06-09 01:33:33,006 [INFO] signals.stockity_http: Signal for CRYPTO_IDX: WAIT 55% (score=45, EMA5↓EMA10; bearX; RSI0 OS)
2026-06-09 01:33:33,517 [INFO] signals.stockity_http: Got 900 raw 1s candles for BTC_IDX (Z-CRY/IDX)
2026-06-09 01:33:33,518 [INFO] signals.stockity_http: Aggregated into 16 1m candles
2026-06-09 01:33:33,518 [INFO] signals.stockity_http: Signal for BTC_IDX: WAIT 55% (score=45, EMA5↓EMA10; bearX; RSI0 OS)
2026-06-09 01:33:33,685 [INFO] signals.stockity_http: Got 900 raw 1s candles for ETH_IDX (Z-CRY/IDX)
2026-06-09 01:33:33,686 [INFO] signals.stockity_http: Aggregated into 16 1m candles
2026-06-09 01:33:33,686 [INFO] signals.stockity_http: Signal for ETH_IDX: WAIT 55% (score=45, EMA5↓EMA10; bearX; RSI0 OS)
2026-06-09 01:33:33,829 [INFO] signals.stockity_http: Got 900 raw 1s candles for GOLD_IDX (Z-CRY/IDX)
2026-06-09 01:33:33,831 [INFO] signals.stockity_http: Aggregated into 16 1m candles
2026-06-09 01:33:33,831 [INFO] signals.stockity_http: Signal for GOLD_IDX: WAIT 55% (score=45, EMA5↓EMA10; bearX; RSI0 OS)
2026-06-09 01:33:59,494 [INFO] httpx: HTTP Request: POST https://api.telegram.org/bot8343388239:AAFgeAkc9bvjywyCsHqRIa_RiJ6q-rp6uv0/getUpdates "HTTP/1.1 200 OK"
2026-06-09 01:34:30,187 [INFO] httpx: HTTP Request: POST https://api.telegram.org/bot8343388239:AAFgeAkc9bvjywyCsHqRIa_RiJ6q-rp6uv0/getUpdates "HTTP/1.1 200 OK"
2026-06-09 01:35:00,875 [INFO] httpx: HTTP Request: POST https://api.telegram.org/bot8343388239:AAFgeAkc9bvjywyCsHqRIa_RiJ6q-rp6uv0/getUpdates "HTTP/1.1 200 OK"
2026-06-09 01:35:31,565 [INFO] httpx: HTTP Request: POST https://api.telegram.org/bot8343388239:AAFgeAkc9bvjywyCsHqRIa_RiJ6q-rp6uv0/getUpdates "HTTP/1.1 200 OK"
2026-06-09 01:36:02,257 [INFO] httpx: HTTP Request: POST https://api.telegram.org/bot8343388239:AAFgeAkc9bvjywyCsHqRIa_RiJ6q-rp6uv0/getUpdates "HTTP/1.1 200 OK"
2026-06-09 01:36:32,946 [INFO] httpx: HTTP Request: POST https://api.telegram.org/bot8343388239:AAFgeAkc9bvjywyCsHqRIa_RiJ6q-rp6uv0/getUpdates "HTTP/1.1 200 OK"
2026-06-09 01:37:03,638 [INFO] httpx: HTTP Request: POST https://api.telegram.org/bot8343388239:AAFgeAkc9bvjywyCsHqRIa_RiJ6q-rp6uv0/getUpdates "HTTP/1.1 200 OK"
2026-06-09 01:37:34,330 [INFO] httpx: HTTP Request: POST https://api.telegram.org/bot8343388239:AAFgeAkc9bvjywyCsHqRIa_RiJ6q-rp6uv0/getUpdates "HTTP/1.1 200 OK"
2026-06-09 01:38:05,032 [INFO] httpx: HTTP Request: POST https://api.telegram.org/bot8343388239:AAFgeAkc9bvjywyCsHqRIa_RiJ6q-rp6uv0/getUpdates "HTTP/1.1 200 OK"
2026-06-09 01:38:34,031 [INFO] signals.stockity_http: Got 900 raw 1s candles for CRYPTO_IDX (Z-CRY/IDX)
2026-06-09 01:38:34,032 [INFO] signals.stockity_http: Aggregated into 16 1m candles
2026-06-09 01:38:34,032 [INFO] signals.stockity_http: Signal for CRYPTO_IDX: WAIT 55% (score=45, EMA5↓EMA10; bearX; RSI0 OS)
2026-06-09 01:38:34,182 [INFO] signals.stockity_http: Got 900 raw 1s candles for BTC_IDX (Z-CRY/IDX)
2026-06-09 01:38:34,182 [INFO] signals.stockity_http: Aggregated into 16 1m candles
2026-06-09 01:38:34,183 [INFO] signals.stockity_http: Signal for BTC_IDX: WAIT 55% (score=45, EMA5↓EMA10; bearX; RSI0 OS)
2026-06-09 01:38:34,341 [INFO] signals.stockity_http: Got 900 raw 1s candles for ETH_IDX (Z-CRY/IDX)
2026-06-09 01:38:34,344 [INFO] signals.stockity_http: Aggregated into 16 1m candles
2026-06-09 01:38:34,345 [INFO] signals.stockity_http: Signal for ETH_IDX: WAIT 55% (score=45, EMA5↓EMA10; bearX; RSI0 OS)
2026-06-09 01:38:34,490 [INFO] signals.stockity_http: Got 900 raw 1s candles for GOLD_IDX (Z-CRY/IDX)
2026-06-09 01:38:34,491 [INFO] signals.stockity_http: Aggregated into 16 1m candles
2026-06-09 01:38:34,491 [INFO] signals.stockity_http: Signal for GOLD_IDX: WAIT 55% (score=45, EMA5↓EMA10; bearX; RSI0 OS)
2026-06-09 01:38:35,727 [INFO] httpx: HTTP Request: POST https://api.telegram.org/bot8343388239:AAFgeAkc9bvjywyCsHqRIa_RiJ6q-rp6uv0/getUpdates "HTTP/1.1 200 OK"
2026-06-09 01:39:06,425 [INFO] httpx: HTTP Request: POST https://api.telegram.org/bot8343388239:AAFgeAkc9bvjywyCsHqRIa_RiJ6q-rp6uv0/getUpdates "HTTP/1.1 200 OK"
2026-06-09 01:39:37,115 [INFO] httpx: HTTP Request: POST https://api.telegram.org/bot8343388239:AAFgeAkc9bvjywyCsHqRIa_RiJ6q-rp6uv0/getUpdates "HTTP/1.1 200 OK"
2026-06-09 01:40:07,810 [INFO] httpx: HTTP Request: POST https://api.telegram.org/bot8343388239:AAFgeAkc9bvjywyCsHqRIa_RiJ6q-rp6uv0/getUpdates "HTTP/1.1 200 OK"
2026-06-09 01:40:38,502 [INFO] httpx: HTTP Request: POST https://api.telegram.org/bot8343388239:AAFgeAkc9bvjywyCsHqRIa_RiJ6q-rp6uv0/getUpdates "HTTP/1.1 200 OK"
2026-06-09 01:41:09,197 [INFO] httpx: HTTP Request: POST https://api.telegram.org/bot8343388239:AAFgeAkc9bvjywyCsHqRIa_RiJ6q-rp6uv0/getUpdates "HTTP/1.1 200 OK"
2026-06-09 01:41:39,889 [INFO] httpx: HTTP Request: POST https://api.telegram.org/bot8343388239:AAFgeAkc9bvjywyCsHqRIa_RiJ6q-rp6uv0/getUpdates "HTTP/1.1 200 OK"
2026-06-09 01:42:10,584 [INFO] httpx: HTTP Request: POST https://api.telegram.org/bot8343388239:AAFgeAkc9bvjywyCsHqRIa_RiJ6q-rp6uv0/getUpdates "HTTP/1.1 200 OK"
2026-06-09 01:42:41,285 [INFO] httpx: HTTP Request: POST https://api.telegram.org/bot8343388239:AAFgeAkc9bvjywyCsHqRIa_RiJ6q-rp6uv0/getUpdates "HTTP/1.1 200 OK"
2026-06-09 01:43:11,980 [INFO] httpx: HTTP Request: POST https://api.telegram.org/bot8343388239:AAFgeAkc9bvjywyCsHqRIa_RiJ6q-rp6uv0/getUpdates "HTTP/1.1 200 OK"
2026-06-09 01:43:34,689 [INFO] signals.stockity_http: Got 900 raw 1s candles for CRYPTO_IDX (Z-CRY/IDX)
2026-06-09 01:43:34,690 [INFO] signals.stockity_http: Aggregated into 16 1m candles
2026-06-09 01:43:34,690 [INFO] signals.stockity_http: Signal for CRYPTO_IDX: WAIT 55% (score=45, EMA5↓EMA10; bearX; RSI0 OS)
2026-06-09 01:43:34,830 [INFO] signals.stockity_http: Got 900 raw 1s candles for BTC_IDX (Z-CRY/IDX)
2026-06-09 01:43:34,830 [INFO] signals.stockity_http: Aggregated into 16 1m candles
2026-06-09 01:43:34,831 [INFO] signals.stockity_http: Signal for BTC_IDX: WAIT 55% (score=45, EMA5↓EMA10; bearX; RSI0 OS)
2026-06-09 01:43:34,963 [INFO] signals.stockity_http: Got 900 raw 1s candles for ETH_IDX (Z-CRY/IDX)
2026-06-09 01:43:34,963 [INFO] signals.stockity_http: Aggregated into 16 1m candles
2026-06-09 01:43:34,964 [INFO] signals.stockity_http: Signal for ETH_IDX: WAIT 55% (score=45, EMA5↓EMA10; bearX; RSI0 OS)
2026-06-09 01:43:35,095 [INFO] signals.stockity_http: Got 900 raw 1s candles for GOLD_IDX (Z-CRY/IDX)
2026-06-09 01:43:35,096 [INFO] signals.stockity_http: Aggregated into 16 1m candles
2026-06-09 01:43:35,096 [INFO] signals.stockity_http: Signal for GOLD_IDX: WAIT 55% (score=45, EMA5↓EMA10; bearX; RSI0 OS)
2026-06-09 01:43:42,674 [INFO] httpx: HTTP Request: POST https://api.telegram.org/bot8343388239:AAFgeAkc9bvjywyCsHqRIa_RiJ6q-rp6uv0/getUpdates "HTTP/1.1 200 OK"
2026-06-09 01:44:13,375 [INFO] httpx: HTTP Request: POST https://api.telegram.org/bot8343388239:AAFgeAkc9bvjywyCsHqRIa_RiJ6q-rp6uv0/getUpdates "HTTP/1.1 200 OK"
2026-06-09 01:44:44,064 [INFO] httpx: HTTP Request: POST https://api.telegram.org/bot8343388239:AAFgeAkc9bvjywyCsHqRIa_RiJ6q-rp6uv0/getUpdates "HTTP/1.1 200 OK"
2026-06-09 01:45:14,759 [INFO] httpx: HTTP Request: POST https://api.telegram.org/bot8343388239:AAFgeAkc9bvjywyCsHqRIa_RiJ6q-rp6uv0/getUpdates "HTTP/1.1 200 OK"
2026-06-09 01:45:45,475 [INFO] httpx: HTTP Request: POST https://api.telegram.org/bot8343388239:AAFgeAkc9bvjywyCsHqRIa_RiJ6q-rp6uv0/getUpdates "HTTP/1.1 200 OK"
2026-06-09 01:46:16,179 [INFO] httpx: HTTP Request: POST https://api.telegram.org/bot8343388239:AAFgeAkc9bvjywyCsHqRIa_RiJ6q-rp6uv0/getUpdates "HTTP/1.1 200 OK"
2026-06-09 01:46:46,868 [INFO] httpx: HTTP Request: POST https://api.telegram.org/bot8343388239:AAFgeAkc9bvjywyCsHqRIa_RiJ6q-rp6uv0/getUpdates "HTTP/1.1 200 OK"
2026-06-09 01:47:17,568 [INFO] httpx: HTTP Request: POST https://api.telegram.org/bot8343388239:AAFgeAkc9bvjywyCsHqRIa_RiJ6q-rp6uv0/getUpdates "HTTP/1.1 200 OK"
2026-06-09 01:47:48,259 [INFO] httpx: HTTP Request: POST https://api.telegram.org/bot8343388239:AAFgeAkc9bvjywyCsHqRIa_RiJ6q-rp6uv0/getUpdates "HTTP/1.1 200 OK"
2026-06-09 01:48:18,954 [INFO] httpx: HTTP Request: POST https://api.telegram.org/bot8343388239:AAFgeAkc9bvjywyCsHqRIa_RiJ6q-rp6uv0/getUpdates "HTTP/1.1 200 OK"
2026-06-09 01:48:35,463 [INFO] signals.stockity_http: Got 900 raw 1s candles for CRYPTO_IDX (Z-CRY/IDX)
2026-06-09 01:48:35,464 [INFO] signals.stockity_http: Aggregated into 16 1m candles
2026-06-09 01:48:35,464 [INFO] signals.stockity_http: Signal for CRYPTO_IDX: WAIT 56% (score=44, EMA5↓EMA10; RSI0 OS; pinTop)
2026-06-09 01:48:35,611 [INFO] signals.stockity_http: Got 900 raw 1s candles for BTC_IDX (Z-CRY/IDX)
2026-06-09 01:48:35,612 [INFO] signals.stockity_http: Aggregated into 16 1m candles
2026-06-09 01:48:35,612 [INFO] signals.stockity_http: Signal for BTC_IDX: WAIT 56% (score=44, EMA5↓EMA10; RSI0 OS; pinTop)
2026-06-09 01:48:35,749 [INFO] signals.stockity_http: Got 900 raw 1s candles for ETH_IDX (Z-CRY/IDX)
2026-06-09 01:48:35,751 [INFO] signals.stockity_http: Aggregated into 16 1m candles
2026-06-09 01:48:35,752 [INFO] signals.stockity_http: Signal for ETH_IDX: WAIT 56% (score=44, EMA5↓EMA10; RSI0 OS; pinTop)
2026-06-09 01:48:35,889 [INFO] signals.stockity_http: Got 900 raw 1s candles for GOLD_IDX (Z-CRY/IDX)
2026-06-09 01:48:35,891 [INFO] signals.stockity_http: Aggregated into 16 1m candles
2026-06-09 01:48:35,891 [INFO] signals.stockity_http: Signal for GOLD_IDX: WAIT 56% (score=44, EMA5↓EMA10; RSI0 OS; pinTop)
2026-06-09 01:48:49,648 [INFO] httpx: HTTP Request: POST https://api.telegram.org/bot8343388239:AAFgeAkc9bvjywyCsHqRIa_RiJ6q-rp6uv0/getUpdates "HTTP/1.1 200 OK"
2026-06-09 01:49:20,348 [INFO] httpx: HTTP Request: POST https://api.telegram.org/bot8343388239:AAFgeAkc9bvjywyCsHqRIa_RiJ6q-rp6uv0/getUpdates "HTTP/1.1 200 OK"
2026-06-09 01:49:51,435 [INFO] httpx: HTTP Request: POST https://api.telegram.org/bot8343388239:AAFgeAkc9bvjywyCsHqRIa_RiJ6q-rp6uv0/getUpdates "HTTP/1.1 200 OK"
2026-06-09 01:50:22,129 [INFO] httpx: HTTP Request: POST https://api.telegram.org/bot8343388239:AAFgeAkc9bvjywyCsHqRIa_RiJ6q-rp6uv0/getUpdates "HTTP/1.1 200 OK"
2026-06-09 01:50:52,826 [INFO] httpx: HTTP Request: POST https://api.telegram.org/bot8343388239:AAFgeAkc9bvjywyCsHqRIa_RiJ6q-rp6uv0/getUpdates "HTTP/1.1 200 OK"
2026-06-09 01:51:23,523 [INFO] httpx: HTTP Request: POST https://api.telegram.org/bot8343388239:AAFgeAkc9bvjywyCsHqRIa_RiJ6q-rp6uv0/getUpdates "HTTP/1.1 200 OK"
2026-06-09 01:51:54,214 [INFO] httpx: HTTP Request: POST https://api.telegram.org/bot8343388239:AAFgeAkc9bvjywyCsHqRIa_RiJ6q-rp6uv0/getUpdates "HTTP/1.1 200 OK"
2026-06-09 01:52:24,914 [INFO] httpx: HTTP Request: POST https://api.telegram.org/bot8343388239:AAFgeAkc9bvjywyCsHqRIa_RiJ6q-rp6uv0/getUpdates "HTTP/1.1 200 OK"
2026-06-09 01:52:55,618 [INFO] httpx: HTTP Request: POST https://api.telegram.org/bot8343388239:AAFgeAkc9bvjywyCsHqRIa_RiJ6q-rp6uv0/getUpdates "HTTP/1.1 200 OK"
2026-06-09 01:53:26,309 [INFO] httpx: HTTP Request: POST https://api.telegram.org/bot8343388239:AAFgeAkc9bvjywyCsHqRIa_RiJ6q-rp6uv0/getUpdates "HTTP/1.1 200 OK"
2026-06-09 01:53:36,085 [INFO] signals.stockity_http: Got 900 raw 1s candles for CRYPTO_IDX (Z-CRY/IDX)
2026-06-09 01:53:36,086 [INFO] signals.stockity_http: Aggregated into 16 1m candles
2026-06-09 01:53:36,086 [INFO] signals.stockity_http: Signal for CRYPTO_IDX: WAIT 56% (score=44, EMA5↓EMA10; RSI0 OS; pinTop)
2026-06-09 01:53:36,225 [INFO] signals.stockity_http: Got 900 raw 1s candles for BTC_IDX (Z-CRY/IDX)
2026-06-09 01:53:36,225 [INFO] signals.stockity_http: Aggregated into 16 1m candles
2026-06-09 01:53:36,226 [INFO] signals.stockity_http: Signal for BTC_IDX: WAIT 56% (score=44, EMA5↓EMA10; RSI0 OS; pinTop)
2026-06-09 01:53:36,363 [INFO] signals.stockity_http: Got 900 raw 1s candles for ETH_IDX (Z-CRY/IDX)
2026-06-09 01:53:36,363 [INFO] signals.stockity_http: Aggregated into 16 1m candles
2026-06-09 01:53:36,364 [INFO] signals.stockity_http: Signal for ETH_IDX: WAIT 56% (score=44, EMA5↓EMA10; RSI0 OS; pinTop)
2026-06-09 01:53:36,558 [INFO] signals.stockity_http: Got 900 raw 1s candles for GOLD_IDX (Z-CRY/IDX)
2026-06-09 01:53:36,559 [INFO] signals.stockity_http: Aggregated into 16 1m candles
2026-06-09 01:53:36,559 [INFO] signals.stockity_http: Signal for GOLD_IDX: WAIT 56% (score=44, EMA5↓EMA10; RSI0 OS; pinTop)
2026-06-09 01:53:56,999 [INFO] httpx: HTTP Request: POST https://api.telegram.org/bot8343388239:AAFgeAkc9bvjywyCsHqRIa_RiJ6q-rp6uv0/getUpdates "HTTP/1.1 200 OK"
2026-06-09 01:54:27,691 [INFO] httpx: HTTP Request: POST https://api.telegram.org/bot8343388239:AAFgeAkc9bvjywyCsHqRIa_RiJ6q-rp6uv0/getUpdates "HTTP/1.1 200 OK"
2026-06-09 01:54:58,380 [INFO] httpx: HTTP Request: POST https://api.telegram.org/bot8343388239:AAFgeAkc9bvjywyCsHqRIa_RiJ6q-rp6uv0/getUpdates "HTTP/1.1 200 OK"
2026-06-09 01:55:29,074 [INFO] httpx: HTTP Request: POST https://api.telegram.org/bot8343388239:AAFgeAkc9bvjywyCsHqRIa_RiJ6q-rp6uv0/getUpdates "HTTP/1.1 200 OK"
2026-06-09 01:55:59,769 [INFO] httpx: HTTP Request: POST https://api.telegram.org/bot8343388239:AAFgeAkc9bvjywyCsHqRIa_RiJ6q-rp6uv0/getUpdates "HTTP/1.1 200 OK"
2026-06-09 01:56:30,466 [INFO] httpx: HTTP Request: POST https://api.telegram.org/bot8343388239:AAFgeAkc9bvjywyCsHqRIa_RiJ6q-rp6uv0/getUpdates "HTTP/1.1 200 OK"
2026-06-09 01:57:01,158 [INFO] httpx: HTTP Request: POST https://api.telegram.org/bot8343388239:AAFgeAkc9bvjywyCsHqRIa_RiJ6q-rp6uv0/getUpdates "HTTP/1.1 200 OK"
2026-06-09 01:57:31,854 [INFO] httpx: HTTP Request: POST https://api.telegram.org/bot8343388239:AAFgeAkc9bvjywyCsHqRIa_RiJ6q-rp6uv0/getUpdates "HTTP/1.1 200 OK"
2026-06-09 01:58:02,547 [INFO] httpx: HTTP Request: POST https://api.telegram.org/bot8343388239:AAFgeAkc9bvjywyCsHqRIa_RiJ6q-rp6uv0/getUpdates "HTTP/1.1 200 OK"
2026-06-09 01:58:33,238 [INFO] httpx: HTTP Request: POST https://api.telegram.org/bot8343388239:AAFgeAkc9bvjywyCsHqRIa_RiJ6q-rp6uv0/getUpdates "HTTP/1.1 200 OK"
2026-06-09 01:58:36,730 [INFO] signals.stockity_http: Got 900 raw 1s candles for CRYPTO_IDX (Z-CRY/IDX)
2026-06-09 01:58:36,731 [INFO] signals.stockity_http: Aggregated into 16 1m candles
2026-06-09 01:58:36,731 [INFO] signals.stockity_http: Signal for CRYPTO_IDX: WAIT 56% (score=44, EMA5↓EMA10; RSI0 OS; pinTop)
2026-06-09 01:58:36,867 [INFO] signals.stockity_http: Got 900 raw 1s candles for BTC_IDX (Z-CRY/IDX)
2026-06-09 01:58:36,867 [INFO] signals.stockity_http: Aggregated into 16 1m candles
2026-06-09 01:58:36,867 [INFO] signals.stockity_http: Signal for BTC_IDX: WAIT 56% (score=44, EMA5↓EMA10; RSI0 OS; pinTop)
2026-06-09 01:58:37,019 [INFO] signals.stockity_http: Got 900 raw 1s candles for ETH_IDX (Z-CRY/IDX)
2026-06-09 01:58:37,020 [INFO] signals.stockity_http: Aggregated into 16 1m candles
2026-06-09 01:58:37,020 [INFO] signals.stockity_http: Signal for ETH_IDX: WAIT 56% (score=44, EMA5↓EMA10; RSI0 OS; pinTop)
2026-06-09 01:58:37,172 [INFO] signals.stockity_http: Got 900 raw 1s candles for GOLD_IDX (Z-CRY/IDX)
2026-06-09 01:58:37,173 [INFO] signals.stockity_http: Aggregated into 16 1m candles
2026-06-09 01:58:37,173 [INFO] signals.stockity_http: Signal for GOLD_IDX: WAIT 56% (score=44, EMA5↓EMA10; RSI0 OS; pinTop)
2026-06-09 01:59:03,935 [INFO] httpx: HTTP Request: POST https://api.telegram.org/bot8343388239:AAFgeAkc9bvjywyCsHqRIa_RiJ6q-rp6uv0/getUpdates "HTTP/1.1 200 OK"
2026-06-09 01:59:34,630 [INFO] httpx: HTTP Request: POST https://api.telegram.org/bot8343388239:AAFgeAkc9bvjywyCsHqRIa_RiJ6q-rp6uv0/getUpdates "HTTP/1.1 200 OK"
2026-06-09 02:00:05,328 [INFO] httpx: HTTP Request: POST https://api.telegram.org/bot8343388239:AAFgeAkc9bvjywyCsHqRIa_RiJ6q-rp6uv0/getUpdates "HTTP/1.1 200 OK"
2026-06-09 02:00:36,023 [INFO] httpx: HTTP Request: POST https://api.telegram.org/bot8343388239:AAFgeAkc9bvjywyCsHqRIa_RiJ6q-rp6uv0/getUpdates "HTTP/1.1 200 OK"
2026-06-09 02:01:06,714 [INFO] httpx: HTTP Request: POST https://api.telegram.org/bot8343388239:AAFgeAkc9bvjywyCsHqRIa_RiJ6q-rp6uv0/getUpdates "HTTP/1.1 200 OK"
2026-06-09 02:01:37,403 [INFO] httpx: HTTP Request: POST https://api.telegram.org/bot8343388239:AAFgeAkc9bvjywyCsHqRIa_RiJ6q-rp6uv0/getUpdates "HTTP/1.1 200 OK"
2026-06-09 02:02:08,094 [INFO] httpx: HTTP Request: POST https://api.telegram.org/bot8343388239:AAFgeAkc9bvjywyCsHqRIa_RiJ6q-rp6uv0/getUpdates "HTTP/1.1 200 OK"
2026-06-09 02:02:38,791 [INFO] httpx: HTTP Request: POST https://api.telegram.org/bot8343388239:AAFgeAkc9bvjywyCsHqRIa_RiJ6q-rp6uv0/getUpdates "HTTP/1.1 200 OK"
2026-06-09 02:03:09,486 [INFO] httpx: HTTP Request: POST https://api.telegram.org/bot8343388239:AAFgeAkc9bvjywyCsHqRIa_RiJ6q-rp6uv0/getUpdates "HTTP/1.1 200 OK"
2026-06-09 02:03:37,555 [INFO] signals.stockity_http: Got 900 raw 1s candles for CRYPTO_IDX (Z-CRY/IDX)
2026-06-09 02:03:37,556 [INFO] signals.stockity_http: Aggregated into 16 1m candles
2026-06-09 02:03:37,556 [INFO] signals.stockity_http: Signal for CRYPTO_IDX: CALL 66% (score=66, EMA5↑EMA10; RSI0 OS; midHi)
2026-06-09 02:03:37,557 [INFO] subscription_bot.signaler: NEW signal: CRYPTO_IDX CALL 66%
2026-06-09 02:03:37,557 [INFO] subscription_bot.bot: Signal dispatched to 0/0 subscribers
2026-06-09 02:03:37,689 [INFO] signals.stockity_http: Got 900 raw 1s candles for BTC_IDX (Z-CRY/IDX)
2026-06-09 02:03:37,690 [INFO] signals.stockity_http: Aggregated into 16 1m candles
2026-06-09 02:03:37,690 [INFO] signals.stockity_http: Signal for BTC_IDX: CALL 66% (score=66, EMA5↑EMA10; RSI0 OS; midHi)
2026-06-09 02:03:37,690 [INFO] subscription_bot.signaler: NEW signal: BTC_IDX CALL 66%
2026-06-09 02:03:37,691 [INFO] subscription_bot.bot: Signal dispatched to 0/0 subscribers
2026-06-09 02:03:37,835 [INFO] signals.stockity_http: Got 900 raw 1s candles for ETH_IDX (Z-CRY/IDX)
2026-06-09 02:03:37,836 [INFO] signals.stockity_http: Aggregated into 16 1m candles
2026-06-09 02:03:37,837 [INFO] signals.stockity_http: Signal for ETH_IDX: CALL 66% (score=66, EMA5↑EMA10; RSI0 OS; midHi)
2026-06-09 02:03:37,837 [INFO] subscription_bot.signaler: NEW signal: ETH_IDX CALL 66%
2026-06-09 02:03:37,837 [INFO] subscription_bot.bot: Signal dispatched to 0/0 subscribers
2026-06-09 02:03:37,979 [INFO] signals.stockity_http: Got 900 raw 1s candles for GOLD_IDX (Z-CRY/IDX)
2026-06-09 02:03:37,980 [INFO] signals.stockity_http: Aggregated into 16 1m candles
2026-06-09 02:03:37,980 [INFO] signals.stockity_http: Signal for GOLD_IDX: CALL 66% (score=66, EMA5↑EMA10; RSI0 OS; midHi)
2026-06-09 02:03:37,980 [INFO] subscription_bot.signaler: NEW signal: GOLD_IDX CALL 66%
2026-06-09 02:03:37,980 [INFO] subscription_bot.bot: Signal dispatched to 0/0 subscribers
2026-06-09 02:03:40,179 [INFO] httpx: HTTP Request: POST https://api.telegram.org/bot8343388239:AAFgeAkc9bvjywyCsHqRIa_RiJ6q-rp6uv0/getUpdates "HTTP/1.1 200 OK"
2026-06-09 02:04:10,872 [INFO] httpx: HTTP Request: POST https://api.telegram.org/bot8343388239:AAFgeAkc9bvjywyCsHqRIa_RiJ6q-rp6uv0/getUpdates "HTTP/1.1 200 OK"
2026-06-09 02:04:41,568 [INFO] httpx: HTTP Request: POST https://api.telegram.org/bot8343388239:AAFgeAkc9bvjywyCsHqRIa_RiJ6q-rp6uv0/getUpdates "HTTP/1.1 200 OK"
2026-06-09 02:05:12,267 [INFO] httpx: HTTP Request: POST https://api.telegram.org/bot8343388239:AAFgeAkc9bvjywyCsHqRIa_RiJ6q-rp6uv0/getUpdates "HTTP/1.1 200 OK"
2026-06-09 02:05:42,967 [INFO] httpx: HTTP Request: POST https://api.telegram.org/bot8343388239:AAFgeAkc9bvjywyCsHqRIa_RiJ6q-rp6uv0/getUpdates "HTTP/1.1 200 OK"
2026-06-09 02:06:13,659 [INFO] httpx: HTTP Request: POST https://api.telegram.org/bot8343388239:AAFgeAkc9bvjywyCsHqRIa_RiJ6q-rp6uv0/getUpdates "HTTP/1.1 200 OK"
2026-06-09 02:06:44,355 [INFO] httpx: HTTP Request: POST https://api.telegram.org/bot8343388239:AAFgeAkc9bvjywyCsHqRIa_RiJ6q-rp6uv0/getUpdates "HTTP/1.1 200 OK"
2026-06-09 02:07:15,047 [INFO] httpx: HTTP Request: POST https://api.telegram.org/bot8343388239:AAFgeAkc9bvjywyCsHqRIa_RiJ6q-rp6uv0/getUpdates "HTTP/1.1 200 OK"
2026-06-09 02:07:45,736 [INFO] httpx: HTTP Request: POST https://api.telegram.org/bot8343388239:AAFgeAkc9bvjywyCsHqRIa_RiJ6q-rp6uv0/getUpdates "HTTP/1.1 200 OK"
2026-06-09 02:08:16,436 [INFO] httpx: HTTP Request: POST https://api.telegram.org/bot8343388239:AAFgeAkc9bvjywyCsHqRIa_RiJ6q-rp6uv0/getUpdates "HTTP/1.1 200 OK"
2026-06-09 02:08:38,167 [INFO] signals.stockity_http: Got 900 raw 1s candles for CRYPTO_IDX (Z-CRY/IDX)
2026-06-09 02:08:38,167 [INFO] signals.stockity_http: Aggregated into 16 1m candles
2026-06-09 02:08:38,167 [INFO] signals.stockity_http: Signal for CRYPTO_IDX: CALL 66% (score=66, EMA5↑EMA10; RSI0 OS; midHi)
2026-06-09 02:08:38,308 [INFO] signals.stockity_http: Got 900 raw 1s candles for BTC_IDX (Z-CRY/IDX)
2026-06-09 02:08:38,308 [INFO] signals.stockity_http: Aggregated into 16 1m candles
2026-06-09 02:08:38,308 [INFO] signals.stockity_http: Signal for BTC_IDX: CALL 66% (score=66, EMA5↑EMA10; RSI0 OS; midHi)
2026-06-09 02:08:38,437 [INFO] signals.stockity_http: Got 900 raw 1s candles for ETH_IDX (Z-CRY/IDX)
2026-06-09 02:08:38,437 [INFO] signals.stockity_http: Aggregated into 16 1m candles
2026-06-09 02:08:38,437 [INFO] signals.stockity_http: Signal for ETH_IDX: CALL 66% (score=66, EMA5↑EMA10; RSI0 OS; midHi)
2026-06-09 02:08:38,567 [INFO] signals.stockity_http: Got 900 raw 1s candles for GOLD_IDX (Z-CRY/IDX)
2026-06-09 02:08:38,567 [INFO] signals.stockity_http: Aggregated into 16 1m candles
2026-06-09 02:08:38,567 [INFO] signals.stockity_http: Signal for GOLD_IDX: CALL 66% (score=66, EMA5↑EMA10; RSI0 OS; midHi)
2026-06-09 02:08:47,137 [INFO] httpx: HTTP Request: POST https://api.telegram.org/bot8343388239:AAFgeAkc9bvjywyCsHqRIa_RiJ6q-rp6uv0/getUpdates "HTTP/1.1 200 OK"
2026-06-09 02:09:17,827 [INFO] httpx: HTTP Request: POST https://api.telegram.org/bot8343388239:AAFgeAkc9bvjywyCsHqRIa_RiJ6q-rp6uv0/getUpdates "HTTP/1.1 200 OK"
2026-06-09 02:09:48,515 [INFO] httpx: HTTP Request: POST https://api.telegram.org/bot8343388239:AAFgeAkc9bvjywyCsHqRIa_RiJ6q-rp6uv0/getUpdates "HTTP/1.1 200 OK"
2026-06-09 02:10:19,212 [INFO] httpx: HTTP Request: POST https://api.telegram.org/bot8343388239:AAFgeAkc9bvjywyCsHqRIa_RiJ6q-rp6uv0/getUpdates "HTTP/1.1 200 OK"
2026-06-09 02:10:49,907 [INFO] httpx: HTTP Request: POST https://api.telegram.org/bot8343388239:AAFgeAkc9bvjywyCsHqRIa_RiJ6q-rp6uv0/getUpdates "HTTP/1.1 200 OK"
2026-06-09 02:11:20,598 [INFO] httpx: HTTP Request: POST https://api.telegram.org/bot8343388239:AAFgeAkc9bvjywyCsHqRIa_RiJ6q-rp6uv0/getUpdates "HTTP/1.1 200 OK"
2026-06-09 02:11:51,299 [INFO] httpx: HTTP Request: POST https://api.telegram.org/bot8343388239:AAFgeAkc9bvjywyCsHqRIa_RiJ6q-rp6uv0/getUpdates "HTTP/1.1 200 OK"
2026-06-09 02:12:22,002 [INFO] httpx: HTTP Request: POST https://api.telegram.org/bot8343388239:AAFgeAkc9bvjywyCsHqRIa_RiJ6q-rp6uv0/getUpdates "HTTP/1.1 200 OK"
2026-06-09 02:12:52,693 [INFO] httpx: HTTP Request: POST https://api.telegram.org/bot8343388239:AAFgeAkc9bvjywyCsHqRIa_RiJ6q-rp6uv0/getUpdates "HTTP/1.1 200 OK"
2026-06-09 02:13:23,397 [INFO] httpx: HTTP Request: POST https://api.telegram.org/bot8343388239:AAFgeAkc9bvjywyCsHqRIa_RiJ6q-rp6uv0/getUpdates "HTTP/1.1 200 OK"
2026-06-09 02:13:38,837 [INFO] signals.stockity_http: Got 900 raw 1s candles for CRYPTO_IDX (Z-CRY/IDX)
2026-06-09 02:13:38,838 [INFO] signals.stockity_http: Aggregated into 16 1m candles
2026-06-09 02:13:38,838 [INFO] signals.stockity_http: Signal for CRYPTO_IDX: CALL 66% (score=66, EMA5↑EMA10; RSI0 OS; midHi)
2026-06-09 02:13:38,990 [INFO] signals.stockity_http: Got 900 raw 1s candles for BTC_IDX (Z-CRY/IDX)
2026-06-09 02:13:38,991 [INFO] signals.stockity_http: Aggregated into 16 1m candles
2026-06-09 02:13:38,991 [INFO] signals.stockity_http: Signal for BTC_IDX: CALL 66% (score=66, EMA5↑EMA10; RSI0 OS; midHi)
2026-06-09 02:13:39,142 [INFO] signals.stockity_http: Got 900 raw 1s candles for ETH_IDX (Z-CRY/IDX)
2026-06-09 02:13:39,142 [INFO] signals.stockity_http: Aggregated into 16 1m candles
2026-06-09 02:13:39,143 [INFO] signals.stockity_http: Signal for ETH_IDX: CALL 66% (score=66, EMA5↑EMA10; RSI0 OS; midHi)
2026-06-09 02:13:39,405 [INFO] signals.stockity_http: Got 900 raw 1s candles for GOLD_IDX (Z-CRY/IDX)
2026-06-09 02:13:39,406 [INFO] signals.stockity_http: Aggregated into 16 1m candles
2026-06-09 02:13:39,406 [INFO] signals.stockity_http: Signal for GOLD_IDX: CALL 66% (score=66, EMA5↑EMA10; RSI0 OS; midHi)
2026-06-09 02:13:54,093 [INFO] httpx: HTTP Request: POST https://api.telegram.org/bot8343388239:AAFgeAkc9bvjywyCsHqRIa_RiJ6q-rp6uv0/getUpdates "HTTP/1.1 200 OK"
2026-06-09 02:14:24,794 [INFO] httpx: HTTP Request: POST https://api.telegram.org/bot8343388239:AAFgeAkc9bvjywyCsHqRIa_RiJ6q-rp6uv0/getUpdates "HTTP/1.1 200 OK"
2026-06-09 02:14:55,483 [INFO] httpx: HTTP Request: POST https://api.telegram.org/bot8343388239:AAFgeAkc9bvjywyCsHqRIa_RiJ6q-rp6uv0/getUpdates "HTTP/1.1 200 OK"
2026-06-09 02:15:26,177 [INFO] httpx: HTTP Request: POST https://api.telegram.org/bot8343388239:AAFgeAkc9bvjywyCsHqRIa_RiJ6q-rp6uv0/getUpdates "HTTP/1.1 200 OK"
2026-06-09 02:15:56,867 [INFO] httpx: HTTP Request: POST https://api.telegram.org/bot8343388239:AAFgeAkc9bvjywyCsHqRIa_RiJ6q-rp6uv0/getUpdates "HTTP/1.1 200 OK"
2026-06-09 02:16:27,567 [INFO] httpx: HTTP Request: POST https://api.telegram.org/bot8343388239:AAFgeAkc9bvjywyCsHqRIa_RiJ6q-rp6uv0/getUpdates "HTTP/1.1 200 OK"
2026-06-09 02:16:58,255 [INFO] httpx: HTTP Request: POST https://api.telegram.org/bot8343388239:AAFgeAkc9bvjywyCsHqRIa_RiJ6q-rp6uv0/getUpdates "HTTP/1.1 200 OK"
2026-06-09 02:17:28,952 [INFO] httpx: HTTP Request: POST https://api.telegram.org/bot8343388239:AAFgeAkc9bvjywyCsHqRIa_RiJ6q-rp6uv0/getUpdates "HTTP/1.1 200 OK"
2026-06-09 02:17:59,647 [INFO] httpx: HTTP Request: POST https://api.telegram.org/bot8343388239:AAFgeAkc9bvjywyCsHqRIa_RiJ6q-rp6uv0/getUpdates "HTTP/1.1 200 OK"
2026-06-09 02:18:30,342 [INFO] httpx: HTTP Request: POST https://api.telegram.org/bot8343388239:AAFgeAkc9bvjywyCsHqRIa_RiJ6q-rp6uv0/getUpdates "HTTP/1.1 200 OK"
2026-06-09 02:18:39,876 [INFO] signals.stockity_http: Got 900 raw 1s candles for CRYPTO_IDX (Z-CRY/IDX)
2026-06-09 02:18:39,878 [INFO] signals.stockity_http: Aggregated into 16 1m candles
2026-06-09 02:18:39,878 [INFO] signals.stockity_http: Signal for CRYPTO_IDX: CALL 66% (score=66, EMA5↑EMA10; RSI0 OS; midHi)
2026-06-09 02:18:40,022 [INFO] signals.stockity_http: Got 900 raw 1s candles for BTC_IDX (Z-CRY/IDX)
2026-06-09 02:18:40,023 [INFO] signals.stockity_http: Aggregated into 16 1m candles
2026-06-09 02:18:40,024 [INFO] signals.stockity_http: Signal for BTC_IDX: CALL 66% (score=66, EMA5↑EMA10; RSI0 OS; midHi)
2026-06-09 02:18:40,173 [INFO] signals.stockity_http: Got 900 raw 1s candles for ETH_IDX (Z-CRY/IDX)
2026-06-09 02:18:40,173 [INFO] signals.stockity_http: Aggregated into 16 1m candles
2026-06-09 02:18:40,174 [INFO] signals.stockity_http: Signal for ETH_IDX: CALL 66% (score=66, EMA5↑EMA10; RSI0 OS; midHi)
2026-06-09 02:18:40,319 [INFO] signals.stockity_http: Got 900 raw 1s candles for GOLD_IDX (Z-CRY/IDX)
2026-06-09 02:18:40,319 [INFO] signals.stockity_http: Aggregated into 16 1m candles
2026-06-09 02:18:40,320 [INFO] signals.stockity_http: Signal for GOLD_IDX: CALL 66% (score=66, EMA5↑EMA10; RSI0 OS; midHi)
2026-06-09 02:19:01,036 [INFO] httpx: HTTP Request: POST https://api.telegram.org/bot8343388239:AAFgeAkc9bvjywyCsHqRIa_RiJ6q-rp6uv0/getUpdates "HTTP/1.1 200 OK"
2026-06-09 02:19:31,726 [INFO] httpx: HTTP Request: POST https://api.telegram.org/bot8343388239:AAFgeAkc9bvjywyCsHqRIa_RiJ6q-rp6uv0/getUpdates "HTTP/1.1 200 OK"
2026-06-09 02:20:02,440 [INFO] httpx: HTTP Request: POST https://api.telegram.org/bot8343388239:AAFgeAkc9bvjywyCsHqRIa_RiJ6q-rp6uv0/getUpdates "HTTP/1.1 200 OK"
2026-06-09 02:20:33,130 [INFO] httpx: HTTP Request: POST https://api.telegram.org/bot8343388239:AAFgeAkc9bvjywyCsHqRIa_RiJ6q-rp6uv0/getUpdates "HTTP/1.1 200 OK"
2026-06-09 02:21:03,824 [INFO] httpx: HTTP Request: POST https://api.telegram.org/bot8343388239:AAFgeAkc9bvjywyCsHqRIa_RiJ6q-rp6uv0/getUpdates "HTTP/1.1 200 OK"
2026-06-09 02:21:34,537 [INFO] httpx: HTTP Request: POST https://api.telegram.org/bot8343388239:AAFgeAkc9bvjywyCsHqRIa_RiJ6q-rp6uv0/getUpdates "HTTP/1.1 200 OK"
2026-06-09 02:22:05,633 [INFO] httpx: HTTP Request: POST https://api.telegram.org/bot8343388239:AAFgeAkc9bvjywyCsHqRIa_RiJ6q-rp6uv0/getUpdates "HTTP/1.1 200 OK"
2026-06-09 02:22:36,322 [INFO] httpx: HTTP Request: POST https://api.telegram.org/bot8343388239:AAFgeAkc9bvjywyCsHqRIa_RiJ6q-rp6uv0/getUpdates "HTTP/1.1 200 OK"
2026-06-09 02:23:07,040 [INFO] httpx: HTTP Request: POST https://api.telegram.org/bot8343388239:AAFgeAkc9bvjywyCsHqRIa_RiJ6q-rp6uv0/getUpdates "HTTP/1.1 200 OK"
2026-06-09 02:23:37,733 [INFO] httpx: HTTP Request: POST https://api.telegram.org/bot8343388239:AAFgeAkc9bvjywyCsHqRIa_RiJ6q-rp6uv0/getUpdates "HTTP/1.1 200 OK"
2026-06-09 02:23:40,494 [INFO] signals.stockity_http: Got 900 raw 1s candles for CRYPTO_IDX (Z-CRY/IDX)
2026-06-09 02:23:40,494 [INFO] signals.stockity_http: Aggregated into 16 1m candles
2026-06-09 02:23:40,495 [INFO] signals.stockity_http: Signal for CRYPTO_IDX: CALL 66% (score=66, EMA5↑EMA10; RSI0 OS; midHi)
2026-06-09 02:23:40,635 [INFO] signals.stockity_http: Got 900 raw 1s candles for BTC_IDX (Z-CRY/IDX)
2026-06-09 02:23:40,635 [INFO] signals.stockity_http: Aggregated into 16 1m candles
2026-06-09 02:23:40,636 [INFO] signals.stockity_http: Signal for BTC_IDX: CALL 66% (score=66, EMA5↑EMA10; RSI0 OS; midHi)
2026-06-09 02:23:40,786 [INFO] signals.stockity_http: Got 900 raw 1s candles for ETH_IDX (Z-CRY/IDX)
2026-06-09 02:23:40,786 [INFO] signals.stockity_http: Aggregated into 16 1m candles
2026-06-09 02:23:40,787 [INFO] signals.stockity_http: Signal for ETH_IDX: CALL 66% (score=66, EMA5↑EMA10; RSI0 OS; midHi)
2026-06-09 02:23:40,935 [INFO] signals.stockity_http: Got 900 raw 1s candles for GOLD_IDX (Z-CRY/IDX)
2026-06-09 02:23:40,935 [INFO] signals.stockity_http: Aggregated into 16 1m candles
2026-06-09 02:23:40,935 [INFO] signals.stockity_http: Signal for GOLD_IDX: CALL 66% (score=66, EMA5↑EMA10; RSI0 OS; midHi)
2026-06-09 02:24:08,424 [INFO] httpx: HTTP Request: POST https://api.telegram.org/bot8343388239:AAFgeAkc9bvjywyCsHqRIa_RiJ6q-rp6uv0/getUpdates "HTTP/1.1 200 OK"
2026-06-09 02:24:39,114 [INFO] httpx: HTTP Request: POST https://api.telegram.org/bot8343388239:AAFgeAkc9bvjywyCsHqRIa_RiJ6q-rp6uv0/getUpdates "HTTP/1.1 200 OK"
2026-06-09 02:25:09,810 [INFO] httpx: HTTP Request: POST https://api.telegram.org/bot8343388239:AAFgeAkc9bvjywyCsHqRIa_RiJ6q-rp6uv0/getUpdates "HTTP/1.1 200 OK"
2026-06-09 02:25:40,505 [INFO] httpx: HTTP Request: POST https://api.telegram.org/bot8343388239:AAFgeAkc9bvjywyCsHqRIa_RiJ6q-rp6uv0/getUpdates "HTTP/1.1 200 OK"
2026-06-09 02:26:11,195 [INFO] httpx: HTTP Request: POST https://api.telegram.org/bot8343388239:AAFgeAkc9bvjywyCsHqRIa_RiJ6q-rp6uv0/getUpdates "HTTP/1.1 200 OK"
2026-06-09 02:26:41,888 [INFO] httpx: HTTP Request: POST https://api.telegram.org/bot8343388239:AAFgeAkc9bvjywyCsHqRIa_RiJ6q-rp6uv0/getUpdates "HTTP/1.1 200 OK"
2026-06-09 02:27:12,581 [INFO] httpx: HTTP Request: POST https://api.telegram.org/bot8343388239:AAFgeAkc9bvjywyCsHqRIa_RiJ6q-rp6uv0/getUpdates "HTTP/1.1 200 OK"
2026-06-09 02:27:43,279 [INFO] httpx: HTTP Request: POST https://api.telegram.org/bot8343388239:AAFgeAkc9bvjywyCsHqRIa_RiJ6q-rp6uv0/getUpdates "HTTP/1.1 200 OK"
2026-06-09 02:28:13,974 [INFO] httpx: HTTP Request: POST https://api.telegram.org/bot8343388239:AAFgeAkc9bvjywyCsHqRIa_RiJ6q-rp6uv0/getUpdates "HTTP/1.1 200 OK"
2026-06-09 02:28:41,129 [INFO] signals.stockity_http: Got 900 raw 1s candles for CRYPTO_IDX (Z-CRY/IDX)
2026-06-09 02:28:41,130 [INFO] signals.stockity_http: Aggregated into 16 1m candles
2026-06-09 02:28:41,130 [INFO] signals.stockity_http: Signal for CRYPTO_IDX: CALL 66% (score=66, EMA5↑EMA10; RSI0 OS; midHi)
2026-06-09 02:28:41,269 [INFO] signals.stockity_http: Got 900 raw 1s candles for BTC_IDX (Z-CRY/IDX)
2026-06-09 02:28:41,270 [INFO] signals.stockity_http: Aggregated into 16 1m candles
2026-06-09 02:28:41,270 [INFO] signals.stockity_http: Signal for BTC_IDX: CALL 66% (score=66, EMA5↑EMA10; RSI0 OS; midHi)
2026-06-09 02:28:41,403 [INFO] signals.stockity_http: Got 900 raw 1s candles for ETH_IDX (Z-CRY/IDX)
2026-06-09 02:28:41,403 [INFO] signals.stockity_http: Aggregated into 16 1m candles
2026-06-09 02:28:41,404 [INFO] signals.stockity_http: Signal for ETH_IDX: CALL 66% (score=66, EMA5↑EMA10; RSI0 OS; midHi)
2026-06-09 02:28:41,547 [INFO] signals.stockity_http: Got 900 raw 1s candles for GOLD_IDX (Z-CRY/IDX)
2026-06-09 02:28:41,548 [INFO] signals.stockity_http: Aggregated into 16 1m candles
2026-06-09 02:28:41,548 [INFO] signals.stockity_http: Signal for GOLD_IDX: CALL 66% (score=66, EMA5↑EMA10; RSI0 OS; midHi)
2026-06-09 02:28:44,667 [INFO] httpx: HTTP Request: POST https://api.telegram.org/bot8343388239:AAFgeAkc9bvjywyCsHqRIa_RiJ6q-rp6uv0/getUpdates "HTTP/1.1 200 OK"
2026-06-09 02:29:15,360 [INFO] httpx: HTTP Request: POST https://api.telegram.org/bot8343388239:AAFgeAkc9bvjywyCsHqRIa_RiJ6q-rp6uv0/getUpdates "HTTP/1.1 200 OK"
2026-06-09 02:29:46,053 [INFO] httpx: HTTP Request: POST https://api.telegram.org/bot8343388239:AAFgeAkc9bvjywyCsHqRIa_RiJ6q-rp6uv0/getUpdates "HTTP/1.1 200 OK"
2026-06-09 02:30:16,746 [INFO] httpx: HTTP Request: POST https://api.telegram.org/bot8343388239:AAFgeAkc9bvjywyCsHqRIa_RiJ6q-rp6uv0/getUpdates "HTTP/1.1 200 OK"
2026-06-09 02:30:47,436 [INFO] httpx: HTTP Request: POST https://api.telegram.org/bot8343388239:AAFgeAkc9bvjywyCsHqRIa_RiJ6q-rp6uv0/getUpdates "HTTP/1.1 200 OK"
2026-06-09 02:31:18,128 [INFO] httpx: HTTP Request: POST https://api.telegram.org/bot8343388239:AAFgeAkc9bvjywyCsHqRIa_RiJ6q-rp6uv0/getUpdates "HTTP/1.1 200 OK"
2026-06-09 02:31:48,822 [INFO] httpx: HTTP Request: POST https://api.telegram.org/bot8343388239:AAFgeAkc9bvjywyCsHqRIa_RiJ6q-rp6uv0/getUpdates "HTTP/1.1 200 OK"
2026-06-09 02:32:19,512 [INFO] httpx: HTTP Request: POST https://api.telegram.org/bot8343388239:AAFgeAkc9bvjywyCsHqRIa_RiJ6q-rp6uv0/getUpdates "HTTP/1.1 200 OK"
2026-06-09 02:32:50,204 [INFO] httpx: HTTP Request: POST https://api.telegram.org/bot8343388239:AAFgeAkc9bvjywyCsHqRIa_RiJ6q-rp6uv0/getUpdates "HTTP/1.1 200 OK"
2026-06-09 02:33:20,900 [INFO] httpx: HTTP Request: POST https://api.telegram.org/bot8343388239:AAFgeAkc9bvjywyCsHqRIa_RiJ6q-rp6uv0/getUpdates "HTTP/1.1 200 OK"
2026-06-09 02:33:41,906 [INFO] signals.stockity_http: Got 900 raw 1s candles for CRYPTO_IDX (Z-CRY/IDX)
2026-06-09 02:33:41,907 [INFO] signals.stockity_http: Aggregated into 16 1m candles
2026-06-09 02:33:41,907 [INFO] signals.stockity_http: Signal for CRYPTO_IDX: CALL 84% (score=84, EMA5↑EMA10; bullX; RSI0 OS)
2026-06-09 02:33:41,907 [INFO] subscription_bot.signaler: NEW signal: CRYPTO_IDX CALL 84%
2026-06-09 02:33:41,909 [INFO] subscription_bot.bot: Signal dispatched to 0/0 subscribers
2026-06-09 02:33:42,094 [INFO] signals.stockity_http: Got 900 raw 1s candles for BTC_IDX (Z-CRY/IDX)
2026-06-09 02:33:42,094 [INFO] signals.stockity_http: Aggregated into 16 1m candles
2026-06-09 02:33:42,095 [INFO] signals.stockity_http: Signal for BTC_IDX: CALL 84% (score=84, EMA5↑EMA10; bullX; RSI0 OS)
2026-06-09 02:33:42,095 [INFO] subscription_bot.signaler: NEW signal: BTC_IDX CALL 84%
2026-06-09 02:33:42,095 [INFO] subscription_bot.bot: Signal dispatched to 0/0 subscribers
2026-06-09 02:33:42,285 [INFO] signals.stockity_http: Got 900 raw 1s candles for ETH_IDX (Z-CRY/IDX)
2026-06-09 02:33:42,286 [INFO] signals.stockity_http: Aggregated into 16 1m candles
2026-06-09 02:33:42,286 [INFO] signals.stockity_http: Signal for ETH_IDX: CALL 84% (score=84, EMA5↑EMA10; bullX; RSI0 OS)
2026-06-09 02:33:42,286 [INFO] subscription_bot.signaler: NEW signal: ETH_IDX CALL 84%
2026-06-09 02:33:42,286 [INFO] subscription_bot.bot: Signal dispatched to 0/0 subscribers
2026-06-09 02:33:42,426 [INFO] signals.stockity_http: Got 900 raw 1s candles for GOLD_IDX (Z-CRY/IDX)
2026-06-09 02:33:42,427 [INFO] signals.stockity_http: Aggregated into 16 1m candles
2026-06-09 02:33:42,427 [INFO] signals.stockity_http: Signal for GOLD_IDX: CALL 84% (score=84, EMA5↑EMA10; bullX; RSI0 OS)
2026-06-09 02:33:42,427 [INFO] subscription_bot.signaler: NEW signal: GOLD_IDX CALL 84%
2026-06-09 02:33:42,427 [INFO] subscription_bot.bot: Signal dispatched to 0/0 subscribers
2026-06-09 02:33:51,589 [INFO] httpx: HTTP Request: POST https://api.telegram.org/bot8343388239:AAFgeAkc9bvjywyCsHqRIa_RiJ6q-rp6uv0/getUpdates "HTTP/1.1 200 OK"
2026-06-09 02:34:22,284 [INFO] httpx: HTTP Request: POST https://api.telegram.org/bot8343388239:AAFgeAkc9bvjywyCsHqRIa_RiJ6q-rp6uv0/getUpdates "HTTP/1.1 200 OK"
2026-06-09 02:34:52,974 [INFO] httpx: HTTP Request: POST https://api.telegram.org/bot8343388239:AAFgeAkc9bvjywyCsHqRIa_RiJ6q-rp6uv0/getUpdates "HTTP/1.1 200 OK"
2026-06-09 02:35:23,661 [INFO] httpx: HTTP Request: POST https://api.telegram.org/bot8343388239:AAFgeAkc9bvjywyCsHqRIa_RiJ6q-rp6uv0/getUpdates "HTTP/1.1 200 OK"
2026-06-09 02:35:54,354 [INFO] httpx: HTTP Request: POST https://api.telegram.org/bot8343388239:AAFgeAkc9bvjywyCsHqRIa_RiJ6q-rp6uv0/getUpdates "HTTP/1.1 200 OK"
2026-06-09 02:36:25,044 [INFO] httpx: HTTP Request: POST https://api.telegram.org/bot8343388239:AAFgeAkc9bvjywyCsHqRIa_RiJ6q-rp6uv0/getUpdates "HTTP/1.1 200 OK"
2026-06-09 02:36:55,733 [INFO] httpx: HTTP Request: POST https://api.telegram.org/bot8343388239:AAFgeAkc9bvjywyCsHqRIa_RiJ6q-rp6uv0/getUpdates "HTTP/1.1 200 OK"
2026-06-09 02:37:26,423 [INFO] httpx: HTTP Request: POST https://api.telegram.org/bot8343388239:AAFgeAkc9bvjywyCsHqRIa_RiJ6q-rp6uv0/getUpdates "HTTP/1.1 200 OK"
2026-06-09 02:37:57,150 [INFO] httpx: HTTP Request: POST https://api.telegram.org/bot8343388239:AAFgeAkc9bvjywyCsHqRIa_RiJ6q-rp6uv0/getUpdates "HTTP/1.1 200 OK"
2026-06-09 02:38:27,838 [INFO] httpx: HTTP Request: POST https://api.telegram.org/bot8343388239:AAFgeAkc9bvjywyCsHqRIa_RiJ6q-rp6uv0/getUpdates "HTTP/1.1 200 OK"
2026-06-09 02:38:42,625 [INFO] signals.stockity_http: Got 900 raw 1s candles for CRYPTO_IDX (Z-CRY/IDX)
2026-06-09 02:38:42,626 [INFO] signals.stockity_http: Aggregated into 16 1m candles
2026-06-09 02:38:42,626 [INFO] signals.stockity_http: Signal for CRYPTO_IDX: CALL 84% (score=84, EMA5↑EMA10; bullX; RSI0 OS)
2026-06-09 02:38:42,766 [INFO] signals.stockity_http: Got 900 raw 1s candles for BTC_IDX (Z-CRY/IDX)
2026-06-09 02:38:42,766 [INFO] signals.stockity_http: Aggregated into 16 1m candles
2026-06-09 02:38:42,766 [INFO] signals.stockity_http: Signal for BTC_IDX: CALL 84% (score=84, EMA5↑EMA10; bullX; RSI0 OS)
2026-06-09 02:38:42,922 [INFO] signals.stockity_http: Got 900 raw 1s candles for ETH_IDX (Z-CRY/IDX)
2026-06-09 02:38:42,923 [INFO] signals.stockity_http: Aggregated into 16 1m candles
2026-06-09 02:38:42,924 [INFO] signals.stockity_http: Signal for ETH_IDX: CALL 84% (score=84, EMA5↑EMA10; bullX; RSI0 OS)
2026-06-09 02:38:43,121 [INFO] signals.stockity_http: Got 900 raw 1s candles for GOLD_IDX (Z-CRY/IDX)
2026-06-09 02:38:43,122 [INFO] signals.stockity_http: Aggregated into 16 1m candles
2026-06-09 02:38:43,122 [INFO] signals.stockity_http: Signal for GOLD_IDX: CALL 84% (score=84, EMA5↑EMA10; bullX; RSI0 OS)
2026-06-09 02:38:58,529 [INFO] httpx: HTTP Request: POST https://api.telegram.org/bot8343388239:AAFgeAkc9bvjywyCsHqRIa_RiJ6q-rp6uv0/getUpdates "HTTP/1.1 200 OK"
2026-06-09 02:39:29,223 [INFO] httpx: HTTP Request: POST https://api.telegram.org/bot8343388239:AAFgeAkc9bvjywyCsHqRIa_RiJ6q-rp6uv0/getUpdates "HTTP/1.1 200 OK"
2026-06-09 02:39:59,914 [INFO] httpx: HTTP Request: POST https://api.telegram.org/bot8343388239:AAFgeAkc9bvjywyCsHqRIa_RiJ6q-rp6uv0/getUpdates "HTTP/1.1 200 OK"
2026-06-09 02:40:30,602 [INFO] httpx: HTTP Request: POST https://api.telegram.org/bot8343388239:AAFgeAkc9bvjywyCsHqRIa_RiJ6q-rp6uv0/getUpdates "HTTP/1.1 200 OK"
2026-06-09 02:41:01,301 [INFO] httpx: HTTP Request: POST https://api.telegram.org/bot8343388239:AAFgeAkc9bvjywyCsHqRIa_RiJ6q-rp6uv0/getUpdates "HTTP/1.1 200 OK"
2026-06-09 02:41:31,989 [INFO] httpx: HTTP Request: POST https://api.telegram.org/bot8343388239:AAFgeAkc9bvjywyCsHqRIa_RiJ6q-rp6uv0/getUpdates "HTTP/1.1 200 OK"
2026-06-09 02:42:02,680 [INFO] httpx: HTTP Request: POST https://api.telegram.org/bot8343388239:AAFgeAkc9bvjywyCsHqRIa_RiJ6q-rp6uv0/getUpdates "HTTP/1.1 200 OK"
2026-06-09 02:42:33,369 [INFO] httpx: HTTP Request: POST https://api.telegram.org/bot8343388239:AAFgeAkc9bvjywyCsHqRIa_RiJ6q-rp6uv0/getUpdates "HTTP/1.1 200 OK"
2026-06-09 02:43:04,066 [INFO] httpx: HTTP Request: POST https://api.telegram.org/bot8343388239:AAFgeAkc9bvjywyCsHqRIa_RiJ6q-rp6uv0/getUpdates "HTTP/1.1 200 OK"
2026-06-09 02:43:34,756 [INFO] httpx: HTTP Request: POST https://api.telegram.org/bot8343388239:AAFgeAkc9bvjywyCsHqRIa_RiJ6q-rp6uv0/getUpdates "HTTP/1.1 200 OK"
2026-06-09 02:43:43,296 [INFO] signals.stockity_http: Got 900 raw 1s candles for CRYPTO_IDX (Z-CRY/IDX)
2026-06-09 02:43:43,297 [INFO] signals.stockity_http: Aggregated into 16 1m candles
2026-06-09 02:43:43,297 [INFO] signals.stockity_http: Signal for CRYPTO_IDX: CALL 84% (score=84, EMA5↑EMA10; bullX; RSI0 OS)
2026-06-09 02:43:43,428 [INFO] signals.stockity_http: Got 900 raw 1s candles for BTC_IDX (Z-CRY/IDX)
2026-06-09 02:43:43,429 [INFO] signals.stockity_http: Aggregated into 16 1m candles
2026-06-09 02:43:43,429 [INFO] signals.stockity_http: Signal for BTC_IDX: CALL 84% (score=84, EMA5↑EMA10; bullX; RSI0 OS)
2026-06-09 02:43:43,560 [INFO] signals.stockity_http: Got 900 raw 1s candles for ETH_IDX (Z-CRY/IDX)
2026-06-09 02:43:43,560 [INFO] signals.stockity_http: Aggregated into 16 1m candles
2026-06-09 02:43:43,560 [INFO] signals.stockity_http: Signal for ETH_IDX: CALL 84% (score=84, EMA5↑EMA10; bullX; RSI0 OS)
2026-06-09 02:43:43,693 [INFO] signals.stockity_http: Got 900 raw 1s candles for GOLD_IDX (Z-CRY/IDX)
2026-06-09 02:43:43,694 [INFO] signals.stockity_http: Aggregated into 16 1m candles
2026-06-09 02:43:43,694 [INFO] signals.stockity_http: Signal for GOLD_IDX: CALL 84% (score=84, EMA5↑EMA10; bullX; RSI0 OS)
2026-06-09 02:44:05,444 [INFO] httpx: HTTP Request: POST https://api.telegram.org/bot8343388239:AAFgeAkc9bvjywyCsHqRIa_RiJ6q-rp6uv0/getUpdates "HTTP/1.1 200 OK"
2026-06-09 02:44:36,140 [INFO] httpx: HTTP Request: POST https://api.telegram.org/bot8343388239:AAFgeAkc9bvjywyCsHqRIa_RiJ6q-rp6uv0/getUpdates "HTTP/1.1 200 OK"
2026-06-09 02:45:06,833 [INFO] httpx: HTTP Request: POST https://api.telegram.org/bot8343388239:AAFgeAkc9bvjywyCsHqRIa_RiJ6q-rp6uv0/getUpdates "HTTP/1.1 200 OK"
2026-06-09 02:45:37,522 [INFO] httpx: HTTP Request: POST https://api.telegram.org/bot8343388239:AAFgeAkc9bvjywyCsHqRIa_RiJ6q-rp6uv0/getUpdates "HTTP/1.1 200 OK"
2026-06-09 02:46:08,214 [INFO] httpx: HTTP Request: POST https://api.telegram.org/bot8343388239:AAFgeAkc9bvjywyCsHqRIa_RiJ6q-rp6uv0/getUpdates "HTTP/1.1 200 OK"
2026-06-09 02:46:38,917 [INFO] httpx: HTTP Request: POST https://api.telegram.org/bot8343388239:AAFgeAkc9bvjywyCsHqRIa_RiJ6q-rp6uv0/getUpdates "HTTP/1.1 200 OK"
2026-06-09 02:47:09,608 [INFO] httpx: HTTP Request: POST https://api.telegram.org/bot8343388239:AAFgeAkc9bvjywyCsHqRIa_RiJ6q-rp6uv0/getUpdates "HTTP/1.1 200 OK"
2026-06-09 02:47:40,298 [INFO] httpx: HTTP Request: POST https://api.telegram.org/bot8343388239:AAFgeAkc9bvjywyCsHqRIa_RiJ6q-rp6uv0/getUpdates "HTTP/1.1 200 OK"
2026-06-09 02:48:11,045 [INFO] httpx: HTTP Request: POST https://api.telegram.org/bot8343388239:AAFgeAkc9bvjywyCsHqRIa_RiJ6q-rp6uv0/getUpdates "HTTP/1.1 200 OK"
2026-06-09 02:48:41,735 [INFO] httpx: HTTP Request: POST https://api.telegram.org/bot8343388239:AAFgeAkc9bvjywyCsHqRIa_RiJ6q-rp6uv0/getUpdates "HTTP/1.1 200 OK"
2026-06-09 02:48:44,042 [INFO] signals.stockity_http: Got 900 raw 1s candles for CRYPTO_IDX (Z-CRY/IDX)
2026-06-09 02:48:44,043 [INFO] signals.stockity_http: Aggregated into 16 1m candles
2026-06-09 02:48:44,043 [INFO] signals.stockity_http: Signal for CRYPTO_IDX: WAIT 50% (score=50, EMA5↓EMA10; RSI0 OS; midLo)
2026-06-09 02:48:44,175 [INFO] signals.stockity_http: Got 900 raw 1s candles for BTC_IDX (Z-CRY/IDX)
2026-06-09 02:48:44,176 [INFO] signals.stockity_http: Aggregated into 16 1m candles
2026-06-09 02:48:44,176 [INFO] signals.stockity_http: Signal for BTC_IDX: WAIT 50% (score=50, EMA5↓EMA10; RSI0 OS; midLo)
2026-06-09 02:48:44,312 [INFO] signals.stockity_http: Got 900 raw 1s candles for ETH_IDX (Z-CRY/IDX)
2026-06-09 02:48:44,313 [INFO] signals.stockity_http: Aggregated into 16 1m candles
2026-06-09 02:48:44,313 [INFO] signals.stockity_http: Signal for ETH_IDX: WAIT 50% (score=50, EMA5↓EMA10; RSI0 OS; midLo)
2026-06-09 02:48:44,442 [INFO] signals.stockity_http: Got 900 raw 1s candles for GOLD_IDX (Z-CRY/IDX)
2026-06-09 02:48:44,443 [INFO] signals.stockity_http: Aggregated into 16 1m candles
2026-06-09 02:48:44,443 [INFO] signals.stockity_http: Signal for GOLD_IDX: WAIT 50% (score=50, EMA5↓EMA10; RSI0 OS; midLo)
2026-06-09 02:49:12,424 [INFO] httpx: HTTP Request: POST https://api.telegram.org/bot8343388239:AAFgeAkc9bvjywyCsHqRIa_RiJ6q-rp6uv0/getUpdates "HTTP/1.1 200 OK"
2026-06-09 02:49:43,123 [INFO] httpx: HTTP Request: POST https://api.telegram.org/bot8343388239:AAFgeAkc9bvjywyCsHqRIa_RiJ6q-rp6uv0/getUpdates "HTTP/1.1 200 OK"
2026-06-09 02:50:13,817 [INFO] httpx: HTTP Request: POST https://api.telegram.org/bot8343388239:AAFgeAkc9bvjywyCsHqRIa_RiJ6q-rp6uv0/getUpdates "HTTP/1.1 200 OK"
2026-06-09 02:50:46,410 [INFO] httpx: HTTP Request: POST https://api.telegram.org/bot8343388239:AAFgeAkc9bvjywyCsHqRIa_RiJ6q-rp6uv0/getUpdates "HTTP/1.1 200 OK"
2026-06-09 02:51:17,104 [INFO] httpx: HTTP Request: POST https://api.telegram.org/bot8343388239:AAFgeAkc9bvjywyCsHqRIa_RiJ6q-rp6uv0/getUpdates "HTTP/1.1 200 OK"
2026-06-09 02:51:47,796 [INFO] httpx: HTTP Request: POST https://api.telegram.org/bot8343388239:AAFgeAkc9bvjywyCsHqRIa_RiJ6q-rp6uv0/getUpdates "HTTP/1.1 200 OK"
2026-06-09 02:52:18,487 [INFO] httpx: HTTP Request: POST https://api.telegram.org/bot8343388239:AAFgeAkc9bvjywyCsHqRIa_RiJ6q-rp6uv0/getUpdates "HTTP/1.1 200 OK"
2026-06-09 02:52:49,177 [INFO] httpx: HTTP Request: POST https://api.telegram.org/bot8343388239:AAFgeAkc9bvjywyCsHqRIa_RiJ6q-rp6uv0/getUpdates "HTTP/1.1 200 OK"
2026-06-09 02:53:19,871 [INFO] httpx: HTTP Request: POST https://api.telegram.org/bot8343388239:AAFgeAkc9bvjywyCsHqRIa_RiJ6q-rp6uv0/getUpdates "HTTP/1.1 200 OK"
2026-06-09 02:53:44,689 [INFO] signals.stockity_http: Got 900 raw 1s candles for CRYPTO_IDX (Z-CRY/IDX)
2026-06-09 02:53:44,690 [INFO] signals.stockity_http: Aggregated into 16 1m candles
2026-06-09 02:53:44,690 [INFO] signals.stockity_http: Signal for CRYPTO_IDX: WAIT 50% (score=50, EMA5↓EMA10; RSI0 OS; midLo)
2026-06-09 02:53:44,823 [INFO] signals.stockity_http: Got 900 raw 1s candles for BTC_IDX (Z-CRY/IDX)
2026-06-09 02:53:44,824 [INFO] signals.stockity_http: Aggregated into 16 1m candles
2026-06-09 02:53:44,824 [INFO] signals.stockity_http: Signal for BTC_IDX: WAIT 50% (score=50, EMA5↓EMA10; RSI0 OS; midLo)
2026-06-09 02:53:44,955 [INFO] signals.stockity_http: Got 900 raw 1s candles for ETH_IDX (Z-CRY/IDX)
2026-06-09 02:53:44,955 [INFO] signals.stockity_http: Aggregated into 16 1m candles
2026-06-09 02:53:44,955 [INFO] signals.stockity_http: Signal for ETH_IDX: WAIT 50% (score=50, EMA5↓EMA10; RSI0 OS; midLo)
2026-06-09 02:53:45,088 [INFO] signals.stockity_http: Got 900 raw 1s candles for GOLD_IDX (Z-CRY/IDX)
2026-06-09 02:53:45,088 [INFO] signals.stockity_http: Aggregated into 16 1m candles
2026-06-09 02:53:45,088 [INFO] signals.stockity_http: Signal for GOLD_IDX: WAIT 50% (score=50, EMA5↓EMA10; RSI0 OS; midLo)
2026-06-09 02:53:50,563 [INFO] httpx: HTTP Request: POST https://api.telegram.org/bot8343388239:AAFgeAkc9bvjywyCsHqRIa_RiJ6q-rp6uv0/getUpdates "HTTP/1.1 200 OK"
2026-06-09 02:54:21,252 [INFO] httpx: HTTP Request: POST https://api.telegram.org/bot8343388239:AAFgeAkc9bvjywyCsHqRIa_RiJ6q-rp6uv0/getUpdates "HTTP/1.1 200 OK"
2026-06-09 02:54:51,942 [INFO] httpx: HTTP Request: POST https://api.telegram.org/bot8343388239:AAFgeAkc9bvjywyCsHqRIa_RiJ6q-rp6uv0/getUpdates "HTTP/1.1 200 OK"
2026-06-09 02:55:22,648 [INFO] httpx: HTTP Request: POST https://api.telegram.org/bot8343388239:AAFgeAkc9bvjywyCsHqRIa_RiJ6q-rp6uv0/getUpdates "HTTP/1.1 200 OK"
2026-06-09 02:55:53,336 [INFO] httpx: HTTP Request: POST https://api.telegram.org/bot8343388239:AAFgeAkc9bvjywyCsHqRIa_RiJ6q-rp6uv0/getUpdates "HTTP/1.1 200 OK"
2026-06-09 02:56:24,028 [INFO] httpx: HTTP Request: POST https://api.telegram.org/bot8343388239:AAFgeAkc9bvjywyCsHqRIa_RiJ6q-rp6uv0/getUpdates "HTTP/1.1 200 OK"
2026-06-09 02:56:54,717 [INFO] httpx: HTTP Request: POST https://api.telegram.org/bot8343388239:AAFgeAkc9bvjywyCsHqRIa_RiJ6q-rp6uv0/getUpdates "HTTP/1.1 200 OK"
2026-06-09 02:57:25,406 [INFO] httpx: HTTP Request: POST https://api.telegram.org/bot8343388239:AAFgeAkc9bvjywyCsHqRIa_RiJ6q-rp6uv0/getUpdates "HTTP/1.1 200 OK"
2026-06-09 02:57:56,098 [INFO] httpx: HTTP Request: POST https://api.telegram.org/bot8343388239:AAFgeAkc9bvjywyCsHqRIa_RiJ6q-rp6uv0/getUpdates "HTTP/1.1 200 OK"
2026-06-09 02:58:26,790 [INFO] httpx: HTTP Request: POST https://api.telegram.org/bot8343388239:AAFgeAkc9bvjywyCsHqRIa_RiJ6q-rp6uv0/getUpdates "HTTP/1.1 200 OK"
2026-06-09 02:58:45,288 [INFO] signals.stockity_http: Got 900 raw 1s candles for CRYPTO_IDX (Z-CRY/IDX)
2026-06-09 02:58:45,289 [INFO] signals.stockity_http: Aggregated into 16 1m candles
2026-06-09 02:58:45,289 [INFO] signals.stockity_http: Signal for CRYPTO_IDX: WAIT 50% (score=50, EMA5↓EMA10; RSI0 OS; midLo)
2026-06-09 02:58:45,422 [INFO] signals.stockity_http: Got 900 raw 1s candles for BTC_IDX (Z-CRY/IDX)
2026-06-09 02:58:45,422 [INFO] signals.stockity_http: Aggregated into 16 1m candles
2026-06-09 02:58:45,422 [INFO] signals.stockity_http: Signal for BTC_IDX: WAIT 50% (score=50, EMA5↓EMA10; RSI0 OS; midLo)
2026-06-09 02:58:45,560 [INFO] signals.stockity_http: Got 900 raw 1s candles for ETH_IDX (Z-CRY/IDX)
2026-06-09 02:58:45,560 [INFO] signals.stockity_http: Aggregated into 16 1m candles
2026-06-09 02:58:45,560 [INFO] signals.stockity_http: Signal for ETH_IDX: WAIT 50% (score=50, EMA5↓EMA10; RSI0 OS; midLo)
2026-06-09 02:58:45,693 [INFO] signals.stockity_http: Got 900 raw 1s candles for GOLD_IDX (Z-CRY/IDX)
2026-06-09 02:58:45,693 [INFO] signals.stockity_http: Aggregated into 16 1m candles
2026-06-09 02:58:45,693 [INFO] signals.stockity_http: Signal for GOLD_IDX: WAIT 50% (score=50, EMA5↓EMA10; RSI0 OS; midLo)
2026-06-09 02:58:57,480 [INFO] httpx: HTTP Request: POST https://api.telegram.org/bot8343388239:AAFgeAkc9bvjywyCsHqRIa_RiJ6q-rp6uv0/getUpdates "HTTP/1.1 200 OK"
2026-06-09 02:59:28,172 [INFO] httpx: HTTP Request: POST https://api.telegram.org/bot8343388239:AAFgeAkc9bvjywyCsHqRIa_RiJ6q-rp6uv0/getUpdates "HTTP/1.1 200 OK"
2026-06-09 02:59:58,864 [INFO] httpx: HTTP Request: POST https://api.telegram.org/bot8343388239:AAFgeAkc9bvjywyCsHqRIa_RiJ6q-rp6uv0/getUpdates "HTTP/1.1 200 OK"
2026-06-09 03:00:29,553 [INFO] httpx: HTTP Request: POST https://api.telegram.org/bot8343388239:AAFgeAkc9bvjywyCsHqRIa_RiJ6q-rp6uv0/getUpdates "HTTP/1.1 200 OK"
2026-06-09 03:01:00,252 [INFO] httpx: HTTP Request: POST https://api.telegram.org/bot8343388239:AAFgeAkc9bvjywyCsHqRIa_RiJ6q-rp6uv0/getUpdates "HTTP/1.1 200 OK"
2026-06-09 03:01:30,943 [INFO] httpx: HTTP Request: POST https://api.telegram.org/bot8343388239:AAFgeAkc9bvjywyCsHqRIa_RiJ6q-rp6uv0/getUpdates "HTTP/1.1 200 OK"
2026-06-09 03:02:01,636 [INFO] httpx: HTTP Request: POST https://api.telegram.org/bot8343388239:AAFgeAkc9bvjywyCsHqRIa_RiJ6q-rp6uv0/getUpdates "HTTP/1.1 200 OK"
2026-06-09 03:02:32,331 [INFO] httpx: HTTP Request: POST https://api.telegram.org/bot8343388239:AAFgeAkc9bvjywyCsHqRIa_RiJ6q-rp6uv0/getUpdates "HTTP/1.1 200 OK"
2026-06-09 03:03:03,020 [INFO] httpx: HTTP Request: POST https://api.telegram.org/bot8343388239:AAFgeAkc9bvjywyCsHqRIa_RiJ6q-rp6uv0/getUpdates "HTTP/1.1 200 OK"
2026-06-09 03:03:33,710 [INFO] httpx: HTTP Request: POST https://api.telegram.org/bot8343388239:AAFgeAkc9bvjywyCsHqRIa_RiJ6q-rp6uv0/getUpdates "HTTP/1.1 200 OK"
2026-06-09 03:03:46,050 [INFO] signals.stockity_http: Got 900 raw 1s candles for CRYPTO_IDX (Z-CRY/IDX)
2026-06-09 03:03:46,051 [INFO] signals.stockity_http: Aggregated into 16 1m candles
2026-06-09 03:03:46,051 [INFO] signals.stockity_http: Signal for CRYPTO_IDX: CALL 62% (score=62, EMA5↑EMA10; RSI0 OS; midLo)
2026-06-09 03:03:46,051 [INFO] subscription_bot.signaler: NEW signal: CRYPTO_IDX CALL 62%
2026-06-09 03:03:46,051 [INFO] subscription_bot.bot: Signal dispatched to 0/0 subscribers
2026-06-09 03:03:46,183 [INFO] signals.stockity_http: Got 900 raw 1s candles for BTC_IDX (Z-CRY/IDX)
2026-06-09 03:03:46,183 [INFO] signals.stockity_http: Aggregated into 16 1m candles
2026-06-09 03:03:46,183 [INFO] signals.stockity_http: Signal for BTC_IDX: CALL 62% (score=62, EMA5↑EMA10; RSI0 OS; midLo)
2026-06-09 03:03:46,184 [INFO] subscription_bot.signaler: NEW signal: BTC_IDX CALL 62%
2026-06-09 03:03:46,184 [INFO] subscription_bot.bot: Signal dispatched to 0/0 subscribers
2026-06-09 03:03:46,312 [INFO] signals.stockity_http: Got 900 raw 1s candles for ETH_IDX (Z-CRY/IDX)
2026-06-09 03:03:46,312 [INFO] signals.stockity_http: Aggregated into 16 1m candles
2026-06-09 03:03:46,312 [INFO] signals.stockity_http: Signal for ETH_IDX: CALL 62% (score=62, EMA5↑EMA10; RSI0 OS; midLo)
2026-06-09 03:03:46,312 [INFO] subscription_bot.signaler: NEW signal: ETH_IDX CALL 62%
2026-06-09 03:03:46,313 [INFO] subscription_bot.bot: Signal dispatched to 0/0 subscribers
2026-06-09 03:03:46,449 [INFO] signals.stockity_http: Got 900 raw 1s candles for GOLD_IDX (Z-CRY/IDX)
2026-06-09 03:03:46,450 [INFO] signals.stockity_http: Aggregated into 16 1m candles
2026-06-09 03:03:46,450 [INFO] signals.stockity_http: Signal for GOLD_IDX: CALL 62% (score=62, EMA5↑EMA10; RSI0 OS; midLo)
2026-06-09 03:03:46,450 [INFO] subscription_bot.signaler: NEW signal: GOLD_IDX CALL 62%
2026-06-09 03:03:46,450 [INFO] subscription_bot.bot: Signal dispatched to 0/0 subscribers
2026-06-09 03:04:04,402 [INFO] httpx: HTTP Request: POST https://api.telegram.org/bot8343388239:AAFgeAkc9bvjywyCsHqRIa_RiJ6q-rp6uv0/getUpdates "HTTP/1.1 200 OK"
2026-06-09 03:04:35,099 [INFO] httpx: HTTP Request: POST https://api.telegram.org/bot8343388239:AAFgeAkc9bvjywyCsHqRIa_RiJ6q-rp6uv0/getUpdates "HTTP/1.1 200 OK"
2026-06-09 03:05:05,792 [INFO] httpx: HTTP Request: POST https://api.telegram.org/bot8343388239:AAFgeAkc9bvjywyCsHqRIa_RiJ6q-rp6uv0/getUpdates "HTTP/1.1 200 OK"
2026-06-09 03:05:36,482 [INFO] httpx: HTTP Request: POST https://api.telegram.org/bot8343388239:AAFgeAkc9bvjywyCsHqRIa_RiJ6q-rp6uv0/getUpdates "HTTP/1.1 200 OK"
2026-06-09 03:06:07,173 [INFO] httpx: HTTP Request: POST https://api.telegram.org/bot8343388239:AAFgeAkc9bvjywyCsHqRIa_RiJ6q-rp6uv0/getUpdates "HTTP/1.1 200 OK"
2026-06-09 03:06:37,864 [INFO] httpx: HTTP Request: POST https://api.telegram.org/bot8343388239:AAFgeAkc9bvjywyCsHqRIa_RiJ6q-rp6uv0/getUpdates "HTTP/1.1 200 OK"
2026-06-09 03:07:08,561 [INFO] httpx: HTTP Request: POST https://api.telegram.org/bot8343388239:AAFgeAkc9bvjywyCsHqRIa_RiJ6q-rp6uv0/getUpdates "HTTP/1.1 200 OK"
2026-06-09 03:07:39,254 [INFO] httpx: HTTP Request: POST https://api.telegram.org/bot8343388239:AAFgeAkc9bvjywyCsHqRIa_RiJ6q-rp6uv0/getUpdates "HTTP/1.1 200 OK"
2026-06-09 03:08:09,945 [INFO] httpx: HTTP Request: POST https://api.telegram.org/bot8343388239:AAFgeAkc9bvjywyCsHqRIa_RiJ6q-rp6uv0/getUpdates "HTTP/1.1 200 OK"
2026-06-09 03:08:40,637 [INFO] httpx: HTTP Request: POST https://api.telegram.org/bot8343388239:AAFgeAkc9bvjywyCsHqRIa_RiJ6q-rp6uv0/getUpdates "HTTP/1.1 200 OK"
2026-06-09 03:08:46,618 [INFO] signals.stockity_http: Got 900 raw 1s candles for CRYPTO_IDX (Z-CRY/IDX)
2026-06-09 03:08:46,618 [INFO] signals.stockity_http: Aggregated into 16 1m candles
2026-06-09 03:08:46,618 [INFO] signals.stockity_http: Signal for CRYPTO_IDX: CALL 62% (score=62, EMA5↑EMA10; RSI0 OS; midLo)
2026-06-09 03:08:46,755 [INFO] signals.stockity_http: Got 900 raw 1s candles for BTC_IDX (Z-CRY/IDX)
2026-06-09 03:08:46,756 [INFO] signals.stockity_http: Aggregated into 16 1m candles
2026-06-09 03:08:46,756 [INFO] signals.stockity_http: Signal for BTC_IDX: CALL 62% (score=62, EMA5↑EMA10; RSI0 OS; midLo)
2026-06-09 03:08:46,888 [INFO] signals.stockity_http: Got 900 raw 1s candles for ETH_IDX (Z-CRY/IDX)
2026-06-09 03:08:46,888 [INFO] signals.stockity_http: Aggregated into 16 1m candles
2026-06-09 03:08:46,888 [INFO] signals.stockity_http: Signal for ETH_IDX: CALL 62% (score=62, EMA5↑EMA10; RSI0 OS; midLo)
2026-06-09 03:08:47,020 [INFO] signals.stockity_http: Got 900 raw 1s candles for GOLD_IDX (Z-CRY/IDX)
2026-06-09 03:08:47,020 [INFO] signals.stockity_http: Aggregated into 16 1m candles
2026-06-09 03:08:47,020 [INFO] signals.stockity_http: Signal for GOLD_IDX: CALL 62% (score=62, EMA5↑EMA10; RSI0 OS; midLo)
2026-06-09 03:09:11,333 [INFO] httpx: HTTP Request: POST https://api.telegram.org/bot8343388239:AAFgeAkc9bvjywyCsHqRIa_RiJ6q-rp6uv0/getUpdates "HTTP/1.1 200 OK"
2026-06-09 03:09:42,021 [INFO] httpx: HTTP Request: POST https://api.telegram.org/bot8343388239:AAFgeAkc9bvjywyCsHqRIa_RiJ6q-rp6uv0/getUpdates "HTTP/1.1 200 OK"
2026-06-09 03:10:12,726 [INFO] httpx: HTTP Request: POST https://api.telegram.org/bot8343388239:AAFgeAkc9bvjywyCsHqRIa_RiJ6q-rp6uv0/getUpdates "HTTP/1.1 200 OK"
2026-06-09 03:10:43,422 [INFO] httpx: HTTP Request: POST https://api.telegram.org/bot8343388239:AAFgeAkc9bvjywyCsHqRIa_RiJ6q-rp6uv0/getUpdates "HTTP/1.1 200 OK"
2026-06-09 03:11:14,114 [INFO] httpx: HTTP Request: POST https://api.telegram.org/bot8343388239:AAFgeAkc9bvjywyCsHqRIa_RiJ6q-rp6uv0/getUpdates "HTTP/1.1 200 OK"
2026-06-09 03:11:44,803 [INFO] httpx: HTTP Request: POST https://api.telegram.org/bot8343388239:AAFgeAkc9bvjywyCsHqRIa_RiJ6q-rp6uv0/getUpdates "HTTP/1.1 200 OK"
2026-06-09 03:12:15,495 [INFO] httpx: HTTP Request: POST https://api.telegram.org/bot8343388239:AAFgeAkc9bvjywyCsHqRIa_RiJ6q-rp6uv0/getUpdates "HTTP/1.1 200 OK"
2026-06-09 03:12:46,191 [INFO] httpx: HTTP Request: POST https://api.telegram.org/bot8343388239:AAFgeAkc9bvjywyCsHqRIa_RiJ6q-rp6uv0/getUpdates "HTTP/1.1 200 OK"
2026-06-09 03:13:16,883 [INFO] httpx: HTTP Request: POST https://api.telegram.org/bot8343388239:AAFgeAkc9bvjywyCsHqRIa_RiJ6q-rp6uv0/getUpdates "HTTP/1.1 200 OK"
2026-06-09 03:13:47,211 [INFO] signals.stockity_http: Got 900 raw 1s candles for CRYPTO_IDX (Z-CRY/IDX)
2026-06-09 03:13:47,211 [INFO] signals.stockity_http: Aggregated into 16 1m candles
2026-06-09 03:13:47,211 [INFO] signals.stockity_http: Signal for CRYPTO_IDX: CALL 62% (score=62, EMA5↑EMA10; RSI0 OS; midLo)
2026-06-09 03:13:47,353 [INFO] signals.stockity_http: Got 900 raw 1s candles for BTC_IDX (Z-CRY/IDX)
2026-06-09 03:13:47,354 [INFO] signals.stockity_http: Aggregated into 16 1m candles
2026-06-09 03:13:47,354 [INFO] signals.stockity_http: Signal for BTC_IDX: CALL 62% (score=62, EMA5↑EMA10; RSI0 OS; midLo)
2026-06-09 03:13:47,497 [INFO] signals.stockity_http: Got 900 raw 1s candles for ETH_IDX (Z-CRY/IDX)
2026-06-09 03:13:47,498 [INFO] signals.stockity_http: Aggregated into 16 1m candles
2026-06-09 03:13:47,498 [INFO] signals.stockity_http: Signal for ETH_IDX: CALL 62% (score=62, EMA5↑EMA10; RSI0 OS; midLo)
2026-06-09 03:13:47,633 [INFO] signals.stockity_http: Got 900 raw 1s candles for GOLD_IDX (Z-CRY/IDX)
2026-06-09 03:13:47,634 [INFO] signals.stockity_http: Aggregated into 16 1m candles
2026-06-09 03:13:47,634 [INFO] signals.stockity_http: Signal for GOLD_IDX: CALL 62% (score=62, EMA5↑EMA10; RSI0 OS; midLo)
2026-06-09 03:13:47,634 [INFO] httpx: HTTP Request: POST https://api.telegram.org/bot8343388239:AAFgeAkc9bvjywyCsHqRIa_RiJ6q-rp6uv0/getUpdates "HTTP/1.1 200 OK"
2026-06-09 03:14:18,325 [INFO] httpx: HTTP Request: POST https://api.telegram.org/bot8343388239:AAFgeAkc9bvjywyCsHqRIa_RiJ6q-rp6uv0/getUpdates "HTTP/1.1 200 OK"
2026-06-09 03:14:49,018 [INFO] httpx: HTTP Request: POST https://api.telegram.org/bot8343388239:AAFgeAkc9bvjywyCsHqRIa_RiJ6q-rp6uv0/getUpdates "HTTP/1.1 200 OK"
2026-06-09 03:15:19,713 [INFO] httpx: HTTP Request: POST https://api.telegram.org/bot8343388239:AAFgeAkc9bvjywyCsHqRIa_RiJ6q-rp6uv0/getUpdates "HTTP/1.1 200 OK"
2026-06-09 03:15:50,404 [INFO] httpx: HTTP Request: POST https://api.telegram.org/bot8343388239:AAFgeAkc9bvjywyCsHqRIa_RiJ6q-rp6uv0/getUpdates "HTTP/1.1 200 OK"
2026-06-09 03:16:21,101 [INFO] httpx: HTTP Request: POST https://api.telegram.org/bot8343388239:AAFgeAkc9bvjywyCsHqRIa_RiJ6q-rp6uv0/getUpdates "HTTP/1.1 200 OK"
2026-06-09 03:16:51,788 [INFO] httpx: HTTP Request: POST https://api.telegram.org/bot8343388239:AAFgeAkc9bvjywyCsHqRIa_RiJ6q-rp6uv0/getUpdates "HTTP/1.1 200 OK"
2026-06-09 03:17:22,490 [INFO] httpx: HTTP Request: POST https://api.telegram.org/bot8343388239:AAFgeAkc9bvjywyCsHqRIa_RiJ6q-rp6uv0/getUpdates "HTTP/1.1 200 OK"
2026-06-09 03:17:53,178 [INFO] httpx: HTTP Request: POST https://api.telegram.org/bot8343388239:AAFgeAkc9bvjywyCsHqRIa_RiJ6q-rp6uv0/getUpdates "HTTP/1.1 200 OK"
2026-06-09 03:18:23,868 [INFO] httpx: HTTP Request: POST https://api.telegram.org/bot8343388239:AAFgeAkc9bvjywyCsHqRIa_RiJ6q-rp6uv0/getUpdates "HTTP/1.1 200 OK"
2026-06-09 03:18:48,005 [INFO] signals.stockity_http: Got 900 raw 1s candles for CRYPTO_IDX (Z-CRY/IDX)
2026-06-09 03:18:48,005 [INFO] signals.stockity_http: Aggregated into 16 1m candles
2026-06-09 03:18:48,005 [INFO] signals.stockity_http: Signal for CRYPTO_IDX: PUT 62% (score=38, EMA5↓EMA10; bearX; RSI0 OS)
2026-06-09 03:18:48,006 [INFO] subscription_bot.signaler: NEW signal: CRYPTO_IDX PUT 62%
2026-06-09 03:18:48,781 [INFO] httpx: HTTP Request: POST https://api.telegram.org/bot8343388239:AAFgeAkc9bvjywyCsHqRIa_RiJ6q-rp6uv0/sendMessage "HTTP/1.1 200 OK"
2026-06-09 03:18:48,843 [INFO] subscription_bot.bot: Signal dispatched to 1/1 subscribers
2026-06-09 03:18:48,982 [INFO] signals.stockity_http: Got 900 raw 1s candles for BTC_IDX (Z-CRY/IDX)
2026-06-09 03:18:48,983 [INFO] signals.stockity_http: Aggregated into 16 1m candles
2026-06-09 03:18:48,983 [INFO] signals.stockity_http: Signal for BTC_IDX: PUT 62% (score=38, EMA5↓EMA10; bearX; RSI0 OS)
2026-06-09 03:18:48,983 [INFO] subscription_bot.signaler: NEW signal: BTC_IDX PUT 62%
2026-06-09 03:18:49,367 [INFO] httpx: HTTP Request: POST https://api.telegram.org/bot8343388239:AAFgeAkc9bvjywyCsHqRIa_RiJ6q-rp6uv0/sendMessage "HTTP/1.1 200 OK"
2026-06-09 03:18:49,398 [INFO] subscription_bot.bot: Signal dispatched to 1/1 subscribers
2026-06-09 03:18:49,534 [INFO] signals.stockity_http: Got 900 raw 1s candles for ETH_IDX (Z-CRY/IDX)
2026-06-09 03:18:49,535 [INFO] signals.stockity_http: Aggregated into 16 1m candles
2026-06-09 03:18:49,535 [INFO] signals.stockity_http: Signal for ETH_IDX: PUT 62% (score=38, EMA5↓EMA10; bearX; RSI0 OS)
2026-06-09 03:18:49,535 [INFO] subscription_bot.signaler: NEW signal: ETH_IDX PUT 62%
2026-06-09 03:18:49,917 [INFO] httpx: HTTP Request: POST https://api.telegram.org/bot8343388239:AAFgeAkc9bvjywyCsHqRIa_RiJ6q-rp6uv0/sendMessage "HTTP/1.1 200 OK"
2026-06-09 03:18:49,948 [INFO] subscription_bot.bot: Signal dispatched to 1/1 subscribers
2026-06-09 03:18:50,108 [INFO] signals.stockity_http: Got 900 raw 1s candles for GOLD_IDX (Z-CRY/IDX)
2026-06-09 03:18:50,108 [INFO] signals.stockity_http: Aggregated into 16 1m candles
2026-06-09 03:18:50,109 [INFO] signals.stockity_http: Signal for GOLD_IDX: PUT 62% (score=38, EMA5↓EMA10; bearX; RSI0 OS)
2026-06-09 03:18:50,109 [INFO] subscription_bot.signaler: NEW signal: GOLD_IDX PUT 62%
2026-06-09 03:18:50,491 [INFO] httpx: HTTP Request: POST https://api.telegram.org/bot8343388239:AAFgeAkc9bvjywyCsHqRIa_RiJ6q-rp6uv0/sendMessage "HTTP/1.1 200 OK"
2026-06-09 03:18:50,522 [INFO] subscription_bot.bot: Signal dispatched to 1/1 subscribers
2026-06-09 03:18:54,563 [INFO] httpx: HTTP Request: POST https://api.telegram.org/bot8343388239:AAFgeAkc9bvjywyCsHqRIa_RiJ6q-rp6uv0/getUpdates "HTTP/1.1 200 OK"
2026-06-09 03:19:25,253 [INFO] httpx: HTTP Request: POST https://api.telegram.org/bot8343388239:AAFgeAkc9bvjywyCsHqRIa_RiJ6q-rp6uv0/getUpdates "HTTP/1.1 200 OK"
2026-06-09 03:19:55,943 [INFO] httpx: HTTP Request: POST https://api.telegram.org/bot8343388239:AAFgeAkc9bvjywyCsHqRIa_RiJ6q-rp6uv0/getUpdates "HTTP/1.1 200 OK"
2026-06-09 03:20:26,635 [INFO] httpx: HTTP Request: POST https://api.telegram.org/bot8343388239:AAFgeAkc9bvjywyCsHqRIa_RiJ6q-rp6uv0/getUpdates "HTTP/1.1 200 OK"
2026-06-09 03:20:57,326 [INFO] httpx: HTTP Request: POST https://api.telegram.org/bot8343388239:AAFgeAkc9bvjywyCsHqRIa_RiJ6q-rp6uv0/getUpdates "HTTP/1.1 200 OK"
2026-06-09 03:21:28,015 [INFO] httpx: HTTP Request: POST https://api.telegram.org/bot8343388239:AAFgeAkc9bvjywyCsHqRIa_RiJ6q-rp6uv0/getUpdates "HTTP/1.1 200 OK"
2026-06-09 03:21:58,709 [INFO] httpx: HTTP Request: POST https://api.telegram.org/bot8343388239:AAFgeAkc9bvjywyCsHqRIa_RiJ6q-rp6uv0/getUpdates "HTTP/1.1 200 OK"
2026-06-09 03:22:29,408 [INFO] httpx: HTTP Request: POST https://api.telegram.org/bot8343388239:AAFgeAkc9bvjywyCsHqRIa_RiJ6q-rp6uv0/getUpdates "HTTP/1.1 200 OK"
2026-06-09 03:23:00,107 [INFO] httpx: HTTP Request: POST https://api.telegram.org/bot8343388239:AAFgeAkc9bvjywyCsHqRIa_RiJ6q-rp6uv0/getUpdates "HTTP/1.1 200 OK"
2026-06-09 03:23:30,795 [INFO] httpx: HTTP Request: POST https://api.telegram.org/bot8343388239:AAFgeAkc9bvjywyCsHqRIa_RiJ6q-rp6uv0/getUpdates "HTTP/1.1 200 OK"
2026-06-09 03:23:50,716 [INFO] signals.stockity_http: Got 900 raw 1s candles for CRYPTO_IDX (Z-CRY/IDX)
2026-06-09 03:23:50,716 [INFO] signals.stockity_http: Aggregated into 16 1m candles
2026-06-09 03:23:50,716 [INFO] signals.stockity_http: Signal for CRYPTO_IDX: PUT 62% (score=38, EMA5↓EMA10; bearX; RSI0 OS)
2026-06-09 03:23:50,847 [INFO] signals.stockity_http: Got 900 raw 1s candles for BTC_IDX (Z-CRY/IDX)
2026-06-09 03:23:50,847 [INFO] signals.stockity_http: Aggregated into 16 1m candles
2026-06-09 03:23:50,847 [INFO] signals.stockity_http: Signal for BTC_IDX: PUT 62% (score=38, EMA5↓EMA10; bearX; RSI0 OS)
2026-06-09 03:23:51,891 [INFO] signals.stockity_http: Got 900 raw 1s candles for ETH_IDX (Z-CRY/IDX)
2026-06-09 03:23:51,891 [INFO] signals.stockity_http: Aggregated into 16 1m candles
2026-06-09 03:23:51,891 [INFO] signals.stockity_http: Signal for ETH_IDX: PUT 62% (score=38, EMA5↓EMA10; bearX; RSI0 OS)
2026-06-09 03:23:52,023 [INFO] signals.stockity_http: Got 900 raw 1s candles for GOLD_IDX (Z-CRY/IDX)
2026-06-09 03:23:52,024 [INFO] signals.stockity_http: Aggregated into 16 1m candles
2026-06-09 03:23:52,024 [INFO] signals.stockity_http: Signal for GOLD_IDX: PUT 62% (score=38, EMA5↓EMA10; bearX; RSI0 OS)
2026-06-09 03:24:01,483 [INFO] httpx: HTTP Request: POST https://api.telegram.org/bot8343388239:AAFgeAkc9bvjywyCsHqRIa_RiJ6q-rp6uv0/getUpdates "HTTP/1.1 200 OK"
2026-06-09 03:24:32,178 [INFO] httpx: HTTP Request: POST https://api.telegram.org/bot8343388239:AAFgeAkc9bvjywyCsHqRIa_RiJ6q-rp6uv0/getUpdates "HTTP/1.1 200 OK"
2026-06-09 03:25:02,867 [INFO] httpx: HTTP Request: POST https://api.telegram.org/bot8343388239:AAFgeAkc9bvjywyCsHqRIa_RiJ6q-rp6uv0/getUpdates "HTTP/1.1 200 OK"
2026-06-09 03:25:33,557 [INFO] httpx: HTTP Request: POST https://api.telegram.org/bot8343388239:AAFgeAkc9bvjywyCsHqRIa_RiJ6q-rp6uv0/getUpdates "HTTP/1.1 200 OK"
2026-06-09 03:26:04,252 [INFO] httpx: HTTP Request: POST https://api.telegram.org/bot8343388239:AAFgeAkc9bvjywyCsHqRIa_RiJ6q-rp6uv0/getUpdates "HTTP/1.1 200 OK"
2026-06-09 03:26:34,945 [INFO] httpx: HTTP Request: POST https://api.telegram.org/bot8343388239:AAFgeAkc9bvjywyCsHqRIa_RiJ6q-rp6uv0/getUpdates "HTTP/1.1 200 OK"
2026-06-09 03:27:05,636 [INFO] httpx: HTTP Request: POST https://api.telegram.org/bot8343388239:AAFgeAkc9bvjywyCsHqRIa_RiJ6q-rp6uv0/getUpdates "HTTP/1.1 200 OK"
2026-06-09 03:27:36,334 [INFO] httpx: HTTP Request: POST https://api.telegram.org/bot8343388239:AAFgeAkc9bvjywyCsHqRIa_RiJ6q-rp6uv0/getUpdates "HTTP/1.1 200 OK"
2026-06-09 03:28:07,026 [INFO] httpx: HTTP Request: POST https://api.telegram.org/bot8343388239:AAFgeAkc9bvjywyCsHqRIa_RiJ6q-rp6uv0/getUpdates "HTTP/1.1 200 OK"
2026-06-09 03:28:37,714 [INFO] httpx: HTTP Request: POST https://api.telegram.org/bot8343388239:AAFgeAkc9bvjywyCsHqRIa_RiJ6q-rp6uv0/getUpdates "HTTP/1.1 200 OK"
2026-06-09 03:28:52,203 [INFO] signals.stockity_http: Got 900 raw 1s candles for CRYPTO_IDX (Z-CRY/IDX)
2026-06-09 03:28:52,203 [INFO] signals.stockity_http: Aggregated into 16 1m candles
2026-06-09 03:28:52,204 [INFO] signals.stockity_http: Signal for CRYPTO_IDX: PUT 62% (score=38, EMA5↓EMA10; bearX; RSI0 OS)
2026-06-09 03:28:52,340 [INFO] signals.stockity_http: Got 900 raw 1s candles for BTC_IDX (Z-CRY/IDX)
2026-06-09 03:28:52,340 [INFO] signals.stockity_http: Aggregated into 16 1m candles
2026-06-09 03:28:52,340 [INFO] signals.stockity_http: Signal for BTC_IDX: PUT 62% (score=38, EMA5↓EMA10; bearX; RSI0 OS)
2026-06-09 03:28:52,478 [INFO] signals.stockity_http: Got 900 raw 1s candles for ETH_IDX (Z-CRY/IDX)
2026-06-09 03:28:52,479 [INFO] signals.stockity_http: Aggregated into 16 1m candles
2026-06-09 03:28:52,479 [INFO] signals.stockity_http: Signal for ETH_IDX: PUT 62% (score=38, EMA5↓EMA10; bearX; RSI0 OS)
2026-06-09 03:28:52,625 [INFO] signals.stockity_http: Got 900 raw 1s candles for GOLD_IDX (Z-CRY/IDX)
2026-06-09 03:28:52,628 [INFO] signals.stockity_http: Aggregated into 16 1m candles
2026-06-09 03:28:52,629 [INFO] signals.stockity_http: Signal for GOLD_IDX: PUT 62% (score=38, EMA5↓EMA10; bearX; RSI0 OS)
2026-06-09 03:29:08,403 [INFO] httpx: HTTP Request: POST https://api.telegram.org/bot8343388239:AAFgeAkc9bvjywyCsHqRIa_RiJ6q-rp6uv0/getUpdates "HTTP/1.1 200 OK"
2026-06-09 03:29:39,094 [INFO] httpx: HTTP Request: POST https://api.telegram.org/bot8343388239:AAFgeAkc9bvjywyCsHqRIa_RiJ6q-rp6uv0/getUpdates "HTTP/1.1 200 OK"
2026-06-09 03:30:09,789 [INFO] httpx: HTTP Request: POST https://api.telegram.org/bot8343388239:AAFgeAkc9bvjywyCsHqRIa_RiJ6q-rp6uv0/getUpdates "HTTP/1.1 200 OK"
2026-06-09 03:30:40,479 [INFO] httpx: HTTP Request: POST https://api.telegram.org/bot8343388239:AAFgeAkc9bvjywyCsHqRIa_RiJ6q-rp6uv0/getUpdates "HTTP/1.1 200 OK"
2026-06-09 03:31:11,206 [INFO] httpx: HTTP Request: POST https://api.telegram.org/bot8343388239:AAFgeAkc9bvjywyCsHqRIa_RiJ6q-rp6uv0/getUpdates "HTTP/1.1 200 OK"
2026-06-09 03:31:41,894 [INFO] httpx: HTTP Request: POST https://api.telegram.org/bot8343388239:AAFgeAkc9bvjywyCsHqRIa_RiJ6q-rp6uv0/getUpdates "HTTP/1.1 200 OK"
2026-06-09 03:32:12,584 [INFO] httpx: HTTP Request: POST https://api.telegram.org/bot8343388239:AAFgeAkc9bvjywyCsHqRIa_RiJ6q-rp6uv0/getUpdates "HTTP/1.1 200 OK"
2026-06-09 03:32:43,274 [INFO] httpx: HTTP Request: POST https://api.telegram.org/bot8343388239:AAFgeAkc9bvjywyCsHqRIa_RiJ6q-rp6uv0/getUpdates "HTTP/1.1 200 OK"
2026-06-09 03:33:13,961 [INFO] httpx: HTTP Request: POST https://api.telegram.org/bot8343388239:AAFgeAkc9bvjywyCsHqRIa_RiJ6q-rp6uv0/getUpdates "HTTP/1.1 200 OK"
2026-06-09 03:33:44,654 [INFO] httpx: HTTP Request: POST https://api.telegram.org/bot8343388239:AAFgeAkc9bvjywyCsHqRIa_RiJ6q-rp6uv0/getUpdates "HTTP/1.1 200 OK"
2026-06-09 03:33:52,983 [INFO] signals.stockity_http: Got 900 raw 1s candles for CRYPTO_IDX (Z-CRY/IDX)
2026-06-09 03:33:52,984 [INFO] signals.stockity_http: Aggregated into 16 1m candles
2026-06-09 03:33:52,984 [INFO] signals.stockity_http: Signal for CRYPTO_IDX: CALL 66% (score=66, EMA5↑EMA10; RSI0 OS; midHi)
2026-06-09 03:33:52,985 [INFO] subscription_bot.signaler: NEW signal: CRYPTO_IDX CALL 66%
2026-06-09 03:33:53,750 [INFO] httpx: HTTP Request: POST https://api.telegram.org/bot8343388239:AAFgeAkc9bvjywyCsHqRIa_RiJ6q-rp6uv0/sendMessage "HTTP/1.1 200 OK"
2026-06-09 03:33:53,781 [INFO] subscription_bot.bot: Signal dispatched to 1/1 subscribers
2026-06-09 03:33:53,916 [INFO] signals.stockity_http: Got 900 raw 1s candles for BTC_IDX (Z-CRY/IDX)
2026-06-09 03:33:53,916 [INFO] signals.stockity_http: Aggregated into 16 1m candles
2026-06-09 03:33:53,916 [INFO] signals.stockity_http: Signal for BTC_IDX: CALL 66% (score=66, EMA5↑EMA10; RSI0 OS; midHi)
2026-06-09 03:33:53,916 [INFO] subscription_bot.signaler: NEW signal: BTC_IDX CALL 66%
2026-06-09 03:33:54,304 [INFO] httpx: HTTP Request: POST https://api.telegram.org/bot8343388239:AAFgeAkc9bvjywyCsHqRIa_RiJ6q-rp6uv0/sendMessage "HTTP/1.1 200 OK"
2026-06-09 03:33:54,335 [INFO] subscription_bot.bot: Signal dispatched to 1/1 subscribers
2026-06-09 03:33:54,490 [INFO] signals.stockity_http: Got 900 raw 1s candles for ETH_IDX (Z-CRY/IDX)
2026-06-09 03:33:54,491 [INFO] signals.stockity_http: Aggregated into 16 1m candles
2026-06-09 03:33:54,491 [INFO] signals.stockity_http: Signal for ETH_IDX: CALL 66% (score=66, EMA5↑EMA10; RSI0 OS; midHi)
2026-06-09 03:33:54,491 [INFO] subscription_bot.signaler: NEW signal: ETH_IDX CALL 66%
2026-06-09 03:33:54,873 [INFO] httpx: HTTP Request: POST https://api.telegram.org/bot8343388239:AAFgeAkc9bvjywyCsHqRIa_RiJ6q-rp6uv0/sendMessage "HTTP/1.1 200 OK"
2026-06-09 03:33:54,904 [INFO] subscription_bot.bot: Signal dispatched to 1/1 subscribers
2026-06-09 03:33:55,045 [INFO] signals.stockity_http: Got 900 raw 1s candles for GOLD_IDX (Z-CRY/IDX)
2026-06-09 03:33:55,045 [INFO] signals.stockity_http: Aggregated into 16 1m candles
2026-06-09 03:33:55,045 [INFO] signals.stockity_http: Signal for GOLD_IDX: CALL 66% (score=66, EMA5↑EMA10; RSI0 OS; midHi)
2026-06-09 03:33:55,045 [INFO] subscription_bot.signaler: NEW signal: GOLD_IDX CALL 66%
2026-06-09 03:33:55,433 [INFO] httpx: HTTP Request: POST https://api.telegram.org/bot8343388239:AAFgeAkc9bvjywyCsHqRIa_RiJ6q-rp6uv0/sendMessage "HTTP/1.1 200 OK"
2026-06-09 03:33:55,464 [INFO] subscription_bot.bot: Signal dispatched to 1/1 subscribers
2026-06-09 03:34:15,346 [INFO] httpx: HTTP Request: POST https://api.telegram.org/bot8343388239:AAFgeAkc9bvjywyCsHqRIa_RiJ6q-rp6uv0/getUpdates "HTTP/1.1 200 OK"
2026-06-09 03:34:46,035 [INFO] httpx: HTTP Request: POST https://api.telegram.org/bot8343388239:AAFgeAkc9bvjywyCsHqRIa_RiJ6q-rp6uv0/getUpdates "HTTP/1.1 200 OK"
2026-06-09 03:35:16,726 [INFO] httpx: HTTP Request: POST https://api.telegram.org/bot8343388239:AAFgeAkc9bvjywyCsHqRIa_RiJ6q-rp6uv0/getUpdates "HTTP/1.1 200 OK"
2026-06-09 03:35:47,413 [INFO] httpx: HTTP Request: POST https://api.telegram.org/bot8343388239:AAFgeAkc9bvjywyCsHqRIa_RiJ6q-rp6uv0/getUpdates "HTTP/1.1 200 OK"
2026-06-09 03:36:18,102 [INFO] httpx: HTTP Request: POST https://api.telegram.org/bot8343388239:AAFgeAkc9bvjywyCsHqRIa_RiJ6q-rp6uv0/getUpdates "HTTP/1.1 200 OK"
2026-06-09 03:36:48,791 [INFO] httpx: HTTP Request: POST https://api.telegram.org/bot8343388239:AAFgeAkc9bvjywyCsHqRIa_RiJ6q-rp6uv0/getUpdates "HTTP/1.1 200 OK"
2026-06-09 03:37:19,498 [INFO] httpx: HTTP Request: POST https://api.telegram.org/bot8343388239:AAFgeAkc9bvjywyCsHqRIa_RiJ6q-rp6uv0/getUpdates "HTTP/1.1 200 OK"
2026-06-09 03:37:50,186 [INFO] httpx: HTTP Request: POST https://api.telegram.org/bot8343388239:AAFgeAkc9bvjywyCsHqRIa_RiJ6q-rp6uv0/getUpdates "HTTP/1.1 200 OK"
2026-06-09 03:38:20,879 [INFO] httpx: HTTP Request: POST https://api.telegram.org/bot8343388239:AAFgeAkc9bvjywyCsHqRIa_RiJ6q-rp6uv0/getUpdates "HTTP/1.1 200 OK"
2026-06-09 03:38:51,568 [INFO] httpx: HTTP Request: POST https://api.telegram.org/bot8343388239:AAFgeAkc9bvjywyCsHqRIa_RiJ6q-rp6uv0/getUpdates "HTTP/1.1 200 OK"
2026-06-09 03:38:55,640 [INFO] signals.stockity_http: Got 900 raw 1s candles for CRYPTO_IDX (Z-CRY/IDX)
2026-06-09 03:38:55,640 [INFO] signals.stockity_http: Aggregated into 16 1m candles
2026-06-09 03:38:55,641 [INFO] signals.stockity_http: Signal for CRYPTO_IDX: CALL 66% (score=66, EMA5↑EMA10; RSI0 OS; midHi)
2026-06-09 03:38:55,778 [INFO] signals.stockity_http: Got 900 raw 1s candles for BTC_IDX (Z-CRY/IDX)
2026-06-09 03:38:55,779 [INFO] signals.stockity_http: Aggregated into 16 1m candles
2026-06-09 03:38:55,779 [INFO] signals.stockity_http: Signal for BTC_IDX: CALL 66% (score=66, EMA5↑EMA10; RSI0 OS; midHi)
2026-06-09 03:38:55,909 [INFO] signals.stockity_http: Got 900 raw 1s candles for ETH_IDX (Z-CRY/IDX)
2026-06-09 03:38:55,910 [INFO] signals.stockity_http: Aggregated into 16 1m candles
2026-06-09 03:38:55,910 [INFO] signals.stockity_http: Signal for ETH_IDX: CALL 66% (score=66, EMA5↑EMA10; RSI0 OS; midHi)
2026-06-09 03:38:56,043 [INFO] signals.stockity_http: Got 900 raw 1s candles for GOLD_IDX (Z-CRY/IDX)
2026-06-09 03:38:56,043 [INFO] signals.stockity_http: Aggregated into 16 1m candles
2026-06-09 03:38:56,043 [INFO] signals.stockity_http: Signal for GOLD_IDX: CALL 66% (score=66, EMA5↑EMA10; RSI0 OS; midHi)
2026-06-09 03:39:22,257 [INFO] httpx: HTTP Request: POST https://api.telegram.org/bot8343388239:AAFgeAkc9bvjywyCsHqRIa_RiJ6q-rp6uv0/getUpdates "HTTP/1.1 200 OK"
2026-06-09 03:39:52,948 [INFO] httpx: HTTP Request: POST https://api.telegram.org/bot8343388239:AAFgeAkc9bvjywyCsHqRIa_RiJ6q-rp6uv0/getUpdates "HTTP/1.1 200 OK"
2026-06-09 03:40:23,643 [INFO] httpx: HTTP Request: POST https://api.telegram.org/bot8343388239:AAFgeAkc9bvjywyCsHqRIa_RiJ6q-rp6uv0/getUpdates "HTTP/1.1 200 OK"
2026-06-09 03:40:54,337 [INFO] httpx: HTTP Request: POST https://api.telegram.org/bot8343388239:AAFgeAkc9bvjywyCsHqRIa_RiJ6q-rp6uv0/getUpdates "HTTP/1.1 200 OK"
2026-06-09 03:41:25,039 [INFO] httpx: HTTP Request: POST https://api.telegram.org/bot8343388239:AAFgeAkc9bvjywyCsHqRIa_RiJ6q-rp6uv0/getUpdates "HTTP/1.1 200 OK"
2026-06-09 03:41:55,750 [INFO] httpx: HTTP Request: POST https://api.telegram.org/bot8343388239:AAFgeAkc9bvjywyCsHqRIa_RiJ6q-rp6uv0/getUpdates "HTTP/1.1 200 OK"
2026-06-09 03:42:26,452 [INFO] httpx: HTTP Request: POST https://api.telegram.org/bot8343388239:AAFgeAkc9bvjywyCsHqRIa_RiJ6q-rp6uv0/getUpdates "HTTP/1.1 200 OK"
2026-06-09 03:42:57,140 [INFO] httpx: HTTP Request: POST https://api.telegram.org/bot8343388239:AAFgeAkc9bvjywyCsHqRIa_RiJ6q-rp6uv0/getUpdates "HTTP/1.1 200 OK"
2026-06-09 03:43:27,830 [INFO] httpx: HTTP Request: POST https://api.telegram.org/bot8343388239:AAFgeAkc9bvjywyCsHqRIa_RiJ6q-rp6uv0/getUpdates "HTTP/1.1 200 OK"
2026-06-09 03:43:56,245 [INFO] signals.stockity_http: Got 900 raw 1s candles for CRYPTO_IDX (Z-CRY/IDX)
2026-06-09 03:43:56,246 [INFO] signals.stockity_http: Aggregated into 16 1m candles
2026-06-09 03:43:56,246 [INFO] signals.stockity_http: Signal for CRYPTO_IDX: CALL 66% (score=66, EMA5↑EMA10; RSI0 OS; midHi)
2026-06-09 03:43:56,383 [INFO] signals.stockity_http: Got 900 raw 1s candles for BTC_IDX (Z-CRY/IDX)
2026-06-09 03:43:56,383 [INFO] signals.stockity_http: Aggregated into 16 1m candles
2026-06-09 03:43:56,383 [INFO] signals.stockity_http: Signal for BTC_IDX: CALL 66% (score=66, EMA5↑EMA10; RSI0 OS; midHi)
2026-06-09 03:43:56,512 [INFO] signals.stockity_http: Got 900 raw 1s candles for ETH_IDX (Z-CRY/IDX)
2026-06-09 03:43:56,512 [INFO] signals.stockity_http: Aggregated into 16 1m candles
2026-06-09 03:43:56,512 [INFO] signals.stockity_http: Signal for ETH_IDX: CALL 66% (score=66, EMA5↑EMA10; RSI0 OS; midHi)
2026-06-09 03:43:56,653 [INFO] signals.stockity_http: Got 900 raw 1s candles for GOLD_IDX (Z-CRY/IDX)
2026-06-09 03:43:56,653 [INFO] signals.stockity_http: Aggregated into 16 1m candles
2026-06-09 03:43:56,653 [INFO] signals.stockity_http: Signal for GOLD_IDX: CALL 66% (score=66, EMA5↑EMA10; RSI0 OS; midHi)
2026-06-09 03:43:58,523 [INFO] httpx: HTTP Request: POST https://api.telegram.org/bot8343388239:AAFgeAkc9bvjywyCsHqRIa_RiJ6q-rp6uv0/getUpdates "HTTP/1.1 200 OK"
2026-06-09 03:44:29,215 [INFO] httpx: HTTP Request: POST https://api.telegram.org/bot8343388239:AAFgeAkc9bvjywyCsHqRIa_RiJ6q-rp6uv0/getUpdates "HTTP/1.1 200 OK"
2026-06-09 03:44:59,906 [INFO] httpx: HTTP Request: POST https://api.telegram.org/bot8343388239:AAFgeAkc9bvjywyCsHqRIa_RiJ6q-rp6uv0/getUpdates "HTTP/1.1 200 OK"
2026-06-09 03:45:30,598 [INFO] httpx: HTTP Request: POST https://api.telegram.org/bot8343388239:AAFgeAkc9bvjywyCsHqRIa_RiJ6q-rp6uv0/getUpdates "HTTP/1.1 200 OK"
2026-06-09 03:46:01,291 [INFO] httpx: HTTP Request: POST https://api.telegram.org/bot8343388239:AAFgeAkc9bvjywyCsHqRIa_RiJ6q-rp6uv0/getUpdates "HTTP/1.1 200 OK"
2026-06-09 03:46:31,982 [INFO] httpx: HTTP Request: POST https://api.telegram.org/bot8343388239:AAFgeAkc9bvjywyCsHqRIa_RiJ6q-rp6uv0/getUpdates "HTTP/1.1 200 OK"
2026-06-09 03:47:02,682 [INFO] httpx: HTTP Request: POST https://api.telegram.org/bot8343388239:AAFgeAkc9bvjywyCsHqRIa_RiJ6q-rp6uv0/getUpdates "HTTP/1.1 200 OK"
2026-06-09 03:47:33,370 [INFO] httpx: HTTP Request: POST https://api.telegram.org/bot8343388239:AAFgeAkc9bvjywyCsHqRIa_RiJ6q-rp6uv0/getUpdates "HTTP/1.1 200 OK"
2026-06-09 03:48:04,059 [INFO] httpx: HTTP Request: POST https://api.telegram.org/bot8343388239:AAFgeAkc9bvjywyCsHqRIa_RiJ6q-rp6uv0/getUpdates "HTTP/1.1 200 OK"
2026-06-09 03:48:34,749 [INFO] httpx: HTTP Request: POST https://api.telegram.org/bot8343388239:AAFgeAkc9bvjywyCsHqRIa_RiJ6q-rp6uv0/getUpdates "HTTP/1.1 200 OK"
2026-06-09 03:48:57,369 [INFO] signals.stockity_http: Got 900 raw 1s candles for CRYPTO_IDX (Z-CRY/IDX)
2026-06-09 03:48:57,369 [INFO] signals.stockity_http: Aggregated into 16 1m candles
2026-06-09 03:48:57,370 [INFO] signals.stockity_http: Signal for CRYPTO_IDX: CALL 66% (score=66, EMA5↑EMA10; RSI0 OS; midHi)
2026-06-09 03:48:57,498 [INFO] signals.stockity_http: Got 900 raw 1s candles for BTC_IDX (Z-CRY/IDX)
2026-06-09 03:48:57,499 [INFO] signals.stockity_http: Aggregated into 16 1m candles
2026-06-09 03:48:57,499 [INFO] signals.stockity_http: Signal for BTC_IDX: CALL 66% (score=66, EMA5↑EMA10; RSI0 OS; midHi)
2026-06-09 03:48:57,631 [INFO] signals.stockity_http: Got 900 raw 1s candles for ETH_IDX (Z-CRY/IDX)
2026-06-09 03:48:57,632 [INFO] signals.stockity_http: Aggregated into 16 1m candles
2026-06-09 03:48:57,632 [INFO] signals.stockity_http: Signal for ETH_IDX: CALL 66% (score=66, EMA5↑EMA10; RSI0 OS; midHi)
2026-06-09 03:48:57,774 [INFO] signals.stockity_http: Got 900 raw 1s candles for GOLD_IDX (Z-CRY/IDX)
2026-06-09 03:48:57,774 [INFO] signals.stockity_http: Aggregated into 16 1m candles
2026-06-09 03:48:57,774 [INFO] signals.stockity_http: Signal for GOLD_IDX: CALL 66% (score=66, EMA5↑EMA10; RSI0 OS; midHi)
2026-06-09 03:49:05,436 [INFO] httpx: HTTP Request: POST https://api.telegram.org/bot8343388239:AAFgeAkc9bvjywyCsHqRIa_RiJ6q-rp6uv0/getUpdates "HTTP/1.1 200 OK"
2026-06-09 03:49:36,131 [INFO] httpx: HTTP Request: POST https://api.telegram.org/bot8343388239:AAFgeAkc9bvjywyCsHqRIa_RiJ6q-rp6uv0/getUpdates "HTTP/1.1 200 OK"
2026-06-09 03:50:06,831 [INFO] httpx: HTTP Request: POST https://api.telegram.org/bot8343388239:AAFgeAkc9bvjywyCsHqRIa_RiJ6q-rp6uv0/getUpdates "HTTP/1.1 200 OK"
2026-06-09 03:50:37,923 [INFO] httpx: HTTP Request: POST https://api.telegram.org/bot8343388239:AAFgeAkc9bvjywyCsHqRIa_RiJ6q-rp6uv0/getUpdates "HTTP/1.1 200 OK"
2026-06-09 03:51:08,616 [INFO] httpx: HTTP Request: POST https://api.telegram.org/bot8343388239:AAFgeAkc9bvjywyCsHqRIa_RiJ6q-rp6uv0/getUpdates "HTTP/1.1 200 OK"
2026-06-09 03:51:39,681 [INFO] httpx: HTTP Request: POST https://api.telegram.org/bot8343388239:AAFgeAkc9bvjywyCsHqRIa_RiJ6q-rp6uv0/getUpdates "HTTP/1.1 200 OK"
2026-06-09 03:52:10,372 [INFO] httpx: HTTP Request: POST https://api.telegram.org/bot8343388239:AAFgeAkc9bvjywyCsHqRIa_RiJ6q-rp6uv0/getUpdates "HTTP/1.1 200 OK"
2026-06-09 03:52:41,061 [INFO] httpx: HTTP Request: POST https://api.telegram.org/bot8343388239:AAFgeAkc9bvjywyCsHqRIa_RiJ6q-rp6uv0/getUpdates "HTTP/1.1 200 OK"
2026-06-09 03:53:11,749 [INFO] httpx: HTTP Request: POST https://api.telegram.org/bot8343388239:AAFgeAkc9bvjywyCsHqRIa_RiJ6q-rp6uv0/getUpdates "HTTP/1.1 200 OK"
2026-06-09 03:53:42,439 [INFO] httpx: HTTP Request: POST https://api.telegram.org/bot8343388239:AAFgeAkc9bvjywyCsHqRIa_RiJ6q-rp6uv0/getUpdates "HTTP/1.1 200 OK"
2026-06-09 03:53:57,955 [INFO] signals.stockity_http: Got 900 raw 1s candles for CRYPTO_IDX (Z-CRY/IDX)
2026-06-09 03:53:57,956 [INFO] signals.stockity_http: Aggregated into 16 1m candles
2026-06-09 03:53:57,956 [INFO] signals.stockity_http: Signal for CRYPTO_IDX: CALL 66% (score=66, EMA5↑EMA10; RSI0 OS; midHi)
2026-06-09 03:53:58,446 [INFO] signals.stockity_http: Got 900 raw 1s candles for BTC_IDX (Z-CRY/IDX)
2026-06-09 03:53:58,446 [INFO] signals.stockity_http: Aggregated into 16 1m candles
2026-06-09 03:53:58,446 [INFO] signals.stockity_http: Signal for BTC_IDX: CALL 66% (score=66, EMA5↑EMA10; RSI0 OS; midHi)
2026-06-09 03:53:58,583 [INFO] signals.stockity_http: Got 900 raw 1s candles for ETH_IDX (Z-CRY/IDX)
2026-06-09 03:53:58,583 [INFO] signals.stockity_http: Aggregated into 16 1m candles
2026-06-09 03:53:58,584 [INFO] signals.stockity_http: Signal for ETH_IDX: CALL 66% (score=66, EMA5↑EMA10; RSI0 OS; midHi)
2026-06-09 03:53:58,715 [INFO] signals.stockity_http: Got 900 raw 1s candles for GOLD_IDX (Z-CRY/IDX)
2026-06-09 03:53:58,716 [INFO] signals.stockity_http: Aggregated into 16 1m candles
2026-06-09 03:53:58,716 [INFO] signals.stockity_http: Signal for GOLD_IDX: CALL 66% (score=66, EMA5↑EMA10; RSI0 OS; midHi)
2026-06-09 03:54:13,126 [INFO] httpx: HTTP Request: POST https://api.telegram.org/bot8343388239:AAFgeAkc9bvjywyCsHqRIa_RiJ6q-rp6uv0/getUpdates "HTTP/1.1 200 OK"
2026-06-09 03:54:43,819 [INFO] httpx: HTTP Request: POST https://api.telegram.org/bot8343388239:AAFgeAkc9bvjywyCsHqRIa_RiJ6q-rp6uv0/getUpdates "HTTP/1.1 200 OK"
2026-06-09 03:55:14,506 [INFO] httpx: HTTP Request: POST https://api.telegram.org/bot8343388239:AAFgeAkc9bvjywyCsHqRIa_RiJ6q-rp6uv0/getUpdates "HTTP/1.1 200 OK"
2026-06-09 03:55:45,196 [INFO] httpx: HTTP Request: POST https://api.telegram.org/bot8343388239:AAFgeAkc9bvjywyCsHqRIa_RiJ6q-rp6uv0/getUpdates "HTTP/1.1 200 OK"
2026-06-09 03:56:15,883 [INFO] httpx: HTTP Request: POST https://api.telegram.org/bot8343388239:AAFgeAkc9bvjywyCsHqRIa_RiJ6q-rp6uv0/getUpdates "HTTP/1.1 200 OK"
2026-06-09 03:56:46,573 [INFO] httpx: HTTP Request: POST https://api.telegram.org/bot8343388239:AAFgeAkc9bvjywyCsHqRIa_RiJ6q-rp6uv0/getUpdates "HTTP/1.1 200 OK"
2026-06-09 03:57:17,262 [INFO] httpx: HTTP Request: POST https://api.telegram.org/bot8343388239:AAFgeAkc9bvjywyCsHqRIa_RiJ6q-rp6uv0/getUpdates "HTTP/1.1 200 OK"
2026-06-09 03:57:47,949 [INFO] httpx: HTTP Request: POST https://api.telegram.org/bot8343388239:AAFgeAkc9bvjywyCsHqRIa_RiJ6q-rp6uv0/getUpdates "HTTP/1.1 200 OK"
2026-06-09 03:58:19,044 [INFO] httpx: HTTP Request: POST https://api.telegram.org/bot8343388239:AAFgeAkc9bvjywyCsHqRIa_RiJ6q-rp6uv0/getUpdates "HTTP/1.1 200 OK"
2026-06-09 03:58:49,732 [INFO] httpx: HTTP Request: POST https://api.telegram.org/bot8343388239:AAFgeAkc9bvjywyCsHqRIa_RiJ6q-rp6uv0/getUpdates "HTTP/1.1 200 OK"
2026-06-09 03:58:58,897 [INFO] signals.stockity_http: Got 900 raw 1s candles for CRYPTO_IDX (Z-CRY/IDX)
2026-06-09 03:58:58,898 [INFO] signals.stockity_http: Aggregated into 16 1m candles
2026-06-09 03:58:58,898 [INFO] signals.stockity_http: Signal for CRYPTO_IDX: CALL 66% (score=66, EMA5↑EMA10; RSI0 OS; midHi)
2026-06-09 03:58:59,037 [INFO] signals.stockity_http: Got 900 raw 1s candles for BTC_IDX (Z-CRY/IDX)
2026-06-09 03:58:59,037 [INFO] signals.stockity_http: Aggregated into 16 1m candles
2026-06-09 03:58:59,037 [INFO] signals.stockity_http: Signal for BTC_IDX: CALL 66% (score=66, EMA5↑EMA10; RSI0 OS; midHi)
2026-06-09 03:58:59,194 [INFO] signals.stockity_http: Got 900 raw 1s candles for ETH_IDX (Z-CRY/IDX)
2026-06-09 03:58:59,194 [INFO] signals.stockity_http: Aggregated into 16 1m candles
2026-06-09 03:58:59,194 [INFO] signals.stockity_http: Signal for ETH_IDX: CALL 66% (score=66, EMA5↑EMA10; RSI0 OS; midHi)
2026-06-09 03:58:59,356 [INFO] signals.stockity_http: Got 900 raw 1s candles for GOLD_IDX (Z-CRY/IDX)
2026-06-09 03:58:59,356 [INFO] signals.stockity_http: Aggregated into 16 1m candles
2026-06-09 03:58:59,356 [INFO] signals.stockity_http: Signal for GOLD_IDX: CALL 66% (score=66, EMA5↑EMA10; RSI0 OS; midHi)
2026-06-09 03:59:20,419 [INFO] httpx: HTTP Request: POST https://api.telegram.org/bot8343388239:AAFgeAkc9bvjywyCsHqRIa_RiJ6q-rp6uv0/getUpdates "HTTP/1.1 200 OK"
2026-06-09 03:59:51,107 [INFO] httpx: HTTP Request: POST https://api.telegram.org/bot8343388239:AAFgeAkc9bvjywyCsHqRIa_RiJ6q-rp6uv0/getUpdates "HTTP/1.1 200 OK"
2026-06-09 04:00:21,799 [INFO] httpx: HTTP Request: POST https://api.telegram.org/bot8343388239:AAFgeAkc9bvjywyCsHqRIa_RiJ6q-rp6uv0/getUpdates "HTTP/1.1 200 OK"
2026-06-09 04:00:52,486 [INFO] httpx: HTTP Request: POST https://api.telegram.org/bot8343388239:AAFgeAkc9bvjywyCsHqRIa_RiJ6q-rp6uv0/getUpdates "HTTP/1.1 200 OK"
2026-06-09 04:01:23,179 [INFO] httpx: HTTP Request: POST https://api.telegram.org/bot8343388239:AAFgeAkc9bvjywyCsHqRIa_RiJ6q-rp6uv0/getUpdates "HTTP/1.1 200 OK"
2026-06-09 04:01:53,868 [INFO] httpx: HTTP Request: POST https://api.telegram.org/bot8343388239:AAFgeAkc9bvjywyCsHqRIa_RiJ6q-rp6uv0/getUpdates "HTTP/1.1 200 OK"
2026-06-09 04:02:24,556 [INFO] httpx: HTTP Request: POST https://api.telegram.org/bot8343388239:AAFgeAkc9bvjywyCsHqRIa_RiJ6q-rp6uv0/getUpdates "HTTP/1.1 200 OK"
2026-06-09 04:02:55,243 [INFO] httpx: HTTP Request: POST https://api.telegram.org/bot8343388239:AAFgeAkc9bvjywyCsHqRIa_RiJ6q-rp6uv0/getUpdates "HTTP/1.1 200 OK"
2026-06-09 04:03:25,930 [INFO] httpx: HTTP Request: POST https://api.telegram.org/bot8343388239:AAFgeAkc9bvjywyCsHqRIa_RiJ6q-rp6uv0/getUpdates "HTTP/1.1 200 OK"
2026-06-09 04:03:56,618 [INFO] httpx: HTTP Request: POST https://api.telegram.org/bot8343388239:AAFgeAkc9bvjywyCsHqRIa_RiJ6q-rp6uv0/getUpdates "HTTP/1.1 200 OK"
2026-06-09 04:03:59,703 [INFO] signals.stockity_http: Got 900 raw 1s candles for CRYPTO_IDX (Z-CRY/IDX)
2026-06-09 04:03:59,703 [INFO] signals.stockity_http: Aggregated into 16 1m candles
2026-06-09 04:03:59,703 [INFO] signals.stockity_http: Signal for CRYPTO_IDX: WAIT 52% (score=52, EMA5↓EMA10; RSI0 OS)
2026-06-09 04:03:59,838 [INFO] signals.stockity_http: Got 900 raw 1s candles for BTC_IDX (Z-CRY/IDX)
2026-06-09 04:03:59,839 [INFO] signals.stockity_http: Aggregated into 16 1m candles
2026-06-09 04:03:59,839 [INFO] signals.stockity_http: Signal for BTC_IDX: WAIT 52% (score=52, EMA5↓EMA10; RSI0 OS)
2026-06-09 04:03:59,978 [INFO] signals.stockity_http: Got 900 raw 1s candles for ETH_IDX (Z-CRY/IDX)
2026-06-09 04:03:59,978 [INFO] signals.stockity_http: Aggregated into 16 1m candles
2026-06-09 04:03:59,978 [INFO] signals.stockity_http: Signal for ETH_IDX: WAIT 52% (score=52, EMA5↓EMA10; RSI0 OS)
2026-06-09 04:04:00,112 [INFO] signals.stockity_http: Got 900 raw 1s candles for GOLD_IDX (Z-CRY/IDX)
2026-06-09 04:04:00,112 [INFO] signals.stockity_http: Aggregated into 16 1m candles
2026-06-09 04:04:00,112 [INFO] signals.stockity_http: Signal for GOLD_IDX: WAIT 52% (score=52, EMA5↓EMA10; RSI0 OS)
2026-06-09 04:04:27,306 [INFO] httpx: HTTP Request: POST https://api.telegram.org/bot8343388239:AAFgeAkc9bvjywyCsHqRIa_RiJ6q-rp6uv0/getUpdates "HTTP/1.1 200 OK"
2026-06-09 04:04:57,996 [INFO] httpx: HTTP Request: POST https://api.telegram.org/bot8343388239:AAFgeAkc9bvjywyCsHqRIa_RiJ6q-rp6uv0/getUpdates "HTTP/1.1 200 OK"
2026-06-09 04:05:28,684 [INFO] httpx: HTTP Request: POST https://api.telegram.org/bot8343388239:AAFgeAkc9bvjywyCsHqRIa_RiJ6q-rp6uv0/getUpdates "HTTP/1.1 200 OK"
2026-06-09 04:05:59,372 [INFO] httpx: HTTP Request: POST https://api.telegram.org/bot8343388239:AAFgeAkc9bvjywyCsHqRIa_RiJ6q-rp6uv0/getUpdates "HTTP/1.1 200 OK"
2026-06-09 04:06:30,059 [INFO] httpx: HTTP Request: POST https://api.telegram.org/bot8343388239:AAFgeAkc9bvjywyCsHqRIa_RiJ6q-rp6uv0/getUpdates "HTTP/1.1 200 OK"
2026-06-09 04:07:00,750 [INFO] httpx: HTTP Request: POST https://api.telegram.org/bot8343388239:AAFgeAkc9bvjywyCsHqRIa_RiJ6q-rp6uv0/getUpdates "HTTP/1.1 200 OK"
2026-06-09 04:07:31,437 [INFO] httpx: HTTP Request: POST https://api.telegram.org/bot8343388239:AAFgeAkc9bvjywyCsHqRIa_RiJ6q-rp6uv0/getUpdates "HTTP/1.1 200 OK"
2026-06-09 04:08:02,131 [INFO] httpx: HTTP Request: POST https://api.telegram.org/bot8343388239:AAFgeAkc9bvjywyCsHqRIa_RiJ6q-rp6uv0/getUpdates "HTTP/1.1 200 OK"
2026-06-09 04:08:32,819 [INFO] httpx: HTTP Request: POST https://api.telegram.org/bot8343388239:AAFgeAkc9bvjywyCsHqRIa_RiJ6q-rp6uv0/getUpdates "HTTP/1.1 200 OK"
2026-06-09 04:09:00,301 [INFO] signals.stockity_http: Got 900 raw 1s candles for CRYPTO_IDX (Z-CRY/IDX)
2026-06-09 04:09:00,301 [INFO] signals.stockity_http: Aggregated into 16 1m candles
2026-06-09 04:09:00,301 [INFO] signals.stockity_http: Signal for CRYPTO_IDX: WAIT 52% (score=52, EMA5↓EMA10; RSI0 OS)
2026-06-09 04:09:00,445 [INFO] signals.stockity_http: Got 900 raw 1s candles for BTC_IDX (Z-CRY/IDX)
2026-06-09 04:09:00,446 [INFO] signals.stockity_http: Aggregated into 16 1m candles
2026-06-09 04:09:00,446 [INFO] signals.stockity_http: Signal for BTC_IDX: WAIT 52% (score=52, EMA5↓EMA10; RSI0 OS)
2026-06-09 04:09:00,588 [INFO] signals.stockity_http: Got 900 raw 1s candles for ETH_IDX (Z-CRY/IDX)
2026-06-09 04:09:00,589 [INFO] signals.stockity_http: Aggregated into 16 1m candles
2026-06-09 04:09:00,589 [INFO] signals.stockity_http: Signal for ETH_IDX: WAIT 52% (score=52, EMA5↓EMA10; RSI0 OS)
2026-06-09 04:09:00,722 [INFO] signals.stockity_http: Got 900 raw 1s candles for GOLD_IDX (Z-CRY/IDX)
2026-06-09 04:09:00,723 [INFO] signals.stockity_http: Aggregated into 16 1m candles
2026-06-09 04:09:00,723 [INFO] signals.stockity_http: Signal for GOLD_IDX: WAIT 52% (score=52, EMA5↓EMA10; RSI0 OS)
2026-06-09 04:09:03,508 [INFO] httpx: HTTP Request: POST https://api.telegram.org/bot8343388239:AAFgeAkc9bvjywyCsHqRIa_RiJ6q-rp6uv0/getUpdates "HTTP/1.1 200 OK"
2026-06-09 04:09:34,202 [INFO] httpx: HTTP Request: POST https://api.telegram.org/bot8343388239:AAFgeAkc9bvjywyCsHqRIa_RiJ6q-rp6uv0/getUpdates "HTTP/1.1 200 OK"
2026-06-09 04:10:04,889 [INFO] httpx: HTTP Request: POST https://api.telegram.org/bot8343388239:AAFgeAkc9bvjywyCsHqRIa_RiJ6q-rp6uv0/getUpdates "HTTP/1.1 200 OK"
2026-06-09 04:10:35,576 [INFO] httpx: HTTP Request: POST https://api.telegram.org/bot8343388239:AAFgeAkc9bvjywyCsHqRIa_RiJ6q-rp6uv0/getUpdates "HTTP/1.1 200 OK"
2026-06-09 04:11:06,265 [INFO] httpx: HTTP Request: POST https://api.telegram.org/bot8343388239:AAFgeAkc9bvjywyCsHqRIa_RiJ6q-rp6uv0/getUpdates "HTTP/1.1 200 OK"
2026-06-09 04:11:36,960 [INFO] httpx: HTTP Request: POST https://api.telegram.org/bot8343388239:AAFgeAkc9bvjywyCsHqRIa_RiJ6q-rp6uv0/getUpdates "HTTP/1.1 200 OK"
2026-06-09 04:12:07,649 [INFO] httpx: HTTP Request: POST https://api.telegram.org/bot8343388239:AAFgeAkc9bvjywyCsHqRIa_RiJ6q-rp6uv0/getUpdates "HTTP/1.1 200 OK"
2026-06-09 04:12:38,335 [INFO] httpx: HTTP Request: POST https://api.telegram.org/bot8343388239:AAFgeAkc9bvjywyCsHqRIa_RiJ6q-rp6uv0/getUpdates "HTTP/1.1 200 OK"
2026-06-09 04:13:09,024 [INFO] httpx: HTTP Request: POST https://api.telegram.org/bot8343388239:AAFgeAkc9bvjywyCsHqRIa_RiJ6q-rp6uv0/getUpdates "HTTP/1.1 200 OK"
2026-06-09 04:13:39,712 [INFO] httpx: HTTP Request: POST https://api.telegram.org/bot8343388239:AAFgeAkc9bvjywyCsHqRIa_RiJ6q-rp6uv0/getUpdates "HTTP/1.1 200 OK"
2026-06-09 04:14:00,921 [INFO] signals.stockity_http: Got 900 raw 1s candles for CRYPTO_IDX (Z-CRY/IDX)
2026-06-09 04:14:00,921 [INFO] signals.stockity_http: Aggregated into 16 1m candles
2026-06-09 04:14:00,921 [INFO] signals.stockity_http: Signal for CRYPTO_IDX: WAIT 52% (score=52, EMA5↓EMA10; RSI0 OS)
2026-06-09 04:14:01,058 [INFO] signals.stockity_http: Got 900 raw 1s candles for BTC_IDX (Z-CRY/IDX)
2026-06-09 04:14:01,059 [INFO] signals.stockity_http: Aggregated into 16 1m candles
2026-06-09 04:14:01,059 [INFO] signals.stockity_http: Signal for BTC_IDX: WAIT 52% (score=52, EMA5↓EMA10; RSI0 OS)
2026-06-09 04:14:01,200 [INFO] signals.stockity_http: Got 900 raw 1s candles for ETH_IDX (Z-CRY/IDX)
2026-06-09 04:14:01,200 [INFO] signals.stockity_http: Aggregated into 16 1m candles
2026-06-09 04:14:01,200 [INFO] signals.stockity_http: Signal for ETH_IDX: WAIT 52% (score=52, EMA5↓EMA10; RSI0 OS)
2026-06-09 04:14:01,339 [INFO] signals.stockity_http: Got 900 raw 1s candles for GOLD_IDX (Z-CRY/IDX)
2026-06-09 04:14:01,340 [INFO] signals.stockity_http: Aggregated into 16 1m candles
2026-06-09 04:14:01,340 [INFO] signals.stockity_http: Signal for GOLD_IDX: WAIT 52% (score=52, EMA5↓EMA10; RSI0 OS)
2026-06-09 04:14:10,398 [INFO] httpx: HTTP Request: POST https://api.telegram.org/bot8343388239:AAFgeAkc9bvjywyCsHqRIa_RiJ6q-rp6uv0/getUpdates "HTTP/1.1 200 OK"
2026-06-09 04:14:41,086 [INFO] httpx: HTTP Request: POST https://api.telegram.org/bot8343388239:AAFgeAkc9bvjywyCsHqRIa_RiJ6q-rp6uv0/getUpdates "HTTP/1.1 200 OK"
2026-06-09 04:15:11,773 [INFO] httpx: HTTP Request: POST https://api.telegram.org/bot8343388239:AAFgeAkc9bvjywyCsHqRIa_RiJ6q-rp6uv0/getUpdates "HTTP/1.1 200 OK"
2026-06-09 04:15:42,461 [INFO] httpx: HTTP Request: POST https://api.telegram.org/bot8343388239:AAFgeAkc9bvjywyCsHqRIa_RiJ6q-rp6uv0/getUpdates "HTTP/1.1 200 OK"
2026-06-09 04:16:13,148 [INFO] httpx: HTTP Request: POST https://api.telegram.org/bot8343388239:AAFgeAkc9bvjywyCsHqRIa_RiJ6q-rp6uv0/getUpdates "HTTP/1.1 200 OK"
2026-06-09 04:16:43,838 [INFO] httpx: HTTP Request: POST https://api.telegram.org/bot8343388239:AAFgeAkc9bvjywyCsHqRIa_RiJ6q-rp6uv0/getUpdates "HTTP/1.1 200 OK"
2026-06-09 04:17:14,526 [INFO] httpx: HTTP Request: POST https://api.telegram.org/bot8343388239:AAFgeAkc9bvjywyCsHqRIa_RiJ6q-rp6uv0/getUpdates "HTTP/1.1 200 OK"
2026-06-09 04:17:45,212 [INFO] httpx: HTTP Request: POST https://api.telegram.org/bot8343388239:AAFgeAkc9bvjywyCsHqRIa_RiJ6q-rp6uv0/getUpdates "HTTP/1.1 200 OK"
2026-06-09 04:18:15,899 [INFO] httpx: HTTP Request: POST https://api.telegram.org/bot8343388239:AAFgeAkc9bvjywyCsHqRIa_RiJ6q-rp6uv0/getUpdates "HTTP/1.1 200 OK"
2026-06-09 04:18:46,595 [INFO] httpx: HTTP Request: POST https://api.telegram.org/bot8343388239:AAFgeAkc9bvjywyCsHqRIa_RiJ6q-rp6uv0/getUpdates "HTTP/1.1 200 OK"
2026-06-09 04:19:02,044 [INFO] signals.stockity_http: Got 900 raw 1s candles for CRYPTO_IDX (Z-CRY/IDX)
2026-06-09 04:19:02,044 [INFO] signals.stockity_http: Aggregated into 16 1m candles
2026-06-09 04:19:02,044 [INFO] signals.stockity_http: Signal for CRYPTO_IDX: WAIT 59% (score=59, EMA5↑EMA10; RSI0 OS; rangeTop)
2026-06-09 04:19:02,372 [INFO] signals.stockity_http: Got 900 raw 1s candles for BTC_IDX (Z-CRY/IDX)
2026-06-09 04:19:02,373 [INFO] signals.stockity_http: Aggregated into 16 1m candles
2026-06-09 04:19:02,373 [INFO] signals.stockity_http: Signal for BTC_IDX: WAIT 59% (score=59, EMA5↑EMA10; RSI0 OS; rangeTop)
2026-06-09 04:19:02,506 [INFO] signals.stockity_http: Got 900 raw 1s candles for ETH_IDX (Z-CRY/IDX)
2026-06-09 04:19:02,506 [INFO] signals.stockity_http: Aggregated into 16 1m candles
2026-06-09 04:19:02,506 [INFO] signals.stockity_http: Signal for ETH_IDX: WAIT 59% (score=59, EMA5↑EMA10; RSI0 OS; rangeTop)
2026-06-09 04:19:02,644 [INFO] signals.stockity_http: Got 900 raw 1s candles for GOLD_IDX (Z-CRY/IDX)
2026-06-09 04:19:02,644 [INFO] signals.stockity_http: Aggregated into 16 1m candles
2026-06-09 04:19:02,644 [INFO] signals.stockity_http: Signal for GOLD_IDX: WAIT 59% (score=59, EMA5↑EMA10; RSI0 OS; rangeTop)
2026-06-09 04:19:17,282 [INFO] httpx: HTTP Request: POST https://api.telegram.org/bot8343388239:AAFgeAkc9bvjywyCsHqRIa_RiJ6q-rp6uv0/getUpdates "HTTP/1.1 200 OK"
2026-06-09 04:19:47,970 [INFO] httpx: HTTP Request: POST https://api.telegram.org/bot8343388239:AAFgeAkc9bvjywyCsHqRIa_RiJ6q-rp6uv0/getUpdates "HTTP/1.1 200 OK"
2026-06-09 04:20:18,657 [INFO] httpx: HTTP Request: POST https://api.telegram.org/bot8343388239:AAFgeAkc9bvjywyCsHqRIa_RiJ6q-rp6uv0/getUpdates "HTTP/1.1 200 OK"
2026-06-09 04:20:49,346 [INFO] httpx: HTTP Request: POST https://api.telegram.org/bot8343388239:AAFgeAkc9bvjywyCsHqRIa_RiJ6q-rp6uv0/getUpdates "HTTP/1.1 200 OK"
2026-06-09 04:21:20,450 [INFO] httpx: HTTP Request: POST https://api.telegram.org/bot8343388239:AAFgeAkc9bvjywyCsHqRIa_RiJ6q-rp6uv0/getUpdates "HTTP/1.1 200 OK"
2026-06-09 04:21:51,146 [INFO] httpx: HTTP Request: POST https://api.telegram.org/bot8343388239:AAFgeAkc9bvjywyCsHqRIa_RiJ6q-rp6uv0/getUpdates "HTTP/1.1 200 OK"
2026-06-09 04:22:21,835 [INFO] httpx: HTTP Request: POST https://api.telegram.org/bot8343388239:AAFgeAkc9bvjywyCsHqRIa_RiJ6q-rp6uv0/getUpdates "HTTP/1.1 200 OK"
2026-06-09 04:22:52,525 [INFO] httpx: HTTP Request: POST https://api.telegram.org/bot8343388239:AAFgeAkc9bvjywyCsHqRIa_RiJ6q-rp6uv0/getUpdates "HTTP/1.1 200 OK"
2026-06-09 04:23:23,214 [INFO] httpx: HTTP Request: POST https://api.telegram.org/bot8343388239:AAFgeAkc9bvjywyCsHqRIa_RiJ6q-rp6uv0/getUpdates "HTTP/1.1 200 OK"
2026-06-09 04:23:53,900 [INFO] httpx: HTTP Request: POST https://api.telegram.org/bot8343388239:AAFgeAkc9bvjywyCsHqRIa_RiJ6q-rp6uv0/getUpdates "HTTP/1.1 200 OK"
2026-06-09 04:24:02,815 [INFO] signals.stockity_http: Got 900 raw 1s candles for CRYPTO_IDX (Z-CRY/IDX)
2026-06-09 04:24:02,815 [INFO] signals.stockity_http: Aggregated into 16 1m candles
2026-06-09 04:24:02,816 [INFO] signals.stockity_http: Signal for CRYPTO_IDX: WAIT 59% (score=59, EMA5↑EMA10; RSI0 OS; rangeTop)
2026-06-09 04:24:02,954 [INFO] signals.stockity_http: Got 900 raw 1s candles for BTC_IDX (Z-CRY/IDX)
2026-06-09 04:24:02,955 [INFO] signals.stockity_http: Aggregated into 16 1m candles
2026-06-09 04:24:02,955 [INFO] signals.stockity_http: Signal for BTC_IDX: WAIT 59% (score=59, EMA5↑EMA10; RSI0 OS; rangeTop)
2026-06-09 04:24:03,088 [INFO] signals.stockity_http: Got 900 raw 1s candles for ETH_IDX (Z-CRY/IDX)
2026-06-09 04:24:03,088 [INFO] signals.stockity_http: Aggregated into 16 1m candles
2026-06-09 04:24:03,088 [INFO] signals.stockity_http: Signal for ETH_IDX: WAIT 59% (score=59, EMA5↑EMA10; RSI0 OS; rangeTop)
2026-06-09 04:24:03,222 [INFO] signals.stockity_http: Got 900 raw 1s candles for GOLD_IDX (Z-CRY/IDX)
2026-06-09 04:24:03,223 [INFO] signals.stockity_http: Aggregated into 16 1m candles
2026-06-09 04:24:03,223 [INFO] signals.stockity_http: Signal for GOLD_IDX: WAIT 59% (score=59, EMA5↑EMA10; RSI0 OS; rangeTop)
2026-06-09 04:24:24,587 [INFO] httpx: HTTP Request: POST https://api.telegram.org/bot8343388239:AAFgeAkc9bvjywyCsHqRIa_RiJ6q-rp6uv0/getUpdates "HTTP/1.1 200 OK"
2026-06-09 04:24:55,276 [INFO] httpx: HTTP Request: POST https://api.telegram.org/bot8343388239:AAFgeAkc9bvjywyCsHqRIa_RiJ6q-rp6uv0/getUpdates "HTTP/1.1 200 OK"
2026-06-09 04:25:25,963 [INFO] httpx: HTTP Request: POST https://api.telegram.org/bot8343388239:AAFgeAkc9bvjywyCsHqRIa_RiJ6q-rp6uv0/getUpdates "HTTP/1.1 200 OK"
2026-06-09 04:25:56,650 [INFO] httpx: HTTP Request: POST https://api.telegram.org/bot8343388239:AAFgeAkc9bvjywyCsHqRIa_RiJ6q-rp6uv0/getUpdates "HTTP/1.1 200 OK"
2026-06-09 04:26:27,340 [INFO] httpx: HTTP Request: POST https://api.telegram.org/bot8343388239:AAFgeAkc9bvjywyCsHqRIa_RiJ6q-rp6uv0/getUpdates "HTTP/1.1 200 OK"
2026-06-09 04:26:58,029 [INFO] httpx: HTTP Request: POST https://api.telegram.org/bot8343388239:AAFgeAkc9bvjywyCsHqRIa_RiJ6q-rp6uv0/getUpdates "HTTP/1.1 200 OK"
2026-06-09 04:27:28,716 [INFO] httpx: HTTP Request: POST https://api.telegram.org/bot8343388239:AAFgeAkc9bvjywyCsHqRIa_RiJ6q-rp6uv0/getUpdates "HTTP/1.1 200 OK"
2026-06-09 04:27:59,404 [INFO] httpx: HTTP Request: POST https://api.telegram.org/bot8343388239:AAFgeAkc9bvjywyCsHqRIa_RiJ6q-rp6uv0/getUpdates "HTTP/1.1 200 OK"
2026-06-09 04:28:30,091 [INFO] httpx: HTTP Request: POST https://api.telegram.org/bot8343388239:AAFgeAkc9bvjywyCsHqRIa_RiJ6q-rp6uv0/getUpdates "HTTP/1.1 200 OK"
2026-06-09 04:29:01,140 [INFO] httpx: HTTP Request: POST https://api.telegram.org/bot8343388239:AAFgeAkc9bvjywyCsHqRIa_RiJ6q-rp6uv0/getUpdates "HTTP/1.1 200 OK"
2026-06-09 04:29:03,397 [INFO] signals.stockity_http: Got 900 raw 1s candles for CRYPTO_IDX (Z-CRY/IDX)
2026-06-09 04:29:03,397 [INFO] signals.stockity_http: Aggregated into 16 1m candles
2026-06-09 04:29:03,397 [INFO] signals.stockity_http: Signal for CRYPTO_IDX: WAIT 59% (score=59, EMA5↑EMA10; RSI0 OS; rangeTop)
2026-06-09 04:29:03,615 [INFO] signals.stockity_http: Got 900 raw 1s candles for BTC_IDX (Z-CRY/IDX)
2026-06-09 04:29:03,615 [INFO] signals.stockity_http: Aggregated into 16 1m candles
2026-06-09 04:29:03,615 [INFO] signals.stockity_http: Signal for BTC_IDX: WAIT 59% (score=59, EMA5↑EMA10; RSI0 OS; rangeTop)
2026-06-09 04:29:03,749 [INFO] signals.stockity_http: Got 900 raw 1s candles for ETH_IDX (Z-CRY/IDX)
2026-06-09 04:29:03,749 [INFO] signals.stockity_http: Aggregated into 16 1m candles
2026-06-09 04:29:03,749 [INFO] signals.stockity_http: Signal for ETH_IDX: WAIT 59% (score=59, EMA5↑EMA10; RSI0 OS; rangeTop)
2026-06-09 04:29:03,891 [INFO] signals.stockity_http: Got 900 raw 1s candles for GOLD_IDX (Z-CRY/IDX)
2026-06-09 04:29:03,892 [INFO] signals.stockity_http: Aggregated into 16 1m candles
2026-06-09 04:29:03,892 [INFO] signals.stockity_http: Signal for GOLD_IDX: WAIT 59% (score=59, EMA5↑EMA10; RSI0 OS; rangeTop)
2026-06-09 04:29:31,828 [INFO] httpx: HTTP Request: POST https://api.telegram.org/bot8343388239:AAFgeAkc9bvjywyCsHqRIa_RiJ6q-rp6uv0/getUpdates "HTTP/1.1 200 OK"
2026-06-09 04:30:02,523 [INFO] httpx: HTTP Request: POST https://api.telegram.org/bot8343388239:AAFgeAkc9bvjywyCsHqRIa_RiJ6q-rp6uv0/getUpdates "HTTP/1.1 200 OK"
2026-06-09 04:30:33,210 [INFO] httpx: HTTP Request: POST https://api.telegram.org/bot8343388239:AAFgeAkc9bvjywyCsHqRIa_RiJ6q-rp6uv0/getUpdates "HTTP/1.1 200 OK"
2026-06-09 04:31:03,898 [INFO] httpx: HTTP Request: POST https://api.telegram.org/bot8343388239:AAFgeAkc9bvjywyCsHqRIa_RiJ6q-rp6uv0/getUpdates "HTTP/1.1 200 OK"
2026-06-09 04:31:34,586 [INFO] httpx: HTTP Request: POST https://api.telegram.org/bot8343388239:AAFgeAkc9bvjywyCsHqRIa_RiJ6q-rp6uv0/getUpdates "HTTP/1.1 200 OK"
2026-06-09 04:32:05,273 [INFO] httpx: HTTP Request: POST https://api.telegram.org/bot8343388239:AAFgeAkc9bvjywyCsHqRIa_RiJ6q-rp6uv0/getUpdates "HTTP/1.1 200 OK"
2026-06-09 04:32:35,961 [INFO] httpx: HTTP Request: POST https://api.telegram.org/bot8343388239:AAFgeAkc9bvjywyCsHqRIa_RiJ6q-rp6uv0/getUpdates "HTTP/1.1 200 OK"
2026-06-09 04:33:06,648 [INFO] httpx: HTTP Request: POST https://api.telegram.org/bot8343388239:AAFgeAkc9bvjywyCsHqRIa_RiJ6q-rp6uv0/getUpdates "HTTP/1.1 200 OK"
2026-06-09 04:33:37,338 [INFO] httpx: HTTP Request: POST https://api.telegram.org/bot8343388239:AAFgeAkc9bvjywyCsHqRIa_RiJ6q-rp6uv0/getUpdates "HTTP/1.1 200 OK"
2026-06-09 04:34:04,782 [INFO] signals.stockity_http: Got 900 raw 1s candles for CRYPTO_IDX (Z-CRY/IDX)
2026-06-09 04:34:04,782 [INFO] signals.stockity_http: Aggregated into 16 1m candles
2026-06-09 04:34:04,782 [INFO] signals.stockity_http: Signal for CRYPTO_IDX: PUT 62% (score=38, EMA5↓EMA10; bearX; RSI0 OS)
2026-06-09 04:34:04,782 [INFO] subscription_bot.signaler: NEW signal: CRYPTO_IDX PUT 62%
2026-06-09 04:34:05,536 [INFO] httpx: HTTP Request: POST https://api.telegram.org/bot8343388239:AAFgeAkc9bvjywyCsHqRIa_RiJ6q-rp6uv0/sendMessage "HTTP/1.1 200 OK"
2026-06-09 04:34:05,567 [INFO] subscription_bot.bot: Signal dispatched to 1/1 subscribers
2026-06-09 04:34:05,704 [INFO] signals.stockity_http: Got 900 raw 1s candles for BTC_IDX (Z-CRY/IDX)
2026-06-09 04:34:05,705 [INFO] signals.stockity_http: Aggregated into 16 1m candles
2026-06-09 04:34:05,705 [INFO] signals.stockity_http: Signal for BTC_IDX: PUT 62% (score=38, EMA5↓EMA10; bearX; RSI0 OS)
2026-06-09 04:34:05,705 [INFO] subscription_bot.signaler: NEW signal: BTC_IDX PUT 62%
2026-06-09 04:34:06,076 [INFO] httpx: HTTP Request: POST https://api.telegram.org/bot8343388239:AAFgeAkc9bvjywyCsHqRIa_RiJ6q-rp6uv0/sendMessage "HTTP/1.1 200 OK"
2026-06-09 04:34:06,107 [INFO] subscription_bot.bot: Signal dispatched to 1/1 subscribers
2026-06-09 04:34:06,248 [INFO] signals.stockity_http: Got 900 raw 1s candles for ETH_IDX (Z-CRY/IDX)
2026-06-09 04:34:06,249 [INFO] signals.stockity_http: Aggregated into 16 1m candles
2026-06-09 04:34:06,250 [INFO] signals.stockity_http: Signal for ETH_IDX: PUT 62% (score=38, EMA5↓EMA10; bearX; RSI0 OS)
2026-06-09 04:34:06,250 [INFO] subscription_bot.signaler: NEW signal: ETH_IDX PUT 62%
2026-06-09 04:34:06,638 [INFO] httpx: HTTP Request: POST https://api.telegram.org/bot8343388239:AAFgeAkc9bvjywyCsHqRIa_RiJ6q-rp6uv0/sendMessage "HTTP/1.1 200 OK"
2026-06-09 04:34:06,669 [INFO] subscription_bot.bot: Signal dispatched to 1/1 subscribers
2026-06-09 04:34:06,813 [INFO] signals.stockity_http: Got 900 raw 1s candles for GOLD_IDX (Z-CRY/IDX)
2026-06-09 04:34:06,813 [INFO] signals.stockity_http: Aggregated into 16 1m candles
2026-06-09 04:34:06,813 [INFO] signals.stockity_http: Signal for GOLD_IDX: PUT 62% (score=38, EMA5↓EMA10; bearX; RSI0 OS)
2026-06-09 04:34:06,813 [INFO] subscription_bot.signaler: NEW signal: GOLD_IDX PUT 62%
2026-06-09 04:34:07,199 [INFO] httpx: HTTP Request: POST https://api.telegram.org/bot8343388239:AAFgeAkc9bvjywyCsHqRIa_RiJ6q-rp6uv0/sendMessage "HTTP/1.1 200 OK"
2026-06-09 04:34:07,230 [INFO] subscription_bot.bot: Signal dispatched to 1/1 subscribers
2026-06-09 04:34:08,024 [INFO] httpx: HTTP Request: POST https://api.telegram.org/bot8343388239:AAFgeAkc9bvjywyCsHqRIa_RiJ6q-rp6uv0/getUpdates "HTTP/1.1 200 OK"
2026-06-09 04:34:38,711 [INFO] httpx: HTTP Request: POST https://api.telegram.org/bot8343388239:AAFgeAkc9bvjywyCsHqRIa_RiJ6q-rp6uv0/getUpdates "HTTP/1.1 200 OK"
2026-06-09 04:35:09,400 [INFO] httpx: HTTP Request: POST https://api.telegram.org/bot8343388239:AAFgeAkc9bvjywyCsHqRIa_RiJ6q-rp6uv0/getUpdates "HTTP/1.1 200 OK"
2026-06-09 04:35:40,090 [INFO] httpx: HTTP Request: POST https://api.telegram.org/bot8343388239:AAFgeAkc9bvjywyCsHqRIa_RiJ6q-rp6uv0/getUpdates "HTTP/1.1 200 OK"
2026-06-09 04:36:10,780 [INFO] httpx: HTTP Request: POST https://api.telegram.org/bot8343388239:AAFgeAkc9bvjywyCsHqRIa_RiJ6q-rp6uv0/getUpdates "HTTP/1.1 200 OK"
2026-06-09 04:36:41,467 [INFO] httpx: HTTP Request: POST https://api.telegram.org/bot8343388239:AAFgeAkc9bvjywyCsHqRIa_RiJ6q-rp6uv0/getUpdates "HTTP/1.1 200 OK"
2026-06-09 04:37:12,153 [INFO] httpx: HTTP Request: POST https://api.telegram.org/bot8343388239:AAFgeAkc9bvjywyCsHqRIa_RiJ6q-rp6uv0/getUpdates "HTTP/1.1 200 OK"
2026-06-09 04:37:42,840 [INFO] httpx: HTTP Request: POST https://api.telegram.org/bot8343388239:AAFgeAkc9bvjywyCsHqRIa_RiJ6q-rp6uv0/getUpdates "HTTP/1.1 200 OK"
2026-06-09 04:38:13,533 [INFO] httpx: HTTP Request: POST https://api.telegram.org/bot8343388239:AAFgeAkc9bvjywyCsHqRIa_RiJ6q-rp6uv0/getUpdates "HTTP/1.1 200 OK"
2026-06-09 04:38:44,220 [INFO] httpx: HTTP Request: POST https://api.telegram.org/bot8343388239:AAFgeAkc9bvjywyCsHqRIa_RiJ6q-rp6uv0/getUpdates "HTTP/1.1 200 OK"
2026-06-09 04:39:07,451 [INFO] signals.stockity_http: Got 900 raw 1s candles for CRYPTO_IDX (Z-CRY/IDX)
2026-06-09 04:39:07,452 [INFO] signals.stockity_http: Aggregated into 16 1m candles
2026-06-09 04:39:07,452 [INFO] signals.stockity_http: Signal for CRYPTO_IDX: PUT 62% (score=38, EMA5↓EMA10; bearX; RSI0 OS)
2026-06-09 04:39:07,587 [INFO] signals.stockity_http: Got 900 raw 1s candles for BTC_IDX (Z-CRY/IDX)
2026-06-09 04:39:07,587 [INFO] signals.stockity_http: Aggregated into 16 1m candles
2026-06-09 04:39:07,587 [INFO] signals.stockity_http: Signal for BTC_IDX: PUT 62% (score=38, EMA5↓EMA10; bearX; RSI0 OS)
2026-06-09 04:39:07,773 [INFO] signals.stockity_http: Got 900 raw 1s candles for ETH_IDX (Z-CRY/IDX)
2026-06-09 04:39:07,773 [INFO] signals.stockity_http: Aggregated into 16 1m candles
2026-06-09 04:39:07,773 [INFO] signals.stockity_http: Signal for ETH_IDX: PUT 62% (score=38, EMA5↓EMA10; bearX; RSI0 OS)
2026-06-09 04:39:07,906 [INFO] signals.stockity_http: Got 900 raw 1s candles for GOLD_IDX (Z-CRY/IDX)
2026-06-09 04:39:07,906 [INFO] signals.stockity_http: Aggregated into 16 1m candles
2026-06-09 04:39:07,906 [INFO] signals.stockity_http: Signal for GOLD_IDX: PUT 62% (score=38, EMA5↓EMA10; bearX; RSI0 OS)
2026-06-09 04:39:14,907 [INFO] httpx: HTTP Request: POST https://api.telegram.org/bot8343388239:AAFgeAkc9bvjywyCsHqRIa_RiJ6q-rp6uv0/getUpdates "HTTP/1.1 200 OK"
2026-06-09 04:39:45,595 [INFO] httpx: HTTP Request: POST https://api.telegram.org/bot8343388239:AAFgeAkc9bvjywyCsHqRIa_RiJ6q-rp6uv0/getUpdates "HTTP/1.1 200 OK"
2026-06-09 04:40:16,282 [INFO] httpx: HTTP Request: POST https://api.telegram.org/bot8343388239:AAFgeAkc9bvjywyCsHqRIa_RiJ6q-rp6uv0/getUpdates "HTTP/1.1 200 OK"
2026-06-09 04:40:46,972 [INFO] httpx: HTTP Request: POST https://api.telegram.org/bot8343388239:AAFgeAkc9bvjywyCsHqRIa_RiJ6q-rp6uv0/getUpdates "HTTP/1.1 200 OK"
2026-06-09 04:41:17,659 [INFO] httpx: HTTP Request: POST https://api.telegram.org/bot8343388239:AAFgeAkc9bvjywyCsHqRIa_RiJ6q-rp6uv0/getUpdates "HTTP/1.1 200 OK"
2026-06-09 04:41:48,346 [INFO] httpx: HTTP Request: POST https://api.telegram.org/bot8343388239:AAFgeAkc9bvjywyCsHqRIa_RiJ6q-rp6uv0/getUpdates "HTTP/1.1 200 OK"
2026-06-09 04:42:19,033 [INFO] httpx: HTTP Request: POST https://api.telegram.org/bot8343388239:AAFgeAkc9bvjywyCsHqRIa_RiJ6q-rp6uv0/getUpdates "HTTP/1.1 200 OK"
2026-06-09 04:42:49,718 [INFO] httpx: HTTP Request: POST https://api.telegram.org/bot8343388239:AAFgeAkc9bvjywyCsHqRIa_RiJ6q-rp6uv0/getUpdates "HTTP/1.1 200 OK"
2026-06-09 04:43:20,409 [INFO] httpx: HTTP Request: POST https://api.telegram.org/bot8343388239:AAFgeAkc9bvjywyCsHqRIa_RiJ6q-rp6uv0/getUpdates "HTTP/1.1 200 OK"
2026-06-09 04:43:51,097 [INFO] httpx: HTTP Request: POST https://api.telegram.org/bot8343388239:AAFgeAkc9bvjywyCsHqRIa_RiJ6q-rp6uv0/getUpdates "HTTP/1.1 200 OK"
2026-06-09 04:44:08,083 [INFO] signals.stockity_http: Got 900 raw 1s candles for CRYPTO_IDX (Z-CRY/IDX)
2026-06-09 04:44:08,084 [INFO] signals.stockity_http: Aggregated into 16 1m candles
2026-06-09 04:44:08,084 [INFO] signals.stockity_http: Signal for CRYPTO_IDX: PUT 62% (score=38, EMA5↓EMA10; bearX; RSI0 OS)
2026-06-09 04:44:08,211 [INFO] signals.stockity_http: Got 900 raw 1s candles for BTC_IDX (Z-CRY/IDX)
2026-06-09 04:44:08,211 [INFO] signals.stockity_http: Aggregated into 16 1m candles
2026-06-09 04:44:08,211 [INFO] signals.stockity_http: Signal for BTC_IDX: PUT 62% (score=38, EMA5↓EMA10; bearX; RSI0 OS)
2026-06-09 04:44:08,354 [INFO] signals.stockity_http: Got 900 raw 1s candles for ETH_IDX (Z-CRY/IDX)
2026-06-09 04:44:08,355 [INFO] signals.stockity_http: Aggregated into 16 1m candles
2026-06-09 04:44:08,355 [INFO] signals.stockity_http: Signal for ETH_IDX: PUT 62% (score=38, EMA5↓EMA10; bearX; RSI0 OS)
2026-06-09 04:44:08,484 [INFO] signals.stockity_http: Got 900 raw 1s candles for GOLD_IDX (Z-CRY/IDX)
2026-06-09 04:44:08,484 [INFO] signals.stockity_http: Aggregated into 16 1m candles
2026-06-09 04:44:08,484 [INFO] signals.stockity_http: Signal for GOLD_IDX: PUT 62% (score=38, EMA5↓EMA10; bearX; RSI0 OS)
2026-06-09 04:44:21,789 [INFO] httpx: HTTP Request: POST https://api.telegram.org/bot8343388239:AAFgeAkc9bvjywyCsHqRIa_RiJ6q-rp6uv0/getUpdates "HTTP/1.1 200 OK"
2026-06-09 04:44:52,477 [INFO] httpx: HTTP Request: POST https://api.telegram.org/bot8343388239:AAFgeAkc9bvjywyCsHqRIa_RiJ6q-rp6uv0/getUpdates "HTTP/1.1 200 OK"
2026-06-09 04:45:23,169 [INFO] httpx: HTTP Request: POST https://api.telegram.org/bot8343388239:AAFgeAkc9bvjywyCsHqRIa_RiJ6q-rp6uv0/getUpdates "HTTP/1.1 200 OK"
2026-06-09 04:45:53,857 [INFO] httpx: HTTP Request: POST https://api.telegram.org/bot8343388239:AAFgeAkc9bvjywyCsHqRIa_RiJ6q-rp6uv0/getUpdates "HTTP/1.1 200 OK"
2026-06-09 04:46:24,545 [INFO] httpx: HTTP Request: POST https://api.telegram.org/bot8343388239:AAFgeAkc9bvjywyCsHqRIa_RiJ6q-rp6uv0/getUpdates "HTTP/1.1 200 OK"
2026-06-09 04:46:55,231 [INFO] httpx: HTTP Request: POST https://api.telegram.org/bot8343388239:AAFgeAkc9bvjywyCsHqRIa_RiJ6q-rp6uv0/getUpdates "HTTP/1.1 200 OK"
2026-06-09 04:47:25,920 [INFO] httpx: HTTP Request: POST https://api.telegram.org/bot8343388239:AAFgeAkc9bvjywyCsHqRIa_RiJ6q-rp6uv0/getUpdates "HTTP/1.1 200 OK"
2026-06-09 04:47:56,610 [INFO] httpx: HTTP Request: POST https://api.telegram.org/bot8343388239:AAFgeAkc9bvjywyCsHqRIa_RiJ6q-rp6uv0/getUpdates "HTTP/1.1 200 OK"
2026-06-09 04:48:27,300 [INFO] httpx: HTTP Request: POST https://api.telegram.org/bot8343388239:AAFgeAkc9bvjywyCsHqRIa_RiJ6q-rp6uv0/getUpdates "HTTP/1.1 200 OK"
2026-06-09 04:48:57,988 [INFO] httpx: HTTP Request: POST https://api.telegram.org/bot8343388239:AAFgeAkc9bvjywyCsHqRIa_RiJ6q-rp6uv0/getUpdates "HTTP/1.1 200 OK"
2026-06-09 04:49:08,843 [INFO] signals.stockity_http: Got 900 raw 1s candles for CRYPTO_IDX (Z-CRY/IDX)
2026-06-09 04:49:08,843 [INFO] signals.stockity_http: Aggregated into 16 1m candles
2026-06-09 04:49:08,843 [INFO] signals.stockity_http: Signal for CRYPTO_IDX: CALL 66% (score=66, EMA5↑EMA10; RSI0 OS; midHi)
2026-06-09 04:49:08,843 [INFO] subscription_bot.signaler: NEW signal: CRYPTO_IDX CALL 66%
2026-06-09 04:49:09,619 [INFO] httpx: HTTP Request: POST https://api.telegram.org/bot8343388239:AAFgeAkc9bvjywyCsHqRIa_RiJ6q-rp6uv0/sendMessage "HTTP/1.1 200 OK"
2026-06-09 04:49:09,650 [INFO] subscription_bot.bot: Signal dispatched to 1/1 subscribers
2026-06-09 04:49:09,782 [INFO] signals.stockity_http: Got 900 raw 1s candles for BTC_IDX (Z-CRY/IDX)
2026-06-09 04:49:09,783 [INFO] signals.stockity_http: Aggregated into 16 1m candles
2026-06-09 04:49:09,783 [INFO] signals.stockity_http: Signal for BTC_IDX: CALL 66% (score=66, EMA5↑EMA10; RSI0 OS; midHi)
2026-06-09 04:49:09,783 [INFO] subscription_bot.signaler: NEW signal: BTC_IDX CALL 66%
2026-06-09 04:49:10,170 [INFO] httpx: HTTP Request: POST https://api.telegram.org/bot8343388239:AAFgeAkc9bvjywyCsHqRIa_RiJ6q-rp6uv0/sendMessage "HTTP/1.1 200 OK"
2026-06-09 04:49:10,200 [INFO] subscription_bot.bot: Signal dispatched to 1/1 subscribers
2026-06-09 04:49:10,357 [INFO] signals.stockity_http: Got 900 raw 1s candles for ETH_IDX (Z-CRY/IDX)
2026-06-09 04:49:10,358 [INFO] signals.stockity_http: Aggregated into 16 1m candles
2026-06-09 04:49:10,358 [INFO] signals.stockity_http: Signal for ETH_IDX: CALL 66% (score=66, EMA5↑EMA10; RSI0 OS; midHi)
2026-06-09 04:49:10,358 [INFO] subscription_bot.signaler: NEW signal: ETH_IDX CALL 66%
2026-06-09 04:49:10,762 [INFO] httpx: HTTP Request: POST https://api.telegram.org/bot8343388239:AAFgeAkc9bvjywyCsHqRIa_RiJ6q-rp6uv0/sendMessage "HTTP/1.1 200 OK"
2026-06-09 04:49:10,793 [INFO] subscription_bot.bot: Signal dispatched to 1/1 subscribers
2026-06-09 04:49:10,929 [INFO] signals.stockity_http: Got 900 raw 1s candles for GOLD_IDX (Z-CRY/IDX)
2026-06-09 04:49:10,929 [INFO] signals.stockity_http: Aggregated into 16 1m candles
2026-06-09 04:49:10,929 [INFO] signals.stockity_http: Signal for GOLD_IDX: CALL 66% (score=66, EMA5↑EMA10; RSI0 OS; midHi)
2026-06-09 04:49:10,929 [INFO] subscription_bot.signaler: NEW signal: GOLD_IDX CALL 66%
2026-06-09 04:49:11,312 [INFO] httpx: HTTP Request: POST https://api.telegram.org/bot8343388239:AAFgeAkc9bvjywyCsHqRIa_RiJ6q-rp6uv0/sendMessage "HTTP/1.1 200 OK"
2026-06-09 04:49:11,343 [INFO] subscription_bot.bot: Signal dispatched to 1/1 subscribers
2026-06-09 04:49:28,678 [INFO] httpx: HTTP Request: POST https://api.telegram.org/bot8343388239:AAFgeAkc9bvjywyCsHqRIa_RiJ6q-rp6uv0/getUpdates "HTTP/1.1 200 OK"
2026-06-09 04:49:59,366 [INFO] httpx: HTTP Request: POST https://api.telegram.org/bot8343388239:AAFgeAkc9bvjywyCsHqRIa_RiJ6q-rp6uv0/getUpdates "HTTP/1.1 200 OK"
2026-06-09 04:50:30,053 [INFO] httpx: HTTP Request: POST https://api.telegram.org/bot8343388239:AAFgeAkc9bvjywyCsHqRIa_RiJ6q-rp6uv0/getUpdates "HTTP/1.1 200 OK"
2026-06-09 04:51:00,741 [INFO] httpx: HTTP Request: POST https://api.telegram.org/bot8343388239:AAFgeAkc9bvjywyCsHqRIa_RiJ6q-rp6uv0/getUpdates "HTTP/1.1 200 OK"
2026-06-09 04:51:31,428 [INFO] httpx: HTTP Request: POST https://api.telegram.org/bot8343388239:AAFgeAkc9bvjywyCsHqRIa_RiJ6q-rp6uv0/getUpdates "HTTP/1.1 200 OK"
2026-06-09 04:52:02,116 [INFO] httpx: HTTP Request: POST https://api.telegram.org/bot8343388239:AAFgeAkc9bvjywyCsHqRIa_RiJ6q-rp6uv0/getUpdates "HTTP/1.1 200 OK"
2026-06-09 04:52:33,185 [INFO] httpx: HTTP Request: POST https://api.telegram.org/bot8343388239:AAFgeAkc9bvjywyCsHqRIa_RiJ6q-rp6uv0/getUpdates "HTTP/1.1 200 OK"
2026-06-09 04:53:03,874 [INFO] httpx: HTTP Request: POST https://api.telegram.org/bot8343388239:AAFgeAkc9bvjywyCsHqRIa_RiJ6q-rp6uv0/getUpdates "HTTP/1.1 200 OK"
2026-06-09 04:53:34,565 [INFO] httpx: HTTP Request: POST https://api.telegram.org/bot8343388239:AAFgeAkc9bvjywyCsHqRIa_RiJ6q-rp6uv0/getUpdates "HTTP/1.1 200 OK"
2026-06-09 04:54:05,253 [INFO] httpx: HTTP Request: POST https://api.telegram.org/bot8343388239:AAFgeAkc9bvjywyCsHqRIa_RiJ6q-rp6uv0/getUpdates "HTTP/1.1 200 OK"
2026-06-09 04:54:11,518 [INFO] signals.stockity_http: Got 900 raw 1s candles for CRYPTO_IDX (Z-CRY/IDX)
2026-06-09 04:54:11,518 [INFO] signals.stockity_http: Aggregated into 16 1m candles
2026-06-09 04:54:11,519 [INFO] signals.stockity_http: Signal for CRYPTO_IDX: CALL 66% (score=66, EMA5↑EMA10; RSI0 OS; midHi)
2026-06-09 04:54:11,653 [INFO] signals.stockity_http: Got 900 raw 1s candles for BTC_IDX (Z-CRY/IDX)
2026-06-09 04:54:11,654 [INFO] signals.stockity_http: Aggregated into 16 1m candles
2026-06-09 04:54:11,654 [INFO] signals.stockity_http: Signal for BTC_IDX: CALL 66% (score=66, EMA5↑EMA10; RSI0 OS; midHi)
2026-06-09 04:54:11,785 [INFO] signals.stockity_http: Got 900 raw 1s candles for ETH_IDX (Z-CRY/IDX)
2026-06-09 04:54:11,786 [INFO] signals.stockity_http: Aggregated into 16 1m candles
2026-06-09 04:54:11,786 [INFO] signals.stockity_http: Signal for ETH_IDX: CALL 66% (score=66, EMA5↑EMA10; RSI0 OS; midHi)
2026-06-09 04:54:11,926 [INFO] signals.stockity_http: Got 900 raw 1s candles for GOLD_IDX (Z-CRY/IDX)
2026-06-09 04:54:11,927 [INFO] signals.stockity_http: Aggregated into 16 1m candles
2026-06-09 04:54:11,927 [INFO] signals.stockity_http: Signal for GOLD_IDX: CALL 66% (score=66, EMA5↑EMA10; RSI0 OS; midHi)
2026-06-09 04:54:35,941 [INFO] httpx: HTTP Request: POST https://api.telegram.org/bot8343388239:AAFgeAkc9bvjywyCsHqRIa_RiJ6q-rp6uv0/getUpdates "HTTP/1.1 200 OK"
2026-06-09 04:55:06,631 [INFO] httpx: HTTP Request: POST https://api.telegram.org/bot8343388239:AAFgeAkc9bvjywyCsHqRIa_RiJ6q-rp6uv0/getUpdates "HTTP/1.1 200 OK"
2026-06-09 04:55:37,321 [INFO] httpx: HTTP Request: POST https://api.telegram.org/bot8343388239:AAFgeAkc9bvjywyCsHqRIa_RiJ6q-rp6uv0/getUpdates "HTTP/1.1 200 OK"
2026-06-09 04:56:08,010 [INFO] httpx: HTTP Request: POST https://api.telegram.org/bot8343388239:AAFgeAkc9bvjywyCsHqRIa_RiJ6q-rp6uv0/getUpdates "HTTP/1.1 200 OK"
2026-06-09 04:56:38,699 [INFO] httpx: HTTP Request: POST https://api.telegram.org/bot8343388239:AAFgeAkc9bvjywyCsHqRIa_RiJ6q-rp6uv0/getUpdates "HTTP/1.1 200 OK"
2026-06-09 04:57:09,388 [INFO] httpx: HTTP Request: POST https://api.telegram.org/bot8343388239:AAFgeAkc9bvjywyCsHqRIa_RiJ6q-rp6uv0/getUpdates "HTTP/1.1 200 OK"
2026-06-09 04:57:40,078 [INFO] httpx: HTTP Request: POST https://api.telegram.org/bot8343388239:AAFgeAkc9bvjywyCsHqRIa_RiJ6q-rp6uv0/getUpdates "HTTP/1.1 200 OK"
2026-06-09 04:58:10,768 [INFO] httpx: HTTP Request: POST https://api.telegram.org/bot8343388239:AAFgeAkc9bvjywyCsHqRIa_RiJ6q-rp6uv0/getUpdates "HTTP/1.1 200 OK"
2026-06-09 04:58:41,456 [INFO] httpx: HTTP Request: POST https://api.telegram.org/bot8343388239:AAFgeAkc9bvjywyCsHqRIa_RiJ6q-rp6uv0/getUpdates "HTTP/1.1 200 OK"
2026-06-09 04:59:12,121 [INFO] signals.stockity_http: Got 900 raw 1s candles for CRYPTO_IDX (Z-CRY/IDX)
2026-06-09 04:59:12,121 [INFO] signals.stockity_http: Aggregated into 16 1m candles
2026-06-09 04:59:12,122 [INFO] signals.stockity_http: Signal for CRYPTO_IDX: CALL 66% (score=66, EMA5↑EMA10; RSI0 OS; midHi)
2026-06-09 04:59:12,252 [INFO] signals.stockity_http: Got 900 raw 1s candles for BTC_IDX (Z-CRY/IDX)
2026-06-09 04:59:12,253 [INFO] signals.stockity_http: Aggregated into 16 1m candles
2026-06-09 04:59:12,253 [INFO] signals.stockity_http: Signal for BTC_IDX: CALL 66% (score=66, EMA5↑EMA10; RSI0 OS; midHi)
2026-06-09 04:59:12,385 [INFO] signals.stockity_http: Got 900 raw 1s candles for ETH_IDX (Z-CRY/IDX)
2026-06-09 04:59:12,386 [INFO] signals.stockity_http: Aggregated into 16 1m candles
2026-06-09 04:59:12,386 [INFO] signals.stockity_http: Signal for ETH_IDX: CALL 66% (score=66, EMA5↑EMA10; RSI0 OS; midHi)
2026-06-09 04:59:12,517 [INFO] signals.stockity_http: Got 900 raw 1s candles for GOLD_IDX (Z-CRY/IDX)
2026-06-09 04:59:12,520 [INFO] signals.stockity_http: Aggregated into 16 1m candles
2026-06-09 04:59:12,520 [INFO] signals.stockity_http: Signal for GOLD_IDX: CALL 66% (score=66, EMA5↑EMA10; RSI0 OS; midHi)
2026-06-09 04:59:12,520 [INFO] httpx: HTTP Request: POST https://api.telegram.org/bot8343388239:AAFgeAkc9bvjywyCsHqRIa_RiJ6q-rp6uv0/getUpdates "HTTP/1.1 200 OK"
2026-06-09 04:59:43,209 [INFO] httpx: HTTP Request: POST https://api.telegram.org/bot8343388239:AAFgeAkc9bvjywyCsHqRIa_RiJ6q-rp6uv0/getUpdates "HTTP/1.1 200 OK"
2026-06-09 05:00:13,902 [INFO] httpx: HTTP Request: POST https://api.telegram.org/bot8343388239:AAFgeAkc9bvjywyCsHqRIa_RiJ6q-rp6uv0/getUpdates "HTTP/1.1 200 OK"
2026-06-09 05:00:44,591 [INFO] httpx: HTTP Request: POST https://api.telegram.org/bot8343388239:AAFgeAkc9bvjywyCsHqRIa_RiJ6q-rp6uv0/getUpdates "HTTP/1.1 200 OK"
2026-06-09 05:01:15,281 [INFO] httpx: HTTP Request: POST https://api.telegram.org/bot8343388239:AAFgeAkc9bvjywyCsHqRIa_RiJ6q-rp6uv0/getUpdates "HTTP/1.1 200 OK"
2026-06-09 05:01:45,978 [INFO] httpx: HTTP Request: POST https://api.telegram.org/bot8343388239:AAFgeAkc9bvjywyCsHqRIa_RiJ6q-rp6uv0/getUpdates "HTTP/1.1 200 OK"
2026-06-09 05:02:16,668 [INFO] httpx: HTTP Request: POST https://api.telegram.org/bot8343388239:AAFgeAkc9bvjywyCsHqRIa_RiJ6q-rp6uv0/getUpdates "HTTP/1.1 200 OK"
2026-06-09 05:02:47,358 [INFO] httpx: HTTP Request: POST https://api.telegram.org/bot8343388239:AAFgeAkc9bvjywyCsHqRIa_RiJ6q-rp6uv0/getUpdates "HTTP/1.1 200 OK"
2026-06-09 05:03:18,049 [INFO] httpx: HTTP Request: POST https://api.telegram.org/bot8343388239:AAFgeAkc9bvjywyCsHqRIa_RiJ6q-rp6uv0/getUpdates "HTTP/1.1 200 OK"
2026-06-09 05:03:48,737 [INFO] httpx: HTTP Request: POST https://api.telegram.org/bot8343388239:AAFgeAkc9bvjywyCsHqRIa_RiJ6q-rp6uv0/getUpdates "HTTP/1.1 200 OK"
2026-06-09 05:04:12,882 [INFO] signals.stockity_http: Got 900 raw 1s candles for CRYPTO_IDX (Z-CRY/IDX)
2026-06-09 05:04:12,883 [INFO] signals.stockity_http: Aggregated into 16 1m candles
2026-06-09 05:04:12,883 [INFO] signals.stockity_http: Signal for CRYPTO_IDX: WAIT 57% (score=57, EMA5↓EMA10; RSI0 OS; rangeBot)
2026-06-09 05:04:13,020 [INFO] signals.stockity_http: Got 900 raw 1s candles for BTC_IDX (Z-CRY/IDX)
2026-06-09 05:04:13,020 [INFO] signals.stockity_http: Aggregated into 16 1m candles
2026-06-09 05:04:13,021 [INFO] signals.stockity_http: Signal for BTC_IDX: WAIT 57% (score=57, EMA5↓EMA10; RSI0 OS; rangeBot)
2026-06-09 05:04:13,153 [INFO] signals.stockity_http: Got 900 raw 1s candles for ETH_IDX (Z-CRY/IDX)
2026-06-09 05:04:13,153 [INFO] signals.stockity_http: Aggregated into 16 1m candles
2026-06-09 05:04:13,154 [INFO] signals.stockity_http: Signal for ETH_IDX: WAIT 57% (score=57, EMA5↓EMA10; RSI0 OS; rangeBot)
2026-06-09 05:04:13,283 [INFO] signals.stockity_http: Got 900 raw 1s candles for GOLD_IDX (Z-CRY/IDX)
2026-06-09 05:04:13,284 [INFO] signals.stockity_http: Aggregated into 16 1m candles
2026-06-09 05:04:13,284 [INFO] signals.stockity_http: Signal for GOLD_IDX: WAIT 57% (score=57, EMA5↓EMA10; RSI0 OS; rangeBot)
2026-06-09 05:04:19,426 [INFO] httpx: HTTP Request: POST https://api.telegram.org/bot8343388239:AAFgeAkc9bvjywyCsHqRIa_RiJ6q-rp6uv0/getUpdates "HTTP/1.1 200 OK"
2026-06-09 05:04:50,115 [INFO] httpx: HTTP Request: POST https://api.telegram.org/bot8343388239:AAFgeAkc9bvjywyCsHqRIa_RiJ6q-rp6uv0/getUpdates "HTTP/1.1 200 OK"
2026-06-09 05:05:20,804 [INFO] httpx: HTTP Request: POST https://api.telegram.org/bot8343388239:AAFgeAkc9bvjywyCsHqRIa_RiJ6q-rp6uv0/getUpdates "HTTP/1.1 200 OK"
2026-06-09 05:05:51,504 [INFO] httpx: HTTP Request: POST https://api.telegram.org/bot8343388239:AAFgeAkc9bvjywyCsHqRIa_RiJ6q-rp6uv0/getUpdates "HTTP/1.1 200 OK"
2026-06-09 05:06:22,192 [INFO] httpx: HTTP Request: POST https://api.telegram.org/bot8343388239:AAFgeAkc9bvjywyCsHqRIa_RiJ6q-rp6uv0/getUpdates "HTTP/1.1 200 OK"
2026-06-09 05:06:52,881 [INFO] httpx: HTTP Request: POST https://api.telegram.org/bot8343388239:AAFgeAkc9bvjywyCsHqRIa_RiJ6q-rp6uv0/getUpdates "HTTP/1.1 200 OK"
2026-06-09 05:07:23,569 [INFO] httpx: HTTP Request: POST https://api.telegram.org/bot8343388239:AAFgeAkc9bvjywyCsHqRIa_RiJ6q-rp6uv0/getUpdates "HTTP/1.1 200 OK"
2026-06-09 05:07:54,260 [INFO] httpx: HTTP Request: POST https://api.telegram.org/bot8343388239:AAFgeAkc9bvjywyCsHqRIa_RiJ6q-rp6uv0/getUpdates "HTTP/1.1 200 OK"
2026-06-09 05:08:24,948 [INFO] httpx: HTTP Request: POST https://api.telegram.org/bot8343388239:AAFgeAkc9bvjywyCsHqRIa_RiJ6q-rp6uv0/getUpdates "HTTP/1.1 200 OK"
2026-06-09 05:08:55,635 [INFO] httpx: HTTP Request: POST https://api.telegram.org/bot8343388239:AAFgeAkc9bvjywyCsHqRIa_RiJ6q-rp6uv0/getUpdates "HTTP/1.1 200 OK"
2026-06-09 05:09:13,463 [INFO] signals.stockity_http: Got 900 raw 1s candles for CRYPTO_IDX (Z-CRY/IDX)
2026-06-09 05:09:13,464 [INFO] signals.stockity_http: Aggregated into 16 1m candles
2026-06-09 05:09:13,464 [INFO] signals.stockity_http: Signal for CRYPTO_IDX: WAIT 57% (score=57, EMA5↓EMA10; RSI0 OS; rangeBot)
2026-06-09 05:09:13,593 [INFO] signals.stockity_http: Got 900 raw 1s candles for BTC_IDX (Z-CRY/IDX)
2026-06-09 05:09:13,594 [INFO] signals.stockity_http: Aggregated into 16 1m candles
2026-06-09 05:09:13,594 [INFO] signals.stockity_http: Signal for BTC_IDX: WAIT 57% (score=57, EMA5↓EMA10; RSI0 OS; rangeBot)
2026-06-09 05:09:13,730 [INFO] signals.stockity_http: Got 900 raw 1s candles for ETH_IDX (Z-CRY/IDX)
2026-06-09 05:09:13,731 [INFO] signals.stockity_http: Aggregated into 16 1m candles
2026-06-09 05:09:13,731 [INFO] signals.stockity_http: Signal for ETH_IDX: WAIT 57% (score=57, EMA5↓EMA10; RSI0 OS; rangeBot)
2026-06-09 05:09:13,863 [INFO] signals.stockity_http: Got 900 raw 1s candles for GOLD_IDX (Z-CRY/IDX)
2026-06-09 05:09:13,864 [INFO] signals.stockity_http: Aggregated into 16 1m candles
2026-06-09 05:09:13,864 [INFO] signals.stockity_http: Signal for GOLD_IDX: WAIT 57% (score=57, EMA5↓EMA10; RSI0 OS; rangeBot)
2026-06-09 05:09:26,327 [INFO] httpx: HTTP Request: POST https://api.telegram.org/bot8343388239:AAFgeAkc9bvjywyCsHqRIa_RiJ6q-rp6uv0/getUpdates "HTTP/1.1 200 OK"
2026-06-09 05:09:57,017 [INFO] httpx: HTTP Request: POST https://api.telegram.org/bot8343388239:AAFgeAkc9bvjywyCsHqRIa_RiJ6q-rp6uv0/getUpdates "HTTP/1.1 200 OK"
2026-06-09 05:10:27,709 [INFO] httpx: HTTP Request: POST https://api.telegram.org/bot8343388239:AAFgeAkc9bvjywyCsHqRIa_RiJ6q-rp6uv0/getUpdates "HTTP/1.1 200 OK"
2026-06-09 05:10:58,406 [INFO] httpx: HTTP Request: POST https://api.telegram.org/bot8343388239:AAFgeAkc9bvjywyCsHqRIa_RiJ6q-rp6uv0/getUpdates "HTTP/1.1 200 OK"
2026-06-09 05:11:29,095 [INFO] httpx: HTTP Request: POST https://api.telegram.org/bot8343388239:AAFgeAkc9bvjywyCsHqRIa_RiJ6q-rp6uv0/getUpdates "HTTP/1.1 200 OK"
2026-06-09 05:11:59,784 [INFO] httpx: HTTP Request: POST https://api.telegram.org/bot8343388239:AAFgeAkc9bvjywyCsHqRIa_RiJ6q-rp6uv0/getUpdates "HTTP/1.1 200 OK"
2026-06-09 05:12:30,472 [INFO] httpx: HTTP Request: POST https://api.telegram.org/bot8343388239:AAFgeAkc9bvjywyCsHqRIa_RiJ6q-rp6uv0/getUpdates "HTTP/1.1 200 OK"
2026-06-09 05:13:01,163 [INFO] httpx: HTTP Request: POST https://api.telegram.org/bot8343388239:AAFgeAkc9bvjywyCsHqRIa_RiJ6q-rp6uv0/getUpdates "HTTP/1.1 200 OK"
2026-06-09 05:13:31,852 [INFO] httpx: HTTP Request: POST https://api.telegram.org/bot8343388239:AAFgeAkc9bvjywyCsHqRIa_RiJ6q-rp6uv0/getUpdates "HTTP/1.1 200 OK"
2026-06-09 05:14:02,540 [INFO] httpx: HTTP Request: POST https://api.telegram.org/bot8343388239:AAFgeAkc9bvjywyCsHqRIa_RiJ6q-rp6uv0/getUpdates "HTTP/1.1 200 OK"
2026-06-09 05:14:14,047 [INFO] signals.stockity_http: Got 900 raw 1s candles for CRYPTO_IDX (Z-CRY/IDX)
2026-06-09 05:14:14,049 [INFO] signals.stockity_http: Aggregated into 16 1m candles
2026-06-09 05:14:14,049 [INFO] signals.stockity_http: Signal for CRYPTO_IDX: WAIT 57% (score=57, EMA5↓EMA10; RSI0 OS; rangeBot)
2026-06-09 05:14:14,234 [INFO] signals.stockity_http: Got 900 raw 1s candles for BTC_IDX (Z-CRY/IDX)
2026-06-09 05:14:14,235 [INFO] signals.stockity_http: Aggregated into 16 1m candles
2026-06-09 05:14:14,235 [INFO] signals.stockity_http: Signal for BTC_IDX: WAIT 57% (score=57, EMA5↓EMA10; RSI0 OS; rangeBot)
2026-06-09 05:14:14,384 [INFO] signals.stockity_http: Got 900 raw 1s candles for ETH_IDX (Z-CRY/IDX)
2026-06-09 05:14:14,385 [INFO] signals.stockity_http: Aggregated into 16 1m candles
2026-06-09 05:14:14,385 [INFO] signals.stockity_http: Signal for ETH_IDX: WAIT 57% (score=57, EMA5↓EMA10; RSI0 OS; rangeBot)
2026-06-09 05:14:14,528 [INFO] signals.stockity_http: Got 900 raw 1s candles for GOLD_IDX (Z-CRY/IDX)
2026-06-09 05:14:14,530 [INFO] signals.stockity_http: Aggregated into 16 1m candles
2026-06-09 05:14:14,530 [INFO] signals.stockity_http: Signal for GOLD_IDX: WAIT 57% (score=57, EMA5↓EMA10; RSI0 OS; rangeBot)
2026-06-09 05:14:33,232 [INFO] httpx: HTTP Request: POST https://api.telegram.org/bot8343388239:AAFgeAkc9bvjywyCsHqRIa_RiJ6q-rp6uv0/getUpdates "HTTP/1.1 200 OK"
2026-06-09 05:15:03,922 [INFO] httpx: HTTP Request: POST https://api.telegram.org/bot8343388239:AAFgeAkc9bvjywyCsHqRIa_RiJ6q-rp6uv0/getUpdates "HTTP/1.1 200 OK"
2026-06-09 05:15:34,617 [INFO] httpx: HTTP Request: POST https://api.telegram.org/bot8343388239:AAFgeAkc9bvjywyCsHqRIa_RiJ6q-rp6uv0/getUpdates "HTTP/1.1 200 OK"
2026-06-09 05:16:05,307 [INFO] httpx: HTTP Request: POST https://api.telegram.org/bot8343388239:AAFgeAkc9bvjywyCsHqRIa_RiJ6q-rp6uv0/getUpdates "HTTP/1.1 200 OK"
2026-06-09 05:16:35,996 [INFO] httpx: HTTP Request: POST https://api.telegram.org/bot8343388239:AAFgeAkc9bvjywyCsHqRIa_RiJ6q-rp6uv0/getUpdates "HTTP/1.1 200 OK"
2026-06-09 05:17:06,684 [INFO] httpx: HTTP Request: POST https://api.telegram.org/bot8343388239:AAFgeAkc9bvjywyCsHqRIa_RiJ6q-rp6uv0/getUpdates "HTTP/1.1 200 OK"
2026-06-09 05:17:37,373 [INFO] httpx: HTTP Request: POST https://api.telegram.org/bot8343388239:AAFgeAkc9bvjywyCsHqRIa_RiJ6q-rp6uv0/getUpdates "HTTP/1.1 200 OK"
2026-06-09 05:18:08,066 [INFO] httpx: HTTP Request: POST https://api.telegram.org/bot8343388239:AAFgeAkc9bvjywyCsHqRIa_RiJ6q-rp6uv0/getUpdates "HTTP/1.1 200 OK"
2026-06-09 05:18:38,757 [INFO] httpx: HTTP Request: POST https://api.telegram.org/bot8343388239:AAFgeAkc9bvjywyCsHqRIa_RiJ6q-rp6uv0/getUpdates "HTTP/1.1 200 OK"
2026-06-09 05:19:09,464 [INFO] httpx: HTTP Request: POST https://api.telegram.org/bot8343388239:AAFgeAkc9bvjywyCsHqRIa_RiJ6q-rp6uv0/getUpdates "HTTP/1.1 200 OK"
2026-06-09 05:19:14,940 [INFO] signals.stockity_http: Got 900 raw 1s candles for CRYPTO_IDX (Z-CRY/IDX)
2026-06-09 05:19:14,941 [INFO] signals.stockity_http: Aggregated into 16 1m candles
2026-06-09 05:19:14,944 [INFO] signals.stockity_http: Signal for CRYPTO_IDX: PUT 62% (score=38, EMA5↓EMA10; bearX; RSI0 OS)
2026-06-09 05:19:14,944 [INFO] subscription_bot.signaler: NEW signal: CRYPTO_IDX PUT 62%
2026-06-09 05:19:15,756 [INFO] httpx: HTTP Request: POST https://api.telegram.org/bot8343388239:AAFgeAkc9bvjywyCsHqRIa_RiJ6q-rp6uv0/sendMessage "HTTP/1.1 200 OK"
2026-06-09 05:19:15,805 [INFO] subscription_bot.bot: Signal dispatched to 1/1 subscribers
2026-06-09 05:19:15,949 [INFO] signals.stockity_http: Got 900 raw 1s candles for BTC_IDX (Z-CRY/IDX)
2026-06-09 05:19:15,950 [INFO] signals.stockity_http: Aggregated into 16 1m candles
2026-06-09 05:19:15,950 [INFO] signals.stockity_http: Signal for BTC_IDX: PUT 62% (score=38, EMA5↓EMA10; bearX; RSI0 OS)
2026-06-09 05:19:15,950 [INFO] subscription_bot.signaler: NEW signal: BTC_IDX PUT 62%
2026-06-09 05:19:16,325 [INFO] httpx: HTTP Request: POST https://api.telegram.org/bot8343388239:AAFgeAkc9bvjywyCsHqRIa_RiJ6q-rp6uv0/sendMessage "HTTP/1.1 200 OK"
2026-06-09 05:19:16,358 [INFO] subscription_bot.bot: Signal dispatched to 1/1 subscribers
2026-06-09 05:19:16,493 [INFO] signals.stockity_http: Got 900 raw 1s candles for ETH_IDX (Z-CRY/IDX)
2026-06-09 05:19:16,493 [INFO] signals.stockity_http: Aggregated into 16 1m candles
2026-06-09 05:19:16,494 [INFO] signals.stockity_http: Signal for ETH_IDX: PUT 62% (score=38, EMA5↓EMA10; bearX; RSI0 OS)
2026-06-09 05:19:16,494 [INFO] subscription_bot.signaler: NEW signal: ETH_IDX PUT 62%
2026-06-09 05:19:16,865 [INFO] httpx: HTTP Request: POST https://api.telegram.org/bot8343388239:AAFgeAkc9bvjywyCsHqRIa_RiJ6q-rp6uv0/sendMessage "HTTP/1.1 200 OK"
2026-06-09 05:19:16,896 [INFO] subscription_bot.bot: Signal dispatched to 1/1 subscribers
2026-06-09 05:19:17,032 [INFO] signals.stockity_http: Got 900 raw 1s candles for GOLD_IDX (Z-CRY/IDX)
2026-06-09 05:19:17,032 [INFO] signals.stockity_http: Aggregated into 16 1m candles
2026-06-09 05:19:17,033 [INFO] signals.stockity_http: Signal for GOLD_IDX: PUT 62% (score=38, EMA5↓EMA10; bearX; RSI0 OS)
2026-06-09 05:19:17,033 [INFO] subscription_bot.signaler: NEW signal: GOLD_IDX PUT 62%
2026-06-09 05:19:17,407 [INFO] httpx: HTTP Request: POST https://api.telegram.org/bot8343388239:AAFgeAkc9bvjywyCsHqRIa_RiJ6q-rp6uv0/sendMessage "HTTP/1.1 200 OK"
2026-06-09 05:19:17,438 [INFO] subscription_bot.bot: Signal dispatched to 1/1 subscribers
2026-06-09 05:19:27,577 [INFO] httpx: HTTP Request: POST https://api.telegram.org/bot8343388239:AAFgeAkc9bvjywyCsHqRIa_RiJ6q-rp6uv0/getUpdates "HTTP/1.1 200 OK"
2026-06-09 05:19:27,581 [INFO] telegram.ext.Application: Application is stopping. This might take a moment.
2026-06-09 05:19:27,588 [INFO] telegram.ext.Application: Application.stop() complete
2026-06-09 05:19:28,541 [ERROR] asyncio: Task was destroyed but it is pending!
task: <Task pending name='Task-7' coro=<ProactiveSignaler._loop() running at /home/openclaw/projects/1ai-trade-bot/bots/subscription-bot/signaler.py:140> wait_for=<Future pending cb=[Task.task_wakeup()]>>
2026-06-09 05:19:29,366 [INFO] subscription_bot.database: Database path: /home/openclaw/projects/1ai-trade-bot/bots/subscription-bot/subscription_bot.db
2026-06-09 05:19:29,389 [INFO] subscription_bot.database: Database tables ready
2026-06-09 05:19:30,070 [INFO] httpx: HTTP Request: POST https://api.telegram.org/bot8343388239:AAFgeAkc9bvjywyCsHqRIa_RiJ6q-rp6uv0/getMe "HTTP/1.1 200 OK"
2026-06-09 05:19:30,071 [INFO] subscription_bot.signaler: Proactive signaler started
2026-06-09 05:19:30,071 [INFO] subscription_bot.payment: Tripay webhook listening on :8788
2026-06-09 05:19:30,072 [INFO] subscription_bot.bot: Tripay webhook started
2026-06-09 05:19:30,072 [INFO] subscription_bot.bot: Bot is running!
2026-06-09 05:19:30,072 [INFO] subscription_bot.signaler: Proactive signaler started (interval=300s, min_conf=62%)
2026-06-09 05:19:30,936 [INFO] signals.stockity_http: Got 900 raw 1s candles for CRYPTO_IDX (Z-CRY/IDX)
2026-06-09 05:19:30,936 [INFO] signals.stockity_http: Aggregated into 16 1m candles
2026-06-09 05:19:30,936 [INFO] signals.stockity_http: Signal for CRYPTO_IDX: PUT 62% (score=38, EMA5↓EMA10; bearX; RSI0 OS)
2026-06-09 05:19:30,936 [INFO] subscription_bot.signaler: NEW signal: CRYPTO_IDX PUT 62%
2026-06-09 05:19:31,311 [INFO] httpx: HTTP Request: POST https://api.telegram.org/bot8343388239:AAFgeAkc9bvjywyCsHqRIa_RiJ6q-rp6uv0/sendMessage "HTTP/1.1 200 OK"
2026-06-09 05:19:31,498 [INFO] httpx: HTTP Request: POST https://api.telegram.org/bot8343388239:AAFgeAkc9bvjywyCsHqRIa_RiJ6q-rp6uv0/deleteWebhook "HTTP/1.1 200 OK"
2026-06-09 05:19:31,500 [INFO] telegram.ext.Application: Application started
2026-06-09 05:19:31,690 [INFO] httpx: HTTP Request: POST https://api.telegram.org/bot8343388239:AAFgeAkc9bvjywyCsHqRIa_RiJ6q-rp6uv0/sendMessage "HTTP/1.1 200 OK"
2026-06-09 05:19:31,722 [INFO] subscription_bot.bot: Signal dispatched to 1/1 subscribers
2026-06-09 05:19:31,856 [INFO] signals.stockity_http: Got 900 raw 1s candles for BTC_IDX (Z-CRY/IDX)
2026-06-09 05:19:31,856 [INFO] signals.stockity_http: Aggregated into 16 1m candles
2026-06-09 05:19:31,856 [INFO] signals.stockity_http: Signal for BTC_IDX: PUT 62% (score=38, EMA5↓EMA10; bearX; RSI0 OS)
2026-06-09 05:19:31,856 [INFO] subscription_bot.signaler: NEW signal: BTC_IDX PUT 62%
2026-06-09 05:19:32,240 [INFO] httpx: HTTP Request: POST https://api.telegram.org/bot8343388239:AAFgeAkc9bvjywyCsHqRIa_RiJ6q-rp6uv0/sendMessage "HTTP/1.1 200 OK"
2026-06-09 05:19:32,270 [INFO] subscription_bot.bot: Signal dispatched to 1/1 subscribers
2026-06-09 05:19:32,402 [INFO] signals.stockity_http: Got 900 raw 1s candles for ETH_IDX (Z-CRY/IDX)
2026-06-09 05:19:32,403 [INFO] signals.stockity_http: Aggregated into 16 1m candles
2026-06-09 05:19:32,403 [INFO] signals.stockity_http: Signal for ETH_IDX: PUT 62% (score=38, EMA5↓EMA10; bearX; RSI0 OS)
2026-06-09 05:19:32,403 [INFO] subscription_bot.signaler: NEW signal: ETH_IDX PUT 62%
2026-06-09 05:19:33,113 [INFO] httpx: HTTP Request: POST https://api.telegram.org/bot8343388239:AAFgeAkc9bvjywyCsHqRIa_RiJ6q-rp6uv0/sendMessage "HTTP/1.1 200 OK"
2026-06-09 05:19:33,145 [INFO] subscription_bot.bot: Signal dispatched to 1/1 subscribers
2026-06-09 05:19:33,279 [INFO] signals.stockity_http: Got 900 raw 1s candles for GOLD_IDX (Z-CRY/IDX)
2026-06-09 05:19:33,279 [INFO] signals.stockity_http: Aggregated into 16 1m candles
2026-06-09 05:19:33,279 [INFO] signals.stockity_http: Signal for GOLD_IDX: PUT 62% (score=38, EMA5↓EMA10; bearX; RSI0 OS)
2026-06-09 05:19:33,280 [INFO] subscription_bot.signaler: NEW signal: GOLD_IDX PUT 62%
2026-06-09 05:19:33,649 [INFO] httpx: HTTP Request: POST https://api.telegram.org/bot8343388239:AAFgeAkc9bvjywyCsHqRIa_RiJ6q-rp6uv0/sendMessage "HTTP/1.1 200 OK"
2026-06-09 05:19:33,680 [INFO] subscription_bot.bot: Signal dispatched to 1/1 subscribers
2026-06-09 05:20:02,078 [INFO] httpx: HTTP Request: POST https://api.telegram.org/bot8343388239:AAFgeAkc9bvjywyCsHqRIa_RiJ6q-rp6uv0/getUpdates "HTTP/1.1 200 OK"
2026-06-09 05:20:32,774 [INFO] httpx: HTTP Request: POST https://api.telegram.org/bot8343388239:AAFgeAkc9bvjywyCsHqRIa_RiJ6q-rp6uv0/getUpdates "HTTP/1.1 200 OK"
2026-06-09 05:21:03,472 [INFO] httpx: HTTP Request: POST https://api.telegram.org/bot8343388239:AAFgeAkc9bvjywyCsHqRIa_RiJ6q-rp6uv0/getUpdates "HTTP/1.1 200 OK"
2026-06-09 05:21:34,168 [INFO] httpx: HTTP Request: POST https://api.telegram.org/bot8343388239:AAFgeAkc9bvjywyCsHqRIa_RiJ6q-rp6uv0/getUpdates "HTTP/1.1 200 OK"
2026-06-09 05:22:04,864 [INFO] httpx: HTTP Request: POST https://api.telegram.org/bot8343388239:AAFgeAkc9bvjywyCsHqRIa_RiJ6q-rp6uv0/getUpdates "HTTP/1.1 200 OK"
2026-06-09 05:22:35,564 [INFO] httpx: HTTP Request: POST https://api.telegram.org/bot8343388239:AAFgeAkc9bvjywyCsHqRIa_RiJ6q-rp6uv0/getUpdates "HTTP/1.1 200 OK"
2026-06-09 05:23:06,260 [INFO] httpx: HTTP Request: POST https://api.telegram.org/bot8343388239:AAFgeAkc9bvjywyCsHqRIa_RiJ6q-rp6uv0/getUpdates "HTTP/1.1 200 OK"
2026-06-09 05:23:36,958 [INFO] httpx: HTTP Request: POST https://api.telegram.org/bot8343388239:AAFgeAkc9bvjywyCsHqRIa_RiJ6q-rp6uv0/getUpdates "HTTP/1.1 200 OK"
2026-06-09 05:24:07,661 [INFO] httpx: HTTP Request: POST https://api.telegram.org/bot8343388239:AAFgeAkc9bvjywyCsHqRIa_RiJ6q-rp6uv0/getUpdates "HTTP/1.1 200 OK"
2026-06-09 05:24:33,924 [INFO] signals.stockity_http: Got 900 raw 1s candles for CRYPTO_IDX (Z-CRY/IDX)
2026-06-09 05:24:33,924 [INFO] signals.stockity_http: Aggregated into 16 1m candles
2026-06-09 05:24:33,925 [INFO] signals.stockity_http: Signal for CRYPTO_IDX: PUT 62% (score=38, EMA5↓EMA10; bearX; RSI0 OS)
2026-06-09 05:24:34,051 [INFO] signals.stockity_http: Got 900 raw 1s candles for BTC_IDX (Z-CRY/IDX)
2026-06-09 05:24:34,051 [INFO] signals.stockity_http: Aggregated into 16 1m candles
2026-06-09 05:24:34,051 [INFO] signals.stockity_http: Signal for BTC_IDX: PUT 62% (score=38, EMA5↓EMA10; bearX; RSI0 OS)
2026-06-09 05:24:34,184 [INFO] signals.stockity_http: Got 900 raw 1s candles for ETH_IDX (Z-CRY/IDX)
2026-06-09 05:24:34,184 [INFO] signals.stockity_http: Aggregated into 16 1m candles
2026-06-09 05:24:34,184 [INFO] signals.stockity_http: Signal for ETH_IDX: PUT 62% (score=38, EMA5↓EMA10; bearX; RSI0 OS)
2026-06-09 05:24:34,320 [INFO] signals.stockity_http: Got 900 raw 1s candles for GOLD_IDX (Z-CRY/IDX)
2026-06-09 05:24:34,321 [INFO] signals.stockity_http: Aggregated into 16 1m candles
2026-06-09 05:24:34,321 [INFO] signals.stockity_http: Signal for GOLD_IDX: PUT 62% (score=38, EMA5↓EMA10; bearX; RSI0 OS)
2026-06-09 05:24:38,359 [INFO] httpx: HTTP Request: POST https://api.telegram.org/bot8343388239:AAFgeAkc9bvjywyCsHqRIa_RiJ6q-rp6uv0/getUpdates "HTTP/1.1 200 OK"
2026-06-09 05:24:42,317 [INFO] httpx: HTTP Request: POST https://api.telegram.org/bot8343388239:AAFgeAkc9bvjywyCsHqRIa_RiJ6q-rp6uv0/getUpdates "HTTP/1.1 200 OK"
2026-06-09 05:25:13,147 [INFO] httpx: HTTP Request: POST https://api.telegram.org/bot8343388239:AAFgeAkc9bvjywyCsHqRIa_RiJ6q-rp6uv0/getUpdates "HTTP/1.1 200 OK"
2026-06-09 05:25:43,846 [INFO] httpx: HTTP Request: POST https://api.telegram.org/bot8343388239:AAFgeAkc9bvjywyCsHqRIa_RiJ6q-rp6uv0/getUpdates "HTTP/1.1 200 OK"
2026-06-09 05:26:14,548 [INFO] httpx: HTTP Request: POST https://api.telegram.org/bot8343388239:AAFgeAkc9bvjywyCsHqRIa_RiJ6q-rp6uv0/getUpdates "HTTP/1.1 200 OK"
2026-06-09 05:26:45,251 [INFO] httpx: HTTP Request: POST https://api.telegram.org/bot8343388239:AAFgeAkc9bvjywyCsHqRIa_RiJ6q-rp6uv0/getUpdates "HTTP/1.1 200 OK"
2026-06-09 05:27:15,944 [INFO] httpx: HTTP Request: POST https://api.telegram.org/bot8343388239:AAFgeAkc9bvjywyCsHqRIa_RiJ6q-rp6uv0/getUpdates "HTTP/1.1 200 OK"
2026-06-09 05:27:46,638 [INFO] httpx: HTTP Request: POST https://api.telegram.org/bot8343388239:AAFgeAkc9bvjywyCsHqRIa_RiJ6q-rp6uv0/getUpdates "HTTP/1.1 200 OK"
2026-06-09 05:28:17,333 [INFO] httpx: HTTP Request: POST https://api.telegram.org/bot8343388239:AAFgeAkc9bvjywyCsHqRIa_RiJ6q-rp6uv0/getUpdates "HTTP/1.1 200 OK"
2026-06-09 05:28:48,028 [INFO] httpx: HTTP Request: POST https://api.telegram.org/bot8343388239:AAFgeAkc9bvjywyCsHqRIa_RiJ6q-rp6uv0/getUpdates "HTTP/1.1 200 OK"
2026-06-09 05:29:18,722 [INFO] httpx: HTTP Request: POST https://api.telegram.org/bot8343388239:AAFgeAkc9bvjywyCsHqRIa_RiJ6q-rp6uv0/getUpdates "HTTP/1.1 200 OK"
2026-06-09 05:29:34,524 [INFO] signals.stockity_http: Got 900 raw 1s candles for CRYPTO_IDX (Z-CRY/IDX)
2026-06-09 05:29:34,525 [INFO] signals.stockity_http: Aggregated into 16 1m candles
2026-06-09 05:29:34,525 [INFO] signals.stockity_http: Signal for CRYPTO_IDX: PUT 62% (score=38, EMA5↓EMA10; bearX; RSI0 OS)
2026-06-09 05:29:34,728 [INFO] signals.stockity_http: Got 900 raw 1s candles for BTC_IDX (Z-CRY/IDX)
2026-06-09 05:29:34,729 [INFO] signals.stockity_http: Aggregated into 16 1m candles
2026-06-09 05:29:34,729 [INFO] signals.stockity_http: Signal for BTC_IDX: PUT 62% (score=38, EMA5↓EMA10; bearX; RSI0 OS)
2026-06-09 05:29:34,867 [INFO] signals.stockity_http: Got 900 raw 1s candles for ETH_IDX (Z-CRY/IDX)
2026-06-09 05:29:34,868 [INFO] signals.stockity_http: Aggregated into 16 1m candles
2026-06-09 05:29:34,868 [INFO] signals.stockity_http: Signal for ETH_IDX: PUT 62% (score=38, EMA5↓EMA10; bearX; RSI0 OS)
2026-06-09 05:29:35,004 [INFO] signals.stockity_http: Got 900 raw 1s candles for GOLD_IDX (Z-CRY/IDX)
2026-06-09 05:29:35,005 [INFO] signals.stockity_http: Aggregated into 16 1m candles
2026-06-09 05:29:35,005 [INFO] signals.stockity_http: Signal for GOLD_IDX: PUT 62% (score=38, EMA5↓EMA10; bearX; RSI0 OS)
2026-06-09 05:29:49,420 [INFO] httpx: HTTP Request: POST https://api.telegram.org/bot8343388239:AAFgeAkc9bvjywyCsHqRIa_RiJ6q-rp6uv0/getUpdates "HTTP/1.1 200 OK"
2026-06-09 05:30:20,119 [INFO] httpx: HTTP Request: POST https://api.telegram.org/bot8343388239:AAFgeAkc9bvjywyCsHqRIa_RiJ6q-rp6uv0/getUpdates "HTTP/1.1 200 OK"
2026-06-09 05:30:50,846 [INFO] httpx: HTTP Request: POST https://api.telegram.org/bot8343388239:AAFgeAkc9bvjywyCsHqRIa_RiJ6q-rp6uv0/getUpdates "HTTP/1.1 200 OK"
2026-06-09 05:31:21,545 [INFO] httpx: HTTP Request: POST https://api.telegram.org/bot8343388239:AAFgeAkc9bvjywyCsHqRIa_RiJ6q-rp6uv0/getUpdates "HTTP/1.1 200 OK"
2026-06-09 05:31:52,241 [INFO] httpx: HTTP Request: POST https://api.telegram.org/bot8343388239:AAFgeAkc9bvjywyCsHqRIa_RiJ6q-rp6uv0/getUpdates "HTTP/1.1 200 OK"
2026-06-09 05:32:22,936 [INFO] httpx: HTTP Request: POST https://api.telegram.org/bot8343388239:AAFgeAkc9bvjywyCsHqRIa_RiJ6q-rp6uv0/getUpdates "HTTP/1.1 200 OK"
2026-06-09 05:32:53,642 [INFO] httpx: HTTP Request: POST https://api.telegram.org/bot8343388239:AAFgeAkc9bvjywyCsHqRIa_RiJ6q-rp6uv0/getUpdates "HTTP/1.1 200 OK"
2026-06-09 05:33:24,336 [INFO] httpx: HTTP Request: POST https://api.telegram.org/bot8343388239:AAFgeAkc9bvjywyCsHqRIa_RiJ6q-rp6uv0/getUpdates "HTTP/1.1 200 OK"
2026-06-09 05:33:55,029 [INFO] httpx: HTTP Request: POST https://api.telegram.org/bot8343388239:AAFgeAkc9bvjywyCsHqRIa_RiJ6q-rp6uv0/getUpdates "HTTP/1.1 200 OK"
2026-06-09 05:34:25,723 [INFO] httpx: HTTP Request: POST https://api.telegram.org/bot8343388239:AAFgeAkc9bvjywyCsHqRIa_RiJ6q-rp6uv0/getUpdates "HTTP/1.1 200 OK"
2026-06-09 05:34:35,372 [INFO] signals.stockity_http: Got 900 raw 1s candles for CRYPTO_IDX (Z-CRY/IDX)
2026-06-09 05:34:35,373 [INFO] signals.stockity_http: Aggregated into 16 1m candles
2026-06-09 05:34:35,373 [INFO] signals.stockity_http: Signal for CRYPTO_IDX: WAIT 57% (score=57, EMA5↓EMA10; RSI0 OS; rangeBot)
2026-06-09 05:34:35,637 [INFO] signals.stockity_http: Got 900 raw 1s candles for BTC_IDX (Z-CRY/IDX)
2026-06-09 05:34:35,638 [INFO] signals.stockity_http: Aggregated into 16 1m candles
2026-06-09 05:34:35,638 [INFO] signals.stockity_http: Signal for BTC_IDX: WAIT 57% (score=57, EMA5↓EMA10; RSI0 OS; rangeBot)
2026-06-09 05:34:35,774 [INFO] signals.stockity_http: Got 900 raw 1s candles for ETH_IDX (Z-CRY/IDX)
2026-06-09 05:34:35,774 [INFO] signals.stockity_http: Aggregated into 16 1m candles
2026-06-09 05:34:35,775 [INFO] signals.stockity_http: Signal for ETH_IDX: WAIT 57% (score=57, EMA5↓EMA10; RSI0 OS; rangeBot)
2026-06-09 05:34:35,939 [INFO] signals.stockity_http: Got 900 raw 1s candles for GOLD_IDX (Z-CRY/IDX)
2026-06-09 05:34:35,940 [INFO] signals.stockity_http: Aggregated into 16 1m candles
2026-06-09 05:34:35,940 [INFO] signals.stockity_http: Signal for GOLD_IDX: WAIT 57% (score=57, EMA5↓EMA10; RSI0 OS; rangeBot)
2026-06-09 05:34:56,420 [INFO] httpx: HTTP Request: POST https://api.telegram.org/bot8343388239:AAFgeAkc9bvjywyCsHqRIa_RiJ6q-rp6uv0/getUpdates "HTTP/1.1 200 OK"
2026-06-09 05:35:27,116 [INFO] httpx: HTTP Request: POST https://api.telegram.org/bot8343388239:AAFgeAkc9bvjywyCsHqRIa_RiJ6q-rp6uv0/getUpdates "HTTP/1.1 200 OK"
2026-06-09 05:35:57,813 [INFO] httpx: HTTP Request: POST https://api.telegram.org/bot8343388239:AAFgeAkc9bvjywyCsHqRIa_RiJ6q-rp6uv0/getUpdates "HTTP/1.1 200 OK"
2026-06-09 05:36:28,510 [INFO] httpx: HTTP Request: POST https://api.telegram.org/bot8343388239:AAFgeAkc9bvjywyCsHqRIa_RiJ6q-rp6uv0/getUpdates "HTTP/1.1 200 OK"
2026-06-09 05:36:59,203 [INFO] httpx: HTTP Request: POST https://api.telegram.org/bot8343388239:AAFgeAkc9bvjywyCsHqRIa_RiJ6q-rp6uv0/getUpdates "HTTP/1.1 200 OK"
2026-06-09 05:37:29,902 [INFO] httpx: HTTP Request: POST https://api.telegram.org/bot8343388239:AAFgeAkc9bvjywyCsHqRIa_RiJ6q-rp6uv0/getUpdates "HTTP/1.1 200 OK"
2026-06-09 05:38:00,609 [INFO] httpx: HTTP Request: POST https://api.telegram.org/bot8343388239:AAFgeAkc9bvjywyCsHqRIa_RiJ6q-rp6uv0/getUpdates "HTTP/1.1 200 OK"
2026-06-09 05:38:31,309 [INFO] httpx: HTTP Request: POST https://api.telegram.org/bot8343388239:AAFgeAkc9bvjywyCsHqRIa_RiJ6q-rp6uv0/getUpdates "HTTP/1.1 200 OK"
2026-06-09 05:39:02,009 [INFO] httpx: HTTP Request: POST https://api.telegram.org/bot8343388239:AAFgeAkc9bvjywyCsHqRIa_RiJ6q-rp6uv0/getUpdates "HTTP/1.1 200 OK"
2026-06-09 05:39:32,709 [INFO] httpx: HTTP Request: POST https://api.telegram.org/bot8343388239:AAFgeAkc9bvjywyCsHqRIa_RiJ6q-rp6uv0/getUpdates "HTTP/1.1 200 OK"
2026-06-09 05:39:36,102 [INFO] signals.stockity_http: Got 900 raw 1s candles for CRYPTO_IDX (Z-CRY/IDX)
2026-06-09 05:39:36,103 [INFO] signals.stockity_http: Aggregated into 16 1m candles
2026-06-09 05:39:36,103 [INFO] signals.stockity_http: Signal for CRYPTO_IDX: WAIT 57% (score=57, EMA5↓EMA10; RSI0 OS; rangeBot)
2026-06-09 05:39:36,232 [INFO] signals.stockity_http: Got 900 raw 1s candles for BTC_IDX (Z-CRY/IDX)
2026-06-09 05:39:36,233 [INFO] signals.stockity_http: Aggregated into 16 1m candles
2026-06-09 05:39:36,233 [INFO] signals.stockity_http: Signal for BTC_IDX: WAIT 57% (score=57, EMA5↓EMA10; RSI0 OS; rangeBot)
2026-06-09 05:39:36,363 [INFO] signals.stockity_http: Got 900 raw 1s candles for ETH_IDX (Z-CRY/IDX)
2026-06-09 05:39:36,363 [INFO] signals.stockity_http: Aggregated into 16 1m candles
2026-06-09 05:39:36,363 [INFO] signals.stockity_http: Signal for ETH_IDX: WAIT 57% (score=57, EMA5↓EMA10; RSI0 OS; rangeBot)
2026-06-09 05:39:36,496 [INFO] signals.stockity_http: Got 900 raw 1s candles for GOLD_IDX (Z-CRY/IDX)
2026-06-09 05:39:36,496 [INFO] signals.stockity_http: Aggregated into 16 1m candles
2026-06-09 05:39:36,496 [INFO] signals.stockity_http: Signal for GOLD_IDX: WAIT 57% (score=57, EMA5↓EMA10; RSI0 OS; rangeBot)
2026-06-09 05:40:03,404 [INFO] httpx: HTTP Request: POST https://api.telegram.org/bot8343388239:AAFgeAkc9bvjywyCsHqRIa_RiJ6q-rp6uv0/getUpdates "HTTP/1.1 200 OK"
2026-06-09 05:40:34,105 [INFO] httpx: HTTP Request: POST https://api.telegram.org/bot8343388239:AAFgeAkc9bvjywyCsHqRIa_RiJ6q-rp6uv0/getUpdates "HTTP/1.1 200 OK"
2026-06-09 05:41:04,802 [INFO] httpx: HTTP Request: POST https://api.telegram.org/bot8343388239:AAFgeAkc9bvjywyCsHqRIa_RiJ6q-rp6uv0/getUpdates "HTTP/1.1 200 OK"
2026-06-09 05:41:35,496 [INFO] httpx: HTTP Request: POST https://api.telegram.org/bot8343388239:AAFgeAkc9bvjywyCsHqRIa_RiJ6q-rp6uv0/getUpdates "HTTP/1.1 200 OK"
2026-06-09 05:42:06,191 [INFO] httpx: HTTP Request: POST https://api.telegram.org/bot8343388239:AAFgeAkc9bvjywyCsHqRIa_RiJ6q-rp6uv0/getUpdates "HTTP/1.1 200 OK"
2026-06-09 05:42:36,890 [INFO] httpx: HTTP Request: POST https://api.telegram.org/bot8343388239:AAFgeAkc9bvjywyCsHqRIa_RiJ6q-rp6uv0/getUpdates "HTTP/1.1 200 OK"
2026-06-09 05:43:07,588 [INFO] httpx: HTTP Request: POST https://api.telegram.org/bot8343388239:AAFgeAkc9bvjywyCsHqRIa_RiJ6q-rp6uv0/getUpdates "HTTP/1.1 200 OK"
2026-06-09 05:43:38,289 [INFO] httpx: HTTP Request: POST https://api.telegram.org/bot8343388239:AAFgeAkc9bvjywyCsHqRIa_RiJ6q-rp6uv0/getUpdates "HTTP/1.1 200 OK"
2026-06-09 05:44:08,994 [INFO] httpx: HTTP Request: POST https://api.telegram.org/bot8343388239:AAFgeAkc9bvjywyCsHqRIa_RiJ6q-rp6uv0/getUpdates "HTTP/1.1 200 OK"
2026-06-09 05:44:36,686 [INFO] signals.stockity_http: Got 900 raw 1s candles for CRYPTO_IDX (Z-CRY/IDX)
2026-06-09 05:44:36,686 [INFO] signals.stockity_http: Aggregated into 16 1m candles
2026-06-09 05:44:36,686 [INFO] signals.stockity_http: Signal for CRYPTO_IDX: WAIT 57% (score=57, EMA5↓EMA10; RSI0 OS; rangeBot)
2026-06-09 05:44:36,822 [INFO] signals.stockity_http: Got 900 raw 1s candles for BTC_IDX (Z-CRY/IDX)
2026-06-09 05:44:36,822 [INFO] signals.stockity_http: Aggregated into 16 1m candles
2026-06-09 05:44:36,822 [INFO] signals.stockity_http: Signal for BTC_IDX: WAIT 57% (score=57, EMA5↓EMA10; RSI0 OS; rangeBot)
2026-06-09 05:44:36,954 [INFO] signals.stockity_http: Got 900 raw 1s candles for ETH_IDX (Z-CRY/IDX)
2026-06-09 05:44:36,954 [INFO] signals.stockity_http: Aggregated into 16 1m candles
2026-06-09 05:44:36,955 [INFO] signals.stockity_http: Signal for ETH_IDX: WAIT 57% (score=57, EMA5↓EMA10; RSI0 OS; rangeBot)
2026-06-09 05:44:37,086 [INFO] signals.stockity_http: Got 900 raw 1s candles for GOLD_IDX (Z-CRY/IDX)
2026-06-09 05:44:37,086 [INFO] signals.stockity_http: Aggregated into 16 1m candles
2026-06-09 05:44:37,086 [INFO] signals.stockity_http: Signal for GOLD_IDX: WAIT 57% (score=57, EMA5↓EMA10; RSI0 OS; rangeBot)
2026-06-09 05:44:39,690 [INFO] httpx: HTTP Request: POST https://api.telegram.org/bot8343388239:AAFgeAkc9bvjywyCsHqRIa_RiJ6q-rp6uv0/getUpdates "HTTP/1.1 200 OK"
2026-06-09 05:45:10,384 [INFO] httpx: HTTP Request: POST https://api.telegram.org/bot8343388239:AAFgeAkc9bvjywyCsHqRIa_RiJ6q-rp6uv0/getUpdates "HTTP/1.1 200 OK"
2026-06-09 05:45:41,079 [INFO] httpx: HTTP Request: POST https://api.telegram.org/bot8343388239:AAFgeAkc9bvjywyCsHqRIa_RiJ6q-rp6uv0/getUpdates "HTTP/1.1 200 OK"
2026-06-09 05:46:11,780 [INFO] httpx: HTTP Request: POST https://api.telegram.org/bot8343388239:AAFgeAkc9bvjywyCsHqRIa_RiJ6q-rp6uv0/getUpdates "HTTP/1.1 200 OK"
2026-06-09 05:46:42,482 [INFO] httpx: HTTP Request: POST https://api.telegram.org/bot8343388239:AAFgeAkc9bvjywyCsHqRIa_RiJ6q-rp6uv0/getUpdates "HTTP/1.1 200 OK"
2026-06-09 05:47:13,177 [INFO] httpx: HTTP Request: POST https://api.telegram.org/bot8343388239:AAFgeAkc9bvjywyCsHqRIa_RiJ6q-rp6uv0/getUpdates "HTTP/1.1 200 OK"
2026-06-09 05:47:43,876 [INFO] httpx: HTTP Request: POST https://api.telegram.org/bot8343388239:AAFgeAkc9bvjywyCsHqRIa_RiJ6q-rp6uv0/getUpdates "HTTP/1.1 200 OK"
2026-06-09 05:48:14,573 [INFO] httpx: HTTP Request: POST https://api.telegram.org/bot8343388239:AAFgeAkc9bvjywyCsHqRIa_RiJ6q-rp6uv0/getUpdates "HTTP/1.1 200 OK"
2026-06-09 05:48:45,267 [INFO] httpx: HTTP Request: POST https://api.telegram.org/bot8343388239:AAFgeAkc9bvjywyCsHqRIa_RiJ6q-rp6uv0/getUpdates "HTTP/1.1 200 OK"
2026-06-09 05:49:15,967 [INFO] httpx: HTTP Request: POST https://api.telegram.org/bot8343388239:AAFgeAkc9bvjywyCsHqRIa_RiJ6q-rp6uv0/getUpdates "HTTP/1.1 200 OK"
2026-06-09 05:49:37,650 [INFO] signals.stockity_http: Got 900 raw 1s candles for CRYPTO_IDX (Z-CRY/IDX)
2026-06-09 05:49:37,651 [INFO] signals.stockity_http: Aggregated into 16 1m candles
2026-06-09 05:49:37,651 [INFO] signals.stockity_http: Signal for CRYPTO_IDX: WAIT 57% (score=57, EMA5↓EMA10; RSI0 OS; rangeBot)
2026-06-09 05:49:37,802 [INFO] signals.stockity_http: Got 900 raw 1s candles for BTC_IDX (Z-CRY/IDX)
2026-06-09 05:49:37,802 [INFO] signals.stockity_http: Aggregated into 16 1m candles
2026-06-09 05:49:37,803 [INFO] signals.stockity_http: Signal for BTC_IDX: WAIT 57% (score=57, EMA5↓EMA10; RSI0 OS; rangeBot)
2026-06-09 05:49:38,019 [INFO] signals.stockity_http: Got 900 raw 1s candles for ETH_IDX (Z-CRY/IDX)
2026-06-09 05:49:38,020 [INFO] signals.stockity_http: Aggregated into 16 1m candles
2026-06-09 05:49:38,020 [INFO] signals.stockity_http: Signal for ETH_IDX: WAIT 57% (score=57, EMA5↓EMA10; RSI0 OS; rangeBot)
2026-06-09 05:49:38,157 [INFO] signals.stockity_http: Got 900 raw 1s candles for GOLD_IDX (Z-CRY/IDX)
2026-06-09 05:49:38,158 [INFO] signals.stockity_http: Aggregated into 16 1m candles
2026-06-09 05:49:38,158 [INFO] signals.stockity_http: Signal for GOLD_IDX: WAIT 57% (score=57, EMA5↓EMA10; RSI0 OS; rangeBot)
2026-06-09 05:49:46,662 [INFO] httpx: HTTP Request: POST https://api.telegram.org/bot8343388239:AAFgeAkc9bvjywyCsHqRIa_RiJ6q-rp6uv0/getUpdates "HTTP/1.1 200 OK"
2026-06-09 05:50:17,355 [INFO] httpx: HTTP Request: POST https://api.telegram.org/bot8343388239:AAFgeAkc9bvjywyCsHqRIa_RiJ6q-rp6uv0/getUpdates "HTTP/1.1 200 OK"
2026-06-09 05:50:48,049 [INFO] httpx: HTTP Request: POST https://api.telegram.org/bot8343388239:AAFgeAkc9bvjywyCsHqRIa_RiJ6q-rp6uv0/getUpdates "HTTP/1.1 200 OK"
2026-06-09 05:51:18,746 [INFO] httpx: HTTP Request: POST https://api.telegram.org/bot8343388239:AAFgeAkc9bvjywyCsHqRIa_RiJ6q-rp6uv0/getUpdates "HTTP/1.1 200 OK"
2026-06-09 05:51:49,449 [INFO] httpx: HTTP Request: POST https://api.telegram.org/bot8343388239:AAFgeAkc9bvjywyCsHqRIa_RiJ6q-rp6uv0/getUpdates "HTTP/1.1 200 OK"
2026-06-09 05:52:20,149 [INFO] httpx: HTTP Request: POST https://api.telegram.org/bot8343388239:AAFgeAkc9bvjywyCsHqRIa_RiJ6q-rp6uv0/getUpdates "HTTP/1.1 200 OK"
2026-06-09 05:52:50,844 [INFO] httpx: HTTP Request: POST https://api.telegram.org/bot8343388239:AAFgeAkc9bvjywyCsHqRIa_RiJ6q-rp6uv0/getUpdates "HTTP/1.1 200 OK"
2026-06-09 05:53:21,545 [INFO] httpx: HTTP Request: POST https://api.telegram.org/bot8343388239:AAFgeAkc9bvjywyCsHqRIa_RiJ6q-rp6uv0/getUpdates "HTTP/1.1 200 OK"
2026-06-09 05:53:52,242 [INFO] httpx: HTTP Request: POST https://api.telegram.org/bot8343388239:AAFgeAkc9bvjywyCsHqRIa_RiJ6q-rp6uv0/getUpdates "HTTP/1.1 200 OK"
2026-06-09 05:54:22,960 [INFO] httpx: HTTP Request: POST https://api.telegram.org/bot8343388239:AAFgeAkc9bvjywyCsHqRIa_RiJ6q-rp6uv0/getUpdates "HTTP/1.1 200 OK"
2026-06-09 05:54:38,446 [INFO] signals.stockity_http: Got 900 raw 1s candles for CRYPTO_IDX (Z-CRY/IDX)
2026-06-09 05:54:38,446 [INFO] signals.stockity_http: Aggregated into 16 1m candles
2026-06-09 05:54:38,446 [INFO] signals.stockity_http: Signal for CRYPTO_IDX: WAIT 57% (score=57, EMA5↓EMA10; RSI0 OS; rangeBot)
2026-06-09 05:54:38,584 [INFO] signals.stockity_http: Got 900 raw 1s candles for BTC_IDX (Z-CRY/IDX)
2026-06-09 05:54:38,584 [INFO] signals.stockity_http: Aggregated into 16 1m candles
2026-06-09 05:54:38,585 [INFO] signals.stockity_http: Signal for BTC_IDX: WAIT 57% (score=57, EMA5↓EMA10; RSI0 OS; rangeBot)
2026-06-09 05:54:38,734 [INFO] signals.stockity_http: Got 900 raw 1s candles for ETH_IDX (Z-CRY/IDX)
2026-06-09 05:54:38,735 [INFO] signals.stockity_http: Aggregated into 16 1m candles
2026-06-09 05:54:38,735 [INFO] signals.stockity_http: Signal for ETH_IDX: WAIT 57% (score=57, EMA5↓EMA10; RSI0 OS; rangeBot)
2026-06-09 05:54:39,910 [INFO] signals.stockity_http: Got 900 raw 1s candles for GOLD_IDX (Z-CRY/IDX)
2026-06-09 05:54:39,911 [INFO] signals.stockity_http: Aggregated into 16 1m candles
2026-06-09 05:54:39,911 [INFO] signals.stockity_http: Signal for GOLD_IDX: WAIT 57% (score=57, EMA5↓EMA10; RSI0 OS; rangeBot)
2026-06-09 05:54:53,657 [INFO] httpx: HTTP Request: POST https://api.telegram.org/bot8343388239:AAFgeAkc9bvjywyCsHqRIa_RiJ6q-rp6uv0/getUpdates "HTTP/1.1 200 OK"
2026-06-09 05:55:24,359 [INFO] httpx: HTTP Request: POST https://api.telegram.org/bot8343388239:AAFgeAkc9bvjywyCsHqRIa_RiJ6q-rp6uv0/getUpdates "HTTP/1.1 200 OK"
2026-06-09 05:55:55,064 [INFO] httpx: HTTP Request: POST https://api.telegram.org/bot8343388239:AAFgeAkc9bvjywyCsHqRIa_RiJ6q-rp6uv0/getUpdates "HTTP/1.1 200 OK"
2026-06-09 05:56:25,762 [INFO] httpx: HTTP Request: POST https://api.telegram.org/bot8343388239:AAFgeAkc9bvjywyCsHqRIa_RiJ6q-rp6uv0/getUpdates "HTTP/1.1 200 OK"
2026-06-09 05:56:56,460 [INFO] httpx: HTTP Request: POST https://api.telegram.org/bot8343388239:AAFgeAkc9bvjywyCsHqRIa_RiJ6q-rp6uv0/getUpdates "HTTP/1.1 200 OK"
2026-06-09 05:57:27,164 [INFO] httpx: HTTP Request: POST https://api.telegram.org/bot8343388239:AAFgeAkc9bvjywyCsHqRIa_RiJ6q-rp6uv0/getUpdates "HTTP/1.1 200 OK"
2026-06-09 05:57:57,877 [INFO] httpx: HTTP Request: POST https://api.telegram.org/bot8343388239:AAFgeAkc9bvjywyCsHqRIa_RiJ6q-rp6uv0/getUpdates "HTTP/1.1 200 OK"
2026-06-09 05:58:28,572 [INFO] httpx: HTTP Request: POST https://api.telegram.org/bot8343388239:AAFgeAkc9bvjywyCsHqRIa_RiJ6q-rp6uv0/getUpdates "HTTP/1.1 200 OK"
2026-06-09 05:58:59,272 [INFO] httpx: HTTP Request: POST https://api.telegram.org/bot8343388239:AAFgeAkc9bvjywyCsHqRIa_RiJ6q-rp6uv0/getUpdates "HTTP/1.1 200 OK"
2026-06-09 05:59:29,971 [INFO] httpx: HTTP Request: POST https://api.telegram.org/bot8343388239:AAFgeAkc9bvjywyCsHqRIa_RiJ6q-rp6uv0/getUpdates "HTTP/1.1 200 OK"
2026-06-09 05:59:40,097 [INFO] signals.stockity_http: Got 900 raw 1s candles for CRYPTO_IDX (Z-CRY/IDX)
2026-06-09 05:59:40,098 [INFO] signals.stockity_http: Aggregated into 16 1m candles
2026-06-09 05:59:40,098 [INFO] signals.stockity_http: Signal for CRYPTO_IDX: WAIT 57% (score=57, EMA5↓EMA10; RSI0 OS; rangeBot)
2026-06-09 05:59:40,226 [INFO] signals.stockity_http: Got 900 raw 1s candles for BTC_IDX (Z-CRY/IDX)
2026-06-09 05:59:40,226 [INFO] signals.stockity_http: Aggregated into 16 1m candles
2026-06-09 05:59:40,226 [INFO] signals.stockity_http: Signal for BTC_IDX: WAIT 57% (score=57, EMA5↓EMA10; RSI0 OS; rangeBot)
2026-06-09 05:59:40,359 [INFO] signals.stockity_http: Got 900 raw 1s candles for ETH_IDX (Z-CRY/IDX)
2026-06-09 05:59:40,359 [INFO] signals.stockity_http: Aggregated into 16 1m candles
2026-06-09 05:59:40,359 [INFO] signals.stockity_http: Signal for ETH_IDX: WAIT 57% (score=57, EMA5↓EMA10; RSI0 OS; rangeBot)
2026-06-09 05:59:40,490 [INFO] signals.stockity_http: Got 900 raw 1s candles for GOLD_IDX (Z-CRY/IDX)
2026-06-09 05:59:40,490 [INFO] signals.stockity_http: Aggregated into 16 1m candles
2026-06-09 05:59:40,490 [INFO] signals.stockity_http: Signal for GOLD_IDX: WAIT 57% (score=57, EMA5↓EMA10; RSI0 OS; rangeBot)
2026-06-09 06:00:00,670 [INFO] httpx: HTTP Request: POST https://api.telegram.org/bot8343388239:AAFgeAkc9bvjywyCsHqRIa_RiJ6q-rp6uv0/getUpdates "HTTP/1.1 200 OK"
2026-06-09 06:00:31,364 [INFO] httpx: HTTP Request: POST https://api.telegram.org/bot8343388239:AAFgeAkc9bvjywyCsHqRIa_RiJ6q-rp6uv0/getUpdates "HTTP/1.1 200 OK"
2026-06-09 06:01:02,058 [INFO] httpx: HTTP Request: POST https://api.telegram.org/bot8343388239:AAFgeAkc9bvjywyCsHqRIa_RiJ6q-rp6uv0/getUpdates "HTTP/1.1 200 OK"
2026-06-09 06:01:32,758 [INFO] httpx: HTTP Request: POST https://api.telegram.org/bot8343388239:AAFgeAkc9bvjywyCsHqRIa_RiJ6q-rp6uv0/getUpdates "HTTP/1.1 200 OK"
2026-06-09 06:02:03,453 [INFO] httpx: HTTP Request: POST https://api.telegram.org/bot8343388239:AAFgeAkc9bvjywyCsHqRIa_RiJ6q-rp6uv0/getUpdates "HTTP/1.1 200 OK"
2026-06-09 06:02:34,151 [INFO] httpx: HTTP Request: POST https://api.telegram.org/bot8343388239:AAFgeAkc9bvjywyCsHqRIa_RiJ6q-rp6uv0/getUpdates "HTTP/1.1 200 OK"
2026-06-09 06:03:04,848 [INFO] httpx: HTTP Request: POST https://api.telegram.org/bot8343388239:AAFgeAkc9bvjywyCsHqRIa_RiJ6q-rp6uv0/getUpdates "HTTP/1.1 200 OK"
2026-06-09 06:03:35,552 [INFO] httpx: HTTP Request: POST https://api.telegram.org/bot8343388239:AAFgeAkc9bvjywyCsHqRIa_RiJ6q-rp6uv0/getUpdates "HTTP/1.1 200 OK"
2026-06-09 06:04:06,260 [INFO] httpx: HTTP Request: POST https://api.telegram.org/bot8343388239:AAFgeAkc9bvjywyCsHqRIa_RiJ6q-rp6uv0/getUpdates "HTTP/1.1 200 OK"
2026-06-09 06:04:36,958 [INFO] httpx: HTTP Request: POST https://api.telegram.org/bot8343388239:AAFgeAkc9bvjywyCsHqRIa_RiJ6q-rp6uv0/getUpdates "HTTP/1.1 200 OK"
2026-06-09 06:04:40,851 [INFO] signals.stockity_http: Got 900 raw 1s candles for CRYPTO_IDX (Z-CRY/IDX)
2026-06-09 06:04:40,851 [INFO] signals.stockity_http: Aggregated into 16 1m candles
2026-06-09 06:04:40,853 [INFO] signals.stockity_http: Signal for CRYPTO_IDX: CALL 78% (score=78, EMA5↑EMA10; bullX; RSI0 OS)
2026-06-09 06:04:40,853 [INFO] subscription_bot.signaler: NEW signal: CRYPTO_IDX CALL 78%
2026-06-09 06:04:41,668 [INFO] httpx: HTTP Request: POST https://api.telegram.org/bot8343388239:AAFgeAkc9bvjywyCsHqRIa_RiJ6q-rp6uv0/sendMessage "HTTP/1.1 200 OK"
2026-06-09 06:04:41,700 [INFO] subscription_bot.bot: Signal dispatched to 1/1 subscribers
2026-06-09 06:04:41,837 [INFO] signals.stockity_http: Got 900 raw 1s candles for BTC_IDX (Z-CRY/IDX)
2026-06-09 06:04:41,838 [INFO] signals.stockity_http: Aggregated into 16 1m candles
2026-06-09 06:04:41,838 [INFO] signals.stockity_http: Signal for BTC_IDX: CALL 78% (score=78, EMA5↑EMA10; bullX; RSI0 OS)
2026-06-09 06:04:41,838 [INFO] subscription_bot.signaler: NEW signal: BTC_IDX CALL 78%
2026-06-09 06:04:42,222 [INFO] httpx: HTTP Request: POST https://api.telegram.org/bot8343388239:AAFgeAkc9bvjywyCsHqRIa_RiJ6q-rp6uv0/sendMessage "HTTP/1.1 200 OK"
2026-06-09 06:04:42,253 [INFO] subscription_bot.bot: Signal dispatched to 1/1 subscribers
2026-06-09 06:04:42,384 [INFO] signals.stockity_http: Got 900 raw 1s candles for ETH_IDX (Z-CRY/IDX)
2026-06-09 06:04:42,385 [INFO] signals.stockity_http: Aggregated into 16 1m candles
2026-06-09 06:04:42,385 [INFO] signals.stockity_http: Signal for ETH_IDX: CALL 78% (score=78, EMA5↑EMA10; bullX; RSI0 OS)
2026-06-09 06:04:42,385 [INFO] subscription_bot.signaler: NEW signal: ETH_IDX CALL 78%
2026-06-09 06:04:42,762 [INFO] httpx: HTTP Request: POST https://api.telegram.org/bot8343388239:AAFgeAkc9bvjywyCsHqRIa_RiJ6q-rp6uv0/sendMessage "HTTP/1.1 200 OK"
2026-06-09 06:04:42,793 [INFO] subscription_bot.bot: Signal dispatched to 1/1 subscribers
2026-06-09 06:04:42,926 [INFO] signals.stockity_http: Got 900 raw 1s candles for GOLD_IDX (Z-CRY/IDX)
2026-06-09 06:04:42,928 [INFO] signals.stockity_http: Aggregated into 16 1m candles
2026-06-09 06:04:42,929 [INFO] signals.stockity_http: Signal for GOLD_IDX: CALL 78% (score=78, EMA5↑EMA10; bullX; RSI0 OS)
2026-06-09 06:04:42,929 [INFO] subscription_bot.signaler: NEW signal: GOLD_IDX CALL 78%
2026-06-09 06:04:43,312 [INFO] httpx: HTTP Request: POST https://api.telegram.org/bot8343388239:AAFgeAkc9bvjywyCsHqRIa_RiJ6q-rp6uv0/sendMessage "HTTP/1.1 200 OK"
2026-06-09 06:04:43,343 [INFO] subscription_bot.bot: Signal dispatched to 1/1 subscribers
2026-06-09 06:05:07,654 [INFO] httpx: HTTP Request: POST https://api.telegram.org/bot8343388239:AAFgeAkc9bvjywyCsHqRIa_RiJ6q-rp6uv0/getUpdates "HTTP/1.1 200 OK"
2026-06-09 06:05:38,352 [INFO] httpx: HTTP Request: POST https://api.telegram.org/bot8343388239:AAFgeAkc9bvjywyCsHqRIa_RiJ6q-rp6uv0/getUpdates "HTTP/1.1 200 OK"
2026-06-09 06:06:09,049 [INFO] httpx: HTTP Request: POST https://api.telegram.org/bot8343388239:AAFgeAkc9bvjywyCsHqRIa_RiJ6q-rp6uv0/getUpdates "HTTP/1.1 200 OK"
2026-06-09 06:06:39,749 [INFO] httpx: HTTP Request: POST https://api.telegram.org/bot8343388239:AAFgeAkc9bvjywyCsHqRIa_RiJ6q-rp6uv0/getUpdates "HTTP/1.1 200 OK"
2026-06-09 06:07:10,444 [INFO] httpx: HTTP Request: POST https://api.telegram.org/bot8343388239:AAFgeAkc9bvjywyCsHqRIa_RiJ6q-rp6uv0/getUpdates "HTTP/1.1 200 OK"
2026-06-09 06:07:41,145 [INFO] httpx: HTTP Request: POST https://api.telegram.org/bot8343388239:AAFgeAkc9bvjywyCsHqRIa_RiJ6q-rp6uv0/getUpdates "HTTP/1.1 200 OK"
2026-06-09 06:08:11,936 [INFO] httpx: HTTP Request: POST https://api.telegram.org/bot8343388239:AAFgeAkc9bvjywyCsHqRIa_RiJ6q-rp6uv0/getUpdates "HTTP/1.1 200 OK"
2026-06-09 06:08:42,641 [INFO] httpx: HTTP Request: POST https://api.telegram.org/bot8343388239:AAFgeAkc9bvjywyCsHqRIa_RiJ6q-rp6uv0/getUpdates "HTTP/1.1 200 OK"
2026-06-09 06:09:13,335 [INFO] httpx: HTTP Request: POST https://api.telegram.org/bot8343388239:AAFgeAkc9bvjywyCsHqRIa_RiJ6q-rp6uv0/getUpdates "HTTP/1.1 200 OK"
2026-06-09 06:09:43,543 [INFO] signals.stockity_http: Got 900 raw 1s candles for CRYPTO_IDX (Z-CRY/IDX)
2026-06-09 06:09:43,543 [INFO] signals.stockity_http: Aggregated into 16 1m candles
2026-06-09 06:09:43,543 [INFO] signals.stockity_http: Signal for CRYPTO_IDX: CALL 78% (score=78, EMA5↑EMA10; bullX; RSI0 OS)
2026-06-09 06:09:43,676 [INFO] signals.stockity_http: Got 900 raw 1s candles for BTC_IDX (Z-CRY/IDX)
2026-06-09 06:09:43,677 [INFO] signals.stockity_http: Aggregated into 16 1m candles
2026-06-09 06:09:43,677 [INFO] signals.stockity_http: Signal for BTC_IDX: CALL 78% (score=78, EMA5↑EMA10; bullX; RSI0 OS)
2026-06-09 06:09:43,813 [INFO] signals.stockity_http: Got 900 raw 1s candles for ETH_IDX (Z-CRY/IDX)
2026-06-09 06:09:43,814 [INFO] signals.stockity_http: Aggregated into 16 1m candles
2026-06-09 06:09:43,814 [INFO] signals.stockity_http: Signal for ETH_IDX: CALL 78% (score=78, EMA5↑EMA10; bullX; RSI0 OS)
2026-06-09 06:09:43,948 [INFO] signals.stockity_http: Got 900 raw 1s candles for GOLD_IDX (Z-CRY/IDX)
2026-06-09 06:09:43,948 [INFO] signals.stockity_http: Aggregated into 16 1m candles
2026-06-09 06:09:43,948 [INFO] signals.stockity_http: Signal for GOLD_IDX: CALL 78% (score=78, EMA5↑EMA10; bullX; RSI0 OS)
2026-06-09 06:09:44,037 [INFO] httpx: HTTP Request: POST https://api.telegram.org/bot8343388239:AAFgeAkc9bvjywyCsHqRIa_RiJ6q-rp6uv0/getUpdates "HTTP/1.1 200 OK"
2026-06-09 06:10:14,734 [INFO] httpx: HTTP Request: POST https://api.telegram.org/bot8343388239:AAFgeAkc9bvjywyCsHqRIa_RiJ6q-rp6uv0/getUpdates "HTTP/1.1 200 OK"
2026-06-09 06:10:45,446 [INFO] httpx: HTTP Request: POST https://api.telegram.org/bot8343388239:AAFgeAkc9bvjywyCsHqRIa_RiJ6q-rp6uv0/getUpdates "HTTP/1.1 200 OK"
2026-06-09 06:11:16,142 [INFO] httpx: HTTP Request: POST https://api.telegram.org/bot8343388239:AAFgeAkc9bvjywyCsHqRIa_RiJ6q-rp6uv0/getUpdates "HTTP/1.1 200 OK"
2026-06-09 06:11:46,845 [INFO] httpx: HTTP Request: POST https://api.telegram.org/bot8343388239:AAFgeAkc9bvjywyCsHqRIa_RiJ6q-rp6uv0/getUpdates "HTTP/1.1 200 OK"
2026-06-09 06:12:17,539 [INFO] httpx: HTTP Request: POST https://api.telegram.org/bot8343388239:AAFgeAkc9bvjywyCsHqRIa_RiJ6q-rp6uv0/getUpdates "HTTP/1.1 200 OK"
2026-06-09 06:12:48,237 [INFO] httpx: HTTP Request: POST https://api.telegram.org/bot8343388239:AAFgeAkc9bvjywyCsHqRIa_RiJ6q-rp6uv0/getUpdates "HTTP/1.1 200 OK"
2026-06-09 06:13:18,937 [INFO] httpx: HTTP Request: POST https://api.telegram.org/bot8343388239:AAFgeAkc9bvjywyCsHqRIa_RiJ6q-rp6uv0/getUpdates "HTTP/1.1 200 OK"
2026-06-09 06:13:49,637 [INFO] httpx: HTTP Request: POST https://api.telegram.org/bot8343388239:AAFgeAkc9bvjywyCsHqRIa_RiJ6q-rp6uv0/getUpdates "HTTP/1.1 200 OK"
2026-06-09 06:14:20,345 [INFO] httpx: HTTP Request: POST https://api.telegram.org/bot8343388239:AAFgeAkc9bvjywyCsHqRIa_RiJ6q-rp6uv0/getUpdates "HTTP/1.1 200 OK"
2026-06-09 06:14:31,491 [INFO] httpx: HTTP Request: POST https://api.telegram.org/bot8343388239:AAFgeAkc9bvjywyCsHqRIa_RiJ6q-rp6uv0/getUpdates "HTTP/1.1 200 OK"
2026-06-09 06:14:32,234 [INFO] httpx: HTTP Request: POST https://api.telegram.org/bot8343388239:AAFgeAkc9bvjywyCsHqRIa_RiJ6q-rp6uv0/answerCallbackQuery "HTTP/1.1 200 OK"
2026-06-09 06:14:32,239 [ERROR] telegram.ext.Application: No error handlers are registered, logging exception.
Traceback (most recent call last):
  File "/home/openclaw/projects/1ai-trade-bot/bots/subscription-bot/.venv/lib/python3.11/site-packages/telegram/ext/_application.py", line 1315, in process_update
  File "/home/openclaw/projects/1ai-trade-bot/bots/subscription-bot/.venv/lib/python3.11/site-packages/telegram/ext/_handlers/basehandler.py", line 159, in handle_update
  File "/home/openclaw/projects/1ai-trade-bot/bots/subscription-bot/bot.py", line 933, in handle_callback
  File "/home/openclaw/projects/1ai-trade-bot/bots/subscription-bot/bot.py", line 975, in _execute_trade
  File "/home/openclaw/.local/share/uv/python/cpython-3.11.15-linux-x86_64-gnu/lib/python3.11/enum.py", line 714, in __call__
    return cls.__new__(cls, value)
           ^^^^^^^^^^^^^^^^^^^^^^^
  File "/home/openclaw/.local/share/uv/python/cpython-3.11.15-linux-x86_64-gnu/lib/python3.11/enum.py", line 1137, in __new__
    raise ve_exc
ValueError: 'IDX' is not a valid Direction
2026-06-09 06:14:44,126 [INFO] signals.stockity_http: Got 900 raw 1s candles for CRYPTO_IDX (Z-CRY/IDX)
2026-06-09 06:14:44,127 [INFO] signals.stockity_http: Aggregated into 16 1m candles
2026-06-09 06:14:44,127 [INFO] signals.stockity_http: Signal for CRYPTO_IDX: CALL 78% (score=78, EMA5↑EMA10; bullX; RSI0 OS)
2026-06-09 06:14:44,280 [INFO] signals.stockity_http: Got 900 raw 1s candles for BTC_IDX (Z-CRY/IDX)
2026-06-09 06:14:44,280 [INFO] signals.stockity_http: Aggregated into 16 1m candles
2026-06-09 06:14:44,281 [INFO] signals.stockity_http: Signal for BTC_IDX: CALL 78% (score=78, EMA5↑EMA10; bullX; RSI0 OS)
2026-06-09 06:14:44,421 [INFO] signals.stockity_http: Got 900 raw 1s candles for ETH_IDX (Z-CRY/IDX)
2026-06-09 06:14:44,422 [INFO] signals.stockity_http: Aggregated into 16 1m candles
2026-06-09 06:14:44,422 [INFO] signals.stockity_http: Signal for ETH_IDX: CALL 78% (score=78, EMA5↑EMA10; bullX; RSI0 OS)
2026-06-09 06:14:44,556 [INFO] signals.stockity_http: Got 900 raw 1s candles for GOLD_IDX (Z-CRY/IDX)
2026-06-09 06:14:44,556 [INFO] signals.stockity_http: Aggregated into 16 1m candles
2026-06-09 06:14:44,556 [INFO] signals.stockity_http: Signal for GOLD_IDX: CALL 78% (score=78, EMA5↑EMA10; bullX; RSI0 OS)
2026-06-09 06:15:02,210 [INFO] httpx: HTTP Request: POST https://api.telegram.org/bot8343388239:AAFgeAkc9bvjywyCsHqRIa_RiJ6q-rp6uv0/getUpdates "HTTP/1.1 200 OK"
2026-06-09 06:15:32,907 [INFO] httpx: HTTP Request: POST https://api.telegram.org/bot8343388239:AAFgeAkc9bvjywyCsHqRIa_RiJ6q-rp6uv0/getUpdates "HTTP/1.1 200 OK"
2026-06-09 06:16:03,605 [INFO] httpx: HTTP Request: POST https://api.telegram.org/bot8343388239:AAFgeAkc9bvjywyCsHqRIa_RiJ6q-rp6uv0/getUpdates "HTTP/1.1 200 OK"
2026-06-09 06:16:34,308 [INFO] httpx: HTTP Request: POST https://api.telegram.org/bot8343388239:AAFgeAkc9bvjywyCsHqRIa_RiJ6q-rp6uv0/getUpdates "HTTP/1.1 200 OK"
2026-06-09 06:17:05,008 [INFO] httpx: HTTP Request: POST https://api.telegram.org/bot8343388239:AAFgeAkc9bvjywyCsHqRIa_RiJ6q-rp6uv0/getUpdates "HTTP/1.1 200 OK"
2026-06-09 06:17:35,703 [INFO] httpx: HTTP Request: POST https://api.telegram.org/bot8343388239:AAFgeAkc9bvjywyCsHqRIa_RiJ6q-rp6uv0/getUpdates "HTTP/1.1 200 OK"
2026-06-09 06:18:06,400 [INFO] httpx: HTTP Request: POST https://api.telegram.org/bot8343388239:AAFgeAkc9bvjywyCsHqRIa_RiJ6q-rp6uv0/getUpdates "HTTP/1.1 200 OK"
2026-06-09 06:18:37,102 [INFO] httpx: HTTP Request: POST https://api.telegram.org/bot8343388239:AAFgeAkc9bvjywyCsHqRIa_RiJ6q-rp6uv0/getUpdates "HTTP/1.1 200 OK"
2026-06-09 06:19:07,807 [INFO] httpx: HTTP Request: POST https://api.telegram.org/bot8343388239:AAFgeAkc9bvjywyCsHqRIa_RiJ6q-rp6uv0/getUpdates "HTTP/1.1 200 OK"
2026-06-09 06:19:38,504 [INFO] httpx: HTTP Request: POST https://api.telegram.org/bot8343388239:AAFgeAkc9bvjywyCsHqRIa_RiJ6q-rp6uv0/getUpdates "HTTP/1.1 200 OK"
2026-06-09 06:19:44,903 [INFO] signals.stockity_http: Got 900 raw 1s candles for CRYPTO_IDX (Z-CRY/IDX)
2026-06-09 06:19:44,904 [INFO] signals.stockity_http: Aggregated into 16 1m candles
2026-06-09 06:19:44,904 [INFO] signals.stockity_http: Signal for CRYPTO_IDX: WAIT 50% (score=50, EMA5↓EMA10; RSI0 OS; midLo)
2026-06-09 06:19:45,037 [INFO] signals.stockity_http: Got 900 raw 1s candles for BTC_IDX (Z-CRY/IDX)
2026-06-09 06:19:45,038 [INFO] signals.stockity_http: Aggregated into 16 1m candles
2026-06-09 06:19:45,038 [INFO] signals.stockity_http: Signal for BTC_IDX: WAIT 50% (score=50, EMA5↓EMA10; RSI0 OS; midLo)
2026-06-09 06:19:45,173 [INFO] signals.stockity_http: Got 900 raw 1s candles for ETH_IDX (Z-CRY/IDX)
2026-06-09 06:19:45,173 [INFO] signals.stockity_http: Aggregated into 16 1m candles
2026-06-09 06:19:45,173 [INFO] signals.stockity_http: Signal for ETH_IDX: WAIT 50% (score=50, EMA5↓EMA10; RSI0 OS; midLo)
2026-06-09 06:19:45,307 [INFO] signals.stockity_http: Got 900 raw 1s candles for GOLD_IDX (Z-CRY/IDX)
2026-06-09 06:19:45,308 [INFO] signals.stockity_http: Aggregated into 16 1m candles
2026-06-09 06:19:45,308 [INFO] signals.stockity_http: Signal for GOLD_IDX: WAIT 50% (score=50, EMA5↓EMA10; RSI0 OS; midLo)
2026-06-09 06:20:09,200 [INFO] httpx: HTTP Request: POST https://api.telegram.org/bot8343388239:AAFgeAkc9bvjywyCsHqRIa_RiJ6q-rp6uv0/getUpdates "HTTP/1.1 200 OK"
2026-06-09 06:20:40,269 [INFO] httpx: HTTP Request: POST https://api.telegram.org/bot8343388239:AAFgeAkc9bvjywyCsHqRIa_RiJ6q-rp6uv0/getUpdates "HTTP/1.1 200 OK"
2026-06-09 06:21:10,961 [INFO] httpx: HTTP Request: POST https://api.telegram.org/bot8343388239:AAFgeAkc9bvjywyCsHqRIa_RiJ6q-rp6uv0/getUpdates "HTTP/1.1 200 OK"
2026-06-09 06:21:41,650 [INFO] httpx: HTTP Request: POST https://api.telegram.org/bot8343388239:AAFgeAkc9bvjywyCsHqRIa_RiJ6q-rp6uv0/getUpdates "HTTP/1.1 200 OK"
2026-06-09 06:22:12,887 [INFO] httpx: HTTP Request: POST https://api.telegram.org/bot8343388239:AAFgeAkc9bvjywyCsHqRIa_RiJ6q-rp6uv0/getUpdates "HTTP/1.1 200 OK"
2026-06-09 06:22:43,575 [INFO] httpx: HTTP Request: POST https://api.telegram.org/bot8343388239:AAFgeAkc9bvjywyCsHqRIa_RiJ6q-rp6uv0/getUpdates "HTTP/1.1 200 OK"
2026-06-09 06:23:14,263 [INFO] httpx: HTTP Request: POST https://api.telegram.org/bot8343388239:AAFgeAkc9bvjywyCsHqRIa_RiJ6q-rp6uv0/getUpdates "HTTP/1.1 200 OK"
2026-06-09 06:23:44,954 [INFO] httpx: HTTP Request: POST https://api.telegram.org/bot8343388239:AAFgeAkc9bvjywyCsHqRIa_RiJ6q-rp6uv0/getUpdates "HTTP/1.1 200 OK"
2026-06-09 06:24:15,643 [INFO] httpx: HTTP Request: POST https://api.telegram.org/bot8343388239:AAFgeAkc9bvjywyCsHqRIa_RiJ6q-rp6uv0/getUpdates "HTTP/1.1 200 OK"
2026-06-09 06:24:45,512 [INFO] signals.stockity_http: Got 900 raw 1s candles for CRYPTO_IDX (Z-CRY/IDX)
2026-06-09 06:24:45,512 [INFO] signals.stockity_http: Aggregated into 16 1m candles
2026-06-09 06:24:45,512 [INFO] signals.stockity_http: Signal for CRYPTO_IDX: WAIT 50% (score=50, EMA5↓EMA10; RSI0 OS; midLo)
2026-06-09 06:24:45,641 [INFO] signals.stockity_http: Got 900 raw 1s candles for BTC_IDX (Z-CRY/IDX)
2026-06-09 06:24:45,642 [INFO] signals.stockity_http: Aggregated into 16 1m candles
2026-06-09 06:24:45,642 [INFO] signals.stockity_http: Signal for BTC_IDX: WAIT 50% (score=50, EMA5↓EMA10; RSI0 OS; midLo)
2026-06-09 06:24:45,773 [INFO] signals.stockity_http: Got 900 raw 1s candles for ETH_IDX (Z-CRY/IDX)
2026-06-09 06:24:45,774 [INFO] signals.stockity_http: Aggregated into 16 1m candles
2026-06-09 06:24:45,774 [INFO] signals.stockity_http: Signal for ETH_IDX: WAIT 50% (score=50, EMA5↓EMA10; RSI0 OS; midLo)
2026-06-09 06:24:45,906 [INFO] signals.stockity_http: Got 900 raw 1s candles for GOLD_IDX (Z-CRY/IDX)
2026-06-09 06:24:45,907 [INFO] signals.stockity_http: Aggregated into 16 1m candles
2026-06-09 06:24:45,907 [INFO] signals.stockity_http: Signal for GOLD_IDX: WAIT 50% (score=50, EMA5↓EMA10; RSI0 OS; midLo)
2026-06-09 06:24:46,332 [INFO] httpx: HTTP Request: POST https://api.telegram.org/bot8343388239:AAFgeAkc9bvjywyCsHqRIa_RiJ6q-rp6uv0/getUpdates "HTTP/1.1 200 OK"
2026-06-09 06:25:17,022 [INFO] httpx: HTTP Request: POST https://api.telegram.org/bot8343388239:AAFgeAkc9bvjywyCsHqRIa_RiJ6q-rp6uv0/getUpdates "HTTP/1.1 200 OK"
2026-06-09 06:25:47,716 [INFO] httpx: HTTP Request: POST https://api.telegram.org/bot8343388239:AAFgeAkc9bvjywyCsHqRIa_RiJ6q-rp6uv0/getUpdates "HTTP/1.1 200 OK"
2026-06-09 06:26:18,412 [INFO] httpx: HTTP Request: POST https://api.telegram.org/bot8343388239:AAFgeAkc9bvjywyCsHqRIa_RiJ6q-rp6uv0/getUpdates "HTTP/1.1 200 OK"
2026-06-09 06:26:49,104 [INFO] httpx: HTTP Request: POST https://api.telegram.org/bot8343388239:AAFgeAkc9bvjywyCsHqRIa_RiJ6q-rp6uv0/getUpdates "HTTP/1.1 200 OK"
2026-06-09 06:27:19,798 [INFO] httpx: HTTP Request: POST https://api.telegram.org/bot8343388239:AAFgeAkc9bvjywyCsHqRIa_RiJ6q-rp6uv0/getUpdates "HTTP/1.1 200 OK"
2026-06-09 06:27:50,540 [INFO] httpx: HTTP Request: POST https://api.telegram.org/bot8343388239:AAFgeAkc9bvjywyCsHqRIa_RiJ6q-rp6uv0/getUpdates "HTTP/1.1 200 OK"
2026-06-09 06:28:21,232 [INFO] httpx: HTTP Request: POST https://api.telegram.org/bot8343388239:AAFgeAkc9bvjywyCsHqRIa_RiJ6q-rp6uv0/getUpdates "HTTP/1.1 200 OK"
2026-06-09 06:28:51,928 [INFO] httpx: HTTP Request: POST https://api.telegram.org/bot8343388239:AAFgeAkc9bvjywyCsHqRIa_RiJ6q-rp6uv0/getUpdates "HTTP/1.1 200 OK"
2026-06-09 06:29:22,617 [INFO] httpx: HTTP Request: POST https://api.telegram.org/bot8343388239:AAFgeAkc9bvjywyCsHqRIa_RiJ6q-rp6uv0/getUpdates "HTTP/1.1 200 OK"
2026-06-09 06:29:46,254 [INFO] signals.stockity_http: Got 900 raw 1s candles for CRYPTO_IDX (Z-CRY/IDX)
2026-06-09 06:29:46,257 [INFO] signals.stockity_http: Aggregated into 16 1m candles
2026-06-09 06:29:46,257 [INFO] signals.stockity_http: Signal for CRYPTO_IDX: WAIT 50% (score=50, EMA5↓EMA10; RSI0 OS; midLo)
2026-06-09 06:29:47,046 [INFO] signals.stockity_http: Got 900 raw 1s candles for BTC_IDX (Z-CRY/IDX)
2026-06-09 06:29:47,046 [INFO] signals.stockity_http: Aggregated into 16 1m candles
2026-06-09 06:29:47,046 [INFO] signals.stockity_http: Signal for BTC_IDX: WAIT 50% (score=50, EMA5↓EMA10; RSI0 OS; midLo)
2026-06-09 06:29:47,190 [INFO] signals.stockity_http: Got 900 raw 1s candles for ETH_IDX (Z-CRY/IDX)
2026-06-09 06:29:47,191 [INFO] signals.stockity_http: Aggregated into 16 1m candles
2026-06-09 06:29:47,191 [INFO] signals.stockity_http: Signal for ETH_IDX: WAIT 50% (score=50, EMA5↓EMA10; RSI0 OS; midLo)
2026-06-09 06:29:47,342 [INFO] signals.stockity_http: Got 900 raw 1s candles for GOLD_IDX (Z-CRY/IDX)
2026-06-09 06:29:47,342 [INFO] signals.stockity_http: Aggregated into 16 1m candles
2026-06-09 06:29:47,342 [INFO] signals.stockity_http: Signal for GOLD_IDX: WAIT 50% (score=50, EMA5↓EMA10; RSI0 OS; midLo)
2026-06-09 06:29:53,312 [INFO] httpx: HTTP Request: POST https://api.telegram.org/bot8343388239:AAFgeAkc9bvjywyCsHqRIa_RiJ6q-rp6uv0/getUpdates "HTTP/1.1 200 OK"
2026-06-09 06:30:24,822 [INFO] httpx: HTTP Request: POST https://api.telegram.org/bot8343388239:AAFgeAkc9bvjywyCsHqRIa_RiJ6q-rp6uv0/getUpdates "HTTP/1.1 200 OK"
2026-06-09 06:30:55,516 [INFO] httpx: HTTP Request: POST https://api.telegram.org/bot8343388239:AAFgeAkc9bvjywyCsHqRIa_RiJ6q-rp6uv0/getUpdates "HTTP/1.1 200 OK"
2026-06-09 06:31:26,205 [INFO] httpx: HTTP Request: POST https://api.telegram.org/bot8343388239:AAFgeAkc9bvjywyCsHqRIa_RiJ6q-rp6uv0/getUpdates "HTTP/1.1 200 OK"
2026-06-09 06:31:56,895 [INFO] httpx: HTTP Request: POST https://api.telegram.org/bot8343388239:AAFgeAkc9bvjywyCsHqRIa_RiJ6q-rp6uv0/getUpdates "HTTP/1.1 200 OK"
2026-06-09 06:32:27,584 [INFO] httpx: HTTP Request: POST https://api.telegram.org/bot8343388239:AAFgeAkc9bvjywyCsHqRIa_RiJ6q-rp6uv0/getUpdates "HTTP/1.1 200 OK"
2026-06-09 06:32:58,284 [INFO] httpx: HTTP Request: POST https://api.telegram.org/bot8343388239:AAFgeAkc9bvjywyCsHqRIa_RiJ6q-rp6uv0/getUpdates "HTTP/1.1 200 OK"
2026-06-09 06:33:28,973 [INFO] httpx: HTTP Request: POST https://api.telegram.org/bot8343388239:AAFgeAkc9bvjywyCsHqRIa_RiJ6q-rp6uv0/getUpdates "HTTP/1.1 200 OK"
2026-06-09 06:33:59,664 [INFO] httpx: HTTP Request: POST https://api.telegram.org/bot8343388239:AAFgeAkc9bvjywyCsHqRIa_RiJ6q-rp6uv0/getUpdates "HTTP/1.1 200 OK"
2026-06-09 06:34:30,355 [INFO] httpx: HTTP Request: POST https://api.telegram.org/bot8343388239:AAFgeAkc9bvjywyCsHqRIa_RiJ6q-rp6uv0/getUpdates "HTTP/1.1 200 OK"
2026-06-09 06:34:47,724 [INFO] signals.stockity_http: Got 900 raw 1s candles for CRYPTO_IDX (Z-CRY/IDX)
2026-06-09 06:34:47,727 [INFO] signals.stockity_http: Aggregated into 16 1m candles
2026-06-09 06:34:47,727 [INFO] signals.stockity_http: Signal for CRYPTO_IDX: WAIT 50% (score=50, EMA5↓EMA10; RSI0 OS; midLo)
2026-06-09 06:34:47,896 [INFO] signals.stockity_http: Got 900 raw 1s candles for BTC_IDX (Z-CRY/IDX)
2026-06-09 06:34:47,896 [INFO] signals.stockity_http: Aggregated into 16 1m candles
2026-06-09 06:34:47,897 [INFO] signals.stockity_http: Signal for BTC_IDX: WAIT 50% (score=50, EMA5↓EMA10; RSI0 OS; midLo)
2026-06-09 06:34:48,034 [INFO] signals.stockity_http: Got 900 raw 1s candles for ETH_IDX (Z-CRY/IDX)
2026-06-09 06:34:48,034 [INFO] signals.stockity_http: Aggregated into 16 1m candles
2026-06-09 06:34:48,035 [INFO] signals.stockity_http: Signal for ETH_IDX: WAIT 50% (score=50, EMA5↓EMA10; RSI0 OS; midLo)
2026-06-09 06:34:48,220 [INFO] signals.stockity_http: Got 900 raw 1s candles for GOLD_IDX (Z-CRY/IDX)
2026-06-09 06:34:48,221 [INFO] signals.stockity_http: Aggregated into 16 1m candles
2026-06-09 06:34:48,221 [INFO] signals.stockity_http: Signal for GOLD_IDX: WAIT 50% (score=50, EMA5↓EMA10; RSI0 OS; midLo)
2026-06-09 06:35:01,046 [INFO] httpx: HTTP Request: POST https://api.telegram.org/bot8343388239:AAFgeAkc9bvjywyCsHqRIa_RiJ6q-rp6uv0/getUpdates "HTTP/1.1 200 OK"
2026-06-09 06:35:31,739 [INFO] httpx: HTTP Request: POST https://api.telegram.org/bot8343388239:AAFgeAkc9bvjywyCsHqRIa_RiJ6q-rp6uv0/getUpdates "HTTP/1.1 200 OK"
2026-06-09 06:36:02,427 [INFO] httpx: HTTP Request: POST https://api.telegram.org/bot8343388239:AAFgeAkc9bvjywyCsHqRIa_RiJ6q-rp6uv0/getUpdates "HTTP/1.1 200 OK"
2026-06-09 06:36:33,117 [INFO] httpx: HTTP Request: POST https://api.telegram.org/bot8343388239:AAFgeAkc9bvjywyCsHqRIa_RiJ6q-rp6uv0/getUpdates "HTTP/1.1 200 OK"
2026-06-09 06:37:03,807 [INFO] httpx: HTTP Request: POST https://api.telegram.org/bot8343388239:AAFgeAkc9bvjywyCsHqRIa_RiJ6q-rp6uv0/getUpdates "HTTP/1.1 200 OK"
2026-06-09 06:37:34,502 [INFO] httpx: HTTP Request: POST https://api.telegram.org/bot8343388239:AAFgeAkc9bvjywyCsHqRIa_RiJ6q-rp6uv0/getUpdates "HTTP/1.1 200 OK"
2026-06-09 06:38:05,192 [INFO] httpx: HTTP Request: POST https://api.telegram.org/bot8343388239:AAFgeAkc9bvjywyCsHqRIa_RiJ6q-rp6uv0/getUpdates "HTTP/1.1 200 OK"
2026-06-09 06:38:35,889 [INFO] httpx: HTTP Request: POST https://api.telegram.org/bot8343388239:AAFgeAkc9bvjywyCsHqRIa_RiJ6q-rp6uv0/getUpdates "HTTP/1.1 200 OK"
2026-06-09 06:39:06,578 [INFO] httpx: HTTP Request: POST https://api.telegram.org/bot8343388239:AAFgeAkc9bvjywyCsHqRIa_RiJ6q-rp6uv0/getUpdates "HTTP/1.1 200 OK"
2026-06-09 06:39:37,268 [INFO] httpx: HTTP Request: POST https://api.telegram.org/bot8343388239:AAFgeAkc9bvjywyCsHqRIa_RiJ6q-rp6uv0/getUpdates "HTTP/1.1 200 OK"
2026-06-09 06:39:48,398 [INFO] signals.stockity_http: Got 900 raw 1s candles for CRYPTO_IDX (Z-CRY/IDX)
2026-06-09 06:39:48,398 [INFO] signals.stockity_http: Aggregated into 16 1m candles
2026-06-09 06:39:48,398 [INFO] signals.stockity_http: Signal for CRYPTO_IDX: WAIT 50% (score=50, EMA5↓EMA10; RSI0 OS; midLo)
2026-06-09 06:39:48,538 [INFO] signals.stockity_http: Got 900 raw 1s candles for BTC_IDX (Z-CRY/IDX)
2026-06-09 06:39:48,538 [INFO] signals.stockity_http: Aggregated into 16 1m candles
2026-06-09 06:39:48,538 [INFO] signals.stockity_http: Signal for BTC_IDX: WAIT 50% (score=50, EMA5↓EMA10; RSI0 OS; midLo)
2026-06-09 06:39:48,672 [INFO] signals.stockity_http: Got 900 raw 1s candles for ETH_IDX (Z-CRY/IDX)
2026-06-09 06:39:48,672 [INFO] signals.stockity_http: Aggregated into 16 1m candles
2026-06-09 06:39:48,672 [INFO] signals.stockity_http: Signal for ETH_IDX: WAIT 50% (score=50, EMA5↓EMA10; RSI0 OS; midLo)
2026-06-09 06:39:48,804 [INFO] signals.stockity_http: Got 900 raw 1s candles for GOLD_IDX (Z-CRY/IDX)
2026-06-09 06:39:48,805 [INFO] signals.stockity_http: Aggregated into 16 1m candles
2026-06-09 06:39:48,805 [INFO] signals.stockity_http: Signal for GOLD_IDX: WAIT 50% (score=50, EMA5↓EMA10; RSI0 OS; midLo)
2026-06-09 06:40:07,958 [INFO] httpx: HTTP Request: POST https://api.telegram.org/bot8343388239:AAFgeAkc9bvjywyCsHqRIa_RiJ6q-rp6uv0/getUpdates "HTTP/1.1 200 OK"
2026-06-09 06:40:38,648 [INFO] httpx: HTTP Request: POST https://api.telegram.org/bot8343388239:AAFgeAkc9bvjywyCsHqRIa_RiJ6q-rp6uv0/getUpdates "HTTP/1.1 200 OK"
2026-06-09 06:41:09,345 [INFO] httpx: HTTP Request: POST https://api.telegram.org/bot8343388239:AAFgeAkc9bvjywyCsHqRIa_RiJ6q-rp6uv0/getUpdates "HTTP/1.1 200 OK"
2026-06-09 06:41:40,046 [INFO] httpx: HTTP Request: POST https://api.telegram.org/bot8343388239:AAFgeAkc9bvjywyCsHqRIa_RiJ6q-rp6uv0/getUpdates "HTTP/1.1 200 OK"
2026-06-09 06:42:10,744 [INFO] httpx: HTTP Request: POST https://api.telegram.org/bot8343388239:AAFgeAkc9bvjywyCsHqRIa_RiJ6q-rp6uv0/getUpdates "HTTP/1.1 200 OK"
2026-06-09 06:42:41,444 [INFO] httpx: HTTP Request: POST https://api.telegram.org/bot8343388239:AAFgeAkc9bvjywyCsHqRIa_RiJ6q-rp6uv0/getUpdates "HTTP/1.1 200 OK"
2026-06-09 06:43:12,141 [INFO] httpx: HTTP Request: POST https://api.telegram.org/bot8343388239:AAFgeAkc9bvjywyCsHqRIa_RiJ6q-rp6uv0/getUpdates "HTTP/1.1 200 OK"
2026-06-09 06:43:42,832 [INFO] httpx: HTTP Request: POST https://api.telegram.org/bot8343388239:AAFgeAkc9bvjywyCsHqRIa_RiJ6q-rp6uv0/getUpdates "HTTP/1.1 200 OK"
2026-06-09 06:44:13,523 [INFO] httpx: HTTP Request: POST https://api.telegram.org/bot8343388239:AAFgeAkc9bvjywyCsHqRIa_RiJ6q-rp6uv0/getUpdates "HTTP/1.1 200 OK"
2026-06-09 06:44:44,211 [INFO] httpx: HTTP Request: POST https://api.telegram.org/bot8343388239:AAFgeAkc9bvjywyCsHqRIa_RiJ6q-rp6uv0/getUpdates "HTTP/1.1 200 OK"
2026-06-09 06:44:48,975 [INFO] signals.stockity_http: Got 900 raw 1s candles for CRYPTO_IDX (Z-CRY/IDX)
2026-06-09 06:44:48,975 [INFO] signals.stockity_http: Aggregated into 16 1m candles
2026-06-09 06:44:48,976 [INFO] signals.stockity_http: Signal for CRYPTO_IDX: WAIT 50% (score=50, EMA5↓EMA10; RSI0 OS; midLo)
2026-06-09 06:44:49,112 [INFO] signals.stockity_http: Got 900 raw 1s candles for BTC_IDX (Z-CRY/IDX)
2026-06-09 06:44:49,113 [INFO] signals.stockity_http: Aggregated into 16 1m candles
2026-06-09 06:44:49,113 [INFO] signals.stockity_http: Signal for BTC_IDX: WAIT 50% (score=50, EMA5↓EMA10; RSI0 OS; midLo)
2026-06-09 06:44:49,244 [INFO] signals.stockity_http: Got 900 raw 1s candles for ETH_IDX (Z-CRY/IDX)
2026-06-09 06:44:49,244 [INFO] signals.stockity_http: Aggregated into 16 1m candles
2026-06-09 06:44:49,244 [INFO] signals.stockity_http: Signal for ETH_IDX: WAIT 50% (score=50, EMA5↓EMA10; RSI0 OS; midLo)
2026-06-09 06:44:49,375 [INFO] signals.stockity_http: Got 900 raw 1s candles for GOLD_IDX (Z-CRY/IDX)
2026-06-09 06:44:49,376 [INFO] signals.stockity_http: Aggregated into 16 1m candles
2026-06-09 06:44:49,376 [INFO] signals.stockity_http: Signal for GOLD_IDX: WAIT 50% (score=50, EMA5↓EMA10; RSI0 OS; midLo)
2026-06-09 06:45:14,901 [INFO] httpx: HTTP Request: POST https://api.telegram.org/bot8343388239:AAFgeAkc9bvjywyCsHqRIa_RiJ6q-rp6uv0/getUpdates "HTTP/1.1 200 OK"
2026-06-09 06:45:45,591 [INFO] httpx: HTTP Request: POST https://api.telegram.org/bot8343388239:AAFgeAkc9bvjywyCsHqRIa_RiJ6q-rp6uv0/getUpdates "HTTP/1.1 200 OK"
2026-06-09 06:46:16,280 [INFO] httpx: HTTP Request: POST https://api.telegram.org/bot8343388239:AAFgeAkc9bvjywyCsHqRIa_RiJ6q-rp6uv0/getUpdates "HTTP/1.1 200 OK"
2026-06-09 06:46:46,982 [INFO] httpx: HTTP Request: POST https://api.telegram.org/bot8343388239:AAFgeAkc9bvjywyCsHqRIa_RiJ6q-rp6uv0/getUpdates "HTTP/1.1 200 OK"
2026-06-09 06:47:17,672 [INFO] httpx: HTTP Request: POST https://api.telegram.org/bot8343388239:AAFgeAkc9bvjywyCsHqRIa_RiJ6q-rp6uv0/getUpdates "HTTP/1.1 200 OK"
2026-06-09 06:47:48,360 [INFO] httpx: HTTP Request: POST https://api.telegram.org/bot8343388239:AAFgeAkc9bvjywyCsHqRIa_RiJ6q-rp6uv0/getUpdates "HTTP/1.1 200 OK"
2026-06-09 06:48:19,049 [INFO] httpx: HTTP Request: POST https://api.telegram.org/bot8343388239:AAFgeAkc9bvjywyCsHqRIa_RiJ6q-rp6uv0/getUpdates "HTTP/1.1 200 OK"
2026-06-09 06:48:49,740 [INFO] httpx: HTTP Request: POST https://api.telegram.org/bot8343388239:AAFgeAkc9bvjywyCsHqRIa_RiJ6q-rp6uv0/getUpdates "HTTP/1.1 200 OK"
2026-06-09 06:49:20,431 [INFO] httpx: HTTP Request: POST https://api.telegram.org/bot8343388239:AAFgeAkc9bvjywyCsHqRIa_RiJ6q-rp6uv0/getUpdates "HTTP/1.1 200 OK"
2026-06-09 06:49:49,764 [INFO] signals.stockity_http: Got 900 raw 1s candles for CRYPTO_IDX (Z-CRY/IDX)
2026-06-09 06:49:49,765 [INFO] signals.stockity_http: Aggregated into 16 1m candles
2026-06-09 06:49:49,765 [INFO] signals.stockity_http: Signal for CRYPTO_IDX: WAIT 50% (score=50, EMA5↓EMA10; RSI0 OS; midLo)
2026-06-09 06:49:49,904 [INFO] signals.stockity_http: Got 900 raw 1s candles for BTC_IDX (Z-CRY/IDX)
2026-06-09 06:49:49,904 [INFO] signals.stockity_http: Aggregated into 16 1m candles
2026-06-09 06:49:49,905 [INFO] signals.stockity_http: Signal for BTC_IDX: WAIT 50% (score=50, EMA5↓EMA10; RSI0 OS; midLo)
2026-06-09 06:49:50,040 [INFO] signals.stockity_http: Got 900 raw 1s candles for ETH_IDX (Z-CRY/IDX)
2026-06-09 06:49:50,041 [INFO] signals.stockity_http: Aggregated into 16 1m candles
2026-06-09 06:49:50,041 [INFO] signals.stockity_http: Signal for ETH_IDX: WAIT 50% (score=50, EMA5↓EMA10; RSI0 OS; midLo)
2026-06-09 06:49:50,177 [INFO] signals.stockity_http: Got 900 raw 1s candles for GOLD_IDX (Z-CRY/IDX)
2026-06-09 06:49:50,178 [INFO] signals.stockity_http: Aggregated into 16 1m candles
2026-06-09 06:49:50,178 [INFO] signals.stockity_http: Signal for GOLD_IDX: WAIT 50% (score=50, EMA5↓EMA10; RSI0 OS; midLo)
2026-06-09 06:49:51,119 [INFO] httpx: HTTP Request: POST https://api.telegram.org/bot8343388239:AAFgeAkc9bvjywyCsHqRIa_RiJ6q-rp6uv0/getUpdates "HTTP/1.1 200 OK"
2026-06-09 06:50:21,813 [INFO] httpx: HTTP Request: POST https://api.telegram.org/bot8343388239:AAFgeAkc9bvjywyCsHqRIa_RiJ6q-rp6uv0/getUpdates "HTTP/1.1 200 OK"
2026-06-09 06:50:52,509 [INFO] httpx: HTTP Request: POST https://api.telegram.org/bot8343388239:AAFgeAkc9bvjywyCsHqRIa_RiJ6q-rp6uv0/getUpdates "HTTP/1.1 200 OK"
2026-06-09 06:51:23,200 [INFO] httpx: HTTP Request: POST https://api.telegram.org/bot8343388239:AAFgeAkc9bvjywyCsHqRIa_RiJ6q-rp6uv0/getUpdates "HTTP/1.1 200 OK"
2026-06-09 06:51:53,893 [INFO] httpx: HTTP Request: POST https://api.telegram.org/bot8343388239:AAFgeAkc9bvjywyCsHqRIa_RiJ6q-rp6uv0/getUpdates "HTTP/1.1 200 OK"
2026-06-09 06:52:24,586 [INFO] httpx: HTTP Request: POST https://api.telegram.org/bot8343388239:AAFgeAkc9bvjywyCsHqRIa_RiJ6q-rp6uv0/getUpdates "HTTP/1.1 200 OK"
2026-06-09 06:52:55,280 [INFO] httpx: HTTP Request: POST https://api.telegram.org/bot8343388239:AAFgeAkc9bvjywyCsHqRIa_RiJ6q-rp6uv0/getUpdates "HTTP/1.1 200 OK"
2026-06-09 06:53:25,983 [INFO] httpx: HTTP Request: POST https://api.telegram.org/bot8343388239:AAFgeAkc9bvjywyCsHqRIa_RiJ6q-rp6uv0/getUpdates "HTTP/1.1 200 OK"
2026-06-09 06:53:56,680 [INFO] httpx: HTTP Request: POST https://api.telegram.org/bot8343388239:AAFgeAkc9bvjywyCsHqRIa_RiJ6q-rp6uv0/getUpdates "HTTP/1.1 200 OK"
2026-06-09 06:54:27,370 [INFO] httpx: HTTP Request: POST https://api.telegram.org/bot8343388239:AAFgeAkc9bvjywyCsHqRIa_RiJ6q-rp6uv0/getUpdates "HTTP/1.1 200 OK"
2026-06-09 06:54:50,369 [INFO] signals.stockity_http: Got 900 raw 1s candles for CRYPTO_IDX (Z-CRY/IDX)
2026-06-09 06:54:50,369 [INFO] signals.stockity_http: Aggregated into 16 1m candles
2026-06-09 06:54:50,369 [INFO] signals.stockity_http: Signal for CRYPTO_IDX: WAIT 50% (score=50, EMA5↓EMA10; RSI0 OS; midLo)
2026-06-09 06:54:50,501 [INFO] signals.stockity_http: Got 900 raw 1s candles for BTC_IDX (Z-CRY/IDX)
2026-06-09 06:54:50,501 [INFO] signals.stockity_http: Aggregated into 16 1m candles
2026-06-09 06:54:50,501 [INFO] signals.stockity_http: Signal for BTC_IDX: WAIT 50% (score=50, EMA5↓EMA10; RSI0 OS; midLo)
2026-06-09 06:54:50,634 [INFO] signals.stockity_http: Got 900 raw 1s candles for ETH_IDX (Z-CRY/IDX)
2026-06-09 06:54:50,635 [INFO] signals.stockity_http: Aggregated into 16 1m candles
2026-06-09 06:54:50,635 [INFO] signals.stockity_http: Signal for ETH_IDX: WAIT 50% (score=50, EMA5↓EMA10; RSI0 OS; midLo)
2026-06-09 06:54:50,765 [INFO] signals.stockity_http: Got 900 raw 1s candles for GOLD_IDX (Z-CRY/IDX)
2026-06-09 06:54:50,765 [INFO] signals.stockity_http: Aggregated into 16 1m candles
2026-06-09 06:54:50,765 [INFO] signals.stockity_http: Signal for GOLD_IDX: WAIT 50% (score=50, EMA5↓EMA10; RSI0 OS; midLo)
2026-06-09 06:54:58,059 [INFO] httpx: HTTP Request: POST https://api.telegram.org/bot8343388239:AAFgeAkc9bvjywyCsHqRIa_RiJ6q-rp6uv0/getUpdates "HTTP/1.1 200 OK"
2026-06-09 06:55:28,753 [INFO] httpx: HTTP Request: POST https://api.telegram.org/bot8343388239:AAFgeAkc9bvjywyCsHqRIa_RiJ6q-rp6uv0/getUpdates "HTTP/1.1 200 OK"
2026-06-09 06:55:59,452 [INFO] httpx: HTTP Request: POST https://api.telegram.org/bot8343388239:AAFgeAkc9bvjywyCsHqRIa_RiJ6q-rp6uv0/getUpdates "HTTP/1.1 200 OK"
2026-06-09 06:56:30,140 [INFO] httpx: HTTP Request: POST https://api.telegram.org/bot8343388239:AAFgeAkc9bvjywyCsHqRIa_RiJ6q-rp6uv0/getUpdates "HTTP/1.1 200 OK"
2026-06-09 06:57:00,829 [INFO] httpx: HTTP Request: POST https://api.telegram.org/bot8343388239:AAFgeAkc9bvjywyCsHqRIa_RiJ6q-rp6uv0/getUpdates "HTTP/1.1 200 OK"
2026-06-09 06:57:31,521 [INFO] httpx: HTTP Request: POST https://api.telegram.org/bot8343388239:AAFgeAkc9bvjywyCsHqRIa_RiJ6q-rp6uv0/getUpdates "HTTP/1.1 200 OK"
2026-06-09 06:58:02,210 [INFO] httpx: HTTP Request: POST https://api.telegram.org/bot8343388239:AAFgeAkc9bvjywyCsHqRIa_RiJ6q-rp6uv0/getUpdates "HTTP/1.1 200 OK"
2026-06-09 06:58:32,909 [INFO] httpx: HTTP Request: POST https://api.telegram.org/bot8343388239:AAFgeAkc9bvjywyCsHqRIa_RiJ6q-rp6uv0/getUpdates "HTTP/1.1 200 OK"
2026-06-09 06:59:03,599 [INFO] httpx: HTTP Request: POST https://api.telegram.org/bot8343388239:AAFgeAkc9bvjywyCsHqRIa_RiJ6q-rp6uv0/getUpdates "HTTP/1.1 200 OK"
2026-06-09 06:59:34,300 [INFO] httpx: HTTP Request: POST https://api.telegram.org/bot8343388239:AAFgeAkc9bvjywyCsHqRIa_RiJ6q-rp6uv0/getUpdates "HTTP/1.1 200 OK"
2026-06-09 06:59:50,962 [INFO] signals.stockity_http: Got 900 raw 1s candles for CRYPTO_IDX (Z-CRY/IDX)
2026-06-09 06:59:50,963 [INFO] signals.stockity_http: Aggregated into 16 1m candles
2026-06-09 06:59:50,964 [INFO] signals.stockity_http: Signal for CRYPTO_IDX: WAIT 50% (score=50, EMA5↓EMA10; RSI0 OS; midLo)
2026-06-09 06:59:51,124 [INFO] signals.stockity_http: Got 900 raw 1s candles for BTC_IDX (Z-CRY/IDX)
2026-06-09 06:59:51,126 [INFO] signals.stockity_http: Aggregated into 16 1m candles
2026-06-09 06:59:51,126 [INFO] signals.stockity_http: Signal for BTC_IDX: WAIT 50% (score=50, EMA5↓EMA10; RSI0 OS; midLo)
2026-06-09 06:59:51,264 [INFO] signals.stockity_http: Got 900 raw 1s candles for ETH_IDX (Z-CRY/IDX)
2026-06-09 06:59:51,264 [INFO] signals.stockity_http: Aggregated into 16 1m candles
2026-06-09 06:59:51,264 [INFO] signals.stockity_http: Signal for ETH_IDX: WAIT 50% (score=50, EMA5↓EMA10; RSI0 OS; midLo)
2026-06-09 06:59:51,396 [INFO] signals.stockity_http: Got 900 raw 1s candles for GOLD_IDX (Z-CRY/IDX)
2026-06-09 06:59:51,396 [INFO] signals.stockity_http: Aggregated into 16 1m candles
2026-06-09 06:59:51,396 [INFO] signals.stockity_http: Signal for GOLD_IDX: WAIT 50% (score=50, EMA5↓EMA10; RSI0 OS; midLo)
2026-06-09 07:00:04,991 [INFO] httpx: HTTP Request: POST https://api.telegram.org/bot8343388239:AAFgeAkc9bvjywyCsHqRIa_RiJ6q-rp6uv0/getUpdates "HTTP/1.1 200 OK"
2026-06-09 07:00:35,690 [INFO] httpx: HTTP Request: POST https://api.telegram.org/bot8343388239:AAFgeAkc9bvjywyCsHqRIa_RiJ6q-rp6uv0/getUpdates "HTTP/1.1 200 OK"
2026-06-09 07:01:06,381 [INFO] httpx: HTTP Request: POST https://api.telegram.org/bot8343388239:AAFgeAkc9bvjywyCsHqRIa_RiJ6q-rp6uv0/getUpdates "HTTP/1.1 200 OK"
2026-06-09 07:01:37,072 [INFO] httpx: HTTP Request: POST https://api.telegram.org/bot8343388239:AAFgeAkc9bvjywyCsHqRIa_RiJ6q-rp6uv0/getUpdates "HTTP/1.1 200 OK"
2026-06-09 07:02:07,764 [INFO] httpx: HTTP Request: POST https://api.telegram.org/bot8343388239:AAFgeAkc9bvjywyCsHqRIa_RiJ6q-rp6uv0/getUpdates "HTTP/1.1 200 OK"
2026-06-09 07:02:38,460 [INFO] httpx: HTTP Request: POST https://api.telegram.org/bot8343388239:AAFgeAkc9bvjywyCsHqRIa_RiJ6q-rp6uv0/getUpdates "HTTP/1.1 200 OK"
2026-06-09 07:03:09,149 [INFO] httpx: HTTP Request: POST https://api.telegram.org/bot8343388239:AAFgeAkc9bvjywyCsHqRIa_RiJ6q-rp6uv0/getUpdates "HTTP/1.1 200 OK"
2026-06-09 07:03:39,839 [INFO] httpx: HTTP Request: POST https://api.telegram.org/bot8343388239:AAFgeAkc9bvjywyCsHqRIa_RiJ6q-rp6uv0/getUpdates "HTTP/1.1 200 OK"
2026-06-09 07:04:10,531 [INFO] httpx: HTTP Request: POST https://api.telegram.org/bot8343388239:AAFgeAkc9bvjywyCsHqRIa_RiJ6q-rp6uv0/getUpdates "HTTP/1.1 200 OK"
2026-06-09 07:04:41,221 [INFO] httpx: HTTP Request: POST https://api.telegram.org/bot8343388239:AAFgeAkc9bvjywyCsHqRIa_RiJ6q-rp6uv0/getUpdates "HTTP/1.1 200 OK"
2026-06-09 07:04:51,703 [WARNING] signals.stockity_http: No candle data for Z-CRY/IDX (empty response)
2026-06-09 07:04:51,718 [WARNING] signals.stockity_http: Not enough 1s candle data for Z-CRY/IDX: 0 candles
2026-06-09 07:04:51,982 [WARNING] signals.stockity_http: No candle data for Z-CRY/IDX (empty response)
2026-06-09 07:04:51,982 [WARNING] signals.stockity_http: Not enough 1s candle data for Z-CRY/IDX: 0 candles
2026-06-09 07:04:52,241 [WARNING] signals.stockity_http: No candle data for Z-CRY/IDX (empty response)
2026-06-09 07:04:52,241 [WARNING] signals.stockity_http: Not enough 1s candle data for Z-CRY/IDX: 0 candles
2026-06-09 07:04:52,501 [WARNING] signals.stockity_http: No candle data for Z-CRY/IDX (empty response)
2026-06-09 07:04:52,501 [WARNING] signals.stockity_http: Not enough 1s candle data for Z-CRY/IDX: 0 candles
2026-06-09 07:05:11,918 [INFO] httpx: HTTP Request: POST https://api.telegram.org/bot8343388239:AAFgeAkc9bvjywyCsHqRIa_RiJ6q-rp6uv0/getUpdates "HTTP/1.1 200 OK"
2026-06-09 07:05:42,606 [INFO] httpx: HTTP Request: POST https://api.telegram.org/bot8343388239:AAFgeAkc9bvjywyCsHqRIa_RiJ6q-rp6uv0/getUpdates "HTTP/1.1 200 OK"
2026-06-09 07:06:13,298 [INFO] httpx: HTTP Request: POST https://api.telegram.org/bot8343388239:AAFgeAkc9bvjywyCsHqRIa_RiJ6q-rp6uv0/getUpdates "HTTP/1.1 200 OK"
2026-06-09 07:06:43,999 [INFO] httpx: HTTP Request: POST https://api.telegram.org/bot8343388239:AAFgeAkc9bvjywyCsHqRIa_RiJ6q-rp6uv0/getUpdates "HTTP/1.1 200 OK"
2026-06-09 07:07:14,688 [INFO] httpx: HTTP Request: POST https://api.telegram.org/bot8343388239:AAFgeAkc9bvjywyCsHqRIa_RiJ6q-rp6uv0/getUpdates "HTTP/1.1 200 OK"
2026-06-09 07:07:45,420 [INFO] httpx: HTTP Request: POST https://api.telegram.org/bot8343388239:AAFgeAkc9bvjywyCsHqRIa_RiJ6q-rp6uv0/getUpdates "HTTP/1.1 200 OK"
2026-06-09 07:08:16,107 [INFO] httpx: HTTP Request: POST https://api.telegram.org/bot8343388239:AAFgeAkc9bvjywyCsHqRIa_RiJ6q-rp6uv0/getUpdates "HTTP/1.1 200 OK"
2026-06-09 07:08:46,800 [INFO] httpx: HTTP Request: POST https://api.telegram.org/bot8343388239:AAFgeAkc9bvjywyCsHqRIa_RiJ6q-rp6uv0/getUpdates "HTTP/1.1 200 OK"
2026-06-09 07:09:17,490 [INFO] httpx: HTTP Request: POST https://api.telegram.org/bot8343388239:AAFgeAkc9bvjywyCsHqRIa_RiJ6q-rp6uv0/getUpdates "HTTP/1.1 200 OK"
2026-06-09 07:09:48,181 [INFO] httpx: HTTP Request: POST https://api.telegram.org/bot8343388239:AAFgeAkc9bvjywyCsHqRIa_RiJ6q-rp6uv0/getUpdates "HTTP/1.1 200 OK"
2026-06-09 07:09:52,816 [WARNING] signals.stockity_http: No candle data for Z-CRY/IDX (empty response)
2026-06-09 07:09:52,816 [WARNING] signals.stockity_http: Not enough 1s candle data for Z-CRY/IDX: 0 candles
2026-06-09 07:09:53,156 [WARNING] signals.stockity_http: No candle data for Z-CRY/IDX (empty response)
2026-06-09 07:09:53,156 [WARNING] signals.stockity_http: Not enough 1s candle data for Z-CRY/IDX: 0 candles
2026-06-09 07:09:53,791 [WARNING] signals.stockity_http: No candle data for Z-CRY/IDX (empty response)
2026-06-09 07:09:53,791 [WARNING] signals.stockity_http: Not enough 1s candle data for Z-CRY/IDX: 0 candles
2026-06-09 07:09:54,076 [WARNING] signals.stockity_http: No candle data for Z-CRY/IDX (empty response)
2026-06-09 07:09:54,076 [WARNING] signals.stockity_http: Not enough 1s candle data for Z-CRY/IDX: 0 candles
2026-06-09 07:10:18,869 [INFO] httpx: HTTP Request: POST https://api.telegram.org/bot8343388239:AAFgeAkc9bvjywyCsHqRIa_RiJ6q-rp6uv0/getUpdates "HTTP/1.1 200 OK"
2026-06-09 07:10:49,560 [INFO] httpx: HTTP Request: POST https://api.telegram.org/bot8343388239:AAFgeAkc9bvjywyCsHqRIa_RiJ6q-rp6uv0/getUpdates "HTTP/1.1 200 OK"
2026-06-09 07:11:20,260 [INFO] httpx: HTTP Request: POST https://api.telegram.org/bot8343388239:AAFgeAkc9bvjywyCsHqRIa_RiJ6q-rp6uv0/getUpdates "HTTP/1.1 200 OK"
2026-06-09 07:11:50,949 [INFO] httpx: HTTP Request: POST https://api.telegram.org/bot8343388239:AAFgeAkc9bvjywyCsHqRIa_RiJ6q-rp6uv0/getUpdates "HTTP/1.1 200 OK"
2026-06-09 07:12:21,638 [INFO] httpx: HTTP Request: POST https://api.telegram.org/bot8343388239:AAFgeAkc9bvjywyCsHqRIa_RiJ6q-rp6uv0/getUpdates "HTTP/1.1 200 OK"
2026-06-09 07:12:52,334 [INFO] httpx: HTTP Request: POST https://api.telegram.org/bot8343388239:AAFgeAkc9bvjywyCsHqRIa_RiJ6q-rp6uv0/getUpdates "HTTP/1.1 200 OK"
2026-06-09 07:13:23,034 [INFO] httpx: HTTP Request: POST https://api.telegram.org/bot8343388239:AAFgeAkc9bvjywyCsHqRIa_RiJ6q-rp6uv0/getUpdates "HTTP/1.1 200 OK"
2026-06-09 07:13:53,726 [INFO] httpx: HTTP Request: POST https://api.telegram.org/bot8343388239:AAFgeAkc9bvjywyCsHqRIa_RiJ6q-rp6uv0/getUpdates "HTTP/1.1 200 OK"
2026-06-09 07:14:24,417 [INFO] httpx: HTTP Request: POST https://api.telegram.org/bot8343388239:AAFgeAkc9bvjywyCsHqRIa_RiJ6q-rp6uv0/getUpdates "HTTP/1.1 200 OK"
2026-06-09 07:14:54,405 [WARNING] signals.stockity_http: No candle data for Z-CRY/IDX (empty response)
2026-06-09 07:14:54,405 [WARNING] signals.stockity_http: Not enough 1s candle data for Z-CRY/IDX: 0 candles
2026-06-09 07:14:54,671 [WARNING] signals.stockity_http: No candle data for Z-CRY/IDX (empty response)
2026-06-09 07:14:54,671 [WARNING] signals.stockity_http: Not enough 1s candle data for Z-CRY/IDX: 0 candles
2026-06-09 07:14:54,946 [WARNING] signals.stockity_http: No candle data for Z-CRY/IDX (empty response)
2026-06-09 07:14:54,946 [WARNING] signals.stockity_http: Not enough 1s candle data for Z-CRY/IDX: 0 candles
2026-06-09 07:14:55,211 [WARNING] signals.stockity_http: No candle data for Z-CRY/IDX (empty response)
2026-06-09 07:14:55,211 [WARNING] signals.stockity_http: Not enough 1s candle data for Z-CRY/IDX: 0 candles
2026-06-09 07:14:55,211 [INFO] httpx: HTTP Request: POST https://api.telegram.org/bot8343388239:AAFgeAkc9bvjywyCsHqRIa_RiJ6q-rp6uv0/getUpdates "HTTP/1.1 200 OK"
2026-06-09 07:15:25,901 [INFO] httpx: HTTP Request: POST https://api.telegram.org/bot8343388239:AAFgeAkc9bvjywyCsHqRIa_RiJ6q-rp6uv0/getUpdates "HTTP/1.1 200 OK"
2026-06-09 07:15:56,596 [INFO] httpx: HTTP Request: POST https://api.telegram.org/bot8343388239:AAFgeAkc9bvjywyCsHqRIa_RiJ6q-rp6uv0/getUpdates "HTTP/1.1 200 OK"
2026-06-09 07:16:27,288 [INFO] httpx: HTTP Request: POST https://api.telegram.org/bot8343388239:AAFgeAkc9bvjywyCsHqRIa_RiJ6q-rp6uv0/getUpdates "HTTP/1.1 200 OK"
2026-06-09 07:16:57,979 [INFO] httpx: HTTP Request: POST https://api.telegram.org/bot8343388239:AAFgeAkc9bvjywyCsHqRIa_RiJ6q-rp6uv0/getUpdates "HTTP/1.1 200 OK"
2026-06-09 07:17:28,667 [INFO] httpx: HTTP Request: POST https://api.telegram.org/bot8343388239:AAFgeAkc9bvjywyCsHqRIa_RiJ6q-rp6uv0/getUpdates "HTTP/1.1 200 OK"
2026-06-09 07:17:59,365 [INFO] httpx: HTTP Request: POST https://api.telegram.org/bot8343388239:AAFgeAkc9bvjywyCsHqRIa_RiJ6q-rp6uv0/getUpdates "HTTP/1.1 200 OK"
2026-06-09 07:18:30,053 [INFO] httpx: HTTP Request: POST https://api.telegram.org/bot8343388239:AAFgeAkc9bvjywyCsHqRIa_RiJ6q-rp6uv0/getUpdates "HTTP/1.1 200 OK"
2026-06-09 07:19:00,744 [INFO] httpx: HTTP Request: POST https://api.telegram.org/bot8343388239:AAFgeAkc9bvjywyCsHqRIa_RiJ6q-rp6uv0/getUpdates "HTTP/1.1 200 OK"
2026-06-09 07:19:31,432 [INFO] httpx: HTTP Request: POST https://api.telegram.org/bot8343388239:AAFgeAkc9bvjywyCsHqRIa_RiJ6q-rp6uv0/getUpdates "HTTP/1.1 200 OK"
2026-06-09 07:19:55,591 [INFO] signals.stockity_http: Got 900 raw 1s candles for CRYPTO_IDX (Z-CRY/IDX)
2026-06-09 07:19:55,593 [INFO] signals.stockity_http: Aggregated into 16 1m candles
2026-06-09 07:19:55,593 [INFO] signals.stockity_http: Signal for CRYPTO_IDX: CALL 60% (score=60, EMA5↑EMA10; RSI0 OS; pinTop)
2026-06-09 07:19:55,596 [INFO] subscription_bot.signaler: NEW signal: CRYPTO_IDX CALL 60%
2026-06-09 07:19:56,424 [INFO] httpx: HTTP Request: POST https://api.telegram.org/bot8343388239:AAFgeAkc9bvjywyCsHqRIa_RiJ6q-rp6uv0/sendMessage "HTTP/1.1 200 OK"
2026-06-09 07:19:56,472 [INFO] subscription_bot.bot: Signal dispatched to 1/1 subscribers
2026-06-09 07:19:56,617 [INFO] signals.stockity_http: Got 900 raw 1s candles for BTC_IDX (Z-CRY/IDX)
2026-06-09 07:19:56,617 [INFO] signals.stockity_http: Aggregated into 16 1m candles
2026-06-09 07:19:56,617 [INFO] signals.stockity_http: Signal for BTC_IDX: CALL 60% (score=60, EMA5↑EMA10; RSI0 OS; pinTop)
2026-06-09 07:19:56,617 [INFO] subscription_bot.signaler: NEW signal: BTC_IDX CALL 60%
2026-06-09 07:19:56,998 [INFO] httpx: HTTP Request: POST https://api.telegram.org/bot8343388239:AAFgeAkc9bvjywyCsHqRIa_RiJ6q-rp6uv0/sendMessage "HTTP/1.1 200 OK"
2026-06-09 07:19:57,031 [INFO] subscription_bot.bot: Signal dispatched to 1/1 subscribers
2026-06-09 07:19:57,181 [INFO] signals.stockity_http: Got 900 raw 1s candles for ETH_IDX (Z-CRY/IDX)
2026-06-09 07:19:57,182 [INFO] signals.stockity_http: Aggregated into 16 1m candles
2026-06-09 07:19:57,182 [INFO] signals.stockity_http: Signal for ETH_IDX: CALL 60% (score=60, EMA5↑EMA10; RSI0 OS; pinTop)
2026-06-09 07:19:57,182 [INFO] subscription_bot.signaler: NEW signal: ETH_IDX CALL 60%
2026-06-09 07:19:57,569 [INFO] httpx: HTTP Request: POST https://api.telegram.org/bot8343388239:AAFgeAkc9bvjywyCsHqRIa_RiJ6q-rp6uv0/sendMessage "HTTP/1.1 200 OK"
2026-06-09 07:19:57,603 [INFO] subscription_bot.bot: Signal dispatched to 1/1 subscribers
2026-06-09 07:19:57,756 [INFO] signals.stockity_http: Got 900 raw 1s candles for GOLD_IDX (Z-CRY/IDX)
2026-06-09 07:19:57,757 [INFO] signals.stockity_http: Aggregated into 16 1m candles
2026-06-09 07:19:57,757 [INFO] signals.stockity_http: Signal for GOLD_IDX: CALL 60% (score=60, EMA5↑EMA10; RSI0 OS; pinTop)
2026-06-09 07:19:57,757 [INFO] subscription_bot.signaler: NEW signal: GOLD_IDX CALL 60%
2026-06-09 07:19:58,138 [INFO] httpx: HTTP Request: POST https://api.telegram.org/bot8343388239:AAFgeAkc9bvjywyCsHqRIa_RiJ6q-rp6uv0/sendMessage "HTTP/1.1 200 OK"
2026-06-09 07:19:58,173 [INFO] subscription_bot.bot: Signal dispatched to 1/1 subscribers
2026-06-09 07:20:02,120 [INFO] httpx: HTTP Request: POST https://api.telegram.org/bot8343388239:AAFgeAkc9bvjywyCsHqRIa_RiJ6q-rp6uv0/getUpdates "HTTP/1.1 200 OK"
2026-06-09 07:20:32,808 [INFO] httpx: HTTP Request: POST https://api.telegram.org/bot8343388239:AAFgeAkc9bvjywyCsHqRIa_RiJ6q-rp6uv0/getUpdates "HTTP/1.1 200 OK"
2026-06-09 07:21:03,498 [INFO] httpx: HTTP Request: POST https://api.telegram.org/bot8343388239:AAFgeAkc9bvjywyCsHqRIa_RiJ6q-rp6uv0/getUpdates "HTTP/1.1 200 OK"
2026-06-09 07:21:34,576 [INFO] httpx: HTTP Request: POST https://api.telegram.org/bot8343388239:AAFgeAkc9bvjywyCsHqRIa_RiJ6q-rp6uv0/getUpdates "HTTP/1.1 200 OK"
2026-06-09 07:22:05,266 [INFO] httpx: HTTP Request: POST https://api.telegram.org/bot8343388239:AAFgeAkc9bvjywyCsHqRIa_RiJ6q-rp6uv0/getUpdates "HTTP/1.1 200 OK"
2026-06-09 07:22:35,956 [INFO] httpx: HTTP Request: POST https://api.telegram.org/bot8343388239:AAFgeAkc9bvjywyCsHqRIa_RiJ6q-rp6uv0/getUpdates "HTTP/1.1 200 OK"
2026-06-09 07:23:06,652 [INFO] httpx: HTTP Request: POST https://api.telegram.org/bot8343388239:AAFgeAkc9bvjywyCsHqRIa_RiJ6q-rp6uv0/getUpdates "HTTP/1.1 200 OK"
2026-06-09 07:23:37,343 [INFO] httpx: HTTP Request: POST https://api.telegram.org/bot8343388239:AAFgeAkc9bvjywyCsHqRIa_RiJ6q-rp6uv0/getUpdates "HTTP/1.1 200 OK"
2026-06-09 07:24:08,040 [INFO] httpx: HTTP Request: POST https://api.telegram.org/bot8343388239:AAFgeAkc9bvjywyCsHqRIa_RiJ6q-rp6uv0/getUpdates "HTTP/1.1 200 OK"
2026-06-09 07:24:38,730 [INFO] httpx: HTTP Request: POST https://api.telegram.org/bot8343388239:AAFgeAkc9bvjywyCsHqRIa_RiJ6q-rp6uv0/getUpdates "HTTP/1.1 200 OK"
2026-06-09 07:24:58,535 [INFO] signals.stockity_http: Got 900 raw 1s candles for CRYPTO_IDX (Z-CRY/IDX)
2026-06-09 07:24:58,536 [INFO] signals.stockity_http: Aggregated into 16 1m candles
2026-06-09 07:24:58,536 [INFO] signals.stockity_http: Signal for CRYPTO_IDX: CALL 60% (score=60, EMA5↑EMA10; RSI0 OS; pinTop)
2026-06-09 07:24:58,666 [INFO] signals.stockity_http: Got 900 raw 1s candles for BTC_IDX (Z-CRY/IDX)
2026-06-09 07:24:58,667 [INFO] signals.stockity_http: Aggregated into 16 1m candles
2026-06-09 07:24:58,667 [INFO] signals.stockity_http: Signal for BTC_IDX: CALL 60% (score=60, EMA5↑EMA10; RSI0 OS; pinTop)
2026-06-09 07:24:58,799 [INFO] signals.stockity_http: Got 900 raw 1s candles for ETH_IDX (Z-CRY/IDX)
2026-06-09 07:24:58,799 [INFO] signals.stockity_http: Aggregated into 16 1m candles
2026-06-09 07:24:58,799 [INFO] signals.stockity_http: Signal for ETH_IDX: CALL 60% (score=60, EMA5↑EMA10; RSI0 OS; pinTop)
2026-06-09 07:24:58,940 [INFO] signals.stockity_http: Got 900 raw 1s candles for GOLD_IDX (Z-CRY/IDX)
2026-06-09 07:24:58,941 [INFO] signals.stockity_http: Aggregated into 16 1m candles
2026-06-09 07:24:58,941 [INFO] signals.stockity_http: Signal for GOLD_IDX: CALL 60% (score=60, EMA5↑EMA10; RSI0 OS; pinTop)
2026-06-09 07:25:09,424 [INFO] httpx: HTTP Request: POST https://api.telegram.org/bot8343388239:AAFgeAkc9bvjywyCsHqRIa_RiJ6q-rp6uv0/getUpdates "HTTP/1.1 200 OK"
2026-06-09 07:25:40,116 [INFO] httpx: HTTP Request: POST https://api.telegram.org/bot8343388239:AAFgeAkc9bvjywyCsHqRIa_RiJ6q-rp6uv0/getUpdates "HTTP/1.1 200 OK"
2026-06-09 07:26:10,808 [INFO] httpx: HTTP Request: POST https://api.telegram.org/bot8343388239:AAFgeAkc9bvjywyCsHqRIa_RiJ6q-rp6uv0/getUpdates "HTTP/1.1 200 OK"
2026-06-09 07:26:41,499 [INFO] httpx: HTTP Request: POST https://api.telegram.org/bot8343388239:AAFgeAkc9bvjywyCsHqRIa_RiJ6q-rp6uv0/getUpdates "HTTP/1.1 200 OK"
2026-06-09 07:27:12,189 [INFO] httpx: HTTP Request: POST https://api.telegram.org/bot8343388239:AAFgeAkc9bvjywyCsHqRIa_RiJ6q-rp6uv0/getUpdates "HTTP/1.1 200 OK"
2026-06-09 07:27:42,879 [INFO] httpx: HTTP Request: POST https://api.telegram.org/bot8343388239:AAFgeAkc9bvjywyCsHqRIa_RiJ6q-rp6uv0/getUpdates "HTTP/1.1 200 OK"
2026-06-09 07:28:13,571 [INFO] httpx: HTTP Request: POST https://api.telegram.org/bot8343388239:AAFgeAkc9bvjywyCsHqRIa_RiJ6q-rp6uv0/getUpdates "HTTP/1.1 200 OK"
2026-06-09 07:28:44,259 [INFO] httpx: HTTP Request: POST https://api.telegram.org/bot8343388239:AAFgeAkc9bvjywyCsHqRIa_RiJ6q-rp6uv0/getUpdates "HTTP/1.1 200 OK"
2026-06-09 07:29:14,955 [INFO] httpx: HTTP Request: POST https://api.telegram.org/bot8343388239:AAFgeAkc9bvjywyCsHqRIa_RiJ6q-rp6uv0/getUpdates "HTTP/1.1 200 OK"
2026-06-09 07:29:45,653 [INFO] httpx: HTTP Request: POST https://api.telegram.org/bot8343388239:AAFgeAkc9bvjywyCsHqRIa_RiJ6q-rp6uv0/getUpdates "HTTP/1.1 200 OK"
2026-06-09 07:29:59,131 [INFO] signals.stockity_http: Got 900 raw 1s candles for CRYPTO_IDX (Z-CRY/IDX)
2026-06-09 07:29:59,132 [INFO] signals.stockity_http: Aggregated into 16 1m candles
2026-06-09 07:29:59,132 [INFO] signals.stockity_http: Signal for CRYPTO_IDX: CALL 60% (score=60, EMA5↑EMA10; RSI0 OS; pinTop)
2026-06-09 07:29:59,280 [INFO] signals.stockity_http: Got 900 raw 1s candles for BTC_IDX (Z-CRY/IDX)
2026-06-09 07:29:59,280 [INFO] signals.stockity_http: Aggregated into 16 1m candles
2026-06-09 07:29:59,280 [INFO] signals.stockity_http: Signal for BTC_IDX: CALL 60% (score=60, EMA5↑EMA10; RSI0 OS; pinTop)
2026-06-09 07:29:59,424 [INFO] signals.stockity_http: Got 900 raw 1s candles for ETH_IDX (Z-CRY/IDX)
2026-06-09 07:29:59,425 [INFO] signals.stockity_http: Aggregated into 16 1m candles
2026-06-09 07:29:59,425 [INFO] signals.stockity_http: Signal for ETH_IDX: CALL 60% (score=60, EMA5↑EMA10; RSI0 OS; pinTop)
2026-06-09 07:29:59,600 [INFO] signals.stockity_http: Got 900 raw 1s candles for GOLD_IDX (Z-CRY/IDX)
2026-06-09 07:29:59,601 [INFO] signals.stockity_http: Aggregated into 16 1m candles
2026-06-09 07:29:59,601 [INFO] signals.stockity_http: Signal for GOLD_IDX: CALL 60% (score=60, EMA5↑EMA10; RSI0 OS; pinTop)
2026-06-09 07:30:16,345 [INFO] httpx: HTTP Request: POST https://api.telegram.org/bot8343388239:AAFgeAkc9bvjywyCsHqRIa_RiJ6q-rp6uv0/getUpdates "HTTP/1.1 200 OK"
2026-06-09 07:30:47,042 [INFO] httpx: HTTP Request: POST https://api.telegram.org/bot8343388239:AAFgeAkc9bvjywyCsHqRIa_RiJ6q-rp6uv0/getUpdates "HTTP/1.1 200 OK"
2026-06-09 07:31:17,729 [INFO] httpx: HTTP Request: POST https://api.telegram.org/bot8343388239:AAFgeAkc9bvjywyCsHqRIa_RiJ6q-rp6uv0/getUpdates "HTTP/1.1 200 OK"
2026-06-09 07:31:48,423 [INFO] httpx: HTTP Request: POST https://api.telegram.org/bot8343388239:AAFgeAkc9bvjywyCsHqRIa_RiJ6q-rp6uv0/getUpdates "HTTP/1.1 200 OK"
2026-06-09 07:32:19,112 [INFO] httpx: HTTP Request: POST https://api.telegram.org/bot8343388239:AAFgeAkc9bvjywyCsHqRIa_RiJ6q-rp6uv0/getUpdates "HTTP/1.1 200 OK"
2026-06-09 07:32:49,803 [INFO] httpx: HTTP Request: POST https://api.telegram.org/bot8343388239:AAFgeAkc9bvjywyCsHqRIa_RiJ6q-rp6uv0/getUpdates "HTTP/1.1 200 OK"
2026-06-09 07:33:20,491 [INFO] httpx: HTTP Request: POST https://api.telegram.org/bot8343388239:AAFgeAkc9bvjywyCsHqRIa_RiJ6q-rp6uv0/getUpdates "HTTP/1.1 200 OK"
2026-06-09 07:33:51,181 [INFO] httpx: HTTP Request: POST https://api.telegram.org/bot8343388239:AAFgeAkc9bvjywyCsHqRIa_RiJ6q-rp6uv0/getUpdates "HTTP/1.1 200 OK"
2026-06-09 07:34:21,878 [INFO] httpx: HTTP Request: POST https://api.telegram.org/bot8343388239:AAFgeAkc9bvjywyCsHqRIa_RiJ6q-rp6uv0/getUpdates "HTTP/1.1 200 OK"
2026-06-09 07:34:52,568 [INFO] httpx: HTTP Request: POST https://api.telegram.org/bot8343388239:AAFgeAkc9bvjywyCsHqRIa_RiJ6q-rp6uv0/getUpdates "HTTP/1.1 200 OK"
2026-06-09 07:35:00,061 [INFO] signals.stockity_http: Got 900 raw 1s candles for CRYPTO_IDX (Z-CRY/IDX)
2026-06-09 07:35:00,062 [INFO] signals.stockity_http: Aggregated into 16 1m candles
2026-06-09 07:35:00,062 [INFO] signals.stockity_http: Signal for CRYPTO_IDX: WAIT 50% (score=50, EMA5↓EMA10; RSI0 OS; midLo)
2026-06-09 07:35:00,195 [INFO] signals.stockity_http: Got 900 raw 1s candles for BTC_IDX (Z-CRY/IDX)
2026-06-09 07:35:00,196 [INFO] signals.stockity_http: Aggregated into 16 1m candles
2026-06-09 07:35:00,196 [INFO] signals.stockity_http: Signal for BTC_IDX: WAIT 50% (score=50, EMA5↓EMA10; RSI0 OS; midLo)
2026-06-09 07:35:00,334 [INFO] signals.stockity_http: Got 900 raw 1s candles for ETH_IDX (Z-CRY/IDX)
2026-06-09 07:35:00,335 [INFO] signals.stockity_http: Aggregated into 16 1m candles
2026-06-09 07:35:00,335 [INFO] signals.stockity_http: Signal for ETH_IDX: WAIT 50% (score=50, EMA5↓EMA10; RSI0 OS; midLo)
2026-06-09 07:35:00,471 [INFO] signals.stockity_http: Got 900 raw 1s candles for GOLD_IDX (Z-CRY/IDX)
2026-06-09 07:35:00,472 [INFO] signals.stockity_http: Aggregated into 16 1m candles
2026-06-09 07:35:00,472 [INFO] signals.stockity_http: Signal for GOLD_IDX: WAIT 50% (score=50, EMA5↓EMA10; RSI0 OS; midLo)
2026-06-09 07:35:23,257 [INFO] httpx: HTTP Request: POST https://api.telegram.org/bot8343388239:AAFgeAkc9bvjywyCsHqRIa_RiJ6q-rp6uv0/getUpdates "HTTP/1.1 200 OK"
2026-06-09 07:35:53,948 [INFO] httpx: HTTP Request: POST https://api.telegram.org/bot8343388239:AAFgeAkc9bvjywyCsHqRIa_RiJ6q-rp6uv0/getUpdates "HTTP/1.1 200 OK"
2026-06-09 07:36:24,640 [INFO] httpx: HTTP Request: POST https://api.telegram.org/bot8343388239:AAFgeAkc9bvjywyCsHqRIa_RiJ6q-rp6uv0/getUpdates "HTTP/1.1 200 OK"
2026-06-09 07:36:55,331 [INFO] httpx: HTTP Request: POST https://api.telegram.org/bot8343388239:AAFgeAkc9bvjywyCsHqRIa_RiJ6q-rp6uv0/getUpdates "HTTP/1.1 200 OK"
2026-06-09 07:37:26,026 [INFO] httpx: HTTP Request: POST https://api.telegram.org/bot8343388239:AAFgeAkc9bvjywyCsHqRIa_RiJ6q-rp6uv0/getUpdates "HTTP/1.1 200 OK"
2026-06-09 07:37:56,717 [INFO] httpx: HTTP Request: POST https://api.telegram.org/bot8343388239:AAFgeAkc9bvjywyCsHqRIa_RiJ6q-rp6uv0/getUpdates "HTTP/1.1 200 OK"
2026-06-09 07:38:27,415 [INFO] httpx: HTTP Request: POST https://api.telegram.org/bot8343388239:AAFgeAkc9bvjywyCsHqRIa_RiJ6q-rp6uv0/getUpdates "HTTP/1.1 200 OK"
2026-06-09 07:38:58,111 [INFO] httpx: HTTP Request: POST https://api.telegram.org/bot8343388239:AAFgeAkc9bvjywyCsHqRIa_RiJ6q-rp6uv0/getUpdates "HTTP/1.1 200 OK"
2026-06-09 07:39:28,799 [INFO] httpx: HTTP Request: POST https://api.telegram.org/bot8343388239:AAFgeAkc9bvjywyCsHqRIa_RiJ6q-rp6uv0/getUpdates "HTTP/1.1 200 OK"
2026-06-09 07:39:59,495 [INFO] httpx: HTTP Request: POST https://api.telegram.org/bot8343388239:AAFgeAkc9bvjywyCsHqRIa_RiJ6q-rp6uv0/getUpdates "HTTP/1.1 200 OK"
2026-06-09 07:40:00,643 [INFO] signals.stockity_http: Got 900 raw 1s candles for CRYPTO_IDX (Z-CRY/IDX)
2026-06-09 07:40:00,643 [INFO] signals.stockity_http: Aggregated into 16 1m candles
2026-06-09 07:40:00,643 [INFO] signals.stockity_http: Signal for CRYPTO_IDX: WAIT 50% (score=50, EMA5↓EMA10; RSI0 OS; midLo)
2026-06-09 07:40:00,773 [INFO] signals.stockity_http: Got 900 raw 1s candles for BTC_IDX (Z-CRY/IDX)
2026-06-09 07:40:00,774 [INFO] signals.stockity_http: Aggregated into 16 1m candles
2026-06-09 07:40:00,774 [INFO] signals.stockity_http: Signal for BTC_IDX: WAIT 50% (score=50, EMA5↓EMA10; RSI0 OS; midLo)
2026-06-09 07:40:00,907 [INFO] signals.stockity_http: Got 900 raw 1s candles for ETH_IDX (Z-CRY/IDX)
2026-06-09 07:40:00,908 [INFO] signals.stockity_http: Aggregated into 16 1m candles
2026-06-09 07:40:00,909 [INFO] signals.stockity_http: Signal for ETH_IDX: WAIT 50% (score=50, EMA5↓EMA10; RSI0 OS; midLo)
2026-06-09 07:40:01,041 [INFO] signals.stockity_http: Got 900 raw 1s candles for GOLD_IDX (Z-CRY/IDX)
2026-06-09 07:40:01,041 [INFO] signals.stockity_http: Aggregated into 16 1m candles
2026-06-09 07:40:01,041 [INFO] signals.stockity_http: Signal for GOLD_IDX: WAIT 50% (score=50, EMA5↓EMA10; RSI0 OS; midLo)
2026-06-09 07:40:30,186 [INFO] httpx: HTTP Request: POST https://api.telegram.org/bot8343388239:AAFgeAkc9bvjywyCsHqRIa_RiJ6q-rp6uv0/getUpdates "HTTP/1.1 200 OK"
2026-06-09 07:41:00,878 [INFO] httpx: HTTP Request: POST https://api.telegram.org/bot8343388239:AAFgeAkc9bvjywyCsHqRIa_RiJ6q-rp6uv0/getUpdates "HTTP/1.1 200 OK"
2026-06-09 07:41:31,581 [INFO] httpx: HTTP Request: POST https://api.telegram.org/bot8343388239:AAFgeAkc9bvjywyCsHqRIa_RiJ6q-rp6uv0/getUpdates "HTTP/1.1 200 OK"
2026-06-09 07:42:02,273 [INFO] httpx: HTTP Request: POST https://api.telegram.org/bot8343388239:AAFgeAkc9bvjywyCsHqRIa_RiJ6q-rp6uv0/getUpdates "HTTP/1.1 200 OK"
2026-06-09 07:42:32,965 [INFO] httpx: HTTP Request: POST https://api.telegram.org/bot8343388239:AAFgeAkc9bvjywyCsHqRIa_RiJ6q-rp6uv0/getUpdates "HTTP/1.1 200 OK"
2026-06-09 07:43:03,659 [INFO] httpx: HTTP Request: POST https://api.telegram.org/bot8343388239:AAFgeAkc9bvjywyCsHqRIa_RiJ6q-rp6uv0/getUpdates "HTTP/1.1 200 OK"
2026-06-09 07:43:34,350 [INFO] httpx: HTTP Request: POST https://api.telegram.org/bot8343388239:AAFgeAkc9bvjywyCsHqRIa_RiJ6q-rp6uv0/getUpdates "HTTP/1.1 200 OK"
2026-06-09 07:44:05,051 [INFO] httpx: HTTP Request: POST https://api.telegram.org/bot8343388239:AAFgeAkc9bvjywyCsHqRIa_RiJ6q-rp6uv0/getUpdates "HTTP/1.1 200 OK"
2026-06-09 07:44:35,739 [INFO] httpx: HTTP Request: POST https://api.telegram.org/bot8343388239:AAFgeAkc9bvjywyCsHqRIa_RiJ6q-rp6uv0/getUpdates "HTTP/1.1 200 OK"
2026-06-09 07:45:01,421 [INFO] signals.stockity_http: Got 900 raw 1s candles for CRYPTO_IDX (Z-CRY/IDX)
2026-06-09 07:45:01,422 [INFO] signals.stockity_http: Aggregated into 16 1m candles
2026-06-09 07:45:01,422 [INFO] signals.stockity_http: Signal for CRYPTO_IDX: CALL 64% (score=64, EMA5↑EMA10; RSI0 OS)
2026-06-09 07:45:01,733 [INFO] signals.stockity_http: Got 900 raw 1s candles for BTC_IDX (Z-CRY/IDX)
2026-06-09 07:45:01,733 [INFO] signals.stockity_http: Aggregated into 16 1m candles
2026-06-09 07:45:01,733 [INFO] signals.stockity_http: Signal for BTC_IDX: CALL 64% (score=64, EMA5↑EMA10; RSI0 OS)
2026-06-09 07:45:02,072 [INFO] signals.stockity_http: Got 900 raw 1s candles for ETH_IDX (Z-CRY/IDX)
2026-06-09 07:45:02,072 [INFO] signals.stockity_http: Aggregated into 16 1m candles
2026-06-09 07:45:02,072 [INFO] signals.stockity_http: Signal for ETH_IDX: CALL 64% (score=64, EMA5↑EMA10; RSI0 OS)
2026-06-09 07:45:02,382 [INFO] signals.stockity_http: Got 900 raw 1s candles for GOLD_IDX (Z-CRY/IDX)
2026-06-09 07:45:02,383 [INFO] signals.stockity_http: Aggregated into 16 1m candles
2026-06-09 07:45:02,383 [INFO] signals.stockity_http: Signal for GOLD_IDX: CALL 64% (score=64, EMA5↑EMA10; RSI0 OS)
2026-06-09 07:45:06,435 [INFO] httpx: HTTP Request: POST https://api.telegram.org/bot8343388239:AAFgeAkc9bvjywyCsHqRIa_RiJ6q-rp6uv0/getUpdates "HTTP/1.1 200 OK"
2026-06-09 07:45:37,130 [INFO] httpx: HTTP Request: POST https://api.telegram.org/bot8343388239:AAFgeAkc9bvjywyCsHqRIa_RiJ6q-rp6uv0/getUpdates "HTTP/1.1 200 OK"
2026-06-09 07:46:07,829 [INFO] httpx: HTTP Request: POST https://api.telegram.org/bot8343388239:AAFgeAkc9bvjywyCsHqRIa_RiJ6q-rp6uv0/getUpdates "HTTP/1.1 200 OK"
2026-06-09 07:46:38,525 [INFO] httpx: HTTP Request: POST https://api.telegram.org/bot8343388239:AAFgeAkc9bvjywyCsHqRIa_RiJ6q-rp6uv0/getUpdates "HTTP/1.1 200 OK"
2026-06-09 07:47:09,215 [INFO] httpx: HTTP Request: POST https://api.telegram.org/bot8343388239:AAFgeAkc9bvjywyCsHqRIa_RiJ6q-rp6uv0/getUpdates "HTTP/1.1 200 OK"
2026-06-09 07:47:39,906 [INFO] httpx: HTTP Request: POST https://api.telegram.org/bot8343388239:AAFgeAkc9bvjywyCsHqRIa_RiJ6q-rp6uv0/getUpdates "HTTP/1.1 200 OK"
2026-06-09 07:48:10,594 [INFO] httpx: HTTP Request: POST https://api.telegram.org/bot8343388239:AAFgeAkc9bvjywyCsHqRIa_RiJ6q-rp6uv0/getUpdates "HTTP/1.1 200 OK"
2026-06-09 07:48:41,289 [INFO] httpx: HTTP Request: POST https://api.telegram.org/bot8343388239:AAFgeAkc9bvjywyCsHqRIa_RiJ6q-rp6uv0/getUpdates "HTTP/1.1 200 OK"
2026-06-09 07:49:11,980 [INFO] httpx: HTTP Request: POST https://api.telegram.org/bot8343388239:AAFgeAkc9bvjywyCsHqRIa_RiJ6q-rp6uv0/getUpdates "HTTP/1.1 200 OK"
2026-06-09 07:49:42,670 [INFO] httpx: HTTP Request: POST https://api.telegram.org/bot8343388239:AAFgeAkc9bvjywyCsHqRIa_RiJ6q-rp6uv0/getUpdates "HTTP/1.1 200 OK"
2026-06-09 07:50:02,894 [INFO] signals.stockity_http: Got 900 raw 1s candles for CRYPTO_IDX (Z-CRY/IDX)
2026-06-09 07:50:02,895 [INFO] signals.stockity_http: Aggregated into 16 1m candles
2026-06-09 07:50:02,895 [INFO] signals.stockity_http: Signal for CRYPTO_IDX: CALL 64% (score=64, EMA5↑EMA10; RSI0 OS)
2026-06-09 07:50:03,212 [INFO] signals.stockity_http: Got 900 raw 1s candles for BTC_IDX (Z-CRY/IDX)
2026-06-09 07:50:03,212 [INFO] signals.stockity_http: Aggregated into 16 1m candles
2026-06-09 07:50:03,213 [INFO] signals.stockity_http: Signal for BTC_IDX: CALL 64% (score=64, EMA5↑EMA10; RSI0 OS)
2026-06-09 07:50:03,422 [INFO] signals.stockity_http: Got 900 raw 1s candles for ETH_IDX (Z-CRY/IDX)
2026-06-09 07:50:03,422 [INFO] signals.stockity_http: Aggregated into 16 1m candles
2026-06-09 07:50:03,423 [INFO] signals.stockity_http: Signal for ETH_IDX: CALL 64% (score=64, EMA5↑EMA10; RSI0 OS)
2026-06-09 07:50:03,711 [INFO] signals.stockity_http: Got 900 raw 1s candles for GOLD_IDX (Z-CRY/IDX)
2026-06-09 07:50:03,711 [INFO] signals.stockity_http: Aggregated into 16 1m candles
2026-06-09 07:50:03,712 [INFO] signals.stockity_http: Signal for GOLD_IDX: CALL 64% (score=64, EMA5↑EMA10; RSI0 OS)
2026-06-09 07:50:13,373 [INFO] httpx: HTTP Request: POST https://api.telegram.org/bot8343388239:AAFgeAkc9bvjywyCsHqRIa_RiJ6q-rp6uv0/getUpdates "HTTP/1.1 200 OK"
2026-06-09 07:50:44,061 [INFO] httpx: HTTP Request: POST https://api.telegram.org/bot8343388239:AAFgeAkc9bvjywyCsHqRIa_RiJ6q-rp6uv0/getUpdates "HTTP/1.1 200 OK"
2026-06-09 07:51:14,750 [INFO] httpx: HTTP Request: POST https://api.telegram.org/bot8343388239:AAFgeAkc9bvjywyCsHqRIa_RiJ6q-rp6uv0/getUpdates "HTTP/1.1 200 OK"
2026-06-09 07:51:45,441 [INFO] httpx: HTTP Request: POST https://api.telegram.org/bot8343388239:AAFgeAkc9bvjywyCsHqRIa_RiJ6q-rp6uv0/getUpdates "HTTP/1.1 200 OK"
2026-06-09 07:52:16,132 [INFO] httpx: HTTP Request: POST https://api.telegram.org/bot8343388239:AAFgeAkc9bvjywyCsHqRIa_RiJ6q-rp6uv0/getUpdates "HTTP/1.1 200 OK"
2026-06-09 07:52:46,820 [INFO] httpx: HTTP Request: POST https://api.telegram.org/bot8343388239:AAFgeAkc9bvjywyCsHqRIa_RiJ6q-rp6uv0/getUpdates "HTTP/1.1 200 OK"
2026-06-09 07:53:17,509 [INFO] httpx: HTTP Request: POST https://api.telegram.org/bot8343388239:AAFgeAkc9bvjywyCsHqRIa_RiJ6q-rp6uv0/getUpdates "HTTP/1.1 200 OK"
2026-06-09 07:53:48,197 [INFO] httpx: HTTP Request: POST https://api.telegram.org/bot8343388239:AAFgeAkc9bvjywyCsHqRIa_RiJ6q-rp6uv0/getUpdates "HTTP/1.1 200 OK"
2026-06-09 07:54:18,889 [INFO] httpx: HTTP Request: POST https://api.telegram.org/bot8343388239:AAFgeAkc9bvjywyCsHqRIa_RiJ6q-rp6uv0/getUpdates "HTTP/1.1 200 OK"
2026-06-09 07:54:49,582 [INFO] httpx: HTTP Request: POST https://api.telegram.org/bot8343388239:AAFgeAkc9bvjywyCsHqRIa_RiJ6q-rp6uv0/getUpdates "HTTP/1.1 200 OK"
2026-06-09 07:55:03,896 [INFO] signals.stockity_http: Got 900 raw 1s candles for CRYPTO_IDX (Z-CRY/IDX)
2026-06-09 07:55:03,897 [INFO] signals.stockity_http: Aggregated into 16 1m candles
2026-06-09 07:55:03,897 [INFO] signals.stockity_http: Signal for CRYPTO_IDX: CALL 64% (score=64, EMA5↑EMA10; RSI0 OS)
2026-06-09 07:55:04,033 [INFO] signals.stockity_http: Got 900 raw 1s candles for BTC_IDX (Z-CRY/IDX)
2026-06-09 07:55:04,033 [INFO] signals.stockity_http: Aggregated into 16 1m candles
2026-06-09 07:55:04,033 [INFO] signals.stockity_http: Signal for BTC_IDX: CALL 64% (score=64, EMA5↑EMA10; RSI0 OS)
2026-06-09 07:55:04,194 [INFO] signals.stockity_http: Got 900 raw 1s candles for ETH_IDX (Z-CRY/IDX)
2026-06-09 07:55:04,195 [INFO] signals.stockity_http: Aggregated into 16 1m candles
2026-06-09 07:55:04,195 [INFO] signals.stockity_http: Signal for ETH_IDX: CALL 64% (score=64, EMA5↑EMA10; RSI0 OS)
2026-06-09 07:55:04,338 [INFO] signals.stockity_http: Got 900 raw 1s candles for GOLD_IDX (Z-CRY/IDX)
2026-06-09 07:55:04,340 [INFO] signals.stockity_http: Aggregated into 16 1m candles
2026-06-09 07:55:04,340 [INFO] signals.stockity_http: Signal for GOLD_IDX: CALL 64% (score=64, EMA5↑EMA10; RSI0 OS)
2026-06-09 07:55:20,278 [INFO] httpx: HTTP Request: POST https://api.telegram.org/bot8343388239:AAFgeAkc9bvjywyCsHqRIa_RiJ6q-rp6uv0/getUpdates "HTTP/1.1 200 OK"
2026-06-09 07:55:50,971 [INFO] httpx: HTTP Request: POST https://api.telegram.org/bot8343388239:AAFgeAkc9bvjywyCsHqRIa_RiJ6q-rp6uv0/getUpdates "HTTP/1.1 200 OK"
2026-06-09 07:56:21,660 [INFO] httpx: HTTP Request: POST https://api.telegram.org/bot8343388239:AAFgeAkc9bvjywyCsHqRIa_RiJ6q-rp6uv0/getUpdates "HTTP/1.1 200 OK"
2026-06-09 07:56:52,355 [INFO] httpx: HTTP Request: POST https://api.telegram.org/bot8343388239:AAFgeAkc9bvjywyCsHqRIa_RiJ6q-rp6uv0/getUpdates "HTTP/1.1 200 OK"
2026-06-09 07:57:23,045 [INFO] httpx: HTTP Request: POST https://api.telegram.org/bot8343388239:AAFgeAkc9bvjywyCsHqRIa_RiJ6q-rp6uv0/getUpdates "HTTP/1.1 200 OK"
2026-06-09 07:57:53,735 [INFO] httpx: HTTP Request: POST https://api.telegram.org/bot8343388239:AAFgeAkc9bvjywyCsHqRIa_RiJ6q-rp6uv0/getUpdates "HTTP/1.1 200 OK"
2026-06-09 07:58:24,424 [INFO] httpx: HTTP Request: POST https://api.telegram.org/bot8343388239:AAFgeAkc9bvjywyCsHqRIa_RiJ6q-rp6uv0/getUpdates "HTTP/1.1 200 OK"
2026-06-09 07:58:55,117 [INFO] httpx: HTTP Request: POST https://api.telegram.org/bot8343388239:AAFgeAkc9bvjywyCsHqRIa_RiJ6q-rp6uv0/getUpdates "HTTP/1.1 200 OK"
2026-06-09 07:59:25,806 [INFO] httpx: HTTP Request: POST https://api.telegram.org/bot8343388239:AAFgeAkc9bvjywyCsHqRIa_RiJ6q-rp6uv0/getUpdates "HTTP/1.1 200 OK"
2026-06-09 07:59:56,499 [INFO] httpx: HTTP Request: POST https://api.telegram.org/bot8343388239:AAFgeAkc9bvjywyCsHqRIa_RiJ6q-rp6uv0/getUpdates "HTTP/1.1 200 OK"
2026-06-09 08:00:04,687 [INFO] signals.stockity_http: Got 900 raw 1s candles for CRYPTO_IDX (Z-CRY/IDX)
2026-06-09 08:00:04,688 [INFO] signals.stockity_http: Aggregated into 16 1m candles
2026-06-09 08:00:04,688 [INFO] signals.stockity_http: Signal for CRYPTO_IDX: CALL 78% (score=78, EMA5↑EMA10; bullX; RSI0 OS)
2026-06-09 08:00:04,688 [INFO] subscription_bot.signaler: NEW signal: CRYPTO_IDX CALL 78%
2026-06-09 08:00:05,459 [INFO] httpx: HTTP Request: POST https://api.telegram.org/bot8343388239:AAFgeAkc9bvjywyCsHqRIa_RiJ6q-rp6uv0/sendMessage "HTTP/1.1 200 OK"
2026-06-09 08:00:05,495 [INFO] subscription_bot.bot: Signal dispatched to 1/1 subscribers
2026-06-09 08:00:05,813 [INFO] signals.stockity_http: Got 900 raw 1s candles for BTC_IDX (Z-CRY/IDX)
2026-06-09 08:00:05,814 [INFO] signals.stockity_http: Aggregated into 16 1m candles
2026-06-09 08:00:05,814 [INFO] signals.stockity_http: Signal for BTC_IDX: CALL 78% (score=78, EMA5↑EMA10; bullX; RSI0 OS)
2026-06-09 08:00:05,814 [INFO] subscription_bot.signaler: NEW signal: BTC_IDX CALL 78%
2026-06-09 08:00:06,189 [INFO] httpx: HTTP Request: POST https://api.telegram.org/bot8343388239:AAFgeAkc9bvjywyCsHqRIa_RiJ6q-rp6uv0/sendMessage "HTTP/1.1 200 OK"
2026-06-09 08:00:06,220 [INFO] subscription_bot.bot: Signal dispatched to 1/1 subscribers
2026-06-09 08:00:06,537 [INFO] signals.stockity_http: Got 900 raw 1s candles for ETH_IDX (Z-CRY/IDX)
2026-06-09 08:00:06,539 [INFO] signals.stockity_http: Aggregated into 16 1m candles
2026-06-09 08:00:06,539 [INFO] signals.stockity_http: Signal for ETH_IDX: CALL 78% (score=78, EMA5↑EMA10; bullX; RSI0 OS)
2026-06-09 08:00:06,540 [INFO] subscription_bot.signaler: NEW signal: ETH_IDX CALL 78%
2026-06-09 08:00:06,923 [INFO] httpx: HTTP Request: POST https://api.telegram.org/bot8343388239:AAFgeAkc9bvjywyCsHqRIa_RiJ6q-rp6uv0/sendMessage "HTTP/1.1 200 OK"
2026-06-09 08:00:06,955 [INFO] subscription_bot.bot: Signal dispatched to 1/1 subscribers
2026-06-09 08:00:07,107 [INFO] signals.stockity_http: Got 900 raw 1s candles for GOLD_IDX (Z-CRY/IDX)
2026-06-09 08:00:07,108 [INFO] signals.stockity_http: Aggregated into 16 1m candles
2026-06-09 08:00:07,108 [INFO] signals.stockity_http: Signal for GOLD_IDX: CALL 78% (score=78, EMA5↑EMA10; bullX; RSI0 OS)
2026-06-09 08:00:07,109 [INFO] subscription_bot.signaler: NEW signal: GOLD_IDX CALL 78%
2026-06-09 08:00:07,502 [INFO] httpx: HTTP Request: POST https://api.telegram.org/bot8343388239:AAFgeAkc9bvjywyCsHqRIa_RiJ6q-rp6uv0/sendMessage "HTTP/1.1 200 OK"
2026-06-09 08:00:07,534 [INFO] subscription_bot.bot: Signal dispatched to 1/1 subscribers
2026-06-09 08:00:27,194 [INFO] httpx: HTTP Request: POST https://api.telegram.org/bot8343388239:AAFgeAkc9bvjywyCsHqRIa_RiJ6q-rp6uv0/getUpdates "HTTP/1.1 200 OK"
2026-06-09 08:00:57,886 [INFO] httpx: HTTP Request: POST https://api.telegram.org/bot8343388239:AAFgeAkc9bvjywyCsHqRIa_RiJ6q-rp6uv0/getUpdates "HTTP/1.1 200 OK"
2026-06-09 08:01:28,575 [INFO] httpx: HTTP Request: POST https://api.telegram.org/bot8343388239:AAFgeAkc9bvjywyCsHqRIa_RiJ6q-rp6uv0/getUpdates "HTTP/1.1 200 OK"
2026-06-09 08:01:59,264 [INFO] httpx: HTTP Request: POST https://api.telegram.org/bot8343388239:AAFgeAkc9bvjywyCsHqRIa_RiJ6q-rp6uv0/getUpdates "HTTP/1.1 200 OK"
2026-06-09 08:02:29,952 [INFO] httpx: HTTP Request: POST https://api.telegram.org/bot8343388239:AAFgeAkc9bvjywyCsHqRIa_RiJ6q-rp6uv0/getUpdates "HTTP/1.1 200 OK"
2026-06-09 08:03:00,642 [INFO] httpx: HTTP Request: POST https://api.telegram.org/bot8343388239:AAFgeAkc9bvjywyCsHqRIa_RiJ6q-rp6uv0/getUpdates "HTTP/1.1 200 OK"
2026-06-09 08:03:31,331 [INFO] httpx: HTTP Request: POST https://api.telegram.org/bot8343388239:AAFgeAkc9bvjywyCsHqRIa_RiJ6q-rp6uv0/getUpdates "HTTP/1.1 200 OK"
2026-06-09 08:04:02,018 [INFO] httpx: HTTP Request: POST https://api.telegram.org/bot8343388239:AAFgeAkc9bvjywyCsHqRIa_RiJ6q-rp6uv0/getUpdates "HTTP/1.1 200 OK"
2026-06-09 08:04:32,716 [INFO] httpx: HTTP Request: POST https://api.telegram.org/bot8343388239:AAFgeAkc9bvjywyCsHqRIa_RiJ6q-rp6uv0/getUpdates "HTTP/1.1 200 OK"
2026-06-09 08:05:03,406 [INFO] httpx: HTTP Request: POST https://api.telegram.org/bot8343388239:AAFgeAkc9bvjywyCsHqRIa_RiJ6q-rp6uv0/getUpdates "HTTP/1.1 200 OK"
2026-06-09 08:05:07,712 [INFO] signals.stockity_http: Got 900 raw 1s candles for CRYPTO_IDX (Z-CRY/IDX)
2026-06-09 08:05:07,712 [INFO] signals.stockity_http: Aggregated into 16 1m candles
2026-06-09 08:05:07,712 [INFO] signals.stockity_http: Signal for CRYPTO_IDX: CALL 78% (score=78, EMA5↑EMA10; bullX; RSI0 OS)
2026-06-09 08:05:07,854 [INFO] signals.stockity_http: Got 900 raw 1s candles for BTC_IDX (Z-CRY/IDX)
2026-06-09 08:05:07,854 [INFO] signals.stockity_http: Aggregated into 16 1m candles
2026-06-09 08:05:07,855 [INFO] signals.stockity_http: Signal for BTC_IDX: CALL 78% (score=78, EMA5↑EMA10; bullX; RSI0 OS)
2026-06-09 08:05:07,999 [INFO] signals.stockity_http: Got 900 raw 1s candles for ETH_IDX (Z-CRY/IDX)
2026-06-09 08:05:08,001 [INFO] signals.stockity_http: Aggregated into 16 1m candles
2026-06-09 08:05:08,001 [INFO] signals.stockity_http: Signal for ETH_IDX: CALL 78% (score=78, EMA5↑EMA10; bullX; RSI0 OS)
2026-06-09 08:05:08,149 [INFO] signals.stockity_http: Got 900 raw 1s candles for GOLD_IDX (Z-CRY/IDX)
2026-06-09 08:05:08,149 [INFO] signals.stockity_http: Aggregated into 16 1m candles
2026-06-09 08:05:08,150 [INFO] signals.stockity_http: Signal for GOLD_IDX: CALL 78% (score=78, EMA5↑EMA10; bullX; RSI0 OS)
2026-06-09 08:05:34,104 [INFO] httpx: HTTP Request: POST https://api.telegram.org/bot8343388239:AAFgeAkc9bvjywyCsHqRIa_RiJ6q-rp6uv0/getUpdates "HTTP/1.1 200 OK"
2026-06-09 08:06:04,793 [INFO] httpx: HTTP Request: POST https://api.telegram.org/bot8343388239:AAFgeAkc9bvjywyCsHqRIa_RiJ6q-rp6uv0/getUpdates "HTTP/1.1 200 OK"
2026-06-09 08:06:35,490 [INFO] httpx: HTTP Request: POST https://api.telegram.org/bot8343388239:AAFgeAkc9bvjywyCsHqRIa_RiJ6q-rp6uv0/getUpdates "HTTP/1.1 200 OK"
2026-06-09 08:07:06,178 [INFO] httpx: HTTP Request: POST https://api.telegram.org/bot8343388239:AAFgeAkc9bvjywyCsHqRIa_RiJ6q-rp6uv0/getUpdates "HTTP/1.1 200 OK"
2026-06-09 08:07:36,874 [INFO] httpx: HTTP Request: POST https://api.telegram.org/bot8343388239:AAFgeAkc9bvjywyCsHqRIa_RiJ6q-rp6uv0/getUpdates "HTTP/1.1 200 OK"
2026-06-09 08:08:07,566 [INFO] httpx: HTTP Request: POST https://api.telegram.org/bot8343388239:AAFgeAkc9bvjywyCsHqRIa_RiJ6q-rp6uv0/getUpdates "HTTP/1.1 200 OK"
2026-06-09 08:08:38,256 [INFO] httpx: HTTP Request: POST https://api.telegram.org/bot8343388239:AAFgeAkc9bvjywyCsHqRIa_RiJ6q-rp6uv0/getUpdates "HTTP/1.1 200 OK"
2026-06-09 08:09:08,950 [INFO] httpx: HTTP Request: POST https://api.telegram.org/bot8343388239:AAFgeAkc9bvjywyCsHqRIa_RiJ6q-rp6uv0/getUpdates "HTTP/1.1 200 OK"
2026-06-09 08:09:40,056 [INFO] httpx: HTTP Request: POST https://api.telegram.org/bot8343388239:AAFgeAkc9bvjywyCsHqRIa_RiJ6q-rp6uv0/getUpdates "HTTP/1.1 200 OK"
2026-06-09 08:10:08,393 [INFO] signals.stockity_http: Got 900 raw 1s candles for CRYPTO_IDX (Z-CRY/IDX)
2026-06-09 08:10:08,393 [INFO] signals.stockity_http: Aggregated into 16 1m candles
2026-06-09 08:10:08,393 [INFO] signals.stockity_http: Signal for CRYPTO_IDX: CALL 78% (score=78, EMA5↑EMA10; bullX; RSI0 OS)
2026-06-09 08:10:08,534 [INFO] signals.stockity_http: Got 900 raw 1s candles for BTC_IDX (Z-CRY/IDX)
2026-06-09 08:10:08,535 [INFO] signals.stockity_http: Aggregated into 16 1m candles
2026-06-09 08:10:08,535 [INFO] signals.stockity_http: Signal for BTC_IDX: CALL 78% (score=78, EMA5↑EMA10; bullX; RSI0 OS)
2026-06-09 08:10:08,748 [INFO] signals.stockity_http: Got 900 raw 1s candles for ETH_IDX (Z-CRY/IDX)
2026-06-09 08:10:08,748 [INFO] signals.stockity_http: Aggregated into 16 1m candles
2026-06-09 08:10:08,748 [INFO] signals.stockity_http: Signal for ETH_IDX: CALL 78% (score=78, EMA5↑EMA10; bullX; RSI0 OS)
2026-06-09 08:10:08,900 [INFO] signals.stockity_http: Got 900 raw 1s candles for GOLD_IDX (Z-CRY/IDX)
2026-06-09 08:10:08,900 [INFO] signals.stockity_http: Aggregated into 16 1m candles
2026-06-09 08:10:08,901 [INFO] signals.stockity_http: Signal for GOLD_IDX: CALL 78% (score=78, EMA5↑EMA10; bullX; RSI0 OS)
2026-06-09 08:10:10,748 [INFO] httpx: HTTP Request: POST https://api.telegram.org/bot8343388239:AAFgeAkc9bvjywyCsHqRIa_RiJ6q-rp6uv0/getUpdates "HTTP/1.1 200 OK"
2026-06-09 08:10:41,441 [INFO] httpx: HTTP Request: POST https://api.telegram.org/bot8343388239:AAFgeAkc9bvjywyCsHqRIa_RiJ6q-rp6uv0/getUpdates "HTTP/1.1 200 OK"
2026-06-09 08:11:12,132 [INFO] httpx: HTTP Request: POST https://api.telegram.org/bot8343388239:AAFgeAkc9bvjywyCsHqRIa_RiJ6q-rp6uv0/getUpdates "HTTP/1.1 200 OK"
2026-06-09 08:11:42,822 [INFO] httpx: HTTP Request: POST https://api.telegram.org/bot8343388239:AAFgeAkc9bvjywyCsHqRIa_RiJ6q-rp6uv0/getUpdates "HTTP/1.1 200 OK"
2026-06-09 08:12:13,516 [INFO] httpx: HTTP Request: POST https://api.telegram.org/bot8343388239:AAFgeAkc9bvjywyCsHqRIa_RiJ6q-rp6uv0/getUpdates "HTTP/1.1 200 OK"
2026-06-09 08:12:44,209 [INFO] httpx: HTTP Request: POST https://api.telegram.org/bot8343388239:AAFgeAkc9bvjywyCsHqRIa_RiJ6q-rp6uv0/getUpdates "HTTP/1.1 200 OK"
2026-06-09 08:13:14,903 [INFO] httpx: HTTP Request: POST https://api.telegram.org/bot8343388239:AAFgeAkc9bvjywyCsHqRIa_RiJ6q-rp6uv0/getUpdates "HTTP/1.1 200 OK"
2026-06-09 08:13:45,601 [INFO] httpx: HTTP Request: POST https://api.telegram.org/bot8343388239:AAFgeAkc9bvjywyCsHqRIa_RiJ6q-rp6uv0/getUpdates "HTTP/1.1 200 OK"
2026-06-09 08:14:16,301 [INFO] httpx: HTTP Request: POST https://api.telegram.org/bot8343388239:AAFgeAkc9bvjywyCsHqRIa_RiJ6q-rp6uv0/getUpdates "HTTP/1.1 200 OK"
2026-06-09 08:14:46,998 [INFO] httpx: HTTP Request: POST https://api.telegram.org/bot8343388239:AAFgeAkc9bvjywyCsHqRIa_RiJ6q-rp6uv0/getUpdates "HTTP/1.1 200 OK"
2026-06-09 08:15:09,267 [INFO] signals.stockity_http: Got 900 raw 1s candles for CRYPTO_IDX (Z-CRY/IDX)
2026-06-09 08:15:09,268 [INFO] signals.stockity_http: Aggregated into 16 1m candles
2026-06-09 08:15:09,268 [INFO] signals.stockity_http: Signal for CRYPTO_IDX: WAIT 52% (score=52, EMA5↓EMA10; RSI0 OS)
2026-06-09 08:15:09,413 [INFO] signals.stockity_http: Got 900 raw 1s candles for BTC_IDX (Z-CRY/IDX)
2026-06-09 08:15:09,413 [INFO] signals.stockity_http: Aggregated into 16 1m candles
2026-06-09 08:15:09,413 [INFO] signals.stockity_http: Signal for BTC_IDX: WAIT 52% (score=52, EMA5↓EMA10; RSI0 OS)
2026-06-09 08:15:09,548 [INFO] signals.stockity_http: Got 900 raw 1s candles for ETH_IDX (Z-CRY/IDX)
2026-06-09 08:15:09,548 [INFO] signals.stockity_http: Aggregated into 16 1m candles
2026-06-09 08:15:09,548 [INFO] signals.stockity_http: Signal for ETH_IDX: WAIT 52% (score=52, EMA5↓EMA10; RSI0 OS)
2026-06-09 08:15:09,698 [INFO] signals.stockity_http: Got 900 raw 1s candles for GOLD_IDX (Z-CRY/IDX)
2026-06-09 08:15:09,699 [INFO] signals.stockity_http: Aggregated into 16 1m candles
2026-06-09 08:15:09,699 [INFO] signals.stockity_http: Signal for GOLD_IDX: WAIT 52% (score=52, EMA5↓EMA10; RSI0 OS)
2026-06-09 08:15:17,691 [INFO] httpx: HTTP Request: POST https://api.telegram.org/bot8343388239:AAFgeAkc9bvjywyCsHqRIa_RiJ6q-rp6uv0/getUpdates "HTTP/1.1 200 OK"
2026-06-09 08:15:48,383 [INFO] httpx: HTTP Request: POST https://api.telegram.org/bot8343388239:AAFgeAkc9bvjywyCsHqRIa_RiJ6q-rp6uv0/getUpdates "HTTP/1.1 200 OK"
2026-06-09 08:16:19,075 [INFO] httpx: HTTP Request: POST https://api.telegram.org/bot8343388239:AAFgeAkc9bvjywyCsHqRIa_RiJ6q-rp6uv0/getUpdates "HTTP/1.1 200 OK"
2026-06-09 08:16:49,766 [INFO] httpx: HTTP Request: POST https://api.telegram.org/bot8343388239:AAFgeAkc9bvjywyCsHqRIa_RiJ6q-rp6uv0/getUpdates "HTTP/1.1 200 OK"
2026-06-09 08:17:20,456 [INFO] httpx: HTTP Request: POST https://api.telegram.org/bot8343388239:AAFgeAkc9bvjywyCsHqRIa_RiJ6q-rp6uv0/getUpdates "HTTP/1.1 200 OK"
2026-06-09 08:17:51,147 [INFO] httpx: HTTP Request: POST https://api.telegram.org/bot8343388239:AAFgeAkc9bvjywyCsHqRIa_RiJ6q-rp6uv0/getUpdates "HTTP/1.1 200 OK"
2026-06-09 08:18:21,836 [INFO] httpx: HTTP Request: POST https://api.telegram.org/bot8343388239:AAFgeAkc9bvjywyCsHqRIa_RiJ6q-rp6uv0/getUpdates "HTTP/1.1 200 OK"
2026-06-09 08:18:52,531 [INFO] httpx: HTTP Request: POST https://api.telegram.org/bot8343388239:AAFgeAkc9bvjywyCsHqRIa_RiJ6q-rp6uv0/getUpdates "HTTP/1.1 200 OK"
2026-06-09 08:19:23,220 [INFO] httpx: HTTP Request: POST https://api.telegram.org/bot8343388239:AAFgeAkc9bvjywyCsHqRIa_RiJ6q-rp6uv0/getUpdates "HTTP/1.1 200 OK"
2026-06-09 08:19:53,910 [INFO] httpx: HTTP Request: POST https://api.telegram.org/bot8343388239:AAFgeAkc9bvjywyCsHqRIa_RiJ6q-rp6uv0/getUpdates "HTTP/1.1 200 OK"
2026-06-09 08:20:09,886 [INFO] signals.stockity_http: Got 900 raw 1s candles for CRYPTO_IDX (Z-CRY/IDX)
2026-06-09 08:20:09,887 [INFO] signals.stockity_http: Aggregated into 16 1m candles
2026-06-09 08:20:09,887 [INFO] signals.stockity_http: Signal for CRYPTO_IDX: WAIT 52% (score=52, EMA5↓EMA10; RSI0 OS)
2026-06-09 08:20:10,019 [INFO] signals.stockity_http: Got 900 raw 1s candles for BTC_IDX (Z-CRY/IDX)
2026-06-09 08:20:10,019 [INFO] signals.stockity_http: Aggregated into 16 1m candles
2026-06-09 08:20:10,019 [INFO] signals.stockity_http: Signal for BTC_IDX: WAIT 52% (score=52, EMA5↓EMA10; RSI0 OS)
2026-06-09 08:20:10,155 [INFO] signals.stockity_http: Got 900 raw 1s candles for ETH_IDX (Z-CRY/IDX)
2026-06-09 08:20:10,156 [INFO] signals.stockity_http: Aggregated into 16 1m candles
2026-06-09 08:20:10,156 [INFO] signals.stockity_http: Signal for ETH_IDX: WAIT 52% (score=52, EMA5↓EMA10; RSI0 OS)
2026-06-09 08:20:10,290 [INFO] signals.stockity_http: Got 900 raw 1s candles for GOLD_IDX (Z-CRY/IDX)
2026-06-09 08:20:10,291 [INFO] signals.stockity_http: Aggregated into 16 1m candles
2026-06-09 08:20:10,291 [INFO] signals.stockity_http: Signal for GOLD_IDX: WAIT 52% (score=52, EMA5↓EMA10; RSI0 OS)
2026-06-09 08:20:24,608 [INFO] httpx: HTTP Request: POST https://api.telegram.org/bot8343388239:AAFgeAkc9bvjywyCsHqRIa_RiJ6q-rp6uv0/getUpdates "HTTP/1.1 200 OK"
2026-06-09 08:20:55,302 [INFO] httpx: HTTP Request: POST https://api.telegram.org/bot8343388239:AAFgeAkc9bvjywyCsHqRIa_RiJ6q-rp6uv0/getUpdates "HTTP/1.1 200 OK"
2026-06-09 08:21:25,991 [INFO] httpx: HTTP Request: POST https://api.telegram.org/bot8343388239:AAFgeAkc9bvjywyCsHqRIa_RiJ6q-rp6uv0/getUpdates "HTTP/1.1 200 OK"
2026-06-09 08:21:56,689 [INFO] httpx: HTTP Request: POST https://api.telegram.org/bot8343388239:AAFgeAkc9bvjywyCsHqRIa_RiJ6q-rp6uv0/getUpdates "HTTP/1.1 200 OK"
2026-06-09 08:22:27,776 [INFO] httpx: HTTP Request: POST https://api.telegram.org/bot8343388239:AAFgeAkc9bvjywyCsHqRIa_RiJ6q-rp6uv0/getUpdates "HTTP/1.1 200 OK"
2026-06-09 08:22:58,464 [INFO] httpx: HTTP Request: POST https://api.telegram.org/bot8343388239:AAFgeAkc9bvjywyCsHqRIa_RiJ6q-rp6uv0/getUpdates "HTTP/1.1 200 OK"
2026-06-09 08:23:29,156 [INFO] httpx: HTTP Request: POST https://api.telegram.org/bot8343388239:AAFgeAkc9bvjywyCsHqRIa_RiJ6q-rp6uv0/getUpdates "HTTP/1.1 200 OK"
2026-06-09 08:23:59,850 [INFO] httpx: HTTP Request: POST https://api.telegram.org/bot8343388239:AAFgeAkc9bvjywyCsHqRIa_RiJ6q-rp6uv0/getUpdates "HTTP/1.1 200 OK"
2026-06-09 08:24:30,538 [INFO] httpx: HTTP Request: POST https://api.telegram.org/bot8343388239:AAFgeAkc9bvjywyCsHqRIa_RiJ6q-rp6uv0/getUpdates "HTTP/1.1 200 OK"
2026-06-09 08:25:01,229 [INFO] httpx: HTTP Request: POST https://api.telegram.org/bot8343388239:AAFgeAkc9bvjywyCsHqRIa_RiJ6q-rp6uv0/getUpdates "HTTP/1.1 200 OK"
2026-06-09 08:25:10,464 [INFO] signals.stockity_http: Got 900 raw 1s candles for CRYPTO_IDX (Z-CRY/IDX)
2026-06-09 08:25:10,465 [INFO] signals.stockity_http: Aggregated into 16 1m candles
2026-06-09 08:25:10,465 [INFO] signals.stockity_http: Signal for CRYPTO_IDX: WAIT 52% (score=52, EMA5↓EMA10; RSI0 OS)
2026-06-09 08:25:10,597 [INFO] signals.stockity_http: Got 900 raw 1s candles for BTC_IDX (Z-CRY/IDX)
2026-06-09 08:25:10,598 [INFO] signals.stockity_http: Aggregated into 16 1m candles
2026-06-09 08:25:10,598 [INFO] signals.stockity_http: Signal for BTC_IDX: WAIT 52% (score=52, EMA5↓EMA10; RSI0 OS)
2026-06-09 08:25:10,729 [INFO] signals.stockity_http: Got 900 raw 1s candles for ETH_IDX (Z-CRY/IDX)
2026-06-09 08:25:10,729 [INFO] signals.stockity_http: Aggregated into 16 1m candles
2026-06-09 08:25:10,729 [INFO] signals.stockity_http: Signal for ETH_IDX: WAIT 52% (score=52, EMA5↓EMA10; RSI0 OS)
2026-06-09 08:25:10,870 [INFO] signals.stockity_http: Got 900 raw 1s candles for GOLD_IDX (Z-CRY/IDX)
2026-06-09 08:25:10,870 [INFO] signals.stockity_http: Aggregated into 16 1m candles
2026-06-09 08:25:10,871 [INFO] signals.stockity_http: Signal for GOLD_IDX: WAIT 52% (score=52, EMA5↓EMA10; RSI0 OS)
2026-06-09 08:25:31,920 [INFO] httpx: HTTP Request: POST https://api.telegram.org/bot8343388239:AAFgeAkc9bvjywyCsHqRIa_RiJ6q-rp6uv0/getUpdates "HTTP/1.1 200 OK"
2026-06-09 08:26:02,614 [INFO] httpx: HTTP Request: POST https://api.telegram.org/bot8343388239:AAFgeAkc9bvjywyCsHqRIa_RiJ6q-rp6uv0/getUpdates "HTTP/1.1 200 OK"
2026-06-09 08:26:33,307 [INFO] httpx: HTTP Request: POST https://api.telegram.org/bot8343388239:AAFgeAkc9bvjywyCsHqRIa_RiJ6q-rp6uv0/getUpdates "HTTP/1.1 200 OK"
2026-06-09 08:27:03,997 [INFO] httpx: HTTP Request: POST https://api.telegram.org/bot8343388239:AAFgeAkc9bvjywyCsHqRIa_RiJ6q-rp6uv0/getUpdates "HTTP/1.1 200 OK"
2026-06-09 08:27:34,689 [INFO] httpx: HTTP Request: POST https://api.telegram.org/bot8343388239:AAFgeAkc9bvjywyCsHqRIa_RiJ6q-rp6uv0/getUpdates "HTTP/1.1 200 OK"
2026-06-09 08:28:05,382 [INFO] httpx: HTTP Request: POST https://api.telegram.org/bot8343388239:AAFgeAkc9bvjywyCsHqRIa_RiJ6q-rp6uv0/getUpdates "HTTP/1.1 200 OK"
2026-06-09 08:28:36,074 [INFO] httpx: HTTP Request: POST https://api.telegram.org/bot8343388239:AAFgeAkc9bvjywyCsHqRIa_RiJ6q-rp6uv0/getUpdates "HTTP/1.1 200 OK"
2026-06-09 08:29:06,765 [INFO] httpx: HTTP Request: POST https://api.telegram.org/bot8343388239:AAFgeAkc9bvjywyCsHqRIa_RiJ6q-rp6uv0/getUpdates "HTTP/1.1 200 OK"
2026-06-09 08:29:37,453 [INFO] httpx: HTTP Request: POST https://api.telegram.org/bot8343388239:AAFgeAkc9bvjywyCsHqRIa_RiJ6q-rp6uv0/getUpdates "HTTP/1.1 200 OK"
2026-06-09 08:30:08,145 [INFO] httpx: HTTP Request: POST https://api.telegram.org/bot8343388239:AAFgeAkc9bvjywyCsHqRIa_RiJ6q-rp6uv0/getUpdates "HTTP/1.1 200 OK"
2026-06-09 08:30:11,233 [INFO] signals.stockity_http: Got 900 raw 1s candles for CRYPTO_IDX (Z-CRY/IDX)
2026-06-09 08:30:11,233 [INFO] signals.stockity_http: Aggregated into 16 1m candles
2026-06-09 08:30:11,234 [INFO] signals.stockity_http: Signal for CRYPTO_IDX: CALL 66% (score=66, EMA5↑EMA10; RSI0 OS; midHi)
2026-06-09 08:30:11,234 [INFO] subscription_bot.signaler: NEW signal: CRYPTO_IDX CALL 66%
2026-06-09 08:30:12,005 [INFO] httpx: HTTP Request: POST https://api.telegram.org/bot8343388239:AAFgeAkc9bvjywyCsHqRIa_RiJ6q-rp6uv0/sendMessage "HTTP/1.1 200 OK"
2026-06-09 08:30:12,036 [INFO] subscription_bot.bot: Signal dispatched to 1/1 subscribers
2026-06-09 08:30:12,220 [INFO] signals.stockity_http: Got 900 raw 1s candles for BTC_IDX (Z-CRY/IDX)
2026-06-09 08:30:12,220 [INFO] signals.stockity_http: Aggregated into 16 1m candles
2026-06-09 08:30:12,220 [INFO] signals.stockity_http: Signal for BTC_IDX: CALL 66% (score=66, EMA5↑EMA10; RSI0 OS; midHi)
2026-06-09 08:30:12,220 [INFO] subscription_bot.signaler: NEW signal: BTC_IDX CALL 66%
2026-06-09 08:30:12,594 [INFO] httpx: HTTP Request: POST https://api.telegram.org/bot8343388239:AAFgeAkc9bvjywyCsHqRIa_RiJ6q-rp6uv0/sendMessage "HTTP/1.1 200 OK"
2026-06-09 08:30:12,625 [INFO] subscription_bot.bot: Signal dispatched to 1/1 subscribers
2026-06-09 08:30:12,768 [INFO] signals.stockity_http: Got 900 raw 1s candles for ETH_IDX (Z-CRY/IDX)
2026-06-09 08:30:12,769 [INFO] signals.stockity_http: Aggregated into 16 1m candles
2026-06-09 08:30:12,769 [INFO] signals.stockity_http: Signal for ETH_IDX: CALL 66% (score=66, EMA5↑EMA10; RSI0 OS; midHi)
2026-06-09 08:30:12,769 [INFO] subscription_bot.signaler: NEW signal: ETH_IDX CALL 66%
2026-06-09 08:30:13,145 [INFO] httpx: HTTP Request: POST https://api.telegram.org/bot8343388239:AAFgeAkc9bvjywyCsHqRIa_RiJ6q-rp6uv0/sendMessage "HTTP/1.1 200 OK"
2026-06-09 08:30:13,176 [INFO] subscription_bot.bot: Signal dispatched to 1/1 subscribers
2026-06-09 08:30:13,399 [INFO] signals.stockity_http: Got 900 raw 1s candles for GOLD_IDX (Z-CRY/IDX)
2026-06-09 08:30:13,400 [INFO] signals.stockity_http: Aggregated into 16 1m candles
2026-06-09 08:30:13,400 [INFO] signals.stockity_http: Signal for GOLD_IDX: CALL 66% (score=66, EMA5↑EMA10; RSI0 OS; midHi)
2026-06-09 08:30:13,400 [INFO] subscription_bot.signaler: NEW signal: GOLD_IDX CALL 66%
2026-06-09 08:30:13,772 [INFO] httpx: HTTP Request: POST https://api.telegram.org/bot8343388239:AAFgeAkc9bvjywyCsHqRIa_RiJ6q-rp6uv0/sendMessage "HTTP/1.1 200 OK"
2026-06-09 08:30:13,803 [INFO] subscription_bot.bot: Signal dispatched to 1/1 subscribers
2026-06-09 08:30:38,838 [INFO] httpx: HTTP Request: POST https://api.telegram.org/bot8343388239:AAFgeAkc9bvjywyCsHqRIa_RiJ6q-rp6uv0/getUpdates "HTTP/1.1 200 OK"
2026-06-09 08:31:09,528 [INFO] httpx: HTTP Request: POST https://api.telegram.org/bot8343388239:AAFgeAkc9bvjywyCsHqRIa_RiJ6q-rp6uv0/getUpdates "HTTP/1.1 200 OK"
2026-06-09 08:31:40,217 [INFO] httpx: HTTP Request: POST https://api.telegram.org/bot8343388239:AAFgeAkc9bvjywyCsHqRIa_RiJ6q-rp6uv0/getUpdates "HTTP/1.1 200 OK"
2026-06-09 08:32:10,906 [INFO] httpx: HTTP Request: POST https://api.telegram.org/bot8343388239:AAFgeAkc9bvjywyCsHqRIa_RiJ6q-rp6uv0/getUpdates "HTTP/1.1 200 OK"
2026-06-09 08:32:41,596 [INFO] httpx: HTTP Request: POST https://api.telegram.org/bot8343388239:AAFgeAkc9bvjywyCsHqRIa_RiJ6q-rp6uv0/getUpdates "HTTP/1.1 200 OK"
2026-06-09 08:33:12,293 [INFO] httpx: HTTP Request: POST https://api.telegram.org/bot8343388239:AAFgeAkc9bvjywyCsHqRIa_RiJ6q-rp6uv0/getUpdates "HTTP/1.1 200 OK"
2026-06-09 08:33:42,981 [INFO] httpx: HTTP Request: POST https://api.telegram.org/bot8343388239:AAFgeAkc9bvjywyCsHqRIa_RiJ6q-rp6uv0/getUpdates "HTTP/1.1 200 OK"
2026-06-09 08:34:14,079 [INFO] httpx: HTTP Request: POST https://api.telegram.org/bot8343388239:AAFgeAkc9bvjywyCsHqRIa_RiJ6q-rp6uv0/getUpdates "HTTP/1.1 200 OK"
2026-06-09 08:34:44,777 [INFO] httpx: HTTP Request: POST https://api.telegram.org/bot8343388239:AAFgeAkc9bvjywyCsHqRIa_RiJ6q-rp6uv0/getUpdates "HTTP/1.1 200 OK"
2026-06-09 08:35:14,015 [INFO] signals.stockity_http: Got 900 raw 1s candles for CRYPTO_IDX (Z-CRY/IDX)
2026-06-09 08:35:14,015 [INFO] signals.stockity_http: Aggregated into 16 1m candles
2026-06-09 08:35:14,016 [INFO] signals.stockity_http: Signal for CRYPTO_IDX: CALL 66% (score=66, EMA5↑EMA10; RSI0 OS; midHi)
2026-06-09 08:35:14,148 [INFO] signals.stockity_http: Got 900 raw 1s candles for BTC_IDX (Z-CRY/IDX)
2026-06-09 08:35:14,149 [INFO] signals.stockity_http: Aggregated into 16 1m candles
2026-06-09 08:35:14,149 [INFO] signals.stockity_http: Signal for BTC_IDX: CALL 66% (score=66, EMA5↑EMA10; RSI0 OS; midHi)
2026-06-09 08:35:14,280 [INFO] signals.stockity_http: Got 900 raw 1s candles for ETH_IDX (Z-CRY/IDX)
2026-06-09 08:35:14,280 [INFO] signals.stockity_http: Aggregated into 16 1m candles
2026-06-09 08:35:14,281 [INFO] signals.stockity_http: Signal for ETH_IDX: CALL 66% (score=66, EMA5↑EMA10; RSI0 OS; midHi)
2026-06-09 08:35:14,414 [INFO] signals.stockity_http: Got 900 raw 1s candles for GOLD_IDX (Z-CRY/IDX)
2026-06-09 08:35:14,414 [INFO] signals.stockity_http: Aggregated into 16 1m candles
2026-06-09 08:35:14,414 [INFO] signals.stockity_http: Signal for GOLD_IDX: CALL 66% (score=66, EMA5↑EMA10; RSI0 OS; midHi)
2026-06-09 08:35:15,465 [INFO] httpx: HTTP Request: POST https://api.telegram.org/bot8343388239:AAFgeAkc9bvjywyCsHqRIa_RiJ6q-rp6uv0/getUpdates "HTTP/1.1 200 OK"
2026-06-09 08:35:46,157 [INFO] httpx: HTTP Request: POST https://api.telegram.org/bot8343388239:AAFgeAkc9bvjywyCsHqRIa_RiJ6q-rp6uv0/getUpdates "HTTP/1.1 200 OK"
2026-06-09 08:36:16,845 [INFO] httpx: HTTP Request: POST https://api.telegram.org/bot8343388239:AAFgeAkc9bvjywyCsHqRIa_RiJ6q-rp6uv0/getUpdates "HTTP/1.1 200 OK"
2026-06-09 08:36:47,536 [INFO] httpx: HTTP Request: POST https://api.telegram.org/bot8343388239:AAFgeAkc9bvjywyCsHqRIa_RiJ6q-rp6uv0/getUpdates "HTTP/1.1 200 OK"
2026-06-09 08:37:18,224 [INFO] httpx: HTTP Request: POST https://api.telegram.org/bot8343388239:AAFgeAkc9bvjywyCsHqRIa_RiJ6q-rp6uv0/getUpdates "HTTP/1.1 200 OK"
2026-06-09 08:37:49,312 [INFO] httpx: HTTP Request: POST https://api.telegram.org/bot8343388239:AAFgeAkc9bvjywyCsHqRIa_RiJ6q-rp6uv0/getUpdates "HTTP/1.1 200 OK"
2026-06-09 08:38:20,012 [INFO] httpx: HTTP Request: POST https://api.telegram.org/bot8343388239:AAFgeAkc9bvjywyCsHqRIa_RiJ6q-rp6uv0/getUpdates "HTTP/1.1 200 OK"
2026-06-09 08:38:50,781 [INFO] httpx: HTTP Request: POST https://api.telegram.org/bot8343388239:AAFgeAkc9bvjywyCsHqRIa_RiJ6q-rp6uv0/getUpdates "HTTP/1.1 200 OK"
2026-06-09 08:39:21,472 [INFO] httpx: HTTP Request: POST https://api.telegram.org/bot8343388239:AAFgeAkc9bvjywyCsHqRIa_RiJ6q-rp6uv0/getUpdates "HTTP/1.1 200 OK"
2026-06-09 08:39:52,162 [INFO] httpx: HTTP Request: POST https://api.telegram.org/bot8343388239:AAFgeAkc9bvjywyCsHqRIa_RiJ6q-rp6uv0/getUpdates "HTTP/1.1 200 OK"
2026-06-09 08:40:14,605 [INFO] signals.stockity_http: Got 900 raw 1s candles for CRYPTO_IDX (Z-CRY/IDX)
2026-06-09 08:40:14,605 [INFO] signals.stockity_http: Aggregated into 16 1m candles
2026-06-09 08:40:14,605 [INFO] signals.stockity_http: Signal for CRYPTO_IDX: CALL 66% (score=66, EMA5↑EMA10; RSI0 OS; midHi)
2026-06-09 08:40:14,740 [INFO] signals.stockity_http: Got 900 raw 1s candles for BTC_IDX (Z-CRY/IDX)
2026-06-09 08:40:14,741 [INFO] signals.stockity_http: Aggregated into 16 1m candles
2026-06-09 08:40:14,741 [INFO] signals.stockity_http: Signal for BTC_IDX: CALL 66% (score=66, EMA5↑EMA10; RSI0 OS; midHi)
2026-06-09 08:40:14,892 [INFO] signals.stockity_http: Got 900 raw 1s candles for ETH_IDX (Z-CRY/IDX)
2026-06-09 08:40:14,894 [INFO] signals.stockity_http: Aggregated into 16 1m candles
2026-06-09 08:40:14,895 [INFO] signals.stockity_http: Signal for ETH_IDX: CALL 66% (score=66, EMA5↑EMA10; RSI0 OS; midHi)
2026-06-09 08:40:15,038 [INFO] signals.stockity_http: Got 900 raw 1s candles for GOLD_IDX (Z-CRY/IDX)
2026-06-09 08:40:15,039 [INFO] signals.stockity_http: Aggregated into 16 1m candles
2026-06-09 08:40:15,039 [INFO] signals.stockity_http: Signal for GOLD_IDX: CALL 66% (score=66, EMA5↑EMA10; RSI0 OS; midHi)
2026-06-09 08:40:22,853 [INFO] httpx: HTTP Request: POST https://api.telegram.org/bot8343388239:AAFgeAkc9bvjywyCsHqRIa_RiJ6q-rp6uv0/getUpdates "HTTP/1.1 200 OK"
2026-06-09 08:40:53,544 [INFO] httpx: HTTP Request: POST https://api.telegram.org/bot8343388239:AAFgeAkc9bvjywyCsHqRIa_RiJ6q-rp6uv0/getUpdates "HTTP/1.1 200 OK"
2026-06-09 08:41:24,232 [INFO] httpx: HTTP Request: POST https://api.telegram.org/bot8343388239:AAFgeAkc9bvjywyCsHqRIa_RiJ6q-rp6uv0/getUpdates "HTTP/1.1 200 OK"
2026-06-09 08:41:54,920 [INFO] httpx: HTTP Request: POST https://api.telegram.org/bot8343388239:AAFgeAkc9bvjywyCsHqRIa_RiJ6q-rp6uv0/getUpdates "HTTP/1.1 200 OK"
2026-06-09 08:42:25,610 [INFO] httpx: HTTP Request: POST https://api.telegram.org/bot8343388239:AAFgeAkc9bvjywyCsHqRIa_RiJ6q-rp6uv0/getUpdates "HTTP/1.1 200 OK"
2026-06-09 08:42:56,298 [INFO] httpx: HTTP Request: POST https://api.telegram.org/bot8343388239:AAFgeAkc9bvjywyCsHqRIa_RiJ6q-rp6uv0/getUpdates "HTTP/1.1 200 OK"
2026-06-09 08:43:26,985 [INFO] httpx: HTTP Request: POST https://api.telegram.org/bot8343388239:AAFgeAkc9bvjywyCsHqRIa_RiJ6q-rp6uv0/getUpdates "HTTP/1.1 200 OK"
2026-06-09 08:43:57,674 [INFO] httpx: HTTP Request: POST https://api.telegram.org/bot8343388239:AAFgeAkc9bvjywyCsHqRIa_RiJ6q-rp6uv0/getUpdates "HTTP/1.1 200 OK"
2026-06-09 08:44:28,365 [INFO] httpx: HTTP Request: POST https://api.telegram.org/bot8343388239:AAFgeAkc9bvjywyCsHqRIa_RiJ6q-rp6uv0/getUpdates "HTTP/1.1 200 OK"
2026-06-09 08:44:59,053 [INFO] httpx: HTTP Request: POST https://api.telegram.org/bot8343388239:AAFgeAkc9bvjywyCsHqRIa_RiJ6q-rp6uv0/getUpdates "HTTP/1.1 200 OK"
2026-06-09 08:45:16,121 [INFO] signals.stockity_http: Got 900 raw 1s candles for CRYPTO_IDX (Z-CRY/IDX)
2026-06-09 08:45:16,122 [INFO] signals.stockity_http: Aggregated into 16 1m candles
2026-06-09 08:45:16,122 [INFO] signals.stockity_http: Signal for CRYPTO_IDX: CALL 66% (score=66, EMA5↑EMA10; RSI0 OS; midHi)
2026-06-09 08:45:16,276 [INFO] signals.stockity_http: Got 900 raw 1s candles for BTC_IDX (Z-CRY/IDX)
2026-06-09 08:45:16,277 [INFO] signals.stockity_http: Aggregated into 16 1m candles
2026-06-09 08:45:16,277 [INFO] signals.stockity_http: Signal for BTC_IDX: CALL 66% (score=66, EMA5↑EMA10; RSI0 OS; midHi)
2026-06-09 08:45:16,415 [INFO] signals.stockity_http: Got 900 raw 1s candles for ETH_IDX (Z-CRY/IDX)
2026-06-09 08:45:16,416 [INFO] signals.stockity_http: Aggregated into 16 1m candles
2026-06-09 08:45:16,416 [INFO] signals.stockity_http: Signal for ETH_IDX: CALL 66% (score=66, EMA5↑EMA10; RSI0 OS; midHi)
2026-06-09 08:45:16,558 [INFO] signals.stockity_http: Got 900 raw 1s candles for GOLD_IDX (Z-CRY/IDX)
2026-06-09 08:45:16,558 [INFO] signals.stockity_http: Aggregated into 16 1m candles
2026-06-09 08:45:16,558 [INFO] signals.stockity_http: Signal for GOLD_IDX: CALL 66% (score=66, EMA5↑EMA10; RSI0 OS; midHi)
2026-06-09 08:45:29,751 [INFO] httpx: HTTP Request: POST https://api.telegram.org/bot8343388239:AAFgeAkc9bvjywyCsHqRIa_RiJ6q-rp6uv0/getUpdates "HTTP/1.1 200 OK"
2026-06-09 08:46:00,443 [INFO] httpx: HTTP Request: POST https://api.telegram.org/bot8343388239:AAFgeAkc9bvjywyCsHqRIa_RiJ6q-rp6uv0/getUpdates "HTTP/1.1 200 OK"
2026-06-09 08:46:31,134 [INFO] httpx: HTTP Request: POST https://api.telegram.org/bot8343388239:AAFgeAkc9bvjywyCsHqRIa_RiJ6q-rp6uv0/getUpdates "HTTP/1.1 200 OK"
2026-06-09 08:47:01,830 [INFO] httpx: HTTP Request: POST https://api.telegram.org/bot8343388239:AAFgeAkc9bvjywyCsHqRIa_RiJ6q-rp6uv0/getUpdates "HTTP/1.1 200 OK"
2026-06-09 08:47:32,522 [INFO] httpx: HTTP Request: POST https://api.telegram.org/bot8343388239:AAFgeAkc9bvjywyCsHqRIa_RiJ6q-rp6uv0/getUpdates "HTTP/1.1 200 OK"
2026-06-09 08:48:03,211 [INFO] httpx: HTTP Request: POST https://api.telegram.org/bot8343388239:AAFgeAkc9bvjywyCsHqRIa_RiJ6q-rp6uv0/getUpdates "HTTP/1.1 200 OK"
2026-06-09 08:48:33,901 [INFO] httpx: HTTP Request: POST https://api.telegram.org/bot8343388239:AAFgeAkc9bvjywyCsHqRIa_RiJ6q-rp6uv0/getUpdates "HTTP/1.1 200 OK"
2026-06-09 08:49:04,590 [INFO] httpx: HTTP Request: POST https://api.telegram.org/bot8343388239:AAFgeAkc9bvjywyCsHqRIa_RiJ6q-rp6uv0/getUpdates "HTTP/1.1 200 OK"
2026-06-09 08:49:35,278 [INFO] httpx: HTTP Request: POST https://api.telegram.org/bot8343388239:AAFgeAkc9bvjywyCsHqRIa_RiJ6q-rp6uv0/getUpdates "HTTP/1.1 200 OK"
2026-06-09 08:50:05,976 [INFO] httpx: HTTP Request: POST https://api.telegram.org/bot8343388239:AAFgeAkc9bvjywyCsHqRIa_RiJ6q-rp6uv0/getUpdates "HTTP/1.1 200 OK"
2026-06-09 08:50:16,771 [INFO] signals.stockity_http: Got 900 raw 1s candles for CRYPTO_IDX (Z-CRY/IDX)
2026-06-09 08:50:16,773 [INFO] signals.stockity_http: Aggregated into 16 1m candles
2026-06-09 08:50:16,774 [INFO] signals.stockity_http: Signal for CRYPTO_IDX: CALL 66% (score=66, EMA5↑EMA10; RSI0 OS; midHi)
2026-06-09 08:50:16,916 [INFO] signals.stockity_http: Got 900 raw 1s candles for BTC_IDX (Z-CRY/IDX)
2026-06-09 08:50:16,916 [INFO] signals.stockity_http: Aggregated into 16 1m candles
2026-06-09 08:50:16,916 [INFO] signals.stockity_http: Signal for BTC_IDX: CALL 66% (score=66, EMA5↑EMA10; RSI0 OS; midHi)
2026-06-09 08:50:17,055 [INFO] signals.stockity_http: Got 900 raw 1s candles for ETH_IDX (Z-CRY/IDX)
2026-06-09 08:50:17,055 [INFO] signals.stockity_http: Aggregated into 16 1m candles
2026-06-09 08:50:17,056 [INFO] signals.stockity_http: Signal for ETH_IDX: CALL 66% (score=66, EMA5↑EMA10; RSI0 OS; midHi)
2026-06-09 08:50:17,194 [INFO] signals.stockity_http: Got 900 raw 1s candles for GOLD_IDX (Z-CRY/IDX)
2026-06-09 08:50:17,194 [INFO] signals.stockity_http: Aggregated into 16 1m candles
2026-06-09 08:50:17,194 [INFO] signals.stockity_http: Signal for GOLD_IDX: CALL 66% (score=66, EMA5↑EMA10; RSI0 OS; midHi)
2026-06-09 08:50:37,062 [INFO] httpx: HTTP Request: POST https://api.telegram.org/bot8343388239:AAFgeAkc9bvjywyCsHqRIa_RiJ6q-rp6uv0/getUpdates "HTTP/1.1 200 OK"
2026-06-09 08:51:07,753 [INFO] httpx: HTTP Request: POST https://api.telegram.org/bot8343388239:AAFgeAkc9bvjywyCsHqRIa_RiJ6q-rp6uv0/getUpdates "HTTP/1.1 200 OK"
2026-06-09 08:51:38,440 [INFO] httpx: HTTP Request: POST https://api.telegram.org/bot8343388239:AAFgeAkc9bvjywyCsHqRIa_RiJ6q-rp6uv0/getUpdates "HTTP/1.1 200 OK"
2026-06-09 08:52:09,128 [INFO] httpx: HTTP Request: POST https://api.telegram.org/bot8343388239:AAFgeAkc9bvjywyCsHqRIa_RiJ6q-rp6uv0/getUpdates "HTTP/1.1 200 OK"
2026-06-09 08:52:39,815 [INFO] httpx: HTTP Request: POST https://api.telegram.org/bot8343388239:AAFgeAkc9bvjywyCsHqRIa_RiJ6q-rp6uv0/getUpdates "HTTP/1.1 200 OK"
2026-06-09 08:53:10,509 [INFO] httpx: HTTP Request: POST https://api.telegram.org/bot8343388239:AAFgeAkc9bvjywyCsHqRIa_RiJ6q-rp6uv0/getUpdates "HTTP/1.1 200 OK"
2026-06-09 08:53:41,202 [INFO] httpx: HTTP Request: POST https://api.telegram.org/bot8343388239:AAFgeAkc9bvjywyCsHqRIa_RiJ6q-rp6uv0/getUpdates "HTTP/1.1 200 OK"
2026-06-09 08:54:11,889 [INFO] httpx: HTTP Request: POST https://api.telegram.org/bot8343388239:AAFgeAkc9bvjywyCsHqRIa_RiJ6q-rp6uv0/getUpdates "HTTP/1.1 200 OK"
2026-06-09 08:54:42,586 [INFO] httpx: HTTP Request: POST https://api.telegram.org/bot8343388239:AAFgeAkc9bvjywyCsHqRIa_RiJ6q-rp6uv0/getUpdates "HTTP/1.1 200 OK"
2026-06-09 08:55:13,276 [INFO] httpx: HTTP Request: POST https://api.telegram.org/bot8343388239:AAFgeAkc9bvjywyCsHqRIa_RiJ6q-rp6uv0/getUpdates "HTTP/1.1 200 OK"
2026-06-09 08:55:17,360 [INFO] signals.stockity_http: Got 900 raw 1s candles for CRYPTO_IDX (Z-CRY/IDX)
2026-06-09 08:55:17,360 [INFO] signals.stockity_http: Aggregated into 16 1m candles
2026-06-09 08:55:17,360 [INFO] signals.stockity_http: Signal for CRYPTO_IDX: CALL 66% (score=66, EMA5↑EMA10; RSI0 OS; midHi)
2026-06-09 08:55:17,497 [INFO] signals.stockity_http: Got 900 raw 1s candles for BTC_IDX (Z-CRY/IDX)
2026-06-09 08:55:17,497 [INFO] signals.stockity_http: Aggregated into 16 1m candles
2026-06-09 08:55:17,497 [INFO] signals.stockity_http: Signal for BTC_IDX: CALL 66% (score=66, EMA5↑EMA10; RSI0 OS; midHi)
2026-06-09 08:55:17,637 [INFO] signals.stockity_http: Got 900 raw 1s candles for ETH_IDX (Z-CRY/IDX)
2026-06-09 08:55:17,637 [INFO] signals.stockity_http: Aggregated into 16 1m candles
2026-06-09 08:55:17,638 [INFO] signals.stockity_http: Signal for ETH_IDX: CALL 66% (score=66, EMA5↑EMA10; RSI0 OS; midHi)
2026-06-09 08:55:17,771 [INFO] signals.stockity_http: Got 900 raw 1s candles for GOLD_IDX (Z-CRY/IDX)
2026-06-09 08:55:17,772 [INFO] signals.stockity_http: Aggregated into 16 1m candles
2026-06-09 08:55:17,772 [INFO] signals.stockity_http: Signal for GOLD_IDX: CALL 66% (score=66, EMA5↑EMA10; RSI0 OS; midHi)
2026-06-09 08:55:43,968 [INFO] httpx: HTTP Request: POST https://api.telegram.org/bot8343388239:AAFgeAkc9bvjywyCsHqRIa_RiJ6q-rp6uv0/getUpdates "HTTP/1.1 200 OK"
2026-06-09 08:56:14,659 [INFO] httpx: HTTP Request: POST https://api.telegram.org/bot8343388239:AAFgeAkc9bvjywyCsHqRIa_RiJ6q-rp6uv0/getUpdates "HTTP/1.1 200 OK"
2026-06-09 08:56:45,351 [INFO] httpx: HTTP Request: POST https://api.telegram.org/bot8343388239:AAFgeAkc9bvjywyCsHqRIa_RiJ6q-rp6uv0/getUpdates "HTTP/1.1 200 OK"
2026-06-09 08:57:16,040 [INFO] httpx: HTTP Request: POST https://api.telegram.org/bot8343388239:AAFgeAkc9bvjywyCsHqRIa_RiJ6q-rp6uv0/getUpdates "HTTP/1.1 200 OK"
2026-06-09 08:57:46,728 [INFO] httpx: HTTP Request: POST https://api.telegram.org/bot8343388239:AAFgeAkc9bvjywyCsHqRIa_RiJ6q-rp6uv0/getUpdates "HTTP/1.1 200 OK"
2026-06-09 08:58:17,424 [INFO] httpx: HTTP Request: POST https://api.telegram.org/bot8343388239:AAFgeAkc9bvjywyCsHqRIa_RiJ6q-rp6uv0/getUpdates "HTTP/1.1 200 OK"
2026-06-09 08:58:48,124 [INFO] httpx: HTTP Request: POST https://api.telegram.org/bot8343388239:AAFgeAkc9bvjywyCsHqRIa_RiJ6q-rp6uv0/getUpdates "HTTP/1.1 200 OK"
2026-06-09 08:59:18,813 [INFO] httpx: HTTP Request: POST https://api.telegram.org/bot8343388239:AAFgeAkc9bvjywyCsHqRIa_RiJ6q-rp6uv0/getUpdates "HTTP/1.1 200 OK"
2026-06-09 08:59:49,501 [INFO] httpx: HTTP Request: POST https://api.telegram.org/bot8343388239:AAFgeAkc9bvjywyCsHqRIa_RiJ6q-rp6uv0/getUpdates "HTTP/1.1 200 OK"
2026-06-09 09:00:18,162 [INFO] signals.stockity_http: Got 900 raw 1s candles for CRYPTO_IDX (Z-CRY/IDX)
2026-06-09 09:00:18,162 [INFO] signals.stockity_http: Aggregated into 16 1m candles
2026-06-09 09:00:18,162 [INFO] signals.stockity_http: Signal for CRYPTO_IDX: CALL 72% (score=72, EMA5↑EMA10; RSI0 OS; pinBot)
2026-06-09 09:00:18,310 [INFO] signals.stockity_http: Got 900 raw 1s candles for BTC_IDX (Z-CRY/IDX)
2026-06-09 09:00:18,311 [INFO] signals.stockity_http: Aggregated into 16 1m candles
2026-06-09 09:00:18,312 [INFO] signals.stockity_http: Signal for BTC_IDX: CALL 72% (score=72, EMA5↑EMA10; RSI0 OS; pinBot)
2026-06-09 09:00:18,456 [INFO] signals.stockity_http: Got 900 raw 1s candles for ETH_IDX (Z-CRY/IDX)
2026-06-09 09:00:18,458 [INFO] signals.stockity_http: Aggregated into 16 1m candles
2026-06-09 09:00:18,458 [INFO] signals.stockity_http: Signal for ETH_IDX: CALL 72% (score=72, EMA5↑EMA10; RSI0 OS; pinBot)
2026-06-09 09:00:18,599 [INFO] signals.stockity_http: Got 900 raw 1s candles for GOLD_IDX (Z-CRY/IDX)
2026-06-09 09:00:18,600 [INFO] signals.stockity_http: Aggregated into 16 1m candles
2026-06-09 09:00:18,600 [INFO] signals.stockity_http: Signal for GOLD_IDX: CALL 72% (score=72, EMA5↑EMA10; RSI0 OS; pinBot)
2026-06-09 09:00:20,188 [INFO] httpx: HTTP Request: POST https://api.telegram.org/bot8343388239:AAFgeAkc9bvjywyCsHqRIa_RiJ6q-rp6uv0/getUpdates "HTTP/1.1 200 OK"
2026-06-09 09:00:50,877 [INFO] httpx: HTTP Request: POST https://api.telegram.org/bot8343388239:AAFgeAkc9bvjywyCsHqRIa_RiJ6q-rp6uv0/getUpdates "HTTP/1.1 200 OK"
2026-06-09 09:01:21,570 [INFO] httpx: HTTP Request: POST https://api.telegram.org/bot8343388239:AAFgeAkc9bvjywyCsHqRIa_RiJ6q-rp6uv0/getUpdates "HTTP/1.1 200 OK"
2026-06-09 09:01:52,259 [INFO] httpx: HTTP Request: POST https://api.telegram.org/bot8343388239:AAFgeAkc9bvjywyCsHqRIa_RiJ6q-rp6uv0/getUpdates "HTTP/1.1 200 OK"
2026-06-09 09:02:22,954 [INFO] httpx: HTTP Request: POST https://api.telegram.org/bot8343388239:AAFgeAkc9bvjywyCsHqRIa_RiJ6q-rp6uv0/getUpdates "HTTP/1.1 200 OK"
2026-06-09 09:02:53,645 [INFO] httpx: HTTP Request: POST https://api.telegram.org/bot8343388239:AAFgeAkc9bvjywyCsHqRIa_RiJ6q-rp6uv0/getUpdates "HTTP/1.1 200 OK"
2026-06-09 09:03:24,336 [INFO] httpx: HTTP Request: POST https://api.telegram.org/bot8343388239:AAFgeAkc9bvjywyCsHqRIa_RiJ6q-rp6uv0/getUpdates "HTTP/1.1 200 OK"
2026-06-09 09:03:55,029 [INFO] httpx: HTTP Request: POST https://api.telegram.org/bot8343388239:AAFgeAkc9bvjywyCsHqRIa_RiJ6q-rp6uv0/getUpdates "HTTP/1.1 200 OK"
2026-06-09 09:04:25,716 [INFO] httpx: HTTP Request: POST https://api.telegram.org/bot8343388239:AAFgeAkc9bvjywyCsHqRIa_RiJ6q-rp6uv0/getUpdates "HTTP/1.1 200 OK"
2026-06-09 09:04:56,406 [INFO] httpx: HTTP Request: POST https://api.telegram.org/bot8343388239:AAFgeAkc9bvjywyCsHqRIa_RiJ6q-rp6uv0/getUpdates "HTTP/1.1 200 OK"
2026-06-09 09:05:19,915 [INFO] signals.stockity_http: Got 900 raw 1s candles for CRYPTO_IDX (Z-CRY/IDX)
2026-06-09 09:05:19,915 [INFO] signals.stockity_http: Aggregated into 16 1m candles
2026-06-09 09:05:19,915 [INFO] signals.stockity_http: Signal for CRYPTO_IDX: CALL 72% (score=72, EMA5↑EMA10; RSI0 OS; pinBot)
2026-06-09 09:05:20,234 [INFO] signals.stockity_http: Got 900 raw 1s candles for BTC_IDX (Z-CRY/IDX)
2026-06-09 09:05:20,235 [INFO] signals.stockity_http: Aggregated into 16 1m candles
2026-06-09 09:05:20,235 [INFO] signals.stockity_http: Signal for BTC_IDX: CALL 72% (score=72, EMA5↑EMA10; RSI0 OS; pinBot)
2026-06-09 09:05:20,375 [INFO] signals.stockity_http: Got 900 raw 1s candles for ETH_IDX (Z-CRY/IDX)
2026-06-09 09:05:20,375 [INFO] signals.stockity_http: Aggregated into 16 1m candles
2026-06-09 09:05:20,375 [INFO] signals.stockity_http: Signal for ETH_IDX: CALL 72% (score=72, EMA5↑EMA10; RSI0 OS; pinBot)
2026-06-09 09:05:20,521 [INFO] signals.stockity_http: Got 900 raw 1s candles for GOLD_IDX (Z-CRY/IDX)
2026-06-09 09:05:20,522 [INFO] signals.stockity_http: Aggregated into 16 1m candles
2026-06-09 09:05:20,522 [INFO] signals.stockity_http: Signal for GOLD_IDX: CALL 72% (score=72, EMA5↑EMA10; RSI0 OS; pinBot)
2026-06-09 09:05:27,098 [INFO] httpx: HTTP Request: POST https://api.telegram.org/bot8343388239:AAFgeAkc9bvjywyCsHqRIa_RiJ6q-rp6uv0/getUpdates "HTTP/1.1 200 OK"
2026-06-09 09:05:57,787 [INFO] httpx: HTTP Request: POST https://api.telegram.org/bot8343388239:AAFgeAkc9bvjywyCsHqRIa_RiJ6q-rp6uv0/getUpdates "HTTP/1.1 200 OK"
2026-06-09 09:06:28,476 [INFO] httpx: HTTP Request: POST https://api.telegram.org/bot8343388239:AAFgeAkc9bvjywyCsHqRIa_RiJ6q-rp6uv0/getUpdates "HTTP/1.1 200 OK"
2026-06-09 09:06:59,177 [INFO] httpx: HTTP Request: POST https://api.telegram.org/bot8343388239:AAFgeAkc9bvjywyCsHqRIa_RiJ6q-rp6uv0/getUpdates "HTTP/1.1 200 OK"
2026-06-09 09:07:29,865 [INFO] httpx: HTTP Request: POST https://api.telegram.org/bot8343388239:AAFgeAkc9bvjywyCsHqRIa_RiJ6q-rp6uv0/getUpdates "HTTP/1.1 200 OK"
2026-06-09 09:08:00,554 [INFO] httpx: HTTP Request: POST https://api.telegram.org/bot8343388239:AAFgeAkc9bvjywyCsHqRIa_RiJ6q-rp6uv0/getUpdates "HTTP/1.1 200 OK"
2026-06-09 09:08:31,243 [INFO] httpx: HTTP Request: POST https://api.telegram.org/bot8343388239:AAFgeAkc9bvjywyCsHqRIa_RiJ6q-rp6uv0/getUpdates "HTTP/1.1 200 OK"
2026-06-09 09:09:01,933 [INFO] httpx: HTTP Request: POST https://api.telegram.org/bot8343388239:AAFgeAkc9bvjywyCsHqRIa_RiJ6q-rp6uv0/getUpdates "HTTP/1.1 200 OK"
2026-06-09 09:09:32,623 [INFO] httpx: HTTP Request: POST https://api.telegram.org/bot8343388239:AAFgeAkc9bvjywyCsHqRIa_RiJ6q-rp6uv0/getUpdates "HTTP/1.1 200 OK"
2026-06-09 09:10:03,317 [INFO] httpx: HTTP Request: POST https://api.telegram.org/bot8343388239:AAFgeAkc9bvjywyCsHqRIa_RiJ6q-rp6uv0/getUpdates "HTTP/1.1 200 OK"
2026-06-09 09:10:20,746 [INFO] signals.stockity_http: Got 900 raw 1s candles for CRYPTO_IDX (Z-CRY/IDX)
2026-06-09 09:10:20,747 [INFO] signals.stockity_http: Aggregated into 16 1m candles
2026-06-09 09:10:20,747 [INFO] signals.stockity_http: Signal for CRYPTO_IDX: CALL 72% (score=72, EMA5↑EMA10; RSI0 OS; pinBot)
2026-06-09 09:10:20,886 [INFO] signals.stockity_http: Got 900 raw 1s candles for BTC_IDX (Z-CRY/IDX)
2026-06-09 09:10:20,886 [INFO] signals.stockity_http: Aggregated into 16 1m candles
2026-06-09 09:10:20,886 [INFO] signals.stockity_http: Signal for BTC_IDX: CALL 72% (score=72, EMA5↑EMA10; RSI0 OS; pinBot)
2026-06-09 09:10:21,096 [INFO] signals.stockity_http: Got 900 raw 1s candles for ETH_IDX (Z-CRY/IDX)
2026-06-09 09:10:21,097 [INFO] signals.stockity_http: Aggregated into 16 1m candles
2026-06-09 09:10:21,097 [INFO] signals.stockity_http: Signal for ETH_IDX: CALL 72% (score=72, EMA5↑EMA10; RSI0 OS; pinBot)
2026-06-09 09:10:21,230 [INFO] signals.stockity_http: Got 900 raw 1s candles for GOLD_IDX (Z-CRY/IDX)
2026-06-09 09:10:21,230 [INFO] signals.stockity_http: Aggregated into 16 1m candles
2026-06-09 09:10:21,231 [INFO] signals.stockity_http: Signal for GOLD_IDX: CALL 72% (score=72, EMA5↑EMA10; RSI0 OS; pinBot)
2026-06-09 09:10:34,006 [INFO] httpx: HTTP Request: POST https://api.telegram.org/bot8343388239:AAFgeAkc9bvjywyCsHqRIa_RiJ6q-rp6uv0/getUpdates "HTTP/1.1 200 OK"
2026-06-09 09:11:04,694 [INFO] httpx: HTTP Request: POST https://api.telegram.org/bot8343388239:AAFgeAkc9bvjywyCsHqRIa_RiJ6q-rp6uv0/getUpdates "HTTP/1.1 200 OK"
2026-06-09 09:11:35,399 [INFO] httpx: HTTP Request: POST https://api.telegram.org/bot8343388239:AAFgeAkc9bvjywyCsHqRIa_RiJ6q-rp6uv0/getUpdates "HTTP/1.1 200 OK"
2026-06-09 09:12:06,092 [INFO] httpx: HTTP Request: POST https://api.telegram.org/bot8343388239:AAFgeAkc9bvjywyCsHqRIa_RiJ6q-rp6uv0/getUpdates "HTTP/1.1 200 OK"
2026-06-09 09:12:36,783 [INFO] httpx: HTTP Request: POST https://api.telegram.org/bot8343388239:AAFgeAkc9bvjywyCsHqRIa_RiJ6q-rp6uv0/getUpdates "HTTP/1.1 200 OK"
2026-06-09 09:13:07,473 [INFO] httpx: HTTP Request: POST https://api.telegram.org/bot8343388239:AAFgeAkc9bvjywyCsHqRIa_RiJ6q-rp6uv0/getUpdates "HTTP/1.1 200 OK"
2026-06-09 09:13:38,171 [INFO] httpx: HTTP Request: POST https://api.telegram.org/bot8343388239:AAFgeAkc9bvjywyCsHqRIa_RiJ6q-rp6uv0/getUpdates "HTTP/1.1 200 OK"
2026-06-09 09:14:08,863 [INFO] httpx: HTTP Request: POST https://api.telegram.org/bot8343388239:AAFgeAkc9bvjywyCsHqRIa_RiJ6q-rp6uv0/getUpdates "HTTP/1.1 200 OK"
2026-06-09 09:14:39,550 [INFO] httpx: HTTP Request: POST https://api.telegram.org/bot8343388239:AAFgeAkc9bvjywyCsHqRIa_RiJ6q-rp6uv0/getUpdates "HTTP/1.1 200 OK"
2026-06-09 09:15:10,238 [INFO] httpx: HTTP Request: POST https://api.telegram.org/bot8343388239:AAFgeAkc9bvjywyCsHqRIa_RiJ6q-rp6uv0/getUpdates "HTTP/1.1 200 OK"
2026-06-09 09:15:21,582 [INFO] signals.stockity_http: Got 900 raw 1s candles for CRYPTO_IDX (Z-CRY/IDX)
2026-06-09 09:15:21,583 [INFO] signals.stockity_http: Aggregated into 16 1m candles
2026-06-09 09:15:21,583 [INFO] signals.stockity_http: Signal for CRYPTO_IDX: PUT 62% (score=38, EMA5↓EMA10; bearX; RSI0 OS)
2026-06-09 09:15:21,583 [INFO] subscription_bot.signaler: NEW signal: CRYPTO_IDX PUT 62%
2026-06-09 09:15:22,342 [INFO] httpx: HTTP Request: POST https://api.telegram.org/bot8343388239:AAFgeAkc9bvjywyCsHqRIa_RiJ6q-rp6uv0/sendMessage "HTTP/1.1 200 OK"
2026-06-09 09:15:22,373 [INFO] subscription_bot.bot: Signal dispatched to 1/1 subscribers
2026-06-09 09:15:22,506 [INFO] signals.stockity_http: Got 900 raw 1s candles for BTC_IDX (Z-CRY/IDX)
2026-06-09 09:15:22,507 [INFO] signals.stockity_http: Aggregated into 16 1m candles
2026-06-09 09:15:22,507 [INFO] signals.stockity_http: Signal for BTC_IDX: PUT 62% (score=38, EMA5↓EMA10; bearX; RSI0 OS)
2026-06-09 09:15:22,507 [INFO] subscription_bot.signaler: NEW signal: BTC_IDX PUT 62%
2026-06-09 09:15:22,888 [INFO] httpx: HTTP Request: POST https://api.telegram.org/bot8343388239:AAFgeAkc9bvjywyCsHqRIa_RiJ6q-rp6uv0/sendMessage "HTTP/1.1 200 OK"
2026-06-09 09:15:22,919 [INFO] subscription_bot.bot: Signal dispatched to 1/1 subscribers
2026-06-09 09:15:23,051 [INFO] signals.stockity_http: Got 900 raw 1s candles for ETH_IDX (Z-CRY/IDX)
2026-06-09 09:15:23,052 [INFO] signals.stockity_http: Aggregated into 16 1m candles
2026-06-09 09:15:23,052 [INFO] signals.stockity_http: Signal for ETH_IDX: PUT 62% (score=38, EMA5↓EMA10; bearX; RSI0 OS)
2026-06-09 09:15:23,052 [INFO] subscription_bot.signaler: NEW signal: ETH_IDX PUT 62%
2026-06-09 09:15:23,425 [INFO] httpx: HTTP Request: POST https://api.telegram.org/bot8343388239:AAFgeAkc9bvjywyCsHqRIa_RiJ6q-rp6uv0/sendMessage "HTTP/1.1 200 OK"
2026-06-09 09:15:23,456 [INFO] subscription_bot.bot: Signal dispatched to 1/1 subscribers
2026-06-09 09:15:23,592 [INFO] signals.stockity_http: Got 900 raw 1s candles for GOLD_IDX (Z-CRY/IDX)
2026-06-09 09:15:23,593 [INFO] signals.stockity_http: Aggregated into 16 1m candles
2026-06-09 09:15:23,593 [INFO] signals.stockity_http: Signal for GOLD_IDX: PUT 62% (score=38, EMA5↓EMA10; bearX; RSI0 OS)
2026-06-09 09:15:23,593 [INFO] subscription_bot.signaler: NEW signal: GOLD_IDX PUT 62%
2026-06-09 09:15:23,970 [INFO] httpx: HTTP Request: POST https://api.telegram.org/bot8343388239:AAFgeAkc9bvjywyCsHqRIa_RiJ6q-rp6uv0/sendMessage "HTTP/1.1 200 OK"
2026-06-09 09:15:24,003 [INFO] subscription_bot.bot: Signal dispatched to 1/1 subscribers
2026-06-09 09:15:40,927 [INFO] httpx: HTTP Request: POST https://api.telegram.org/bot8343388239:AAFgeAkc9bvjywyCsHqRIa_RiJ6q-rp6uv0/getUpdates "HTTP/1.1 200 OK"
2026-06-09 09:16:11,615 [INFO] httpx: HTTP Request: POST https://api.telegram.org/bot8343388239:AAFgeAkc9bvjywyCsHqRIa_RiJ6q-rp6uv0/getUpdates "HTTP/1.1 200 OK"
2026-06-09 09:16:42,308 [INFO] httpx: HTTP Request: POST https://api.telegram.org/bot8343388239:AAFgeAkc9bvjywyCsHqRIa_RiJ6q-rp6uv0/getUpdates "HTTP/1.1 200 OK"
2026-06-09 09:17:12,996 [INFO] httpx: HTTP Request: POST https://api.telegram.org/bot8343388239:AAFgeAkc9bvjywyCsHqRIa_RiJ6q-rp6uv0/getUpdates "HTTP/1.1 200 OK"
2026-06-09 09:17:43,685 [INFO] httpx: HTTP Request: POST https://api.telegram.org/bot8343388239:AAFgeAkc9bvjywyCsHqRIa_RiJ6q-rp6uv0/getUpdates "HTTP/1.1 200 OK"
2026-06-09 09:18:14,379 [INFO] httpx: HTTP Request: POST https://api.telegram.org/bot8343388239:AAFgeAkc9bvjywyCsHqRIa_RiJ6q-rp6uv0/getUpdates "HTTP/1.1 200 OK"
2026-06-09 09:18:45,069 [INFO] httpx: HTTP Request: POST https://api.telegram.org/bot8343388239:AAFgeAkc9bvjywyCsHqRIa_RiJ6q-rp6uv0/getUpdates "HTTP/1.1 200 OK"
2026-06-09 09:19:15,757 [INFO] httpx: HTTP Request: POST https://api.telegram.org/bot8343388239:AAFgeAkc9bvjywyCsHqRIa_RiJ6q-rp6uv0/getUpdates "HTTP/1.1 200 OK"
2026-06-09 09:19:46,447 [INFO] httpx: HTTP Request: POST https://api.telegram.org/bot8343388239:AAFgeAkc9bvjywyCsHqRIa_RiJ6q-rp6uv0/getUpdates "HTTP/1.1 200 OK"
2026-06-09 09:20:17,136 [INFO] httpx: HTTP Request: POST https://api.telegram.org/bot8343388239:AAFgeAkc9bvjywyCsHqRIa_RiJ6q-rp6uv0/getUpdates "HTTP/1.1 200 OK"
2026-06-09 09:20:24,204 [INFO] signals.stockity_http: Got 900 raw 1s candles for CRYPTO_IDX (Z-CRY/IDX)
2026-06-09 09:20:24,205 [INFO] signals.stockity_http: Aggregated into 16 1m candles
2026-06-09 09:20:24,206 [INFO] signals.stockity_http: Signal for CRYPTO_IDX: PUT 62% (score=38, EMA5↓EMA10; bearX; RSI0 OS)
2026-06-09 09:20:24,341 [INFO] signals.stockity_http: Got 900 raw 1s candles for BTC_IDX (Z-CRY/IDX)
2026-06-09 09:20:24,342 [INFO] signals.stockity_http: Aggregated into 16 1m candles
2026-06-09 09:20:24,342 [INFO] signals.stockity_http: Signal for BTC_IDX: PUT 62% (score=38, EMA5↓EMA10; bearX; RSI0 OS)
2026-06-09 09:20:24,475 [INFO] signals.stockity_http: Got 900 raw 1s candles for ETH_IDX (Z-CRY/IDX)
2026-06-09 09:20:24,475 [INFO] signals.stockity_http: Aggregated into 16 1m candles
2026-06-09 09:20:24,475 [INFO] signals.stockity_http: Signal for ETH_IDX: PUT 62% (score=38, EMA5↓EMA10; bearX; RSI0 OS)
2026-06-09 09:20:24,610 [INFO] signals.stockity_http: Got 900 raw 1s candles for GOLD_IDX (Z-CRY/IDX)
2026-06-09 09:20:24,610 [INFO] signals.stockity_http: Aggregated into 16 1m candles
2026-06-09 09:20:24,610 [INFO] signals.stockity_http: Signal for GOLD_IDX: PUT 62% (score=38, EMA5↓EMA10; bearX; RSI0 OS)
2026-06-09 09:20:47,824 [INFO] httpx: HTTP Request: POST https://api.telegram.org/bot8343388239:AAFgeAkc9bvjywyCsHqRIa_RiJ6q-rp6uv0/getUpdates "HTTP/1.1 200 OK"
2026-06-09 09:21:18,515 [INFO] httpx: HTTP Request: POST https://api.telegram.org/bot8343388239:AAFgeAkc9bvjywyCsHqRIa_RiJ6q-rp6uv0/getUpdates "HTTP/1.1 200 OK"
2026-06-09 09:21:49,205 [INFO] httpx: HTTP Request: POST https://api.telegram.org/bot8343388239:AAFgeAkc9bvjywyCsHqRIa_RiJ6q-rp6uv0/getUpdates "HTTP/1.1 200 OK"
2026-06-09 09:22:19,892 [INFO] httpx: HTTP Request: POST https://api.telegram.org/bot8343388239:AAFgeAkc9bvjywyCsHqRIa_RiJ6q-rp6uv0/getUpdates "HTTP/1.1 200 OK"
2026-06-09 09:22:51,212 [INFO] httpx: HTTP Request: POST https://api.telegram.org/bot8343388239:AAFgeAkc9bvjywyCsHqRIa_RiJ6q-rp6uv0/getUpdates "HTTP/1.1 200 OK"
2026-06-09 09:23:22,291 [INFO] httpx: HTTP Request: POST https://api.telegram.org/bot8343388239:AAFgeAkc9bvjywyCsHqRIa_RiJ6q-rp6uv0/getUpdates "HTTP/1.1 200 OK"
2026-06-09 09:23:52,980 [INFO] httpx: HTTP Request: POST https://api.telegram.org/bot8343388239:AAFgeAkc9bvjywyCsHqRIa_RiJ6q-rp6uv0/getUpdates "HTTP/1.1 200 OK"
2026-06-09 09:24:23,668 [INFO] httpx: HTTP Request: POST https://api.telegram.org/bot8343388239:AAFgeAkc9bvjywyCsHqRIa_RiJ6q-rp6uv0/getUpdates "HTTP/1.1 200 OK"
2026-06-09 09:24:54,357 [INFO] httpx: HTTP Request: POST https://api.telegram.org/bot8343388239:AAFgeAkc9bvjywyCsHqRIa_RiJ6q-rp6uv0/getUpdates "HTTP/1.1 200 OK"
2026-06-09 09:25:24,819 [INFO] signals.stockity_http: Got 900 raw 1s candles for CRYPTO_IDX (Z-CRY/IDX)
2026-06-09 09:25:24,819 [INFO] signals.stockity_http: Aggregated into 16 1m candles
2026-06-09 09:25:24,819 [INFO] signals.stockity_http: Signal for CRYPTO_IDX: PUT 62% (score=38, EMA5↓EMA10; bearX; RSI0 OS)
2026-06-09 09:25:24,961 [INFO] signals.stockity_http: Got 900 raw 1s candles for BTC_IDX (Z-CRY/IDX)
2026-06-09 09:25:24,961 [INFO] signals.stockity_http: Aggregated into 16 1m candles
2026-06-09 09:25:24,961 [INFO] signals.stockity_http: Signal for BTC_IDX: PUT 62% (score=38, EMA5↓EMA10; bearX; RSI0 OS)
2026-06-09 09:25:25,113 [INFO] signals.stockity_http: Got 900 raw 1s candles for ETH_IDX (Z-CRY/IDX)
2026-06-09 09:25:25,114 [INFO] signals.stockity_http: Aggregated into 16 1m candles
2026-06-09 09:25:25,114 [INFO] signals.stockity_http: Signal for ETH_IDX: PUT 62% (score=38, EMA5↓EMA10; bearX; RSI0 OS)
2026-06-09 09:25:25,250 [INFO] signals.stockity_http: Got 900 raw 1s candles for GOLD_IDX (Z-CRY/IDX)
2026-06-09 09:25:25,250 [INFO] signals.stockity_http: Aggregated into 16 1m candles
2026-06-09 09:25:25,250 [INFO] signals.stockity_http: Signal for GOLD_IDX: PUT 62% (score=38, EMA5↓EMA10; bearX; RSI0 OS)
2026-06-09 09:25:25,251 [INFO] httpx: HTTP Request: POST https://api.telegram.org/bot8343388239:AAFgeAkc9bvjywyCsHqRIa_RiJ6q-rp6uv0/getUpdates "HTTP/1.1 200 OK"
2026-06-09 09:25:55,939 [INFO] httpx: HTTP Request: POST https://api.telegram.org/bot8343388239:AAFgeAkc9bvjywyCsHqRIa_RiJ6q-rp6uv0/getUpdates "HTTP/1.1 200 OK"
2026-06-09 09:26:26,627 [INFO] httpx: HTTP Request: POST https://api.telegram.org/bot8343388239:AAFgeAkc9bvjywyCsHqRIa_RiJ6q-rp6uv0/getUpdates "HTTP/1.1 200 OK"
2026-06-09 09:26:57,322 [INFO] httpx: HTTP Request: POST https://api.telegram.org/bot8343388239:AAFgeAkc9bvjywyCsHqRIa_RiJ6q-rp6uv0/getUpdates "HTTP/1.1 200 OK"
2026-06-09 09:27:28,015 [INFO] httpx: HTTP Request: POST https://api.telegram.org/bot8343388239:AAFgeAkc9bvjywyCsHqRIa_RiJ6q-rp6uv0/getUpdates "HTTP/1.1 200 OK"
2026-06-09 09:27:58,708 [INFO] httpx: HTTP Request: POST https://api.telegram.org/bot8343388239:AAFgeAkc9bvjywyCsHqRIa_RiJ6q-rp6uv0/getUpdates "HTTP/1.1 200 OK"
2026-06-09 09:28:29,400 [INFO] httpx: HTTP Request: POST https://api.telegram.org/bot8343388239:AAFgeAkc9bvjywyCsHqRIa_RiJ6q-rp6uv0/getUpdates "HTTP/1.1 200 OK"
2026-06-09 09:29:00,100 [INFO] httpx: HTTP Request: POST https://api.telegram.org/bot8343388239:AAFgeAkc9bvjywyCsHqRIa_RiJ6q-rp6uv0/getUpdates "HTTP/1.1 200 OK"
2026-06-09 09:29:30,787 [INFO] httpx: HTTP Request: POST https://api.telegram.org/bot8343388239:AAFgeAkc9bvjywyCsHqRIa_RiJ6q-rp6uv0/getUpdates "HTTP/1.1 200 OK"
2026-06-09 09:30:01,481 [INFO] httpx: HTTP Request: POST https://api.telegram.org/bot8343388239:AAFgeAkc9bvjywyCsHqRIa_RiJ6q-rp6uv0/getUpdates "HTTP/1.1 200 OK"
2026-06-09 09:30:25,633 [INFO] signals.stockity_http: Got 900 raw 1s candles for CRYPTO_IDX (Z-CRY/IDX)
2026-06-09 09:30:25,634 [INFO] signals.stockity_http: Aggregated into 16 1m candles
2026-06-09 09:30:25,634 [INFO] signals.stockity_http: Signal for CRYPTO_IDX: WAIT 50% (score=50, EMA5↓EMA10; RSI0 OS; midLo)
2026-06-09 09:30:25,776 [INFO] signals.stockity_http: Got 900 raw 1s candles for BTC_IDX (Z-CRY/IDX)
2026-06-09 09:30:25,777 [INFO] signals.stockity_http: Aggregated into 16 1m candles
2026-06-09 09:30:25,777 [INFO] signals.stockity_http: Signal for BTC_IDX: WAIT 50% (score=50, EMA5↓EMA10; RSI0 OS; midLo)
2026-06-09 09:30:25,911 [INFO] signals.stockity_http: Got 900 raw 1s candles for ETH_IDX (Z-CRY/IDX)
2026-06-09 09:30:25,911 [INFO] signals.stockity_http: Aggregated into 16 1m candles
2026-06-09 09:30:25,911 [INFO] signals.stockity_http: Signal for ETH_IDX: WAIT 50% (score=50, EMA5↓EMA10; RSI0 OS; midLo)
2026-06-09 09:30:26,050 [INFO] signals.stockity_http: Got 900 raw 1s candles for GOLD_IDX (Z-CRY/IDX)
2026-06-09 09:30:26,050 [INFO] signals.stockity_http: Aggregated into 16 1m candles
2026-06-09 09:30:26,050 [INFO] signals.stockity_http: Signal for GOLD_IDX: WAIT 50% (score=50, EMA5↓EMA10; RSI0 OS; midLo)
2026-06-09 09:30:32,170 [INFO] httpx: HTTP Request: POST https://api.telegram.org/bot8343388239:AAFgeAkc9bvjywyCsHqRIa_RiJ6q-rp6uv0/getUpdates "HTTP/1.1 200 OK"
2026-06-09 09:31:02,857 [INFO] httpx: HTTP Request: POST https://api.telegram.org/bot8343388239:AAFgeAkc9bvjywyCsHqRIa_RiJ6q-rp6uv0/getUpdates "HTTP/1.1 200 OK"
2026-06-09 09:31:33,549 [INFO] httpx: HTTP Request: POST https://api.telegram.org/bot8343388239:AAFgeAkc9bvjywyCsHqRIa_RiJ6q-rp6uv0/getUpdates "HTTP/1.1 200 OK"
2026-06-09 09:32:04,243 [INFO] httpx: HTTP Request: POST https://api.telegram.org/bot8343388239:AAFgeAkc9bvjywyCsHqRIa_RiJ6q-rp6uv0/getUpdates "HTTP/1.1 200 OK"
2026-06-09 09:32:34,935 [INFO] httpx: HTTP Request: POST https://api.telegram.org/bot8343388239:AAFgeAkc9bvjywyCsHqRIa_RiJ6q-rp6uv0/getUpdates "HTTP/1.1 200 OK"
2026-06-09 09:33:05,627 [INFO] httpx: HTTP Request: POST https://api.telegram.org/bot8343388239:AAFgeAkc9bvjywyCsHqRIa_RiJ6q-rp6uv0/getUpdates "HTTP/1.1 200 OK"
2026-06-09 09:33:36,324 [INFO] httpx: HTTP Request: POST https://api.telegram.org/bot8343388239:AAFgeAkc9bvjywyCsHqRIa_RiJ6q-rp6uv0/getUpdates "HTTP/1.1 200 OK"
2026-06-09 09:34:07,015 [INFO] httpx: HTTP Request: POST https://api.telegram.org/bot8343388239:AAFgeAkc9bvjywyCsHqRIa_RiJ6q-rp6uv0/getUpdates "HTTP/1.1 200 OK"
2026-06-09 09:34:37,710 [INFO] httpx: HTTP Request: POST https://api.telegram.org/bot8343388239:AAFgeAkc9bvjywyCsHqRIa_RiJ6q-rp6uv0/getUpdates "HTTP/1.1 200 OK"
2026-06-09 09:35:08,396 [INFO] httpx: HTTP Request: POST https://api.telegram.org/bot8343388239:AAFgeAkc9bvjywyCsHqRIa_RiJ6q-rp6uv0/getUpdates "HTTP/1.1 200 OK"
2026-06-09 09:35:26,253 [INFO] signals.stockity_http: Got 900 raw 1s candles for CRYPTO_IDX (Z-CRY/IDX)
2026-06-09 09:35:26,255 [INFO] signals.stockity_http: Aggregated into 16 1m candles
2026-06-09 09:35:26,256 [INFO] signals.stockity_http: Signal for CRYPTO_IDX: WAIT 50% (score=50, EMA5↓EMA10; RSI0 OS; midLo)
2026-06-09 09:35:26,413 [INFO] signals.stockity_http: Got 900 raw 1s candles for BTC_IDX (Z-CRY/IDX)
2026-06-09 09:35:26,415 [INFO] signals.stockity_http: Aggregated into 16 1m candles
2026-06-09 09:35:26,416 [INFO] signals.stockity_http: Signal for BTC_IDX: WAIT 50% (score=50, EMA5↓EMA10; RSI0 OS; midLo)
2026-06-09 09:35:26,563 [INFO] signals.stockity_http: Got 900 raw 1s candles for ETH_IDX (Z-CRY/IDX)
2026-06-09 09:35:26,564 [INFO] signals.stockity_http: Aggregated into 16 1m candles
2026-06-09 09:35:26,565 [INFO] signals.stockity_http: Signal for ETH_IDX: WAIT 50% (score=50, EMA5↓EMA10; RSI0 OS; midLo)
2026-06-09 09:35:26,708 [INFO] signals.stockity_http: Got 900 raw 1s candles for GOLD_IDX (Z-CRY/IDX)
2026-06-09 09:35:26,709 [INFO] signals.stockity_http: Aggregated into 16 1m candles
2026-06-09 09:35:26,709 [INFO] signals.stockity_http: Signal for GOLD_IDX: WAIT 50% (score=50, EMA5↓EMA10; RSI0 OS; midLo)
2026-06-09 09:35:39,084 [INFO] httpx: HTTP Request: POST https://api.telegram.org/bot8343388239:AAFgeAkc9bvjywyCsHqRIa_RiJ6q-rp6uv0/getUpdates "HTTP/1.1 200 OK"
2026-06-09 09:36:09,771 [INFO] httpx: HTTP Request: POST https://api.telegram.org/bot8343388239:AAFgeAkc9bvjywyCsHqRIa_RiJ6q-rp6uv0/getUpdates "HTTP/1.1 200 OK"
2026-06-09 09:36:41,196 [INFO] httpx: HTTP Request: POST https://api.telegram.org/bot8343388239:AAFgeAkc9bvjywyCsHqRIa_RiJ6q-rp6uv0/getUpdates "HTTP/1.1 200 OK"
2026-06-09 09:37:11,893 [INFO] httpx: HTTP Request: POST https://api.telegram.org/bot8343388239:AAFgeAkc9bvjywyCsHqRIa_RiJ6q-rp6uv0/getUpdates "HTTP/1.1 200 OK"
2026-06-09 09:37:42,581 [INFO] httpx: HTTP Request: POST https://api.telegram.org/bot8343388239:AAFgeAkc9bvjywyCsHqRIa_RiJ6q-rp6uv0/getUpdates "HTTP/1.1 200 OK"
2026-06-09 09:38:13,274 [INFO] httpx: HTTP Request: POST https://api.telegram.org/bot8343388239:AAFgeAkc9bvjywyCsHqRIa_RiJ6q-rp6uv0/getUpdates "HTTP/1.1 200 OK"
2026-06-09 09:38:43,970 [INFO] httpx: HTTP Request: POST https://api.telegram.org/bot8343388239:AAFgeAkc9bvjywyCsHqRIa_RiJ6q-rp6uv0/getUpdates "HTTP/1.1 200 OK"
2026-06-09 09:39:14,688 [INFO] httpx: HTTP Request: POST https://api.telegram.org/bot8343388239:AAFgeAkc9bvjywyCsHqRIa_RiJ6q-rp6uv0/getUpdates "HTTP/1.1 200 OK"
2026-06-09 09:39:45,379 [INFO] httpx: HTTP Request: POST https://api.telegram.org/bot8343388239:AAFgeAkc9bvjywyCsHqRIa_RiJ6q-rp6uv0/getUpdates "HTTP/1.1 200 OK"
2026-06-09 09:40:16,067 [INFO] httpx: HTTP Request: POST https://api.telegram.org/bot8343388239:AAFgeAkc9bvjywyCsHqRIa_RiJ6q-rp6uv0/getUpdates "HTTP/1.1 200 OK"
2026-06-09 09:40:26,905 [INFO] signals.stockity_http: Got 900 raw 1s candles for CRYPTO_IDX (Z-CRY/IDX)
2026-06-09 09:40:26,907 [INFO] signals.stockity_http: Aggregated into 16 1m candles
2026-06-09 09:40:26,907 [INFO] signals.stockity_http: Signal for CRYPTO_IDX: WAIT 50% (score=50, EMA5↓EMA10; RSI0 OS; midLo)
2026-06-09 09:40:27,054 [INFO] signals.stockity_http: Got 900 raw 1s candles for BTC_IDX (Z-CRY/IDX)
2026-06-09 09:40:27,055 [INFO] signals.stockity_http: Aggregated into 16 1m candles
2026-06-09 09:40:27,055 [INFO] signals.stockity_http: Signal for BTC_IDX: WAIT 50% (score=50, EMA5↓EMA10; RSI0 OS; midLo)
2026-06-09 09:40:27,200 [INFO] signals.stockity_http: Got 900 raw 1s candles for ETH_IDX (Z-CRY/IDX)
2026-06-09 09:40:27,201 [INFO] signals.stockity_http: Aggregated into 16 1m candles
2026-06-09 09:40:27,202 [INFO] signals.stockity_http: Signal for ETH_IDX: WAIT 50% (score=50, EMA5↓EMA10; RSI0 OS; midLo)
2026-06-09 09:40:27,352 [INFO] signals.stockity_http: Got 900 raw 1s candles for GOLD_IDX (Z-CRY/IDX)
2026-06-09 09:40:27,353 [INFO] signals.stockity_http: Aggregated into 16 1m candles
2026-06-09 09:40:27,353 [INFO] signals.stockity_http: Signal for GOLD_IDX: WAIT 50% (score=50, EMA5↓EMA10; RSI0 OS; midLo)
2026-06-09 09:40:46,763 [INFO] httpx: HTTP Request: POST https://api.telegram.org/bot8343388239:AAFgeAkc9bvjywyCsHqRIa_RiJ6q-rp6uv0/getUpdates "HTTP/1.1 200 OK"
2026-06-09 09:41:17,452 [INFO] httpx: HTTP Request: POST https://api.telegram.org/bot8343388239:AAFgeAkc9bvjywyCsHqRIa_RiJ6q-rp6uv0/getUpdates "HTTP/1.1 200 OK"
2026-06-09 09:41:48,139 [INFO] httpx: HTTP Request: POST https://api.telegram.org/bot8343388239:AAFgeAkc9bvjywyCsHqRIa_RiJ6q-rp6uv0/getUpdates "HTTP/1.1 200 OK"
2026-06-09 09:42:18,829 [INFO] httpx: HTTP Request: POST https://api.telegram.org/bot8343388239:AAFgeAkc9bvjywyCsHqRIa_RiJ6q-rp6uv0/getUpdates "HTTP/1.1 200 OK"
2026-06-09 09:42:49,517 [INFO] httpx: HTTP Request: POST https://api.telegram.org/bot8343388239:AAFgeAkc9bvjywyCsHqRIa_RiJ6q-rp6uv0/getUpdates "HTTP/1.1 200 OK"
2026-06-09 09:43:20,206 [INFO] httpx: HTTP Request: POST https://api.telegram.org/bot8343388239:AAFgeAkc9bvjywyCsHqRIa_RiJ6q-rp6uv0/getUpdates "HTTP/1.1 200 OK"
2026-06-09 09:43:50,898 [INFO] httpx: HTTP Request: POST https://api.telegram.org/bot8343388239:AAFgeAkc9bvjywyCsHqRIa_RiJ6q-rp6uv0/getUpdates "HTTP/1.1 200 OK"
2026-06-09 09:44:21,590 [INFO] httpx: HTTP Request: POST https://api.telegram.org/bot8343388239:AAFgeAkc9bvjywyCsHqRIa_RiJ6q-rp6uv0/getUpdates "HTTP/1.1 200 OK"
2026-06-09 09:44:52,279 [INFO] httpx: HTTP Request: POST https://api.telegram.org/bot8343388239:AAFgeAkc9bvjywyCsHqRIa_RiJ6q-rp6uv0/getUpdates "HTTP/1.1 200 OK"
2026-06-09 09:45:22,972 [INFO] httpx: HTTP Request: POST https://api.telegram.org/bot8343388239:AAFgeAkc9bvjywyCsHqRIa_RiJ6q-rp6uv0/getUpdates "HTTP/1.1 200 OK"
2026-06-09 09:45:27,722 [INFO] signals.stockity_http: Got 900 raw 1s candles for CRYPTO_IDX (Z-CRY/IDX)
2026-06-09 09:45:27,722 [INFO] signals.stockity_http: Aggregated into 16 1m candles
2026-06-09 09:45:27,723 [INFO] signals.stockity_http: Signal for CRYPTO_IDX: WAIT 59% (score=59, EMA5↑EMA10; RSI0 OS; rangeTop)
2026-06-09 09:45:27,933 [INFO] signals.stockity_http: Got 900 raw 1s candles for BTC_IDX (Z-CRY/IDX)
2026-06-09 09:45:27,934 [INFO] signals.stockity_http: Aggregated into 16 1m candles
2026-06-09 09:45:27,934 [INFO] signals.stockity_http: Signal for BTC_IDX: WAIT 59% (score=59, EMA5↑EMA10; RSI0 OS; rangeTop)
2026-06-09 09:45:28,069 [INFO] signals.stockity_http: Got 900 raw 1s candles for ETH_IDX (Z-CRY/IDX)
2026-06-09 09:45:28,070 [INFO] signals.stockity_http: Aggregated into 16 1m candles
2026-06-09 09:45:28,070 [INFO] signals.stockity_http: Signal for ETH_IDX: WAIT 59% (score=59, EMA5↑EMA10; RSI0 OS; rangeTop)
2026-06-09 09:45:28,223 [INFO] signals.stockity_http: Got 900 raw 1s candles for GOLD_IDX (Z-CRY/IDX)
2026-06-09 09:45:28,224 [INFO] signals.stockity_http: Aggregated into 16 1m candles
2026-06-09 09:45:28,224 [INFO] signals.stockity_http: Signal for GOLD_IDX: WAIT 59% (score=59, EMA5↑EMA10; RSI0 OS; rangeTop)
2026-06-09 09:45:53,667 [INFO] httpx: HTTP Request: POST https://api.telegram.org/bot8343388239:AAFgeAkc9bvjywyCsHqRIa_RiJ6q-rp6uv0/getUpdates "HTTP/1.1 200 OK"
2026-06-09 09:46:24,365 [INFO] httpx: HTTP Request: POST https://api.telegram.org/bot8343388239:AAFgeAkc9bvjywyCsHqRIa_RiJ6q-rp6uv0/getUpdates "HTTP/1.1 200 OK"
2026-06-09 09:46:55,054 [INFO] httpx: HTTP Request: POST https://api.telegram.org/bot8343388239:AAFgeAkc9bvjywyCsHqRIa_RiJ6q-rp6uv0/getUpdates "HTTP/1.1 200 OK"
2026-06-09 09:47:25,741 [INFO] httpx: HTTP Request: POST https://api.telegram.org/bot8343388239:AAFgeAkc9bvjywyCsHqRIa_RiJ6q-rp6uv0/getUpdates "HTTP/1.1 200 OK"
2026-06-09 09:47:56,433 [INFO] httpx: HTTP Request: POST https://api.telegram.org/bot8343388239:AAFgeAkc9bvjywyCsHqRIa_RiJ6q-rp6uv0/getUpdates "HTTP/1.1 200 OK"
2026-06-09 09:48:27,123 [INFO] httpx: HTTP Request: POST https://api.telegram.org/bot8343388239:AAFgeAkc9bvjywyCsHqRIa_RiJ6q-rp6uv0/getUpdates "HTTP/1.1 200 OK"
2026-06-09 09:48:57,813 [INFO] httpx: HTTP Request: POST https://api.telegram.org/bot8343388239:AAFgeAkc9bvjywyCsHqRIa_RiJ6q-rp6uv0/getUpdates "HTTP/1.1 200 OK"
2026-06-09 09:49:28,503 [INFO] httpx: HTTP Request: POST https://api.telegram.org/bot8343388239:AAFgeAkc9bvjywyCsHqRIa_RiJ6q-rp6uv0/getUpdates "HTTP/1.1 200 OK"
2026-06-09 09:49:59,196 [INFO] httpx: HTTP Request: POST https://api.telegram.org/bot8343388239:AAFgeAkc9bvjywyCsHqRIa_RiJ6q-rp6uv0/getUpdates "HTTP/1.1 200 OK"
2026-06-09 09:50:28,423 [INFO] signals.stockity_http: Got 900 raw 1s candles for CRYPTO_IDX (Z-CRY/IDX)
2026-06-09 09:50:28,424 [INFO] signals.stockity_http: Aggregated into 16 1m candles
2026-06-09 09:50:28,424 [INFO] signals.stockity_http: Signal for CRYPTO_IDX: WAIT 59% (score=59, EMA5↑EMA10; RSI0 OS; rangeTop)
2026-06-09 09:50:28,562 [INFO] signals.stockity_http: Got 900 raw 1s candles for BTC_IDX (Z-CRY/IDX)
2026-06-09 09:50:28,563 [INFO] signals.stockity_http: Aggregated into 16 1m candles
2026-06-09 09:50:28,563 [INFO] signals.stockity_http: Signal for BTC_IDX: WAIT 59% (score=59, EMA5↑EMA10; RSI0 OS; rangeTop)
2026-06-09 09:50:28,734 [INFO] signals.stockity_http: Got 900 raw 1s candles for ETH_IDX (Z-CRY/IDX)
2026-06-09 09:50:28,734 [INFO] signals.stockity_http: Aggregated into 16 1m candles
2026-06-09 09:50:28,735 [INFO] signals.stockity_http: Signal for ETH_IDX: WAIT 59% (score=59, EMA5↑EMA10; RSI0 OS; rangeTop)
2026-06-09 09:50:28,887 [INFO] signals.stockity_http: Got 900 raw 1s candles for GOLD_IDX (Z-CRY/IDX)
2026-06-09 09:50:28,888 [INFO] signals.stockity_http: Aggregated into 16 1m candles
2026-06-09 09:50:28,888 [INFO] signals.stockity_http: Signal for GOLD_IDX: WAIT 59% (score=59, EMA5↑EMA10; RSI0 OS; rangeTop)
2026-06-09 09:50:29,895 [INFO] httpx: HTTP Request: POST https://api.telegram.org/bot8343388239:AAFgeAkc9bvjywyCsHqRIa_RiJ6q-rp6uv0/getUpdates "HTTP/1.1 200 OK"
2026-06-09 09:51:00,593 [INFO] httpx: HTTP Request: POST https://api.telegram.org/bot8343388239:AAFgeAkc9bvjywyCsHqRIa_RiJ6q-rp6uv0/getUpdates "HTTP/1.1 200 OK"
2026-06-09 09:51:31,285 [INFO] httpx: HTTP Request: POST https://api.telegram.org/bot8343388239:AAFgeAkc9bvjywyCsHqRIa_RiJ6q-rp6uv0/getUpdates "HTTP/1.1 200 OK"
2026-06-09 09:52:01,979 [INFO] httpx: HTTP Request: POST https://api.telegram.org/bot8343388239:AAFgeAkc9bvjywyCsHqRIa_RiJ6q-rp6uv0/getUpdates "HTTP/1.1 200 OK"
2026-06-09 09:52:32,675 [INFO] httpx: HTTP Request: POST https://api.telegram.org/bot8343388239:AAFgeAkc9bvjywyCsHqRIa_RiJ6q-rp6uv0/getUpdates "HTTP/1.1 200 OK"
2026-06-09 09:53:03,366 [INFO] httpx: HTTP Request: POST https://api.telegram.org/bot8343388239:AAFgeAkc9bvjywyCsHqRIa_RiJ6q-rp6uv0/getUpdates "HTTP/1.1 200 OK"
2026-06-09 09:53:34,055 [INFO] httpx: HTTP Request: POST https://api.telegram.org/bot8343388239:AAFgeAkc9bvjywyCsHqRIa_RiJ6q-rp6uv0/getUpdates "HTTP/1.1 200 OK"
2026-06-09 09:54:04,743 [INFO] httpx: HTTP Request: POST https://api.telegram.org/bot8343388239:AAFgeAkc9bvjywyCsHqRIa_RiJ6q-rp6uv0/getUpdates "HTTP/1.1 200 OK"
2026-06-09 09:54:35,839 [INFO] httpx: HTTP Request: POST https://api.telegram.org/bot8343388239:AAFgeAkc9bvjywyCsHqRIa_RiJ6q-rp6uv0/getUpdates "HTTP/1.1 200 OK"
2026-06-09 09:55:06,526 [INFO] httpx: HTTP Request: POST https://api.telegram.org/bot8343388239:AAFgeAkc9bvjywyCsHqRIa_RiJ6q-rp6uv0/getUpdates "HTTP/1.1 200 OK"
2026-06-09 09:55:29,081 [INFO] signals.stockity_http: Got 900 raw 1s candles for CRYPTO_IDX (Z-CRY/IDX)
2026-06-09 09:55:29,083 [INFO] signals.stockity_http: Aggregated into 16 1m candles
2026-06-09 09:55:29,083 [INFO] signals.stockity_http: Signal for CRYPTO_IDX: WAIT 59% (score=59, EMA5↑EMA10; RSI0 OS; rangeTop)
2026-06-09 09:55:29,238 [INFO] signals.stockity_http: Got 900 raw 1s candles for BTC_IDX (Z-CRY/IDX)
2026-06-09 09:55:29,240 [INFO] signals.stockity_http: Aggregated into 16 1m candles
2026-06-09 09:55:29,240 [INFO] signals.stockity_http: Signal for BTC_IDX: WAIT 59% (score=59, EMA5↑EMA10; RSI0 OS; rangeTop)
2026-06-09 09:55:29,375 [INFO] signals.stockity_http: Got 900 raw 1s candles for ETH_IDX (Z-CRY/IDX)
2026-06-09 09:55:29,375 [INFO] signals.stockity_http: Aggregated into 16 1m candles
2026-06-09 09:55:29,376 [INFO] signals.stockity_http: Signal for ETH_IDX: WAIT 59% (score=59, EMA5↑EMA10; RSI0 OS; rangeTop)
2026-06-09 09:55:29,519 [INFO] signals.stockity_http: Got 900 raw 1s candles for GOLD_IDX (Z-CRY/IDX)
2026-06-09 09:55:29,520 [INFO] signals.stockity_http: Aggregated into 16 1m candles
2026-06-09 09:55:29,521 [INFO] signals.stockity_http: Signal for GOLD_IDX: WAIT 59% (score=59, EMA5↑EMA10; RSI0 OS; rangeTop)
2026-06-09 09:55:37,218 [INFO] httpx: HTTP Request: POST https://api.telegram.org/bot8343388239:AAFgeAkc9bvjywyCsHqRIa_RiJ6q-rp6uv0/getUpdates "HTTP/1.1 200 OK"
2026-06-09 09:56:07,909 [INFO] httpx: HTTP Request: POST https://api.telegram.org/bot8343388239:AAFgeAkc9bvjywyCsHqRIa_RiJ6q-rp6uv0/getUpdates "HTTP/1.1 200 OK"
2026-06-09 09:56:38,605 [INFO] httpx: HTTP Request: POST https://api.telegram.org/bot8343388239:AAFgeAkc9bvjywyCsHqRIa_RiJ6q-rp6uv0/getUpdates "HTTP/1.1 200 OK"
2026-06-09 09:57:09,297 [INFO] httpx: HTTP Request: POST https://api.telegram.org/bot8343388239:AAFgeAkc9bvjywyCsHqRIa_RiJ6q-rp6uv0/getUpdates "HTTP/1.1 200 OK"
2026-06-09 09:57:39,987 [INFO] httpx: HTTP Request: POST https://api.telegram.org/bot8343388239:AAFgeAkc9bvjywyCsHqRIa_RiJ6q-rp6uv0/getUpdates "HTTP/1.1 200 OK"
2026-06-09 09:58:10,682 [INFO] httpx: HTTP Request: POST https://api.telegram.org/bot8343388239:AAFgeAkc9bvjywyCsHqRIa_RiJ6q-rp6uv0/getUpdates "HTTP/1.1 200 OK"
2026-06-09 09:58:41,388 [INFO] httpx: HTTP Request: POST https://api.telegram.org/bot8343388239:AAFgeAkc9bvjywyCsHqRIa_RiJ6q-rp6uv0/getUpdates "HTTP/1.1 200 OK"
2026-06-09 09:59:12,083 [INFO] httpx: HTTP Request: POST https://api.telegram.org/bot8343388239:AAFgeAkc9bvjywyCsHqRIa_RiJ6q-rp6uv0/getUpdates "HTTP/1.1 200 OK"
2026-06-09 09:59:42,778 [INFO] httpx: HTTP Request: POST https://api.telegram.org/bot8343388239:AAFgeAkc9bvjywyCsHqRIa_RiJ6q-rp6uv0/getUpdates "HTTP/1.1 200 OK"
2026-06-09 10:00:13,468 [INFO] httpx: HTTP Request: POST https://api.telegram.org/bot8343388239:AAFgeAkc9bvjywyCsHqRIa_RiJ6q-rp6uv0/getUpdates "HTTP/1.1 200 OK"
2026-06-09 10:00:29,894 [INFO] signals.stockity_http: Got 900 raw 1s candles for CRYPTO_IDX (Z-CRY/IDX)
2026-06-09 10:00:29,896 [INFO] signals.stockity_http: Aggregated into 16 1m candles
2026-06-09 10:00:29,896 [INFO] signals.stockity_http: Signal for CRYPTO_IDX: CALL 66% (score=66, EMA5↑EMA10; RSI0 OS; midHi)
2026-06-09 10:00:29,897 [INFO] subscription_bot.signaler: NEW signal: CRYPTO_IDX CALL 66%
2026-06-09 10:00:30,647 [INFO] httpx: HTTP Request: POST https://api.telegram.org/bot8343388239:AAFgeAkc9bvjywyCsHqRIa_RiJ6q-rp6uv0/sendMessage "HTTP/1.1 200 OK"
2026-06-09 10:00:30,680 [INFO] subscription_bot.bot: Signal dispatched to 1/1 subscribers
2026-06-09 10:00:30,841 [INFO] signals.stockity_http: Got 900 raw 1s candles for BTC_IDX (Z-CRY/IDX)
2026-06-09 10:00:30,842 [INFO] signals.stockity_http: Aggregated into 16 1m candles
2026-06-09 10:00:30,842 [INFO] signals.stockity_http: Signal for BTC_IDX: CALL 66% (score=66, EMA5↑EMA10; RSI0 OS; midHi)
2026-06-09 10:00:30,842 [INFO] subscription_bot.signaler: NEW signal: BTC_IDX CALL 66%
2026-06-09 10:00:31,216 [INFO] httpx: HTTP Request: POST https://api.telegram.org/bot8343388239:AAFgeAkc9bvjywyCsHqRIa_RiJ6q-rp6uv0/sendMessage "HTTP/1.1 200 OK"
2026-06-09 10:00:31,247 [INFO] subscription_bot.bot: Signal dispatched to 1/1 subscribers
2026-06-09 10:00:31,380 [INFO] signals.stockity_http: Got 900 raw 1s candles for ETH_IDX (Z-CRY/IDX)
2026-06-09 10:00:31,381 [INFO] signals.stockity_http: Aggregated into 16 1m candles
2026-06-09 10:00:31,381 [INFO] signals.stockity_http: Signal for ETH_IDX: CALL 66% (score=66, EMA5↑EMA10; RSI0 OS; midHi)
2026-06-09 10:00:31,381 [INFO] subscription_bot.signaler: NEW signal: ETH_IDX CALL 66%
2026-06-09 10:00:31,764 [INFO] httpx: HTTP Request: POST https://api.telegram.org/bot8343388239:AAFgeAkc9bvjywyCsHqRIa_RiJ6q-rp6uv0/sendMessage "HTTP/1.1 200 OK"
2026-06-09 10:00:31,795 [INFO] subscription_bot.bot: Signal dispatched to 1/1 subscribers
2026-06-09 10:00:31,938 [INFO] signals.stockity_http: Got 900 raw 1s candles for GOLD_IDX (Z-CRY/IDX)
2026-06-09 10:00:31,938 [INFO] signals.stockity_http: Aggregated into 16 1m candles
2026-06-09 10:00:31,938 [INFO] signals.stockity_http: Signal for GOLD_IDX: CALL 66% (score=66, EMA5↑EMA10; RSI0 OS; midHi)
2026-06-09 10:00:31,938 [INFO] subscription_bot.signaler: NEW signal: GOLD_IDX CALL 66%
2026-06-09 10:00:32,309 [INFO] httpx: HTTP Request: POST https://api.telegram.org/bot8343388239:AAFgeAkc9bvjywyCsHqRIa_RiJ6q-rp6uv0/sendMessage "HTTP/1.1 200 OK"
2026-06-09 10:00:32,340 [INFO] subscription_bot.bot: Signal dispatched to 1/1 subscribers
2026-06-09 10:00:44,167 [INFO] httpx: HTTP Request: POST https://api.telegram.org/bot8343388239:AAFgeAkc9bvjywyCsHqRIa_RiJ6q-rp6uv0/getUpdates "HTTP/1.1 200 OK"
2026-06-09 10:01:14,859 [INFO] httpx: HTTP Request: POST https://api.telegram.org/bot8343388239:AAFgeAkc9bvjywyCsHqRIa_RiJ6q-rp6uv0/getUpdates "HTTP/1.1 200 OK"
2026-06-09 10:01:45,550 [INFO] httpx: HTTP Request: POST https://api.telegram.org/bot8343388239:AAFgeAkc9bvjywyCsHqRIa_RiJ6q-rp6uv0/getUpdates "HTTP/1.1 200 OK"
2026-06-09 10:02:16,243 [INFO] httpx: HTTP Request: POST https://api.telegram.org/bot8343388239:AAFgeAkc9bvjywyCsHqRIa_RiJ6q-rp6uv0/getUpdates "HTTP/1.1 200 OK"
2026-06-09 10:02:46,933 [INFO] httpx: HTTP Request: POST https://api.telegram.org/bot8343388239:AAFgeAkc9bvjywyCsHqRIa_RiJ6q-rp6uv0/getUpdates "HTTP/1.1 200 OK"
2026-06-09 10:03:17,622 [INFO] httpx: HTTP Request: POST https://api.telegram.org/bot8343388239:AAFgeAkc9bvjywyCsHqRIa_RiJ6q-rp6uv0/getUpdates "HTTP/1.1 200 OK"
2026-06-09 10:03:48,315 [INFO] httpx: HTTP Request: POST https://api.telegram.org/bot8343388239:AAFgeAkc9bvjywyCsHqRIa_RiJ6q-rp6uv0/getUpdates "HTTP/1.1 200 OK"
2026-06-09 10:04:19,014 [INFO] httpx: HTTP Request: POST https://api.telegram.org/bot8343388239:AAFgeAkc9bvjywyCsHqRIa_RiJ6q-rp6uv0/getUpdates "HTTP/1.1 200 OK"
2026-06-09 10:04:49,708 [INFO] httpx: HTTP Request: POST https://api.telegram.org/bot8343388239:AAFgeAkc9bvjywyCsHqRIa_RiJ6q-rp6uv0/getUpdates "HTTP/1.1 200 OK"
2026-06-09 10:05:20,399 [INFO] httpx: HTTP Request: POST https://api.telegram.org/bot8343388239:AAFgeAkc9bvjywyCsHqRIa_RiJ6q-rp6uv0/getUpdates "HTTP/1.1 200 OK"
2026-06-09 10:05:32,523 [INFO] signals.stockity_http: Got 900 raw 1s candles for CRYPTO_IDX (Z-CRY/IDX)
2026-06-09 10:05:32,524 [INFO] signals.stockity_http: Aggregated into 16 1m candles
2026-06-09 10:05:32,524 [INFO] signals.stockity_http: Signal for CRYPTO_IDX: CALL 66% (score=66, EMA5↑EMA10; RSI0 OS; midHi)
2026-06-09 10:05:32,680 [INFO] signals.stockity_http: Got 900 raw 1s candles for BTC_IDX (Z-CRY/IDX)
2026-06-09 10:05:32,681 [INFO] signals.stockity_http: Aggregated into 16 1m candles
2026-06-09 10:05:32,681 [INFO] signals.stockity_http: Signal for BTC_IDX: CALL 66% (score=66, EMA5↑EMA10; RSI0 OS; midHi)
2026-06-09 10:05:32,962 [INFO] signals.stockity_http: Got 900 raw 1s candles for ETH_IDX (Z-CRY/IDX)
2026-06-09 10:05:32,962 [INFO] signals.stockity_http: Aggregated into 16 1m candles
2026-06-09 10:05:32,963 [INFO] signals.stockity_http: Signal for ETH_IDX: CALL 66% (score=66, EMA5↑EMA10; RSI0 OS; midHi)
2026-06-09 10:05:33,109 [INFO] signals.stockity_http: Got 900 raw 1s candles for GOLD_IDX (Z-CRY/IDX)
2026-06-09 10:05:33,109 [INFO] signals.stockity_http: Aggregated into 16 1m candles
2026-06-09 10:05:33,109 [INFO] signals.stockity_http: Signal for GOLD_IDX: CALL 66% (score=66, EMA5↑EMA10; RSI0 OS; midHi)
2026-06-09 10:05:51,097 [INFO] httpx: HTTP Request: POST https://api.telegram.org/bot8343388239:AAFgeAkc9bvjywyCsHqRIa_RiJ6q-rp6uv0/getUpdates "HTTP/1.1 200 OK"
2026-06-09 10:06:21,793 [INFO] httpx: HTTP Request: POST https://api.telegram.org/bot8343388239:AAFgeAkc9bvjywyCsHqRIa_RiJ6q-rp6uv0/getUpdates "HTTP/1.1 200 OK"
2026-06-09 10:06:52,490 [INFO] httpx: HTTP Request: POST https://api.telegram.org/bot8343388239:AAFgeAkc9bvjywyCsHqRIa_RiJ6q-rp6uv0/getUpdates "HTTP/1.1 200 OK"
2026-06-09 10:07:23,178 [INFO] httpx: HTTP Request: POST https://api.telegram.org/bot8343388239:AAFgeAkc9bvjywyCsHqRIa_RiJ6q-rp6uv0/getUpdates "HTTP/1.1 200 OK"
2026-06-09 10:07:53,867 [INFO] httpx: HTTP Request: POST https://api.telegram.org/bot8343388239:AAFgeAkc9bvjywyCsHqRIa_RiJ6q-rp6uv0/getUpdates "HTTP/1.1 200 OK"
2026-06-09 10:08:24,561 [INFO] httpx: HTTP Request: POST https://api.telegram.org/bot8343388239:AAFgeAkc9bvjywyCsHqRIa_RiJ6q-rp6uv0/getUpdates "HTTP/1.1 200 OK"
2026-06-09 10:08:55,257 [INFO] httpx: HTTP Request: POST https://api.telegram.org/bot8343388239:AAFgeAkc9bvjywyCsHqRIa_RiJ6q-rp6uv0/getUpdates "HTTP/1.1 200 OK"
2026-06-09 10:09:25,952 [INFO] httpx: HTTP Request: POST https://api.telegram.org/bot8343388239:AAFgeAkc9bvjywyCsHqRIa_RiJ6q-rp6uv0/getUpdates "HTTP/1.1 200 OK"
2026-06-09 10:09:56,646 [INFO] httpx: HTTP Request: POST https://api.telegram.org/bot8343388239:AAFgeAkc9bvjywyCsHqRIa_RiJ6q-rp6uv0/getUpdates "HTTP/1.1 200 OK"
2026-06-09 10:10:27,342 [INFO] httpx: HTTP Request: POST https://api.telegram.org/bot8343388239:AAFgeAkc9bvjywyCsHqRIa_RiJ6q-rp6uv0/getUpdates "HTTP/1.1 200 OK"
2026-06-09 10:10:33,284 [INFO] signals.stockity_http: Got 900 raw 1s candles for CRYPTO_IDX (Z-CRY/IDX)
2026-06-09 10:10:33,284 [INFO] signals.stockity_http: Aggregated into 16 1m candles
2026-06-09 10:10:33,284 [INFO] signals.stockity_http: Signal for CRYPTO_IDX: CALL 66% (score=66, EMA5↑EMA10; RSI0 OS; midHi)
2026-06-09 10:10:33,424 [INFO] signals.stockity_http: Got 900 raw 1s candles for BTC_IDX (Z-CRY/IDX)
2026-06-09 10:10:33,424 [INFO] signals.stockity_http: Aggregated into 16 1m candles
2026-06-09 10:10:33,424 [INFO] signals.stockity_http: Signal for BTC_IDX: CALL 66% (score=66, EMA5↑EMA10; RSI0 OS; midHi)
2026-06-09 10:10:34,611 [INFO] signals.stockity_http: Got 900 raw 1s candles for ETH_IDX (Z-CRY/IDX)
2026-06-09 10:10:34,611 [INFO] signals.stockity_http: Aggregated into 16 1m candles
2026-06-09 10:10:34,611 [INFO] signals.stockity_http: Signal for ETH_IDX: CALL 66% (score=66, EMA5↑EMA10; RSI0 OS; midHi)
2026-06-09 10:10:34,748 [INFO] signals.stockity_http: Got 900 raw 1s candles for GOLD_IDX (Z-CRY/IDX)
2026-06-09 10:10:34,749 [INFO] signals.stockity_http: Aggregated into 16 1m candles
2026-06-09 10:10:34,749 [INFO] signals.stockity_http: Signal for GOLD_IDX: CALL 66% (score=66, EMA5↑EMA10; RSI0 OS; midHi)
2026-06-09 10:10:58,037 [INFO] httpx: HTTP Request: POST https://api.telegram.org/bot8343388239:AAFgeAkc9bvjywyCsHqRIa_RiJ6q-rp6uv0/getUpdates "HTTP/1.1 200 OK"
2026-06-09 10:11:28,728 [INFO] httpx: HTTP Request: POST https://api.telegram.org/bot8343388239:AAFgeAkc9bvjywyCsHqRIa_RiJ6q-rp6uv0/getUpdates "HTTP/1.1 200 OK"
2026-06-09 10:11:59,422 [INFO] httpx: HTTP Request: POST https://api.telegram.org/bot8343388239:AAFgeAkc9bvjywyCsHqRIa_RiJ6q-rp6uv0/getUpdates "HTTP/1.1 200 OK"
2026-06-09 10:12:30,114 [INFO] httpx: HTTP Request: POST https://api.telegram.org/bot8343388239:AAFgeAkc9bvjywyCsHqRIa_RiJ6q-rp6uv0/getUpdates "HTTP/1.1 200 OK"
2026-06-09 10:13:00,802 [INFO] httpx: HTTP Request: POST https://api.telegram.org/bot8343388239:AAFgeAkc9bvjywyCsHqRIa_RiJ6q-rp6uv0/getUpdates "HTTP/1.1 200 OK"
2026-06-09 10:13:31,488 [INFO] httpx: HTTP Request: POST https://api.telegram.org/bot8343388239:AAFgeAkc9bvjywyCsHqRIa_RiJ6q-rp6uv0/getUpdates "HTTP/1.1 200 OK"
2026-06-09 10:14:02,178 [INFO] httpx: HTTP Request: POST https://api.telegram.org/bot8343388239:AAFgeAkc9bvjywyCsHqRIa_RiJ6q-rp6uv0/getUpdates "HTTP/1.1 200 OK"
2026-06-09 10:14:32,876 [INFO] httpx: HTTP Request: POST https://api.telegram.org/bot8343388239:AAFgeAkc9bvjywyCsHqRIa_RiJ6q-rp6uv0/getUpdates "HTTP/1.1 200 OK"
2026-06-09 10:15:03,567 [INFO] httpx: HTTP Request: POST https://api.telegram.org/bot8343388239:AAFgeAkc9bvjywyCsHqRIa_RiJ6q-rp6uv0/getUpdates "HTTP/1.1 200 OK"
2026-06-09 10:15:34,257 [INFO] httpx: HTTP Request: POST https://api.telegram.org/bot8343388239:AAFgeAkc9bvjywyCsHqRIa_RiJ6q-rp6uv0/getUpdates "HTTP/1.1 200 OK"
2026-06-09 10:15:35,121 [INFO] signals.stockity_http: Got 900 raw 1s candles for CRYPTO_IDX (Z-CRY/IDX)
2026-06-09 10:15:35,123 [INFO] signals.stockity_http: Aggregated into 16 1m candles
2026-06-09 10:15:35,123 [INFO] signals.stockity_http: Signal for CRYPTO_IDX: CALL 62% (score=62, EMA5↑EMA10; RSI0 OS; midLo)
2026-06-09 10:15:35,267 [INFO] signals.stockity_http: Got 900 raw 1s candles for BTC_IDX (Z-CRY/IDX)
2026-06-09 10:15:35,268 [INFO] signals.stockity_http: Aggregated into 16 1m candles
2026-06-09 10:15:35,268 [INFO] signals.stockity_http: Signal for BTC_IDX: CALL 62% (score=62, EMA5↑EMA10; RSI0 OS; midLo)
2026-06-09 10:15:35,414 [INFO] signals.stockity_http: Got 900 raw 1s candles for ETH_IDX (Z-CRY/IDX)
2026-06-09 10:15:35,415 [INFO] signals.stockity_http: Aggregated into 16 1m candles
2026-06-09 10:15:35,415 [INFO] signals.stockity_http: Signal for ETH_IDX: CALL 62% (score=62, EMA5↑EMA10; RSI0 OS; midLo)
2026-06-09 10:15:35,552 [INFO] signals.stockity_http: Got 900 raw 1s candles for GOLD_IDX (Z-CRY/IDX)
2026-06-09 10:15:35,553 [INFO] signals.stockity_http: Aggregated into 16 1m candles
2026-06-09 10:15:35,553 [INFO] signals.stockity_http: Signal for GOLD_IDX: CALL 62% (score=62, EMA5↑EMA10; RSI0 OS; midLo)
2026-06-09 10:16:05,744 [INFO] httpx: HTTP Request: POST https://api.telegram.org/bot8343388239:AAFgeAkc9bvjywyCsHqRIa_RiJ6q-rp6uv0/getUpdates "HTTP/1.1 200 OK"
2026-06-09 10:16:36,439 [INFO] httpx: HTTP Request: POST https://api.telegram.org/bot8343388239:AAFgeAkc9bvjywyCsHqRIa_RiJ6q-rp6uv0/getUpdates "HTTP/1.1 200 OK"
2026-06-09 10:17:07,130 [INFO] httpx: HTTP Request: POST https://api.telegram.org/bot8343388239:AAFgeAkc9bvjywyCsHqRIa_RiJ6q-rp6uv0/getUpdates "HTTP/1.1 200 OK"
2026-06-09 10:17:37,835 [INFO] httpx: HTTP Request: POST https://api.telegram.org/bot8343388239:AAFgeAkc9bvjywyCsHqRIa_RiJ6q-rp6uv0/getUpdates "HTTP/1.1 200 OK"
2026-06-09 10:18:08,527 [INFO] httpx: HTTP Request: POST https://api.telegram.org/bot8343388239:AAFgeAkc9bvjywyCsHqRIa_RiJ6q-rp6uv0/getUpdates "HTTP/1.1 200 OK"
2026-06-09 10:18:39,216 [INFO] httpx: HTTP Request: POST https://api.telegram.org/bot8343388239:AAFgeAkc9bvjywyCsHqRIa_RiJ6q-rp6uv0/getUpdates "HTTP/1.1 200 OK"
2026-06-09 10:19:09,903 [INFO] httpx: HTTP Request: POST https://api.telegram.org/bot8343388239:AAFgeAkc9bvjywyCsHqRIa_RiJ6q-rp6uv0/getUpdates "HTTP/1.1 200 OK"
2026-06-09 10:19:40,590 [INFO] httpx: HTTP Request: POST https://api.telegram.org/bot8343388239:AAFgeAkc9bvjywyCsHqRIa_RiJ6q-rp6uv0/getUpdates "HTTP/1.1 200 OK"
2026-06-09 10:20:11,286 [INFO] httpx: HTTP Request: POST https://api.telegram.org/bot8343388239:AAFgeAkc9bvjywyCsHqRIa_RiJ6q-rp6uv0/getUpdates "HTTP/1.1 200 OK"
2026-06-09 10:20:35,760 [INFO] signals.stockity_http: Got 900 raw 1s candles for CRYPTO_IDX (Z-CRY/IDX)
2026-06-09 10:20:35,761 [INFO] signals.stockity_http: Aggregated into 16 1m candles
2026-06-09 10:20:35,761 [INFO] signals.stockity_http: Signal for CRYPTO_IDX: CALL 62% (score=62, EMA5↑EMA10; RSI0 OS; midLo)
2026-06-09 10:20:35,896 [INFO] signals.stockity_http: Got 900 raw 1s candles for BTC_IDX (Z-CRY/IDX)
2026-06-09 10:20:35,896 [INFO] signals.stockity_http: Aggregated into 16 1m candles
2026-06-09 10:20:35,896 [INFO] signals.stockity_http: Signal for BTC_IDX: CALL 62% (score=62, EMA5↑EMA10; RSI0 OS; midLo)
2026-06-09 10:20:36,033 [INFO] signals.stockity_http: Got 900 raw 1s candles for ETH_IDX (Z-CRY/IDX)
2026-06-09 10:20:36,034 [INFO] signals.stockity_http: Aggregated into 16 1m candles
2026-06-09 10:20:36,034 [INFO] signals.stockity_http: Signal for ETH_IDX: CALL 62% (score=62, EMA5↑EMA10; RSI0 OS; midLo)
2026-06-09 10:20:36,180 [INFO] signals.stockity_http: Got 900 raw 1s candles for GOLD_IDX (Z-CRY/IDX)
2026-06-09 10:20:36,180 [INFO] signals.stockity_http: Aggregated into 16 1m candles
2026-06-09 10:20:36,181 [INFO] signals.stockity_http: Signal for GOLD_IDX: CALL 62% (score=62, EMA5↑EMA10; RSI0 OS; midLo)
2026-06-09 10:20:41,986 [INFO] httpx: HTTP Request: POST https://api.telegram.org/bot8343388239:AAFgeAkc9bvjywyCsHqRIa_RiJ6q-rp6uv0/getUpdates "HTTP/1.1 200 OK"
2026-06-09 10:21:12,676 [INFO] httpx: HTTP Request: POST https://api.telegram.org/bot8343388239:AAFgeAkc9bvjywyCsHqRIa_RiJ6q-rp6uv0/getUpdates "HTTP/1.1 200 OK"
2026-06-09 10:21:43,379 [INFO] httpx: HTTP Request: POST https://api.telegram.org/bot8343388239:AAFgeAkc9bvjywyCsHqRIa_RiJ6q-rp6uv0/getUpdates "HTTP/1.1 200 OK"
2026-06-09 10:22:14,073 [INFO] httpx: HTTP Request: POST https://api.telegram.org/bot8343388239:AAFgeAkc9bvjywyCsHqRIa_RiJ6q-rp6uv0/getUpdates "HTTP/1.1 200 OK"
2026-06-09 10:22:45,172 [INFO] httpx: HTTP Request: POST https://api.telegram.org/bot8343388239:AAFgeAkc9bvjywyCsHqRIa_RiJ6q-rp6uv0/getUpdates "HTTP/1.1 200 OK"
2026-06-09 10:23:15,863 [INFO] httpx: HTTP Request: POST https://api.telegram.org/bot8343388239:AAFgeAkc9bvjywyCsHqRIa_RiJ6q-rp6uv0/getUpdates "HTTP/1.1 200 OK"
2026-06-09 10:23:46,562 [INFO] httpx: HTTP Request: POST https://api.telegram.org/bot8343388239:AAFgeAkc9bvjywyCsHqRIa_RiJ6q-rp6uv0/getUpdates "HTTP/1.1 200 OK"
2026-06-09 10:24:17,627 [INFO] httpx: HTTP Request: POST https://api.telegram.org/bot8343388239:AAFgeAkc9bvjywyCsHqRIa_RiJ6q-rp6uv0/getUpdates "HTTP/1.1 200 OK"
2026-06-09 10:24:48,315 [INFO] httpx: HTTP Request: POST https://api.telegram.org/bot8343388239:AAFgeAkc9bvjywyCsHqRIa_RiJ6q-rp6uv0/getUpdates "HTTP/1.1 200 OK"
2026-06-09 10:25:19,006 [INFO] httpx: HTTP Request: POST https://api.telegram.org/bot8343388239:AAFgeAkc9bvjywyCsHqRIa_RiJ6q-rp6uv0/getUpdates "HTTP/1.1 200 OK"
2026-06-09 10:25:36,371 [INFO] signals.stockity_http: Got 900 raw 1s candles for CRYPTO_IDX (Z-CRY/IDX)
2026-06-09 10:25:36,371 [INFO] signals.stockity_http: Aggregated into 16 1m candles
2026-06-09 10:25:36,371 [INFO] signals.stockity_http: Signal for CRYPTO_IDX: CALL 62% (score=62, EMA5↑EMA10; RSI0 OS; midLo)
2026-06-09 10:25:36,504 [INFO] signals.stockity_http: Got 900 raw 1s candles for BTC_IDX (Z-CRY/IDX)
2026-06-09 10:25:36,505 [INFO] signals.stockity_http: Aggregated into 16 1m candles
2026-06-09 10:25:36,505 [INFO] signals.stockity_http: Signal for BTC_IDX: CALL 62% (score=62, EMA5↑EMA10; RSI0 OS; midLo)
2026-06-09 10:25:36,639 [INFO] signals.stockity_http: Got 900 raw 1s candles for ETH_IDX (Z-CRY/IDX)
2026-06-09 10:25:36,640 [INFO] signals.stockity_http: Aggregated into 16 1m candles
2026-06-09 10:25:36,640 [INFO] signals.stockity_http: Signal for ETH_IDX: CALL 62% (score=62, EMA5↑EMA10; RSI0 OS; midLo)
2026-06-09 10:25:36,781 [INFO] signals.stockity_http: Got 900 raw 1s candles for GOLD_IDX (Z-CRY/IDX)
2026-06-09 10:25:36,782 [INFO] signals.stockity_http: Aggregated into 16 1m candles
2026-06-09 10:25:36,782 [INFO] signals.stockity_http: Signal for GOLD_IDX: CALL 62% (score=62, EMA5↑EMA10; RSI0 OS; midLo)
2026-06-09 10:25:49,694 [INFO] httpx: HTTP Request: POST https://api.telegram.org/bot8343388239:AAFgeAkc9bvjywyCsHqRIa_RiJ6q-rp6uv0/getUpdates "HTTP/1.1 200 OK"
2026-06-09 10:26:20,829 [INFO] httpx: HTTP Request: POST https://api.telegram.org/bot8343388239:AAFgeAkc9bvjywyCsHqRIa_RiJ6q-rp6uv0/getUpdates "HTTP/1.1 200 OK"
2026-06-09 10:26:51,516 [INFO] httpx: HTTP Request: POST https://api.telegram.org/bot8343388239:AAFgeAkc9bvjywyCsHqRIa_RiJ6q-rp6uv0/getUpdates "HTTP/1.1 200 OK"
2026-06-09 10:27:22,203 [INFO] httpx: HTTP Request: POST https://api.telegram.org/bot8343388239:AAFgeAkc9bvjywyCsHqRIa_RiJ6q-rp6uv0/getUpdates "HTTP/1.1 200 OK"
2026-06-09 10:27:52,893 [INFO] httpx: HTTP Request: POST https://api.telegram.org/bot8343388239:AAFgeAkc9bvjywyCsHqRIa_RiJ6q-rp6uv0/getUpdates "HTTP/1.1 200 OK"
2026-06-09 10:28:23,581 [INFO] httpx: HTTP Request: POST https://api.telegram.org/bot8343388239:AAFgeAkc9bvjywyCsHqRIa_RiJ6q-rp6uv0/getUpdates "HTTP/1.1 200 OK"
2026-06-09 10:28:54,269 [INFO] httpx: HTTP Request: POST https://api.telegram.org/bot8343388239:AAFgeAkc9bvjywyCsHqRIa_RiJ6q-rp6uv0/getUpdates "HTTP/1.1 200 OK"
2026-06-09 10:29:24,957 [INFO] httpx: HTTP Request: POST https://api.telegram.org/bot8343388239:AAFgeAkc9bvjywyCsHqRIa_RiJ6q-rp6uv0/getUpdates "HTTP/1.1 200 OK"
2026-06-09 10:29:55,648 [INFO] httpx: HTTP Request: POST https://api.telegram.org/bot8343388239:AAFgeAkc9bvjywyCsHqRIa_RiJ6q-rp6uv0/getUpdates "HTTP/1.1 200 OK"
2026-06-09 10:30:26,347 [INFO] httpx: HTTP Request: POST https://api.telegram.org/bot8343388239:AAFgeAkc9bvjywyCsHqRIa_RiJ6q-rp6uv0/getUpdates "HTTP/1.1 200 OK"
2026-06-09 10:30:37,247 [INFO] signals.stockity_http: Got 900 raw 1s candles for CRYPTO_IDX (Z-CRY/IDX)
2026-06-09 10:30:37,248 [INFO] signals.stockity_http: Aggregated into 16 1m candles
2026-06-09 10:30:37,248 [INFO] signals.stockity_http: Signal for CRYPTO_IDX: WAIT 57% (score=57, EMA5↓EMA10; RSI0 OS; rangeBot)
2026-06-09 10:30:37,388 [INFO] signals.stockity_http: Got 900 raw 1s candles for BTC_IDX (Z-CRY/IDX)
2026-06-09 10:30:37,389 [INFO] signals.stockity_http: Aggregated into 16 1m candles
2026-06-09 10:30:37,389 [INFO] signals.stockity_http: Signal for BTC_IDX: WAIT 57% (score=57, EMA5↓EMA10; RSI0 OS; rangeBot)
2026-06-09 10:30:37,521 [INFO] signals.stockity_http: Got 900 raw 1s candles for ETH_IDX (Z-CRY/IDX)
2026-06-09 10:30:37,521 [INFO] signals.stockity_http: Aggregated into 16 1m candles
2026-06-09 10:30:37,521 [INFO] signals.stockity_http: Signal for ETH_IDX: WAIT 57% (score=57, EMA5↓EMA10; RSI0 OS; rangeBot)
2026-06-09 10:30:37,653 [INFO] signals.stockity_http: Got 900 raw 1s candles for GOLD_IDX (Z-CRY/IDX)
2026-06-09 10:30:37,653 [INFO] signals.stockity_http: Aggregated into 16 1m candles
2026-06-09 10:30:37,653 [INFO] signals.stockity_http: Signal for GOLD_IDX: WAIT 57% (score=57, EMA5↓EMA10; RSI0 OS; rangeBot)
2026-06-09 10:30:57,033 [INFO] httpx: HTTP Request: POST https://api.telegram.org/bot8343388239:AAFgeAkc9bvjywyCsHqRIa_RiJ6q-rp6uv0/getUpdates "HTTP/1.1 200 OK"
2026-06-09 10:31:27,721 [INFO] httpx: HTTP Request: POST https://api.telegram.org/bot8343388239:AAFgeAkc9bvjywyCsHqRIa_RiJ6q-rp6uv0/getUpdates "HTTP/1.1 200 OK"
2026-06-09 10:31:58,411 [INFO] httpx: HTTP Request: POST https://api.telegram.org/bot8343388239:AAFgeAkc9bvjywyCsHqRIa_RiJ6q-rp6uv0/getUpdates "HTTP/1.1 200 OK"
2026-06-09 10:32:29,099 [INFO] httpx: HTTP Request: POST https://api.telegram.org/bot8343388239:AAFgeAkc9bvjywyCsHqRIa_RiJ6q-rp6uv0/getUpdates "HTTP/1.1 200 OK"
2026-06-09 10:32:59,788 [INFO] httpx: HTTP Request: POST https://api.telegram.org/bot8343388239:AAFgeAkc9bvjywyCsHqRIa_RiJ6q-rp6uv0/getUpdates "HTTP/1.1 200 OK"
2026-06-09 10:33:30,477 [INFO] httpx: HTTP Request: POST https://api.telegram.org/bot8343388239:AAFgeAkc9bvjywyCsHqRIa_RiJ6q-rp6uv0/getUpdates "HTTP/1.1 200 OK"
2026-06-09 10:34:01,164 [INFO] httpx: HTTP Request: POST https://api.telegram.org/bot8343388239:AAFgeAkc9bvjywyCsHqRIa_RiJ6q-rp6uv0/getUpdates "HTTP/1.1 200 OK"
2026-06-09 10:34:31,852 [INFO] httpx: HTTP Request: POST https://api.telegram.org/bot8343388239:AAFgeAkc9bvjywyCsHqRIa_RiJ6q-rp6uv0/getUpdates "HTTP/1.1 200 OK"
2026-06-09 10:35:02,540 [INFO] httpx: HTTP Request: POST https://api.telegram.org/bot8343388239:AAFgeAkc9bvjywyCsHqRIa_RiJ6q-rp6uv0/getUpdates "HTTP/1.1 200 OK"
2026-06-09 10:35:33,227 [INFO] httpx: HTTP Request: POST https://api.telegram.org/bot8343388239:AAFgeAkc9bvjywyCsHqRIa_RiJ6q-rp6uv0/getUpdates "HTTP/1.1 200 OK"
2026-06-09 10:35:37,821 [INFO] signals.stockity_http: Got 900 raw 1s candles for CRYPTO_IDX (Z-CRY/IDX)
2026-06-09 10:35:37,821 [INFO] signals.stockity_http: Aggregated into 16 1m candles
2026-06-09 10:35:37,821 [INFO] signals.stockity_http: Signal for CRYPTO_IDX: WAIT 57% (score=57, EMA5↓EMA10; RSI0 OS; rangeBot)
2026-06-09 10:35:37,965 [INFO] signals.stockity_http: Got 900 raw 1s candles for BTC_IDX (Z-CRY/IDX)
2026-06-09 10:35:37,966 [INFO] signals.stockity_http: Aggregated into 16 1m candles
2026-06-09 10:35:37,966 [INFO] signals.stockity_http: Signal for BTC_IDX: WAIT 57% (score=57, EMA5↓EMA10; RSI0 OS; rangeBot)
2026-06-09 10:35:38,102 [INFO] signals.stockity_http: Got 900 raw 1s candles for ETH_IDX (Z-CRY/IDX)
2026-06-09 10:35:38,103 [INFO] signals.stockity_http: Aggregated into 16 1m candles
2026-06-09 10:35:38,103 [INFO] signals.stockity_http: Signal for ETH_IDX: WAIT 57% (score=57, EMA5↓EMA10; RSI0 OS; rangeBot)
2026-06-09 10:35:38,247 [INFO] signals.stockity_http: Got 900 raw 1s candles for GOLD_IDX (Z-CRY/IDX)
2026-06-09 10:35:38,247 [INFO] signals.stockity_http: Aggregated into 16 1m candles
2026-06-09 10:35:38,248 [INFO] signals.stockity_http: Signal for GOLD_IDX: WAIT 57% (score=57, EMA5↓EMA10; RSI0 OS; rangeBot)
2026-06-09 10:36:03,915 [INFO] httpx: HTTP Request: POST https://api.telegram.org/bot8343388239:AAFgeAkc9bvjywyCsHqRIa_RiJ6q-rp6uv0/getUpdates "HTTP/1.1 200 OK"
2026-06-09 10:36:34,602 [INFO] httpx: HTTP Request: POST https://api.telegram.org/bot8343388239:AAFgeAkc9bvjywyCsHqRIa_RiJ6q-rp6uv0/getUpdates "HTTP/1.1 200 OK"
2026-06-09 10:37:05,292 [INFO] httpx: HTTP Request: POST https://api.telegram.org/bot8343388239:AAFgeAkc9bvjywyCsHqRIa_RiJ6q-rp6uv0/getUpdates "HTTP/1.1 200 OK"
2026-06-09 10:37:35,979 [INFO] httpx: HTTP Request: POST https://api.telegram.org/bot8343388239:AAFgeAkc9bvjywyCsHqRIa_RiJ6q-rp6uv0/getUpdates "HTTP/1.1 200 OK"
2026-06-09 10:38:06,667 [INFO] httpx: HTTP Request: POST https://api.telegram.org/bot8343388239:AAFgeAkc9bvjywyCsHqRIa_RiJ6q-rp6uv0/getUpdates "HTTP/1.1 200 OK"
2026-06-09 10:38:37,354 [INFO] httpx: HTTP Request: POST https://api.telegram.org/bot8343388239:AAFgeAkc9bvjywyCsHqRIa_RiJ6q-rp6uv0/getUpdates "HTTP/1.1 200 OK"
2026-06-09 10:39:08,043 [INFO] httpx: HTTP Request: POST https://api.telegram.org/bot8343388239:AAFgeAkc9bvjywyCsHqRIa_RiJ6q-rp6uv0/getUpdates "HTTP/1.1 200 OK"
2026-06-09 10:39:38,731 [INFO] httpx: HTTP Request: POST https://api.telegram.org/bot8343388239:AAFgeAkc9bvjywyCsHqRIa_RiJ6q-rp6uv0/getUpdates "HTTP/1.1 200 OK"
2026-06-09 10:40:09,422 [INFO] httpx: HTTP Request: POST https://api.telegram.org/bot8343388239:AAFgeAkc9bvjywyCsHqRIa_RiJ6q-rp6uv0/getUpdates "HTTP/1.1 200 OK"
2026-06-09 10:40:38,441 [INFO] signals.stockity_http: Got 900 raw 1s candles for CRYPTO_IDX (Z-CRY/IDX)
2026-06-09 10:40:38,442 [INFO] signals.stockity_http: Aggregated into 16 1m candles
2026-06-09 10:40:38,442 [INFO] signals.stockity_http: Signal for CRYPTO_IDX: WAIT 57% (score=57, EMA5↓EMA10; RSI0 OS; rangeBot)
2026-06-09 10:40:38,583 [INFO] signals.stockity_http: Got 900 raw 1s candles for BTC_IDX (Z-CRY/IDX)
2026-06-09 10:40:38,583 [INFO] signals.stockity_http: Aggregated into 16 1m candles
2026-06-09 10:40:38,583 [INFO] signals.stockity_http: Signal for BTC_IDX: WAIT 57% (score=57, EMA5↓EMA10; RSI0 OS; rangeBot)
2026-06-09 10:40:38,720 [INFO] signals.stockity_http: Got 900 raw 1s candles for ETH_IDX (Z-CRY/IDX)
2026-06-09 10:40:38,721 [INFO] signals.stockity_http: Aggregated into 16 1m candles
2026-06-09 10:40:38,721 [INFO] signals.stockity_http: Signal for ETH_IDX: WAIT 57% (score=57, EMA5↓EMA10; RSI0 OS; rangeBot)
2026-06-09 10:40:38,862 [INFO] signals.stockity_http: Got 900 raw 1s candles for GOLD_IDX (Z-CRY/IDX)
2026-06-09 10:40:38,863 [INFO] signals.stockity_http: Aggregated into 16 1m candles
2026-06-09 10:40:38,863 [INFO] signals.stockity_http: Signal for GOLD_IDX: WAIT 57% (score=57, EMA5↓EMA10; RSI0 OS; rangeBot)
2026-06-09 10:40:40,112 [INFO] httpx: HTTP Request: POST https://api.telegram.org/bot8343388239:AAFgeAkc9bvjywyCsHqRIa_RiJ6q-rp6uv0/getUpdates "HTTP/1.1 200 OK"
2026-06-09 10:41:10,801 [INFO] httpx: HTTP Request: POST https://api.telegram.org/bot8343388239:AAFgeAkc9bvjywyCsHqRIa_RiJ6q-rp6uv0/getUpdates "HTTP/1.1 200 OK"
2026-06-09 10:41:41,488 [INFO] httpx: HTTP Request: POST https://api.telegram.org/bot8343388239:AAFgeAkc9bvjywyCsHqRIa_RiJ6q-rp6uv0/getUpdates "HTTP/1.1 200 OK"
2026-06-09 10:42:12,179 [INFO] httpx: HTTP Request: POST https://api.telegram.org/bot8343388239:AAFgeAkc9bvjywyCsHqRIa_RiJ6q-rp6uv0/getUpdates "HTTP/1.1 200 OK"
2026-06-09 10:42:42,868 [INFO] httpx: HTTP Request: POST https://api.telegram.org/bot8343388239:AAFgeAkc9bvjywyCsHqRIa_RiJ6q-rp6uv0/getUpdates "HTTP/1.1 200 OK"
2026-06-09 10:43:13,556 [INFO] httpx: HTTP Request: POST https://api.telegram.org/bot8343388239:AAFgeAkc9bvjywyCsHqRIa_RiJ6q-rp6uv0/getUpdates "HTTP/1.1 200 OK"
2026-06-09 10:43:44,247 [INFO] httpx: HTTP Request: POST https://api.telegram.org/bot8343388239:AAFgeAkc9bvjywyCsHqRIa_RiJ6q-rp6uv0/getUpdates "HTTP/1.1 200 OK"
2026-06-09 10:44:14,936 [INFO] httpx: HTTP Request: POST https://api.telegram.org/bot8343388239:AAFgeAkc9bvjywyCsHqRIa_RiJ6q-rp6uv0/getUpdates "HTTP/1.1 200 OK"
2026-06-09 10:44:45,624 [INFO] httpx: HTTP Request: POST https://api.telegram.org/bot8343388239:AAFgeAkc9bvjywyCsHqRIa_RiJ6q-rp6uv0/getUpdates "HTTP/1.1 200 OK"
2026-06-09 10:45:16,313 [INFO] httpx: HTTP Request: POST https://api.telegram.org/bot8343388239:AAFgeAkc9bvjywyCsHqRIa_RiJ6q-rp6uv0/getUpdates "HTTP/1.1 200 OK"
2026-06-09 10:45:39,728 [INFO] signals.stockity_http: Got 900 raw 1s candles for CRYPTO_IDX (Z-CRY/IDX)
2026-06-09 10:45:39,728 [INFO] signals.stockity_http: Aggregated into 16 1m candles
2026-06-09 10:45:39,728 [INFO] signals.stockity_http: Signal for CRYPTO_IDX: WAIT 53% (score=53, EMA5↑EMA10; RSI0 OS; pinTop)
2026-06-09 10:45:39,910 [INFO] signals.stockity_http: Got 900 raw 1s candles for BTC_IDX (Z-CRY/IDX)
2026-06-09 10:45:39,910 [INFO] signals.stockity_http: Aggregated into 16 1m candles
2026-06-09 10:45:39,910 [INFO] signals.stockity_http: Signal for BTC_IDX: WAIT 53% (score=53, EMA5↑EMA10; RSI0 OS; pinTop)
2026-06-09 10:45:40,043 [INFO] signals.stockity_http: Got 900 raw 1s candles for ETH_IDX (Z-CRY/IDX)
2026-06-09 10:45:40,043 [INFO] signals.stockity_http: Aggregated into 16 1m candles
2026-06-09 10:45:40,043 [INFO] signals.stockity_http: Signal for ETH_IDX: WAIT 53% (score=53, EMA5↑EMA10; RSI0 OS; pinTop)
2026-06-09 10:45:40,181 [INFO] signals.stockity_http: Got 900 raw 1s candles for GOLD_IDX (Z-CRY/IDX)
2026-06-09 10:45:40,181 [INFO] signals.stockity_http: Aggregated into 16 1m candles
2026-06-09 10:45:40,181 [INFO] signals.stockity_http: Signal for GOLD_IDX: WAIT 53% (score=53, EMA5↑EMA10; RSI0 OS; pinTop)
2026-06-09 10:45:47,000 [INFO] httpx: HTTP Request: POST https://api.telegram.org/bot8343388239:AAFgeAkc9bvjywyCsHqRIa_RiJ6q-rp6uv0/getUpdates "HTTP/1.1 200 OK"
2026-06-09 10:46:17,688 [INFO] httpx: HTTP Request: POST https://api.telegram.org/bot8343388239:AAFgeAkc9bvjywyCsHqRIa_RiJ6q-rp6uv0/getUpdates "HTTP/1.1 200 OK"
2026-06-09 10:46:48,376 [INFO] httpx: HTTP Request: POST https://api.telegram.org/bot8343388239:AAFgeAkc9bvjywyCsHqRIa_RiJ6q-rp6uv0/getUpdates "HTTP/1.1 200 OK"
2026-06-09 10:47:19,064 [INFO] httpx: HTTP Request: POST https://api.telegram.org/bot8343388239:AAFgeAkc9bvjywyCsHqRIa_RiJ6q-rp6uv0/getUpdates "HTTP/1.1 200 OK"
2026-06-09 10:47:49,753 [INFO] httpx: HTTP Request: POST https://api.telegram.org/bot8343388239:AAFgeAkc9bvjywyCsHqRIa_RiJ6q-rp6uv0/getUpdates "HTTP/1.1 200 OK"
2026-06-09 10:48:20,444 [INFO] httpx: HTTP Request: POST https://api.telegram.org/bot8343388239:AAFgeAkc9bvjywyCsHqRIa_RiJ6q-rp6uv0/getUpdates "HTTP/1.1 200 OK"
2026-06-09 10:48:51,132 [INFO] httpx: HTTP Request: POST https://api.telegram.org/bot8343388239:AAFgeAkc9bvjywyCsHqRIa_RiJ6q-rp6uv0/getUpdates "HTTP/1.1 200 OK"
2026-06-09 10:49:21,820 [INFO] httpx: HTTP Request: POST https://api.telegram.org/bot8343388239:AAFgeAkc9bvjywyCsHqRIa_RiJ6q-rp6uv0/getUpdates "HTTP/1.1 200 OK"
2026-06-09 10:49:52,508 [INFO] httpx: HTTP Request: POST https://api.telegram.org/bot8343388239:AAFgeAkc9bvjywyCsHqRIa_RiJ6q-rp6uv0/getUpdates "HTTP/1.1 200 OK"
2026-06-09 10:50:23,197 [INFO] httpx: HTTP Request: POST https://api.telegram.org/bot8343388239:AAFgeAkc9bvjywyCsHqRIa_RiJ6q-rp6uv0/getUpdates "HTTP/1.1 200 OK"
2026-06-09 10:50:40,368 [INFO] signals.stockity_http: Got 900 raw 1s candles for CRYPTO_IDX (Z-CRY/IDX)
2026-06-09 10:50:40,368 [INFO] signals.stockity_http: Aggregated into 16 1m candles
2026-06-09 10:50:40,368 [INFO] signals.stockity_http: Signal for CRYPTO_IDX: WAIT 53% (score=53, EMA5↑EMA10; RSI0 OS; pinTop)
2026-06-09 10:50:40,836 [INFO] signals.stockity_http: Got 900 raw 1s candles for BTC_IDX (Z-CRY/IDX)
2026-06-09 10:50:40,837 [INFO] signals.stockity_http: Aggregated into 16 1m candles
2026-06-09 10:50:40,837 [INFO] signals.stockity_http: Signal for BTC_IDX: WAIT 53% (score=53, EMA5↑EMA10; RSI0 OS; pinTop)
2026-06-09 10:50:40,976 [INFO] signals.stockity_http: Got 900 raw 1s candles for ETH_IDX (Z-CRY/IDX)
2026-06-09 10:50:40,977 [INFO] signals.stockity_http: Aggregated into 16 1m candles
2026-06-09 10:50:40,977 [INFO] signals.stockity_http: Signal for ETH_IDX: WAIT 53% (score=53, EMA5↑EMA10; RSI0 OS; pinTop)
2026-06-09 10:50:41,118 [INFO] signals.stockity_http: Got 900 raw 1s candles for GOLD_IDX (Z-CRY/IDX)
2026-06-09 10:50:41,118 [INFO] signals.stockity_http: Aggregated into 16 1m candles
2026-06-09 10:50:41,119 [INFO] signals.stockity_http: Signal for GOLD_IDX: WAIT 53% (score=53, EMA5↑EMA10; RSI0 OS; pinTop)
2026-06-09 10:50:53,884 [INFO] httpx: HTTP Request: POST https://api.telegram.org/bot8343388239:AAFgeAkc9bvjywyCsHqRIa_RiJ6q-rp6uv0/getUpdates "HTTP/1.1 200 OK"
2026-06-09 10:51:24,572 [INFO] httpx: HTTP Request: POST https://api.telegram.org/bot8343388239:AAFgeAkc9bvjywyCsHqRIa_RiJ6q-rp6uv0/getUpdates "HTTP/1.1 200 OK"
2026-06-09 10:51:55,259 [INFO] httpx: HTTP Request: POST https://api.telegram.org/bot8343388239:AAFgeAkc9bvjywyCsHqRIa_RiJ6q-rp6uv0/getUpdates "HTTP/1.1 200 OK"
2026-06-09 10:52:25,947 [INFO] httpx: HTTP Request: POST https://api.telegram.org/bot8343388239:AAFgeAkc9bvjywyCsHqRIa_RiJ6q-rp6uv0/getUpdates "HTTP/1.1 200 OK"
2026-06-09 10:52:56,636 [INFO] httpx: HTTP Request: POST https://api.telegram.org/bot8343388239:AAFgeAkc9bvjywyCsHqRIa_RiJ6q-rp6uv0/getUpdates "HTTP/1.1 200 OK"
2026-06-09 10:53:27,331 [INFO] httpx: HTTP Request: POST https://api.telegram.org/bot8343388239:AAFgeAkc9bvjywyCsHqRIa_RiJ6q-rp6uv0/getUpdates "HTTP/1.1 200 OK"
2026-06-09 10:53:58,019 [INFO] httpx: HTTP Request: POST https://api.telegram.org/bot8343388239:AAFgeAkc9bvjywyCsHqRIa_RiJ6q-rp6uv0/getUpdates "HTTP/1.1 200 OK"
2026-06-09 10:54:28,706 [INFO] httpx: HTTP Request: POST https://api.telegram.org/bot8343388239:AAFgeAkc9bvjywyCsHqRIa_RiJ6q-rp6uv0/getUpdates "HTTP/1.1 200 OK"
2026-06-09 10:54:59,394 [INFO] httpx: HTTP Request: POST https://api.telegram.org/bot8343388239:AAFgeAkc9bvjywyCsHqRIa_RiJ6q-rp6uv0/getUpdates "HTTP/1.1 200 OK"
2026-06-09 10:55:30,081 [INFO] httpx: HTTP Request: POST https://api.telegram.org/bot8343388239:AAFgeAkc9bvjywyCsHqRIa_RiJ6q-rp6uv0/getUpdates "HTTP/1.1 200 OK"
2026-06-09 10:55:41,297 [INFO] signals.stockity_http: Got 900 raw 1s candles for CRYPTO_IDX (Z-CRY/IDX)
2026-06-09 10:55:41,297 [INFO] signals.stockity_http: Aggregated into 16 1m candles
2026-06-09 10:55:41,298 [INFO] signals.stockity_http: Signal for CRYPTO_IDX: WAIT 53% (score=53, EMA5↑EMA10; RSI0 OS; pinTop)
2026-06-09 10:55:41,431 [INFO] signals.stockity_http: Got 900 raw 1s candles for BTC_IDX (Z-CRY/IDX)
2026-06-09 10:55:41,432 [INFO] signals.stockity_http: Aggregated into 16 1m candles
2026-06-09 10:55:41,432 [INFO] signals.stockity_http: Signal for BTC_IDX: WAIT 53% (score=53, EMA5↑EMA10; RSI0 OS; pinTop)
2026-06-09 10:55:41,568 [INFO] signals.stockity_http: Got 900 raw 1s candles for ETH_IDX (Z-CRY/IDX)
2026-06-09 10:55:41,569 [INFO] signals.stockity_http: Aggregated into 16 1m candles
2026-06-09 10:55:41,569 [INFO] signals.stockity_http: Signal for ETH_IDX: WAIT 53% (score=53, EMA5↑EMA10; RSI0 OS; pinTop)
2026-06-09 10:55:41,714 [INFO] signals.stockity_http: Got 900 raw 1s candles for GOLD_IDX (Z-CRY/IDX)
2026-06-09 10:55:41,714 [INFO] signals.stockity_http: Aggregated into 16 1m candles
2026-06-09 10:55:41,714 [INFO] signals.stockity_http: Signal for GOLD_IDX: WAIT 53% (score=53, EMA5↑EMA10; RSI0 OS; pinTop)
2026-06-09 10:56:00,768 [INFO] httpx: HTTP Request: POST https://api.telegram.org/bot8343388239:AAFgeAkc9bvjywyCsHqRIa_RiJ6q-rp6uv0/getUpdates "HTTP/1.1 200 OK"
2026-06-09 10:56:31,455 [INFO] httpx: HTTP Request: POST https://api.telegram.org/bot8343388239:AAFgeAkc9bvjywyCsHqRIa_RiJ6q-rp6uv0/getUpdates "HTTP/1.1 200 OK"
2026-06-09 10:57:02,145 [INFO] httpx: HTTP Request: POST https://api.telegram.org/bot8343388239:AAFgeAkc9bvjywyCsHqRIa_RiJ6q-rp6uv0/getUpdates "HTTP/1.1 200 OK"
2026-06-09 10:57:32,834 [INFO] httpx: HTTP Request: POST https://api.telegram.org/bot8343388239:AAFgeAkc9bvjywyCsHqRIa_RiJ6q-rp6uv0/getUpdates "HTTP/1.1 200 OK"
2026-06-09 10:58:03,529 [INFO] httpx: HTTP Request: POST https://api.telegram.org/bot8343388239:AAFgeAkc9bvjywyCsHqRIa_RiJ6q-rp6uv0/getUpdates "HTTP/1.1 200 OK"
2026-06-09 10:58:34,217 [INFO] httpx: HTTP Request: POST https://api.telegram.org/bot8343388239:AAFgeAkc9bvjywyCsHqRIa_RiJ6q-rp6uv0/getUpdates "HTTP/1.1 200 OK"
2026-06-09 10:59:04,908 [INFO] httpx: HTTP Request: POST https://api.telegram.org/bot8343388239:AAFgeAkc9bvjywyCsHqRIa_RiJ6q-rp6uv0/getUpdates "HTTP/1.1 200 OK"
2026-06-09 10:59:35,597 [INFO] httpx: HTTP Request: POST https://api.telegram.org/bot8343388239:AAFgeAkc9bvjywyCsHqRIa_RiJ6q-rp6uv0/getUpdates "HTTP/1.1 200 OK"
2026-06-09 11:00:06,289 [INFO] httpx: HTTP Request: POST https://api.telegram.org/bot8343388239:AAFgeAkc9bvjywyCsHqRIa_RiJ6q-rp6uv0/getUpdates "HTTP/1.1 200 OK"
2026-06-09 11:00:36,977 [INFO] httpx: HTTP Request: POST https://api.telegram.org/bot8343388239:AAFgeAkc9bvjywyCsHqRIa_RiJ6q-rp6uv0/getUpdates "HTTP/1.1 200 OK"
2026-06-09 11:00:42,068 [INFO] signals.stockity_http: Got 900 raw 1s candles for CRYPTO_IDX (Z-CRY/IDX)
2026-06-09 11:00:42,069 [INFO] signals.stockity_http: Aggregated into 16 1m candles
2026-06-09 11:00:42,069 [INFO] signals.stockity_http: Signal for CRYPTO_IDX: CALL 71% (score=71, EMA5↑EMA10; bullX; RSI0 OS)
2026-06-09 11:00:42,069 [INFO] subscription_bot.signaler: NEW signal: CRYPTO_IDX CALL 71%
2026-06-09 11:00:42,826 [INFO] httpx: HTTP Request: POST https://api.telegram.org/bot8343388239:AAFgeAkc9bvjywyCsHqRIa_RiJ6q-rp6uv0/sendMessage "HTTP/1.1 200 OK"
2026-06-09 11:00:42,857 [INFO] subscription_bot.bot: Signal dispatched to 1/1 subscribers
2026-06-09 11:00:42,993 [INFO] signals.stockity_http: Got 900 raw 1s candles for BTC_IDX (Z-CRY/IDX)
2026-06-09 11:00:42,994 [INFO] signals.stockity_http: Aggregated into 16 1m candles
2026-06-09 11:00:42,994 [INFO] signals.stockity_http: Signal for BTC_IDX: CALL 71% (score=71, EMA5↑EMA10; bullX; RSI0 OS)
2026-06-09 11:00:42,994 [INFO] subscription_bot.signaler: NEW signal: BTC_IDX CALL 71%
2026-06-09 11:00:43,380 [INFO] httpx: HTTP Request: POST https://api.telegram.org/bot8343388239:AAFgeAkc9bvjywyCsHqRIa_RiJ6q-rp6uv0/sendMessage "HTTP/1.1 200 OK"
2026-06-09 11:00:43,411 [INFO] subscription_bot.bot: Signal dispatched to 1/1 subscribers
2026-06-09 11:00:43,545 [INFO] signals.stockity_http: Got 900 raw 1s candles for ETH_IDX (Z-CRY/IDX)
2026-06-09 11:00:43,546 [INFO] signals.stockity_http: Aggregated into 16 1m candles
2026-06-09 11:00:43,546 [INFO] signals.stockity_http: Signal for ETH_IDX: CALL 71% (score=71, EMA5↑EMA10; bullX; RSI0 OS)
2026-06-09 11:00:43,546 [INFO] subscription_bot.signaler: NEW signal: ETH_IDX CALL 71%
2026-06-09 11:00:43,945 [INFO] httpx: HTTP Request: POST https://api.telegram.org/bot8343388239:AAFgeAkc9bvjywyCsHqRIa_RiJ6q-rp6uv0/sendMessage "HTTP/1.1 200 OK"
2026-06-09 11:00:43,976 [INFO] subscription_bot.bot: Signal dispatched to 1/1 subscribers
2026-06-09 11:00:44,115 [INFO] signals.stockity_http: Got 900 raw 1s candles for GOLD_IDX (Z-CRY/IDX)
2026-06-09 11:00:44,115 [INFO] signals.stockity_http: Aggregated into 16 1m candles
2026-06-09 11:00:44,115 [INFO] signals.stockity_http: Signal for GOLD_IDX: CALL 71% (score=71, EMA5↑EMA10; bullX; RSI0 OS)
2026-06-09 11:00:44,115 [INFO] subscription_bot.signaler: NEW signal: GOLD_IDX CALL 71%
2026-06-09 11:00:44,503 [INFO] httpx: HTTP Request: POST https://api.telegram.org/bot8343388239:AAFgeAkc9bvjywyCsHqRIa_RiJ6q-rp6uv0/sendMessage "HTTP/1.1 200 OK"
2026-06-09 11:00:44,534 [INFO] subscription_bot.bot: Signal dispatched to 1/1 subscribers
2026-06-09 11:01:07,665 [INFO] httpx: HTTP Request: POST https://api.telegram.org/bot8343388239:AAFgeAkc9bvjywyCsHqRIa_RiJ6q-rp6uv0/getUpdates "HTTP/1.1 200 OK"
2026-06-09 11:01:38,354 [INFO] httpx: HTTP Request: POST https://api.telegram.org/bot8343388239:AAFgeAkc9bvjywyCsHqRIa_RiJ6q-rp6uv0/getUpdates "HTTP/1.1 200 OK"
2026-06-09 11:02:09,042 [INFO] httpx: HTTP Request: POST https://api.telegram.org/bot8343388239:AAFgeAkc9bvjywyCsHqRIa_RiJ6q-rp6uv0/getUpdates "HTTP/1.1 200 OK"
2026-06-09 11:02:39,739 [INFO] httpx: HTTP Request: POST https://api.telegram.org/bot8343388239:AAFgeAkc9bvjywyCsHqRIa_RiJ6q-rp6uv0/getUpdates "HTTP/1.1 200 OK"
2026-06-09 11:03:10,429 [INFO] httpx: HTTP Request: POST https://api.telegram.org/bot8343388239:AAFgeAkc9bvjywyCsHqRIa_RiJ6q-rp6uv0/getUpdates "HTTP/1.1 200 OK"
2026-06-09 11:03:41,116 [INFO] httpx: HTTP Request: POST https://api.telegram.org/bot8343388239:AAFgeAkc9bvjywyCsHqRIa_RiJ6q-rp6uv0/getUpdates "HTTP/1.1 200 OK"
2026-06-09 11:04:11,805 [INFO] httpx: HTTP Request: POST https://api.telegram.org/bot8343388239:AAFgeAkc9bvjywyCsHqRIa_RiJ6q-rp6uv0/getUpdates "HTTP/1.1 200 OK"
2026-06-09 11:04:42,493 [INFO] httpx: HTTP Request: POST https://api.telegram.org/bot8343388239:AAFgeAkc9bvjywyCsHqRIa_RiJ6q-rp6uv0/getUpdates "HTTP/1.1 200 OK"
2026-06-09 11:05:13,188 [INFO] httpx: HTTP Request: POST https://api.telegram.org/bot8343388239:AAFgeAkc9bvjywyCsHqRIa_RiJ6q-rp6uv0/getUpdates "HTTP/1.1 200 OK"
2026-06-09 11:05:43,877 [INFO] httpx: HTTP Request: POST https://api.telegram.org/bot8343388239:AAFgeAkc9bvjywyCsHqRIa_RiJ6q-rp6uv0/getUpdates "HTTP/1.1 200 OK"
2026-06-09 11:05:44,716 [INFO] signals.stockity_http: Got 900 raw 1s candles for CRYPTO_IDX (Z-CRY/IDX)
2026-06-09 11:05:44,716 [INFO] signals.stockity_http: Aggregated into 16 1m candles
2026-06-09 11:05:44,716 [INFO] signals.stockity_http: Signal for CRYPTO_IDX: CALL 71% (score=71, EMA5↑EMA10; bullX; RSI0 OS)
2026-06-09 11:05:45,171 [INFO] signals.stockity_http: Got 900 raw 1s candles for BTC_IDX (Z-CRY/IDX)
2026-06-09 11:05:45,172 [INFO] signals.stockity_http: Aggregated into 16 1m candles
2026-06-09 11:05:45,172 [INFO] signals.stockity_http: Signal for BTC_IDX: CALL 71% (score=71, EMA5↑EMA10; bullX; RSI0 OS)
2026-06-09 11:05:45,313 [INFO] signals.stockity_http: Got 900 raw 1s candles for ETH_IDX (Z-CRY/IDX)
2026-06-09 11:05:45,314 [INFO] signals.stockity_http: Aggregated into 16 1m candles
2026-06-09 11:05:45,314 [INFO] signals.stockity_http: Signal for ETH_IDX: CALL 71% (score=71, EMA5↑EMA10; bullX; RSI0 OS)
2026-06-09 11:05:45,460 [INFO] signals.stockity_http: Got 900 raw 1s candles for GOLD_IDX (Z-CRY/IDX)
2026-06-09 11:05:45,460 [INFO] signals.stockity_http: Aggregated into 16 1m candles
2026-06-09 11:05:45,461 [INFO] signals.stockity_http: Signal for GOLD_IDX: CALL 71% (score=71, EMA5↑EMA10; bullX; RSI0 OS)
2026-06-09 11:06:14,564 [INFO] httpx: HTTP Request: POST https://api.telegram.org/bot8343388239:AAFgeAkc9bvjywyCsHqRIa_RiJ6q-rp6uv0/getUpdates "HTTP/1.1 200 OK"
2026-06-09 11:06:45,251 [INFO] httpx: HTTP Request: POST https://api.telegram.org/bot8343388239:AAFgeAkc9bvjywyCsHqRIa_RiJ6q-rp6uv0/getUpdates "HTTP/1.1 200 OK"
2026-06-09 11:07:15,940 [INFO] httpx: HTTP Request: POST https://api.telegram.org/bot8343388239:AAFgeAkc9bvjywyCsHqRIa_RiJ6q-rp6uv0/getUpdates "HTTP/1.1 200 OK"
2026-06-09 11:07:46,629 [INFO] httpx: HTTP Request: POST https://api.telegram.org/bot8343388239:AAFgeAkc9bvjywyCsHqRIa_RiJ6q-rp6uv0/getUpdates "HTTP/1.1 200 OK"
2026-06-09 11:08:17,318 [INFO] httpx: HTTP Request: POST https://api.telegram.org/bot8343388239:AAFgeAkc9bvjywyCsHqRIa_RiJ6q-rp6uv0/getUpdates "HTTP/1.1 200 OK"
2026-06-09 11:08:48,007 [INFO] httpx: HTTP Request: POST https://api.telegram.org/bot8343388239:AAFgeAkc9bvjywyCsHqRIa_RiJ6q-rp6uv0/getUpdates "HTTP/1.1 200 OK"
2026-06-09 11:09:18,697 [INFO] httpx: HTTP Request: POST https://api.telegram.org/bot8343388239:AAFgeAkc9bvjywyCsHqRIa_RiJ6q-rp6uv0/getUpdates "HTTP/1.1 200 OK"
2026-06-09 11:09:49,393 [INFO] httpx: HTTP Request: POST https://api.telegram.org/bot8343388239:AAFgeAkc9bvjywyCsHqRIa_RiJ6q-rp6uv0/getUpdates "HTTP/1.1 200 OK"
2026-06-09 11:10:20,079 [INFO] httpx: HTTP Request: POST https://api.telegram.org/bot8343388239:AAFgeAkc9bvjywyCsHqRIa_RiJ6q-rp6uv0/getUpdates "HTTP/1.1 200 OK"
2026-06-09 11:10:45,656 [INFO] signals.stockity_http: Got 900 raw 1s candles for CRYPTO_IDX (Z-CRY/IDX)
2026-06-09 11:10:45,656 [INFO] signals.stockity_http: Aggregated into 16 1m candles
2026-06-09 11:10:45,656 [INFO] signals.stockity_http: Signal for CRYPTO_IDX: CALL 71% (score=71, EMA5↑EMA10; bullX; RSI0 OS)
2026-06-09 11:10:45,791 [INFO] signals.stockity_http: Got 900 raw 1s candles for BTC_IDX (Z-CRY/IDX)
2026-06-09 11:10:45,791 [INFO] signals.stockity_http: Aggregated into 16 1m candles
2026-06-09 11:10:45,791 [INFO] signals.stockity_http: Signal for BTC_IDX: CALL 71% (score=71, EMA5↑EMA10; bullX; RSI0 OS)
2026-06-09 11:10:45,935 [INFO] signals.stockity_http: Got 900 raw 1s candles for ETH_IDX (Z-CRY/IDX)
2026-06-09 11:10:45,935 [INFO] signals.stockity_http: Aggregated into 16 1m candles
2026-06-09 11:10:45,935 [INFO] signals.stockity_http: Signal for ETH_IDX: CALL 71% (score=71, EMA5↑EMA10; bullX; RSI0 OS)
2026-06-09 11:10:46,153 [INFO] signals.stockity_http: Got 900 raw 1s candles for GOLD_IDX (Z-CRY/IDX)
2026-06-09 11:10:46,154 [INFO] signals.stockity_http: Aggregated into 16 1m candles
2026-06-09 11:10:46,154 [INFO] signals.stockity_http: Signal for GOLD_IDX: CALL 71% (score=71, EMA5↑EMA10; bullX; RSI0 OS)
2026-06-09 11:10:50,767 [INFO] httpx: HTTP Request: POST https://api.telegram.org/bot8343388239:AAFgeAkc9bvjywyCsHqRIa_RiJ6q-rp6uv0/getUpdates "HTTP/1.1 200 OK"
2026-06-09 11:11:21,455 [INFO] httpx: HTTP Request: POST https://api.telegram.org/bot8343388239:AAFgeAkc9bvjywyCsHqRIa_RiJ6q-rp6uv0/getUpdates "HTTP/1.1 200 OK"
2026-06-09 11:11:52,145 [INFO] httpx: HTTP Request: POST https://api.telegram.org/bot8343388239:AAFgeAkc9bvjywyCsHqRIa_RiJ6q-rp6uv0/getUpdates "HTTP/1.1 200 OK"
2026-06-09 11:12:22,833 [INFO] httpx: HTTP Request: POST https://api.telegram.org/bot8343388239:AAFgeAkc9bvjywyCsHqRIa_RiJ6q-rp6uv0/getUpdates "HTTP/1.1 200 OK"
2026-06-09 11:12:53,530 [INFO] httpx: HTTP Request: POST https://api.telegram.org/bot8343388239:AAFgeAkc9bvjywyCsHqRIa_RiJ6q-rp6uv0/getUpdates "HTTP/1.1 200 OK"
2026-06-09 11:13:24,224 [INFO] httpx: HTTP Request: POST https://api.telegram.org/bot8343388239:AAFgeAkc9bvjywyCsHqRIa_RiJ6q-rp6uv0/getUpdates "HTTP/1.1 200 OK"
2026-06-09 11:13:54,912 [INFO] httpx: HTTP Request: POST https://api.telegram.org/bot8343388239:AAFgeAkc9bvjywyCsHqRIa_RiJ6q-rp6uv0/getUpdates "HTTP/1.1 200 OK"
2026-06-09 11:14:25,606 [INFO] httpx: HTTP Request: POST https://api.telegram.org/bot8343388239:AAFgeAkc9bvjywyCsHqRIa_RiJ6q-rp6uv0/getUpdates "HTTP/1.1 200 OK"
2026-06-09 11:14:56,302 [INFO] httpx: HTTP Request: POST https://api.telegram.org/bot8343388239:AAFgeAkc9bvjywyCsHqRIa_RiJ6q-rp6uv0/getUpdates "HTTP/1.1 200 OK"
2026-06-09 11:15:26,994 [INFO] httpx: HTTP Request: POST https://api.telegram.org/bot8343388239:AAFgeAkc9bvjywyCsHqRIa_RiJ6q-rp6uv0/getUpdates "HTTP/1.1 200 OK"
2026-06-09 11:15:46,541 [INFO] signals.stockity_http: Got 900 raw 1s candles for CRYPTO_IDX (Z-CRY/IDX)
2026-06-09 11:15:46,541 [INFO] signals.stockity_http: Aggregated into 16 1m candles
2026-06-09 11:15:46,541 [INFO] signals.stockity_http: Signal for CRYPTO_IDX: WAIT 54% (score=54, EMA5↓EMA10; RSI0 OS; midHi)
2026-06-09 11:15:46,715 [INFO] signals.stockity_http: Got 900 raw 1s candles for BTC_IDX (Z-CRY/IDX)
2026-06-09 11:15:46,715 [INFO] signals.stockity_http: Aggregated into 16 1m candles
2026-06-09 11:15:46,715 [INFO] signals.stockity_http: Signal for BTC_IDX: WAIT 54% (score=54, EMA5↓EMA10; RSI0 OS; midHi)
2026-06-09 11:15:46,865 [INFO] signals.stockity_http: Got 900 raw 1s candles for ETH_IDX (Z-CRY/IDX)
2026-06-09 11:15:46,866 [INFO] signals.stockity_http: Aggregated into 16 1m candles
2026-06-09 11:15:46,866 [INFO] signals.stockity_http: Signal for ETH_IDX: WAIT 54% (score=54, EMA5↓EMA10; RSI0 OS; midHi)
2026-06-09 11:15:47,032 [INFO] signals.stockity_http: Got 900 raw 1s candles for GOLD_IDX (Z-CRY/IDX)
2026-06-09 11:15:47,033 [INFO] signals.stockity_http: Aggregated into 16 1m candles
2026-06-09 11:15:47,033 [INFO] signals.stockity_http: Signal for GOLD_IDX: WAIT 54% (score=54, EMA5↓EMA10; RSI0 OS; midHi)
2026-06-09 11:15:57,687 [INFO] httpx: HTTP Request: POST https://api.telegram.org/bot8343388239:AAFgeAkc9bvjywyCsHqRIa_RiJ6q-rp6uv0/getUpdates "HTTP/1.1 200 OK"
2026-06-09 11:16:28,377 [INFO] httpx: HTTP Request: POST https://api.telegram.org/bot8343388239:AAFgeAkc9bvjywyCsHqRIa_RiJ6q-rp6uv0/getUpdates "HTTP/1.1 200 OK"
2026-06-09 11:16:59,078 [INFO] httpx: HTTP Request: POST https://api.telegram.org/bot8343388239:AAFgeAkc9bvjywyCsHqRIa_RiJ6q-rp6uv0/getUpdates "HTTP/1.1 200 OK"
2026-06-09 11:17:29,771 [INFO] httpx: HTTP Request: POST https://api.telegram.org/bot8343388239:AAFgeAkc9bvjywyCsHqRIa_RiJ6q-rp6uv0/getUpdates "HTTP/1.1 200 OK"
2026-06-09 11:18:00,462 [INFO] httpx: HTTP Request: POST https://api.telegram.org/bot8343388239:AAFgeAkc9bvjywyCsHqRIa_RiJ6q-rp6uv0/getUpdates "HTTP/1.1 200 OK"
2026-06-09 11:18:31,153 [INFO] httpx: HTTP Request: POST https://api.telegram.org/bot8343388239:AAFgeAkc9bvjywyCsHqRIa_RiJ6q-rp6uv0/getUpdates "HTTP/1.1 200 OK"
2026-06-09 11:19:01,849 [INFO] httpx: HTTP Request: POST https://api.telegram.org/bot8343388239:AAFgeAkc9bvjywyCsHqRIa_RiJ6q-rp6uv0/getUpdates "HTTP/1.1 200 OK"
2026-06-09 11:19:32,540 [INFO] httpx: HTTP Request: POST https://api.telegram.org/bot8343388239:AAFgeAkc9bvjywyCsHqRIa_RiJ6q-rp6uv0/getUpdates "HTTP/1.1 200 OK"
2026-06-09 11:20:03,230 [INFO] httpx: HTTP Request: POST https://api.telegram.org/bot8343388239:AAFgeAkc9bvjywyCsHqRIa_RiJ6q-rp6uv0/getUpdates "HTTP/1.1 200 OK"
2026-06-09 11:20:33,922 [INFO] httpx: HTTP Request: POST https://api.telegram.org/bot8343388239:AAFgeAkc9bvjywyCsHqRIa_RiJ6q-rp6uv0/getUpdates "HTTP/1.1 200 OK"
2026-06-09 11:20:47,270 [INFO] signals.stockity_http: Got 900 raw 1s candles for CRYPTO_IDX (Z-CRY/IDX)
2026-06-09 11:20:47,271 [INFO] signals.stockity_http: Aggregated into 16 1m candles
2026-06-09 11:20:47,271 [INFO] signals.stockity_http: Signal for CRYPTO_IDX: WAIT 54% (score=54, EMA5↓EMA10; RSI0 OS; midHi)
2026-06-09 11:20:47,497 [INFO] signals.stockity_http: Got 900 raw 1s candles for BTC_IDX (Z-CRY/IDX)
2026-06-09 11:20:47,498 [INFO] signals.stockity_http: Aggregated into 16 1m candles
2026-06-09 11:20:47,498 [INFO] signals.stockity_http: Signal for BTC_IDX: WAIT 54% (score=54, EMA5↓EMA10; RSI0 OS; midHi)
2026-06-09 11:20:47,692 [INFO] signals.stockity_http: Got 900 raw 1s candles for ETH_IDX (Z-CRY/IDX)
2026-06-09 11:20:47,693 [INFO] signals.stockity_http: Aggregated into 16 1m candles
2026-06-09 11:20:47,693 [INFO] signals.stockity_http: Signal for ETH_IDX: WAIT 54% (score=54, EMA5↓EMA10; RSI0 OS; midHi)
2026-06-09 11:20:47,852 [INFO] signals.stockity_http: Got 900 raw 1s candles for GOLD_IDX (Z-CRY/IDX)
2026-06-09 11:20:47,853 [INFO] signals.stockity_http: Aggregated into 16 1m candles
2026-06-09 11:20:47,853 [INFO] signals.stockity_http: Signal for GOLD_IDX: WAIT 54% (score=54, EMA5↓EMA10; RSI0 OS; midHi)
2026-06-09 11:21:04,614 [INFO] httpx: HTTP Request: POST https://api.telegram.org/bot8343388239:AAFgeAkc9bvjywyCsHqRIa_RiJ6q-rp6uv0/getUpdates "HTTP/1.1 200 OK"
2026-06-09 11:21:35,313 [INFO] httpx: HTTP Request: POST https://api.telegram.org/bot8343388239:AAFgeAkc9bvjywyCsHqRIa_RiJ6q-rp6uv0/getUpdates "HTTP/1.1 200 OK"
2026-06-09 11:22:06,006 [INFO] httpx: HTTP Request: POST https://api.telegram.org/bot8343388239:AAFgeAkc9bvjywyCsHqRIa_RiJ6q-rp6uv0/getUpdates "HTTP/1.1 200 OK"
2026-06-09 11:22:36,706 [INFO] httpx: HTTP Request: POST https://api.telegram.org/bot8343388239:AAFgeAkc9bvjywyCsHqRIa_RiJ6q-rp6uv0/getUpdates "HTTP/1.1 200 OK"
2026-06-09 11:23:07,399 [INFO] httpx: HTTP Request: POST https://api.telegram.org/bot8343388239:AAFgeAkc9bvjywyCsHqRIa_RiJ6q-rp6uv0/getUpdates "HTTP/1.1 200 OK"
2026-06-09 11:23:38,093 [INFO] httpx: HTTP Request: POST https://api.telegram.org/bot8343388239:AAFgeAkc9bvjywyCsHqRIa_RiJ6q-rp6uv0/getUpdates "HTTP/1.1 200 OK"
2026-06-09 11:24:08,784 [INFO] httpx: HTTP Request: POST https://api.telegram.org/bot8343388239:AAFgeAkc9bvjywyCsHqRIa_RiJ6q-rp6uv0/getUpdates "HTTP/1.1 200 OK"
2026-06-09 11:24:39,474 [INFO] httpx: HTTP Request: POST https://api.telegram.org/bot8343388239:AAFgeAkc9bvjywyCsHqRIa_RiJ6q-rp6uv0/getUpdates "HTTP/1.1 200 OK"
2026-06-09 11:25:10,554 [INFO] httpx: HTTP Request: POST https://api.telegram.org/bot8343388239:AAFgeAkc9bvjywyCsHqRIa_RiJ6q-rp6uv0/getUpdates "HTTP/1.1 200 OK"
2026-06-09 11:25:41,256 [INFO] httpx: HTTP Request: POST https://api.telegram.org/bot8343388239:AAFgeAkc9bvjywyCsHqRIa_RiJ6q-rp6uv0/getUpdates "HTTP/1.1 200 OK"
2026-06-09 11:25:48,058 [INFO] signals.stockity_http: Got 900 raw 1s candles for CRYPTO_IDX (Z-CRY/IDX)
2026-06-09 11:25:48,058 [INFO] signals.stockity_http: Aggregated into 16 1m candles
2026-06-09 11:25:48,058 [INFO] signals.stockity_http: Signal for CRYPTO_IDX: WAIT 54% (score=54, EMA5↓EMA10; RSI0 OS; midHi)
2026-06-09 11:25:48,222 [INFO] signals.stockity_http: Got 900 raw 1s candles for BTC_IDX (Z-CRY/IDX)
2026-06-09 11:25:48,223 [INFO] signals.stockity_http: Aggregated into 16 1m candles
2026-06-09 11:25:48,223 [INFO] signals.stockity_http: Signal for BTC_IDX: WAIT 54% (score=54, EMA5↓EMA10; RSI0 OS; midHi)
2026-06-09 11:25:48,373 [INFO] signals.stockity_http: Got 900 raw 1s candles for ETH_IDX (Z-CRY/IDX)
2026-06-09 11:25:48,374 [INFO] signals.stockity_http: Aggregated into 16 1m candles
2026-06-09 11:25:48,374 [INFO] signals.stockity_http: Signal for ETH_IDX: WAIT 54% (score=54, EMA5↓EMA10; RSI0 OS; midHi)
2026-06-09 11:25:48,541 [INFO] signals.stockity_http: Got 900 raw 1s candles for GOLD_IDX (Z-CRY/IDX)
2026-06-09 11:25:48,541 [INFO] signals.stockity_http: Aggregated into 16 1m candles
2026-06-09 11:25:48,542 [INFO] signals.stockity_http: Signal for GOLD_IDX: WAIT 54% (score=54, EMA5↓EMA10; RSI0 OS; midHi)
2026-06-09 11:26:12,434 [INFO] httpx: HTTP Request: POST https://api.telegram.org/bot8343388239:AAFgeAkc9bvjywyCsHqRIa_RiJ6q-rp6uv0/getUpdates "HTTP/1.1 200 OK"
2026-06-09 11:26:43,135 [INFO] httpx: HTTP Request: POST https://api.telegram.org/bot8343388239:AAFgeAkc9bvjywyCsHqRIa_RiJ6q-rp6uv0/getUpdates "HTTP/1.1 200 OK"
2026-06-09 11:27:13,828 [INFO] httpx: HTTP Request: POST https://api.telegram.org/bot8343388239:AAFgeAkc9bvjywyCsHqRIa_RiJ6q-rp6uv0/getUpdates "HTTP/1.1 200 OK"
2026-06-09 11:27:44,520 [INFO] httpx: HTTP Request: POST https://api.telegram.org/bot8343388239:AAFgeAkc9bvjywyCsHqRIa_RiJ6q-rp6uv0/getUpdates "HTTP/1.1 200 OK"
2026-06-09 11:28:15,220 [INFO] httpx: HTTP Request: POST https://api.telegram.org/bot8343388239:AAFgeAkc9bvjywyCsHqRIa_RiJ6q-rp6uv0/getUpdates "HTTP/1.1 200 OK"
2026-06-09 11:28:45,911 [INFO] httpx: HTTP Request: POST https://api.telegram.org/bot8343388239:AAFgeAkc9bvjywyCsHqRIa_RiJ6q-rp6uv0/getUpdates "HTTP/1.1 200 OK"
2026-06-09 11:29:16,605 [INFO] httpx: HTTP Request: POST https://api.telegram.org/bot8343388239:AAFgeAkc9bvjywyCsHqRIa_RiJ6q-rp6uv0/getUpdates "HTTP/1.1 200 OK"
2026-06-09 11:29:47,297 [INFO] httpx: HTTP Request: POST https://api.telegram.org/bot8343388239:AAFgeAkc9bvjywyCsHqRIa_RiJ6q-rp6uv0/getUpdates "HTTP/1.1 200 OK"
2026-06-09 11:30:17,988 [INFO] httpx: HTTP Request: POST https://api.telegram.org/bot8343388239:AAFgeAkc9bvjywyCsHqRIa_RiJ6q-rp6uv0/getUpdates "HTTP/1.1 200 OK"
2026-06-09 11:30:48,940 [INFO] signals.stockity_http: Got 900 raw 1s candles for CRYPTO_IDX (Z-CRY/IDX)
2026-06-09 11:30:48,941 [INFO] signals.stockity_http: Aggregated into 16 1m candles
2026-06-09 11:30:48,941 [INFO] signals.stockity_http: Signal for CRYPTO_IDX: CALL 64% (score=64, EMA5↑EMA10; RSI0 OS)
2026-06-09 11:30:49,172 [INFO] signals.stockity_http: Got 900 raw 1s candles for BTC_IDX (Z-CRY/IDX)
2026-06-09 11:30:49,173 [INFO] signals.stockity_http: Aggregated into 16 1m candles
2026-06-09 11:30:49,173 [INFO] signals.stockity_http: Signal for BTC_IDX: CALL 64% (score=64, EMA5↑EMA10; RSI0 OS)
2026-06-09 11:30:49,332 [INFO] signals.stockity_http: Got 900 raw 1s candles for ETH_IDX (Z-CRY/IDX)
2026-06-09 11:30:49,332 [INFO] signals.stockity_http: Aggregated into 16 1m candles
2026-06-09 11:30:49,332 [INFO] signals.stockity_http: Signal for ETH_IDX: CALL 64% (score=64, EMA5↑EMA10; RSI0 OS)
2026-06-09 11:30:49,530 [INFO] signals.stockity_http: Got 900 raw 1s candles for GOLD_IDX (Z-CRY/IDX)
2026-06-09 11:30:49,531 [INFO] signals.stockity_http: Aggregated into 16 1m candles
2026-06-09 11:30:49,531 [INFO] signals.stockity_http: Signal for GOLD_IDX: CALL 64% (score=64, EMA5↑EMA10; RSI0 OS)
2026-06-09 11:30:49,532 [INFO] httpx: HTTP Request: POST https://api.telegram.org/bot8343388239:AAFgeAkc9bvjywyCsHqRIa_RiJ6q-rp6uv0/getUpdates "HTTP/1.1 200 OK"
2026-06-09 11:31:20,222 [INFO] httpx: HTTP Request: POST https://api.telegram.org/bot8343388239:AAFgeAkc9bvjywyCsHqRIa_RiJ6q-rp6uv0/getUpdates "HTTP/1.1 200 OK"
2026-06-09 11:31:50,921 [INFO] httpx: HTTP Request: POST https://api.telegram.org/bot8343388239:AAFgeAkc9bvjywyCsHqRIa_RiJ6q-rp6uv0/getUpdates "HTTP/1.1 200 OK"
2026-06-09 11:32:21,612 [INFO] httpx: HTTP Request: POST https://api.telegram.org/bot8343388239:AAFgeAkc9bvjywyCsHqRIa_RiJ6q-rp6uv0/getUpdates "HTTP/1.1 200 OK"
2026-06-09 11:32:52,306 [INFO] httpx: HTTP Request: POST https://api.telegram.org/bot8343388239:AAFgeAkc9bvjywyCsHqRIa_RiJ6q-rp6uv0/getUpdates "HTTP/1.1 200 OK"
2026-06-09 11:33:23,016 [INFO] httpx: HTTP Request: POST https://api.telegram.org/bot8343388239:AAFgeAkc9bvjywyCsHqRIa_RiJ6q-rp6uv0/getUpdates "HTTP/1.1 200 OK"
2026-06-09 11:33:53,710 [INFO] httpx: HTTP Request: POST https://api.telegram.org/bot8343388239:AAFgeAkc9bvjywyCsHqRIa_RiJ6q-rp6uv0/getUpdates "HTTP/1.1 200 OK"
2026-06-09 11:34:24,408 [INFO] httpx: HTTP Request: POST https://api.telegram.org/bot8343388239:AAFgeAkc9bvjywyCsHqRIa_RiJ6q-rp6uv0/getUpdates "HTTP/1.1 200 OK"
2026-06-09 11:34:55,099 [INFO] httpx: HTTP Request: POST https://api.telegram.org/bot8343388239:AAFgeAkc9bvjywyCsHqRIa_RiJ6q-rp6uv0/getUpdates "HTTP/1.1 200 OK"
2026-06-09 11:35:25,792 [INFO] httpx: HTTP Request: POST https://api.telegram.org/bot8343388239:AAFgeAkc9bvjywyCsHqRIa_RiJ6q-rp6uv0/getUpdates "HTTP/1.1 200 OK"
2026-06-09 11:35:49,748 [INFO] signals.stockity_http: Got 900 raw 1s candles for CRYPTO_IDX (Z-CRY/IDX)
2026-06-09 11:35:49,748 [INFO] signals.stockity_http: Aggregated into 16 1m candles
2026-06-09 11:35:49,748 [INFO] signals.stockity_http: Signal for CRYPTO_IDX: CALL 64% (score=64, EMA5↑EMA10; RSI0 OS)
2026-06-09 11:35:49,902 [INFO] signals.stockity_http: Got 900 raw 1s candles for BTC_IDX (Z-CRY/IDX)
2026-06-09 11:35:49,902 [INFO] signals.stockity_http: Aggregated into 16 1m candles
2026-06-09 11:35:49,902 [INFO] signals.stockity_http: Signal for BTC_IDX: CALL 64% (score=64, EMA5↑EMA10; RSI0 OS)
2026-06-09 11:35:50,050 [INFO] signals.stockity_http: Got 900 raw 1s candles for ETH_IDX (Z-CRY/IDX)
2026-06-09 11:35:50,050 [INFO] signals.stockity_http: Aggregated into 16 1m candles
2026-06-09 11:35:50,050 [INFO] signals.stockity_http: Signal for ETH_IDX: CALL 64% (score=64, EMA5↑EMA10; RSI0 OS)
2026-06-09 11:35:50,241 [INFO] signals.stockity_http: Got 900 raw 1s candles for GOLD_IDX (Z-CRY/IDX)
2026-06-09 11:35:50,242 [INFO] signals.stockity_http: Aggregated into 16 1m candles
2026-06-09 11:35:50,242 [INFO] signals.stockity_http: Signal for GOLD_IDX: CALL 64% (score=64, EMA5↑EMA10; RSI0 OS)
2026-06-09 11:35:56,485 [INFO] httpx: HTTP Request: POST https://api.telegram.org/bot8343388239:AAFgeAkc9bvjywyCsHqRIa_RiJ6q-rp6uv0/getUpdates "HTTP/1.1 200 OK"
2026-06-09 11:36:27,180 [INFO] httpx: HTTP Request: POST https://api.telegram.org/bot8343388239:AAFgeAkc9bvjywyCsHqRIa_RiJ6q-rp6uv0/getUpdates "HTTP/1.1 200 OK"
2026-06-09 11:36:57,871 [INFO] httpx: HTTP Request: POST https://api.telegram.org/bot8343388239:AAFgeAkc9bvjywyCsHqRIa_RiJ6q-rp6uv0/getUpdates "HTTP/1.1 200 OK"
2026-06-09 11:37:28,564 [INFO] httpx: HTTP Request: POST https://api.telegram.org/bot8343388239:AAFgeAkc9bvjywyCsHqRIa_RiJ6q-rp6uv0/getUpdates "HTTP/1.1 200 OK"
2026-06-09 11:37:59,263 [INFO] httpx: HTTP Request: POST https://api.telegram.org/bot8343388239:AAFgeAkc9bvjywyCsHqRIa_RiJ6q-rp6uv0/getUpdates "HTTP/1.1 200 OK"
2026-06-09 11:38:29,960 [INFO] httpx: HTTP Request: POST https://api.telegram.org/bot8343388239:AAFgeAkc9bvjywyCsHqRIa_RiJ6q-rp6uv0/getUpdates "HTTP/1.1 200 OK"
2026-06-09 11:39:00,653 [INFO] httpx: HTTP Request: POST https://api.telegram.org/bot8343388239:AAFgeAkc9bvjywyCsHqRIa_RiJ6q-rp6uv0/getUpdates "HTTP/1.1 200 OK"
2026-06-09 11:39:31,357 [INFO] httpx: HTTP Request: POST https://api.telegram.org/bot8343388239:AAFgeAkc9bvjywyCsHqRIa_RiJ6q-rp6uv0/getUpdates "HTTP/1.1 200 OK"
2026-06-09 11:40:02,054 [INFO] httpx: HTTP Request: POST https://api.telegram.org/bot8343388239:AAFgeAkc9bvjywyCsHqRIa_RiJ6q-rp6uv0/getUpdates "HTTP/1.1 200 OK"
2026-06-09 11:40:32,748 [INFO] httpx: HTTP Request: POST https://api.telegram.org/bot8343388239:AAFgeAkc9bvjywyCsHqRIa_RiJ6q-rp6uv0/getUpdates "HTTP/1.1 200 OK"
2026-06-09 11:40:50,449 [INFO] signals.stockity_http: Got 900 raw 1s candles for CRYPTO_IDX (Z-CRY/IDX)
2026-06-09 11:40:50,449 [INFO] signals.stockity_http: Aggregated into 16 1m candles
2026-06-09 11:40:50,449 [INFO] signals.stockity_http: Signal for CRYPTO_IDX: CALL 64% (score=64, EMA5↑EMA10; RSI0 OS)
2026-06-09 11:40:50,603 [INFO] signals.stockity_http: Got 900 raw 1s candles for BTC_IDX (Z-CRY/IDX)
2026-06-09 11:40:50,604 [INFO] signals.stockity_http: Aggregated into 16 1m candles
2026-06-09 11:40:50,604 [INFO] signals.stockity_http: Signal for BTC_IDX: CALL 64% (score=64, EMA5↑EMA10; RSI0 OS)
2026-06-09 11:40:50,763 [INFO] signals.stockity_http: Got 900 raw 1s candles for ETH_IDX (Z-CRY/IDX)
2026-06-09 11:40:50,764 [INFO] signals.stockity_http: Aggregated into 16 1m candles
2026-06-09 11:40:50,764 [INFO] signals.stockity_http: Signal for ETH_IDX: CALL 64% (score=64, EMA5↑EMA10; RSI0 OS)
2026-06-09 11:40:50,911 [INFO] signals.stockity_http: Got 900 raw 1s candles for GOLD_IDX (Z-CRY/IDX)
2026-06-09 11:40:50,912 [INFO] signals.stockity_http: Aggregated into 16 1m candles
2026-06-09 11:40:50,912 [INFO] signals.stockity_http: Signal for GOLD_IDX: CALL 64% (score=64, EMA5↑EMA10; RSI0 OS)
2026-06-09 11:41:03,443 [INFO] httpx: HTTP Request: POST https://api.telegram.org/bot8343388239:AAFgeAkc9bvjywyCsHqRIa_RiJ6q-rp6uv0/getUpdates "HTTP/1.1 200 OK"
2026-06-09 11:41:34,135 [INFO] httpx: HTTP Request: POST https://api.telegram.org/bot8343388239:AAFgeAkc9bvjywyCsHqRIa_RiJ6q-rp6uv0/getUpdates "HTTP/1.1 200 OK"
2026-06-09 11:42:04,829 [INFO] httpx: HTTP Request: POST https://api.telegram.org/bot8343388239:AAFgeAkc9bvjywyCsHqRIa_RiJ6q-rp6uv0/getUpdates "HTTP/1.1 200 OK"
2026-06-09 11:42:35,525 [INFO] httpx: HTTP Request: POST https://api.telegram.org/bot8343388239:AAFgeAkc9bvjywyCsHqRIa_RiJ6q-rp6uv0/getUpdates "HTTP/1.1 200 OK"
2026-06-09 11:43:06,224 [INFO] httpx: HTTP Request: POST https://api.telegram.org/bot8343388239:AAFgeAkc9bvjywyCsHqRIa_RiJ6q-rp6uv0/getUpdates "HTTP/1.1 200 OK"
2026-06-09 11:43:36,929 [INFO] httpx: HTTP Request: POST https://api.telegram.org/bot8343388239:AAFgeAkc9bvjywyCsHqRIa_RiJ6q-rp6uv0/getUpdates "HTTP/1.1 200 OK"
2026-06-09 11:44:07,624 [INFO] httpx: HTTP Request: POST https://api.telegram.org/bot8343388239:AAFgeAkc9bvjywyCsHqRIa_RiJ6q-rp6uv0/getUpdates "HTTP/1.1 200 OK"
2026-06-09 11:44:38,320 [INFO] httpx: HTTP Request: POST https://api.telegram.org/bot8343388239:AAFgeAkc9bvjywyCsHqRIa_RiJ6q-rp6uv0/getUpdates "HTTP/1.1 200 OK"
2026-06-09 11:45:09,017 [INFO] httpx: HTTP Request: POST https://api.telegram.org/bot8343388239:AAFgeAkc9bvjywyCsHqRIa_RiJ6q-rp6uv0/getUpdates "HTTP/1.1 200 OK"
2026-06-09 11:45:39,714 [INFO] httpx: HTTP Request: POST https://api.telegram.org/bot8343388239:AAFgeAkc9bvjywyCsHqRIa_RiJ6q-rp6uv0/getUpdates "HTTP/1.1 200 OK"
2026-06-09 11:45:51,611 [INFO] signals.stockity_http: Got 900 raw 1s candles for CRYPTO_IDX (Z-CRY/IDX)
2026-06-09 11:45:51,612 [INFO] signals.stockity_http: Aggregated into 16 1m candles
2026-06-09 11:45:51,612 [INFO] signals.stockity_http: Signal for CRYPTO_IDX: CALL 60% (score=60, EMA5↑EMA10; RSI0 OS; pinTop)
2026-06-09 11:45:51,612 [INFO] subscription_bot.signaler: NEW signal: CRYPTO_IDX CALL 60%
2026-06-09 11:45:52,401 [INFO] httpx: HTTP Request: POST https://api.telegram.org/bot8343388239:AAFgeAkc9bvjywyCsHqRIa_RiJ6q-rp6uv0/sendMessage "HTTP/1.1 200 OK"
2026-06-09 11:45:52,432 [INFO] subscription_bot.bot: Signal dispatched to 1/1 subscribers
2026-06-09 11:45:52,619 [INFO] signals.stockity_http: Got 900 raw 1s candles for BTC_IDX (Z-CRY/IDX)
2026-06-09 11:45:52,619 [INFO] signals.stockity_http: Aggregated into 16 1m candles
2026-06-09 11:45:52,620 [INFO] signals.stockity_http: Signal for BTC_IDX: CALL 60% (score=60, EMA5↑EMA10; RSI0 OS; pinTop)
2026-06-09 11:45:52,620 [INFO] subscription_bot.signaler: NEW signal: BTC_IDX CALL 60%
2026-06-09 11:45:53,028 [INFO] httpx: HTTP Request: POST https://api.telegram.org/bot8343388239:AAFgeAkc9bvjywyCsHqRIa_RiJ6q-rp6uv0/sendMessage "HTTP/1.1 200 OK"
2026-06-09 11:45:53,060 [INFO] subscription_bot.bot: Signal dispatched to 1/1 subscribers
2026-06-09 11:45:53,220 [INFO] signals.stockity_http: Got 900 raw 1s candles for ETH_IDX (Z-CRY/IDX)
2026-06-09 11:45:53,220 [INFO] signals.stockity_http: Aggregated into 16 1m candles
2026-06-09 11:45:53,221 [INFO] signals.stockity_http: Signal for ETH_IDX: CALL 60% (score=60, EMA5↑EMA10; RSI0 OS; pinTop)
2026-06-09 11:45:53,221 [INFO] subscription_bot.signaler: NEW signal: ETH_IDX CALL 60%
2026-06-09 11:45:53,604 [INFO] httpx: HTTP Request: POST https://api.telegram.org/bot8343388239:AAFgeAkc9bvjywyCsHqRIa_RiJ6q-rp6uv0/sendMessage "HTTP/1.1 200 OK"
2026-06-09 11:45:53,636 [INFO] subscription_bot.bot: Signal dispatched to 1/1 subscribers
2026-06-09 11:45:53,790 [INFO] signals.stockity_http: Got 900 raw 1s candles for GOLD_IDX (Z-CRY/IDX)
2026-06-09 11:45:53,790 [INFO] signals.stockity_http: Aggregated into 16 1m candles
2026-06-09 11:45:53,790 [INFO] signals.stockity_http: Signal for GOLD_IDX: CALL 60% (score=60, EMA5↑EMA10; RSI0 OS; pinTop)
2026-06-09 11:45:53,791 [INFO] subscription_bot.signaler: NEW signal: GOLD_IDX CALL 60%
2026-06-09 11:45:54,168 [INFO] httpx: HTTP Request: POST https://api.telegram.org/bot8343388239:AAFgeAkc9bvjywyCsHqRIa_RiJ6q-rp6uv0/sendMessage "HTTP/1.1 200 OK"
2026-06-09 11:45:54,200 [INFO] subscription_bot.bot: Signal dispatched to 1/1 subscribers
2026-06-09 11:46:10,829 [INFO] httpx: HTTP Request: POST https://api.telegram.org/bot8343388239:AAFgeAkc9bvjywyCsHqRIa_RiJ6q-rp6uv0/getUpdates "HTTP/1.1 200 OK"
2026-06-09 11:46:41,523 [INFO] httpx: HTTP Request: POST https://api.telegram.org/bot8343388239:AAFgeAkc9bvjywyCsHqRIa_RiJ6q-rp6uv0/getUpdates "HTTP/1.1 200 OK"
2026-06-09 11:47:12,216 [INFO] httpx: HTTP Request: POST https://api.telegram.org/bot8343388239:AAFgeAkc9bvjywyCsHqRIa_RiJ6q-rp6uv0/getUpdates "HTTP/1.1 200 OK"
2026-06-09 11:47:42,918 [INFO] httpx: HTTP Request: POST https://api.telegram.org/bot8343388239:AAFgeAkc9bvjywyCsHqRIa_RiJ6q-rp6uv0/getUpdates "HTTP/1.1 200 OK"
2026-06-09 11:48:13,612 [INFO] httpx: HTTP Request: POST https://api.telegram.org/bot8343388239:AAFgeAkc9bvjywyCsHqRIa_RiJ6q-rp6uv0/getUpdates "HTTP/1.1 200 OK"
2026-06-09 11:48:44,304 [INFO] httpx: HTTP Request: POST https://api.telegram.org/bot8343388239:AAFgeAkc9bvjywyCsHqRIa_RiJ6q-rp6uv0/getUpdates "HTTP/1.1 200 OK"
2026-06-09 11:49:15,040 [INFO] httpx: HTTP Request: POST https://api.telegram.org/bot8343388239:AAFgeAkc9bvjywyCsHqRIa_RiJ6q-rp6uv0/getUpdates "HTTP/1.1 200 OK"
2026-06-09 11:49:45,735 [INFO] httpx: HTTP Request: POST https://api.telegram.org/bot8343388239:AAFgeAkc9bvjywyCsHqRIa_RiJ6q-rp6uv0/getUpdates "HTTP/1.1 200 OK"
2026-06-09 11:50:16,433 [INFO] httpx: HTTP Request: POST https://api.telegram.org/bot8343388239:AAFgeAkc9bvjywyCsHqRIa_RiJ6q-rp6uv0/getUpdates "HTTP/1.1 200 OK"
2026-06-09 11:50:47,136 [INFO] httpx: HTTP Request: POST https://api.telegram.org/bot8343388239:AAFgeAkc9bvjywyCsHqRIa_RiJ6q-rp6uv0/getUpdates "HTTP/1.1 200 OK"
2026-06-09 11:50:54,407 [INFO] signals.stockity_http: Got 900 raw 1s candles for CRYPTO_IDX (Z-CRY/IDX)
2026-06-09 11:50:54,407 [INFO] signals.stockity_http: Aggregated into 16 1m candles
2026-06-09 11:50:54,407 [INFO] signals.stockity_http: Signal for CRYPTO_IDX: CALL 60% (score=60, EMA5↑EMA10; RSI0 OS; pinTop)
2026-06-09 11:50:54,568 [INFO] signals.stockity_http: Got 900 raw 1s candles for BTC_IDX (Z-CRY/IDX)
2026-06-09 11:50:54,569 [INFO] signals.stockity_http: Aggregated into 16 1m candles
2026-06-09 11:50:54,570 [INFO] signals.stockity_http: Signal for BTC_IDX: CALL 60% (score=60, EMA5↑EMA10; RSI0 OS; pinTop)
2026-06-09 11:50:54,731 [INFO] signals.stockity_http: Got 900 raw 1s candles for ETH_IDX (Z-CRY/IDX)
2026-06-09 11:50:54,731 [INFO] signals.stockity_http: Aggregated into 16 1m candles
2026-06-09 11:50:54,732 [INFO] signals.stockity_http: Signal for ETH_IDX: CALL 60% (score=60, EMA5↑EMA10; RSI0 OS; pinTop)
2026-06-09 11:50:54,892 [INFO] signals.stockity_http: Got 900 raw 1s candles for GOLD_IDX (Z-CRY/IDX)
2026-06-09 11:50:54,893 [INFO] signals.stockity_http: Aggregated into 16 1m candles
2026-06-09 11:50:54,893 [INFO] signals.stockity_http: Signal for GOLD_IDX: CALL 60% (score=60, EMA5↑EMA10; RSI0 OS; pinTop)
2026-06-09 11:51:17,834 [INFO] httpx: HTTP Request: POST https://api.telegram.org/bot8343388239:AAFgeAkc9bvjywyCsHqRIa_RiJ6q-rp6uv0/getUpdates "HTTP/1.1 200 OK"
2026-06-09 11:51:48,527 [INFO] httpx: HTTP Request: POST https://api.telegram.org/bot8343388239:AAFgeAkc9bvjywyCsHqRIa_RiJ6q-rp6uv0/getUpdates "HTTP/1.1 200 OK"
2026-06-09 11:52:19,223 [INFO] httpx: HTTP Request: POST https://api.telegram.org/bot8343388239:AAFgeAkc9bvjywyCsHqRIa_RiJ6q-rp6uv0/getUpdates "HTTP/1.1 200 OK"
2026-06-09 11:52:49,917 [INFO] httpx: HTTP Request: POST https://api.telegram.org/bot8343388239:AAFgeAkc9bvjywyCsHqRIa_RiJ6q-rp6uv0/getUpdates "HTTP/1.1 200 OK"
2026-06-09 11:53:20,614 [INFO] httpx: HTTP Request: POST https://api.telegram.org/bot8343388239:AAFgeAkc9bvjywyCsHqRIa_RiJ6q-rp6uv0/getUpdates "HTTP/1.1 200 OK"
2026-06-09 11:53:51,307 [INFO] httpx: HTTP Request: POST https://api.telegram.org/bot8343388239:AAFgeAkc9bvjywyCsHqRIa_RiJ6q-rp6uv0/getUpdates "HTTP/1.1 200 OK"
2026-06-09 11:54:22,001 [INFO] httpx: HTTP Request: POST https://api.telegram.org/bot8343388239:AAFgeAkc9bvjywyCsHqRIa_RiJ6q-rp6uv0/getUpdates "HTTP/1.1 200 OK"
2026-06-09 11:54:52,692 [INFO] httpx: HTTP Request: POST https://api.telegram.org/bot8343388239:AAFgeAkc9bvjywyCsHqRIa_RiJ6q-rp6uv0/getUpdates "HTTP/1.1 200 OK"
2026-06-09 11:55:23,385 [INFO] httpx: HTTP Request: POST https://api.telegram.org/bot8343388239:AAFgeAkc9bvjywyCsHqRIa_RiJ6q-rp6uv0/getUpdates "HTTP/1.1 200 OK"
2026-06-09 11:55:54,247 [INFO] httpx: HTTP Request: POST https://api.telegram.org/bot8343388239:AAFgeAkc9bvjywyCsHqRIa_RiJ6q-rp6uv0/getUpdates "HTTP/1.1 200 OK"
2026-06-09 11:55:55,108 [INFO] signals.stockity_http: Got 900 raw 1s candles for CRYPTO_IDX (Z-CRY/IDX)
2026-06-09 11:55:55,109 [INFO] signals.stockity_http: Aggregated into 16 1m candles
2026-06-09 11:55:55,109 [INFO] signals.stockity_http: Signal for CRYPTO_IDX: CALL 60% (score=60, EMA5↑EMA10; RSI0 OS; pinTop)
2026-06-09 11:55:55,265 [INFO] signals.stockity_http: Got 900 raw 1s candles for BTC_IDX (Z-CRY/IDX)
2026-06-09 11:55:55,266 [INFO] signals.stockity_http: Aggregated into 16 1m candles
2026-06-09 11:55:55,266 [INFO] signals.stockity_http: Signal for BTC_IDX: CALL 60% (score=60, EMA5↑EMA10; RSI0 OS; pinTop)
2026-06-09 11:55:55,434 [INFO] signals.stockity_http: Got 900 raw 1s candles for ETH_IDX (Z-CRY/IDX)
2026-06-09 11:55:55,435 [INFO] signals.stockity_http: Aggregated into 16 1m candles
2026-06-09 11:55:55,435 [INFO] signals.stockity_http: Signal for ETH_IDX: CALL 60% (score=60, EMA5↑EMA10; RSI0 OS; pinTop)
2026-06-09 11:55:55,591 [INFO] signals.stockity_http: Got 900 raw 1s candles for GOLD_IDX (Z-CRY/IDX)
2026-06-09 11:55:55,591 [INFO] signals.stockity_http: Aggregated into 16 1m candles
2026-06-09 11:55:55,592 [INFO] signals.stockity_http: Signal for GOLD_IDX: CALL 60% (score=60, EMA5↑EMA10; RSI0 OS; pinTop)
2026-06-09 11:56:24,946 [INFO] httpx: HTTP Request: POST https://api.telegram.org/bot8343388239:AAFgeAkc9bvjywyCsHqRIa_RiJ6q-rp6uv0/getUpdates "HTTP/1.1 200 OK"
2026-06-09 11:56:55,647 [INFO] httpx: HTTP Request: POST https://api.telegram.org/bot8343388239:AAFgeAkc9bvjywyCsHqRIa_RiJ6q-rp6uv0/getUpdates "HTTP/1.1 200 OK"
2026-06-09 11:57:26,342 [INFO] httpx: HTTP Request: POST https://api.telegram.org/bot8343388239:AAFgeAkc9bvjywyCsHqRIa_RiJ6q-rp6uv0/getUpdates "HTTP/1.1 200 OK"
2026-06-09 11:57:57,037 [INFO] httpx: HTTP Request: POST https://api.telegram.org/bot8343388239:AAFgeAkc9bvjywyCsHqRIa_RiJ6q-rp6uv0/getUpdates "HTTP/1.1 200 OK"
2026-06-09 11:58:27,737 [INFO] httpx: HTTP Request: POST https://api.telegram.org/bot8343388239:AAFgeAkc9bvjywyCsHqRIa_RiJ6q-rp6uv0/getUpdates "HTTP/1.1 200 OK"
2026-06-09 11:58:58,429 [INFO] httpx: HTTP Request: POST https://api.telegram.org/bot8343388239:AAFgeAkc9bvjywyCsHqRIa_RiJ6q-rp6uv0/getUpdates "HTTP/1.1 200 OK"
2026-06-09 11:59:29,119 [INFO] httpx: HTTP Request: POST https://api.telegram.org/bot8343388239:AAFgeAkc9bvjywyCsHqRIa_RiJ6q-rp6uv0/getUpdates "HTTP/1.1 200 OK"
2026-06-09 11:59:51,361 [INFO] httpx: HTTP Request: POST https://api.telegram.org/bot8343388239:AAFgeAkc9bvjywyCsHqRIa_RiJ6q-rp6uv0/getUpdates "HTTP/1.1 200 OK"
2026-06-09 11:59:51,361 [INFO] telegram.ext.Application: Application is stopping. This might take a moment.
2026-06-09 11:59:51,361 [INFO] telegram.ext.Application: Application.stop() complete
Traceback (most recent call last):
  File "/home/openclaw/projects/1ai-trade-bot/archive/old-bots/subscription-bot/bot.py", line 41, in <module>
    from core import Signal
ModuleNotFoundError: No module named 'core'
Traceback (most recent call last):
  File "/home/openclaw/projects/1ai-trade-bot/archive/old-bots/subscription-bot/bot.py", line 41, in <module>
    from core import Signal
ModuleNotFoundError: No module named 'core'
Traceback (most recent call last):
  File "/home/openclaw/projects/1ai-trade-bot/archive/old-bots/subscription-bot/bot.py", line 41, in <module>
    from core import Signal
ModuleNotFoundError: No module named 'core'
Traceback (most recent call last):
  File "/home/openclaw/projects/1ai-trade-bot/archive/old-bots/subscription-bot/bot.py", line 41, in <module>
    from core import Signal
ModuleNotFoundError: No module named 'core'
Traceback (most recent call last):
  File "/home/openclaw/projects/1ai-trade-bot/archive/old-bots/subscription-bot/bot.py", line 41, in <module>
    from core import Signal
ModuleNotFoundError: No module named 'core'
Traceback (most recent call last):
  File "/home/openclaw/projects/1ai-trade-bot/archive/old-bots/subscription-bot/bot.py", line 41, in <module>
    from core import Signal
ModuleNotFoundError: No module named 'core'
Traceback (most recent call last):
  File "/home/openclaw/projects/1ai-trade-bot/archive/old-bots/subscription-bot/bot.py", line 42, in <module>
    from core import Signal
ModuleNotFoundError: No module named 'core'
Traceback (most recent call last):
  File "/home/openclaw/projects/1ai-trade-bot/archive/old-bots/subscription-bot/bot.py", line 42, in <module>
    from core import Signal
ModuleNotFoundError: No module named 'core'
Traceback (most recent call last):
  File "/home/openclaw/projects/1ai-trade-bot/archive/old-bots/subscription-bot/bot.py", line 42, in <module>
    from core import Signal
ModuleNotFoundError: No module named 'core'
Traceback (most recent call last):
  File "/home/openclaw/projects/1ai-trade-bot/archive/old-bots/subscription-bot/bot.py", line 42, in <module>
    from core import Signal
ModuleNotFoundError: No module named 'core'
Traceback (most recent call last):
  File "/home/openclaw/projects/1ai-trade-bot/archive/old-bots/subscription-bot/bot.py", line 42, in <module>
    from core import Signal
ModuleNotFoundError: No module named 'core'
Traceback (most recent call last):
  File "/home/openclaw/projects/1ai-trade-bot/archive/old-bots/subscription-bot/bot.py", line 42, in <module>
    from core import Signal
ModuleNotFoundError: No module named 'core'
Traceback (most recent call last):
  File "/home/openclaw/projects/1ai-trade-bot/archive/old-bots/subscription-bot/bot.py", line 42, in <module>
    from core import Signal
ModuleNotFoundError: No module named 'core'
Traceback (most recent call last):
  File "/home/openclaw/projects/1ai-trade-bot/archive/old-bots/subscription-bot/bot.py", line 42, in <module>
    from core import Signal
ModuleNotFoundError: No module named 'core'
Traceback (most recent call last):
  File "/home/openclaw/projects/1ai-trade-bot/archive/old-bots/subscription-bot/bot.py", line 42, in <module>
    from core import Signal
ModuleNotFoundError: No module named 'core'
Traceback (most recent call last):
  File "/home/openclaw/projects/1ai-trade-bot/archive/old-bots/subscription-bot/bot.py", line 42, in <module>
    from core import Signal
ModuleNotFoundError: No module named 'core'
Traceback (most recent call last):
  File "/home/openclaw/projects/1ai-trade-bot/archive/old-bots/subscription-bot/bot.py", line 42, in <module>
    from core import Signal
ModuleNotFoundError: No module named 'core'
Traceback (most recent call last):
  File "/home/openclaw/projects/1ai-trade-bot/archive/old-bots/subscription-bot/bot.py", line 42, in <module>
    from core import Signal
ModuleNotFoundError: No module named 'core'
Traceback (most recent call last):
  File "/home/openclaw/projects/1ai-trade-bot/archive/old-bots/subscription-bot/bot.py", line 42, in <module>
    from core import Signal
ModuleNotFoundError: No module named 'core'
Traceback (most recent call last):
  File "/home/openclaw/projects/1ai-trade-bot/archive/old-bots/subscription-bot/bot.py", line 42, in <module>
    from core import Signal
ModuleNotFoundError: No module named 'core'
Traceback (most recent call last):
  File "/home/openclaw/projects/1ai-trade-bot/archive/old-bots/subscription-bot/bot.py", line 42, in <module>
    from core import Signal
ModuleNotFoundError: No module named 'core'
Traceback (most recent call last):
  File "/home/openclaw/projects/1ai-trade-bot/archive/old-bots/subscription-bot/bot.py", line 42, in <module>
    from core import Signal
ModuleNotFoundError: No module named 'core'
Traceback (most recent call last):
  File "/home/openclaw/projects/1ai-trade-bot/archive/old-bots/subscription-bot/bot.py", line 42, in <module>
    from core import Signal
ModuleNotFoundError: No module named 'core'
Traceback (most recent call last):
  File "/home/openclaw/projects/1ai-trade-bot/archive/old-bots/subscription-bot/bot.py", line 42, in <module>
    from core import Signal
ModuleNotFoundError: No module named 'core'
Traceback (most recent call last):
  File "/home/openclaw/projects/1ai-trade-bot/archive/old-bots/subscription-bot/bot.py", line 42, in <module>
    from core import Signal
ModuleNotFoundError: No module named 'core'
Traceback (most recent call last):
  File "/home/openclaw/projects/1ai-trade-bot/archive/old-bots/subscription-bot/bot.py", line 42, in <module>
    from core import Signal
ModuleNotFoundError: No module named 'core'
Traceback (most recent call last):
  File "/home/openclaw/projects/1ai-trade-bot/archive/old-bots/subscription-bot/bot.py", line 42, in <module>
    from core import Signal
ModuleNotFoundError: No module named 'core'
Traceback (most recent call last):
  File "/home/openclaw/projects/1ai-trade-bot/archive/old-bots/subscription-bot/bot.py", line 42, in <module>
    from core import Signal
ModuleNotFoundError: No module named 'core'
Traceback (most recent call last):
  File "/home/openclaw/projects/1ai-trade-bot/archive/old-bots/subscription-bot/bot.py", line 42, in <module>
    from core import Signal
ImportError: cannot import name 'Signal' from 'core' (unknown location)
2026-06-09 12:02:31,865 [INFO] subscription_bot.database: Database path: /home/openclaw/projects/1ai-trade-bot/archive/old-bots/subscription-bot/subscription_bot.db
2026-06-09 12:02:31,865 [INFO] subscription_bot.signaler: DerivSignaler initialized (symbols: R_75, R_100, R_50, 1HZ50V)
2026-06-09 12:02:31,867 [INFO] subscription_bot.database: Database tables ready
2026-06-09 12:02:33,340 [INFO] httpx: HTTP Request: POST https://api.telegram.org/bot8343388239:AAFgeAkc9bvjywyCsHqRIa_RiJ6q-rp6uv0/getMe "HTTP/1.1 200 OK"
2026-06-09 12:02:33,346 [INFO] subscription_bot.signaler: Proactive signaler started
2026-06-09 12:02:33,347 [INFO] subscription_bot.signaler: DerivSignaler started
2026-06-09 12:02:33,350 [INFO] subscription_bot.payment: Tripay webhook listening on :8788
2026-06-09 12:02:33,350 [INFO] subscription_bot.bot: Tripay webhook started
2026-06-09 12:02:33,350 [INFO] subscription_bot.bot: Bot is running!
2026-06-09 12:02:33,352 [INFO] subscription_bot.signaler: Proactive signaler started (interval=300s, min_conf=62%)
2026-06-09 12:02:33,742 [INFO] signals.stockity_http: Got 900 raw 1s candles for CRYPTO_IDX (Z-CRY/IDX)
2026-06-09 12:02:33,743 [INFO] signals.stockity_http: Aggregated into 16 1m candles
2026-06-09 12:02:33,743 [INFO] signals.stockity_http: Signal for CRYPTO_IDX: CALL 65% (score=65, EMA5↑EMA10; RSI0 OS; pinBot)
2026-06-09 12:02:33,743 [INFO] subscription_bot.signaler: NEW signal: CRYPTO_IDX CALL 65%
2026-06-09 12:02:33,745 [INFO] subscription_bot.signaler: DerivSignaler loop started (interval=300s, symbols=R_75, R_100, R_50, 1HZ50V)
2026-06-09 12:02:33,745 [ERROR] subscription_bot.signaler: DerivSignaler connect error: No module named 'deriv'
2026-06-09 12:02:34,142 [INFO] httpx: HTTP Request: POST https://api.telegram.org/bot8343388239:AAFgeAkc9bvjywyCsHqRIa_RiJ6q-rp6uv0/sendMessage "HTTP/1.1 200 OK"
2026-06-09 12:02:34,334 [INFO] httpx: HTTP Request: POST https://api.telegram.org/bot8343388239:AAFgeAkc9bvjywyCsHqRIa_RiJ6q-rp6uv0/deleteWebhook "HTTP/1.1 200 OK"
2026-06-09 12:02:34,336 [INFO] telegram.ext.Application: Application started
2026-06-09 12:02:34,526 [INFO] httpx: HTTP Request: POST https://api.telegram.org/bot8343388239:AAFgeAkc9bvjywyCsHqRIa_RiJ6q-rp6uv0/sendMessage "HTTP/1.1 200 OK"
2026-06-09 12:02:34,558 [INFO] subscription_bot.bot: Signal dispatched to 1/1 subscribers
2026-06-09 12:03:05,538 [INFO] httpx: HTTP Request: POST https://api.telegram.org/bot8343388239:AAFgeAkc9bvjywyCsHqRIa_RiJ6q-rp6uv0/getUpdates "HTTP/1.1 200 OK"
2026-06-09 12:03:05,559 [INFO] telegram.ext.Application: Application is stopping. This might take a moment.
2026-06-09 12:03:05,559 [INFO] telegram.ext.Application: Application.stop() complete
2026-06-09 12:03:06,290 [INFO] subscription_bot.database: Database path: /home/openclaw/projects/1ai-trade-bot/archive/old-bots/subscription-bot/subscription_bot.db
2026-06-09 12:03:06,290 [INFO] subscription_bot.signaler: DerivSignaler initialized (symbols: R_75, R_100, R_50, 1HZ50V)
2026-06-09 12:03:06,291 [INFO] subscription_bot.database: Database tables ready
2026-06-09 12:03:07,037 [INFO] httpx: HTTP Request: POST https://api.telegram.org/bot8343388239:AAFgeAkc9bvjywyCsHqRIa_RiJ6q-rp6uv0/getMe "HTTP/1.1 200 OK"
2026-06-09 12:03:07,038 [INFO] subscription_bot.signaler: Proactive signaler started
2026-06-09 12:03:07,038 [INFO] subscription_bot.signaler: DerivSignaler started
2026-06-09 12:03:07,039 [INFO] subscription_bot.payment: Tripay webhook listening on :8788
2026-06-09 12:03:07,039 [INFO] subscription_bot.bot: Tripay webhook started
2026-06-09 12:03:07,039 [INFO] subscription_bot.bot: Bot is running!
2026-06-09 12:03:07,040 [INFO] subscription_bot.signaler: Proactive signaler started (interval=300s, min_conf=62%)
2026-06-09 12:03:07,210 [INFO] signals.stockity_http: Got 900 raw 1s candles for CRYPTO_IDX (Z-CRY/IDX)
2026-06-09 12:03:07,211 [INFO] signals.stockity_http: Aggregated into 16 1m candles
2026-06-09 12:03:07,211 [INFO] signals.stockity_http: Signal for CRYPTO_IDX: CALL 65% (score=65, EMA5↑EMA10; RSI0 OS; pinBot)
2026-06-09 12:03:07,211 [INFO] subscription_bot.signaler: NEW signal: CRYPTO_IDX CALL 65%
2026-06-09 12:03:07,213 [INFO] subscription_bot.signaler: DerivSignaler loop started (interval=300s, symbols=R_75, R_100, R_50, 1HZ50V)
2026-06-09 12:03:07,213 [ERROR] subscription_bot.signaler: DerivSignaler connect error: No module named 'deriv'
2026-06-09 12:03:07,589 [INFO] httpx: HTTP Request: POST https://api.telegram.org/bot8343388239:AAFgeAkc9bvjywyCsHqRIa_RiJ6q-rp6uv0/sendMessage "HTTP/1.1 200 OK"
2026-06-09 12:03:07,778 [INFO] httpx: HTTP Request: POST https://api.telegram.org/bot8343388239:AAFgeAkc9bvjywyCsHqRIa_RiJ6q-rp6uv0/deleteWebhook "HTTP/1.1 200 OK"
2026-06-09 12:03:07,780 [INFO] telegram.ext.Application: Application started
2026-06-09 12:03:07,976 [INFO] httpx: HTTP Request: POST https://api.telegram.org/bot8343388239:AAFgeAkc9bvjywyCsHqRIa_RiJ6q-rp6uv0/sendMessage "HTTP/1.1 200 OK"
2026-06-09 12:03:08,007 [INFO] subscription_bot.bot: Signal dispatched to 1/1 subscribers
2026-06-09 12:03:38,372 [INFO] httpx: HTTP Request: POST https://api.telegram.org/bot8343388239:AAFgeAkc9bvjywyCsHqRIa_RiJ6q-rp6uv0/getUpdates "HTTP/1.1 200 OK"
2026-06-09 12:04:09,071 [INFO] httpx: HTTP Request: POST https://api.telegram.org/bot8343388239:AAFgeAkc9bvjywyCsHqRIa_RiJ6q-rp6uv0/getUpdates "HTTP/1.1 200 OK"
2026-06-09 12:04:39,767 [INFO] httpx: HTTP Request: POST https://api.telegram.org/bot8343388239:AAFgeAkc9bvjywyCsHqRIa_RiJ6q-rp6uv0/getUpdates "HTTP/1.1 200 OK"
2026-06-09 12:05:10,465 [INFO] httpx: HTTP Request: POST https://api.telegram.org/bot8343388239:AAFgeAkc9bvjywyCsHqRIa_RiJ6q-rp6uv0/getUpdates "HTTP/1.1 200 OK"
2026-06-09 12:05:41,163 [INFO] httpx: HTTP Request: POST https://api.telegram.org/bot8343388239:AAFgeAkc9bvjywyCsHqRIa_RiJ6q-rp6uv0/getUpdates "HTTP/1.1 200 OK"
2026-06-09 12:06:11,861 [INFO] httpx: HTTP Request: POST https://api.telegram.org/bot8343388239:AAFgeAkc9bvjywyCsHqRIa_RiJ6q-rp6uv0/getUpdates "HTTP/1.1 200 OK"
2026-06-09 12:06:42,560 [INFO] httpx: HTTP Request: POST https://api.telegram.org/bot8343388239:AAFgeAkc9bvjywyCsHqRIa_RiJ6q-rp6uv0/getUpdates "HTTP/1.1 200 OK"
2026-06-09 12:07:13,259 [INFO] httpx: HTTP Request: POST https://api.telegram.org/bot8343388239:AAFgeAkc9bvjywyCsHqRIa_RiJ6q-rp6uv0/getUpdates "HTTP/1.1 200 OK"
2026-06-09 12:07:43,970 [INFO] httpx: HTTP Request: POST https://api.telegram.org/bot8343388239:AAFgeAkc9bvjywyCsHqRIa_RiJ6q-rp6uv0/getUpdates "HTTP/1.1 200 OK"
2026-06-09 12:08:07,234 [ERROR] subscription_bot.signaler: DerivSignaler connect error: No module named 'deriv'
2026-06-09 12:08:08,208 [INFO] signals.stockity_http: Got 900 raw 1s candles for CRYPTO_IDX (Z-CRY/IDX)
2026-06-09 12:08:08,208 [INFO] signals.stockity_http: Aggregated into 16 1m candles
2026-06-09 12:08:08,208 [INFO] signals.stockity_http: Signal for CRYPTO_IDX: CALL 65% (score=65, EMA5↑EMA10; RSI0 OS; pinBot)
2026-06-09 12:08:14,667 [INFO] httpx: HTTP Request: POST https://api.telegram.org/bot8343388239:AAFgeAkc9bvjywyCsHqRIa_RiJ6q-rp6uv0/getUpdates "HTTP/1.1 200 OK"
2026-06-09 12:08:45,364 [INFO] httpx: HTTP Request: POST https://api.telegram.org/bot8343388239:AAFgeAkc9bvjywyCsHqRIa_RiJ6q-rp6uv0/getUpdates "HTTP/1.1 200 OK"
2026-06-09 12:09:16,064 [INFO] httpx: HTTP Request: POST https://api.telegram.org/bot8343388239:AAFgeAkc9bvjywyCsHqRIa_RiJ6q-rp6uv0/getUpdates "HTTP/1.1 200 OK"
2026-06-09 12:09:46,774 [INFO] httpx: HTTP Request: POST https://api.telegram.org/bot8343388239:AAFgeAkc9bvjywyCsHqRIa_RiJ6q-rp6uv0/getUpdates "HTTP/1.1 200 OK"
2026-06-09 12:10:17,472 [INFO] httpx: HTTP Request: POST https://api.telegram.org/bot8343388239:AAFgeAkc9bvjywyCsHqRIa_RiJ6q-rp6uv0/getUpdates "HTTP/1.1 200 OK"
2026-06-09 12:10:48,169 [INFO] httpx: HTTP Request: POST https://api.telegram.org/bot8343388239:AAFgeAkc9bvjywyCsHqRIa_RiJ6q-rp6uv0/getUpdates "HTTP/1.1 200 OK"
2026-06-09 12:11:18,866 [INFO] httpx: HTTP Request: POST https://api.telegram.org/bot8343388239:AAFgeAkc9bvjywyCsHqRIa_RiJ6q-rp6uv0/getUpdates "HTTP/1.1 200 OK"
2026-06-09 12:11:49,563 [INFO] httpx: HTTP Request: POST https://api.telegram.org/bot8343388239:AAFgeAkc9bvjywyCsHqRIa_RiJ6q-rp6uv0/getUpdates "HTTP/1.1 200 OK"
2026-06-09 12:12:20,261 [INFO] httpx: HTTP Request: POST https://api.telegram.org/bot8343388239:AAFgeAkc9bvjywyCsHqRIa_RiJ6q-rp6uv0/getUpdates "HTTP/1.1 200 OK"
2026-06-09 12:12:50,958 [INFO] httpx: HTTP Request: POST https://api.telegram.org/bot8343388239:AAFgeAkc9bvjywyCsHqRIa_RiJ6q-rp6uv0/getUpdates "HTTP/1.1 200 OK"
2026-06-09 12:13:07,250 [ERROR] subscription_bot.signaler: DerivSignaler connect error: No module named 'deriv'
2026-06-09 12:13:08,419 [INFO] signals.stockity_http: Got 900 raw 1s candles for CRYPTO_IDX (Z-CRY/IDX)
2026-06-09 12:13:08,420 [INFO] signals.stockity_http: Aggregated into 16 1m candles
2026-06-09 12:13:08,420 [INFO] signals.stockity_http: Signal for CRYPTO_IDX: CALL 65% (score=65, EMA5↑EMA10; RSI0 OS; pinBot)
2026-06-09 12:13:21,658 [INFO] httpx: HTTP Request: POST https://api.telegram.org/bot8343388239:AAFgeAkc9bvjywyCsHqRIa_RiJ6q-rp6uv0/getUpdates "HTTP/1.1 200 OK"
2026-06-09 12:13:52,357 [INFO] httpx: HTTP Request: POST https://api.telegram.org/bot8343388239:AAFgeAkc9bvjywyCsHqRIa_RiJ6q-rp6uv0/getUpdates "HTTP/1.1 200 OK"
2026-06-09 12:14:23,053 [INFO] httpx: HTTP Request: POST https://api.telegram.org/bot8343388239:AAFgeAkc9bvjywyCsHqRIa_RiJ6q-rp6uv0/getUpdates "HTTP/1.1 200 OK"
2026-06-09 12:14:53,754 [INFO] httpx: HTTP Request: POST https://api.telegram.org/bot8343388239:AAFgeAkc9bvjywyCsHqRIa_RiJ6q-rp6uv0/getUpdates "HTTP/1.1 200 OK"
2026-06-09 12:15:24,453 [INFO] httpx: HTTP Request: POST https://api.telegram.org/bot8343388239:AAFgeAkc9bvjywyCsHqRIa_RiJ6q-rp6uv0/getUpdates "HTTP/1.1 200 OK"
2026-06-09 12:15:55,155 [INFO] httpx: HTTP Request: POST https://api.telegram.org/bot8343388239:AAFgeAkc9bvjywyCsHqRIa_RiJ6q-rp6uv0/getUpdates "HTTP/1.1 200 OK"
2026-06-09 12:16:25,851 [INFO] httpx: HTTP Request: POST https://api.telegram.org/bot8343388239:AAFgeAkc9bvjywyCsHqRIa_RiJ6q-rp6uv0/getUpdates "HTTP/1.1 200 OK"
2026-06-09 12:16:56,547 [INFO] httpx: HTTP Request: POST https://api.telegram.org/bot8343388239:AAFgeAkc9bvjywyCsHqRIa_RiJ6q-rp6uv0/getUpdates "HTTP/1.1 200 OK"
2026-06-09 12:17:27,248 [INFO] httpx: HTTP Request: POST https://api.telegram.org/bot8343388239:AAFgeAkc9bvjywyCsHqRIa_RiJ6q-rp6uv0/getUpdates "HTTP/1.1 200 OK"
2026-06-09 12:17:57,950 [INFO] httpx: HTTP Request: POST https://api.telegram.org/bot8343388239:AAFgeAkc9bvjywyCsHqRIa_RiJ6q-rp6uv0/getUpdates "HTTP/1.1 200 OK"
2026-06-09 12:18:07,259 [ERROR] subscription_bot.signaler: DerivSignaler connect error: No module named 'deriv'
2026-06-09 12:18:09,172 [INFO] signals.stockity_http: Got 900 raw 1s candles for CRYPTO_IDX (Z-CRY/IDX)
2026-06-09 12:18:09,173 [INFO] signals.stockity_http: Aggregated into 16 1m candles
2026-06-09 12:18:09,173 [INFO] signals.stockity_http: Signal for CRYPTO_IDX: WAIT 50% (score=50, EMA5↓EMA10; RSI0 OS; midLo)
2026-06-09 12:18:28,646 [INFO] httpx: HTTP Request: POST https://api.telegram.org/bot8343388239:AAFgeAkc9bvjywyCsHqRIa_RiJ6q-rp6uv0/getUpdates "HTTP/1.1 200 OK"
2026-06-09 12:18:59,342 [INFO] httpx: HTTP Request: POST https://api.telegram.org/bot8343388239:AAFgeAkc9bvjywyCsHqRIa_RiJ6q-rp6uv0/getUpdates "HTTP/1.1 200 OK"
2026-06-09 12:19:30,037 [INFO] httpx: HTTP Request: POST https://api.telegram.org/bot8343388239:AAFgeAkc9bvjywyCsHqRIa_RiJ6q-rp6uv0/getUpdates "HTTP/1.1 200 OK"
2026-06-09 12:20:00,735 [INFO] httpx: HTTP Request: POST https://api.telegram.org/bot8343388239:AAFgeAkc9bvjywyCsHqRIa_RiJ6q-rp6uv0/getUpdates "HTTP/1.1 200 OK"
2026-06-09 12:20:31,431 [INFO] httpx: HTTP Request: POST https://api.telegram.org/bot8343388239:AAFgeAkc9bvjywyCsHqRIa_RiJ6q-rp6uv0/getUpdates "HTTP/1.1 200 OK"
2026-06-09 12:21:02,127 [INFO] httpx: HTTP Request: POST https://api.telegram.org/bot8343388239:AAFgeAkc9bvjywyCsHqRIa_RiJ6q-rp6uv0/getUpdates "HTTP/1.1 200 OK"
2026-06-09 12:21:32,826 [INFO] httpx: HTTP Request: POST https://api.telegram.org/bot8343388239:AAFgeAkc9bvjywyCsHqRIa_RiJ6q-rp6uv0/getUpdates "HTTP/1.1 200 OK"
2026-06-09 12:22:03,524 [INFO] httpx: HTTP Request: POST https://api.telegram.org/bot8343388239:AAFgeAkc9bvjywyCsHqRIa_RiJ6q-rp6uv0/getUpdates "HTTP/1.1 200 OK"
2026-06-09 12:22:34,229 [INFO] httpx: HTTP Request: POST https://api.telegram.org/bot8343388239:AAFgeAkc9bvjywyCsHqRIa_RiJ6q-rp6uv0/getUpdates "HTTP/1.1 200 OK"
2026-06-09 12:23:04,926 [INFO] httpx: HTTP Request: POST https://api.telegram.org/bot8343388239:AAFgeAkc9bvjywyCsHqRIa_RiJ6q-rp6uv0/getUpdates "HTTP/1.1 200 OK"
2026-06-09 12:23:07,261 [ERROR] subscription_bot.signaler: DerivSignaler connect error: No module named 'deriv'
2026-06-09 12:23:10,473 [INFO] signals.stockity_http: Got 900 raw 1s candles for CRYPTO_IDX (Z-CRY/IDX)
2026-06-09 12:23:10,474 [INFO] signals.stockity_http: Aggregated into 16 1m candles
2026-06-09 12:23:10,474 [INFO] signals.stockity_http: Signal for CRYPTO_IDX: WAIT 50% (score=50, EMA5↓EMA10; RSI0 OS; midLo)
2026-06-09 12:23:35,623 [INFO] httpx: HTTP Request: POST https://api.telegram.org/bot8343388239:AAFgeAkc9bvjywyCsHqRIa_RiJ6q-rp6uv0/getUpdates "HTTP/1.1 200 OK"
2026-06-09 12:24:04,285 [INFO] httpx: HTTP Request: POST https://api.telegram.org/bot8343388239:AAFgeAkc9bvjywyCsHqRIa_RiJ6q-rp6uv0/getUpdates "HTTP/1.1 200 OK"
2026-06-09 12:24:04,288 [INFO] telegram.ext.Application: Application is stopping. This might take a moment.
2026-06-09 12:24:04,290 [INFO] telegram.ext.Application: Application.stop() complete
2026-06-09 12:24:04,747 [INFO] subscription_bot.database: Database path: /home/openclaw/projects/1ai-trade-bot/archive/old-bots/subscription-bot/subscription_bot.db
2026-06-09 12:24:04,747 [INFO] subscription_bot.signaler: DerivSignaler initialized (symbols: R_75, R_100, R_50, 1HZ50V)
2026-06-09 12:24:04,749 [INFO] subscription_bot.database: Database tables ready
2026-06-09 12:24:05,420 [INFO] httpx: HTTP Request: POST https://api.telegram.org/bot8343388239:AAFgeAkc9bvjywyCsHqRIa_RiJ6q-rp6uv0/getMe "HTTP/1.1 200 OK"
2026-06-09 12:24:05,421 [INFO] subscription_bot.signaler: Proactive signaler started
2026-06-09 12:24:05,421 [INFO] subscription_bot.signaler: DerivSignaler started
2026-06-09 12:24:05,421 [INFO] subscription_bot.payment: Tripay webhook listening on :8788
2026-06-09 12:24:05,421 [INFO] subscription_bot.bot: Tripay webhook started
2026-06-09 12:24:05,421 [INFO] subscription_bot.bot: Bot is running!
2026-06-09 12:24:05,422 [INFO] subscription_bot.signaler: Proactive signaler started (interval=300s, min_conf=62%)
2026-06-09 12:24:05,584 [INFO] signals.stockity_http: Got 900 raw 1s candles for CRYPTO_IDX (Z-CRY/IDX)
2026-06-09 12:24:05,588 [INFO] signals.stockity_http: Aggregated into 16 1m candles
2026-06-09 12:24:05,590 [INFO] signals.stockity_http: Signal for CRYPTO_IDX: WAIT 50% (score=50, EMA5↓EMA10; RSI0 OS; midLo)
2026-06-09 12:24:05,590 [INFO] subscription_bot.signaler: DerivSignaler loop started (interval=300s, symbols=R_75, R_100, R_50, 1HZ50V)
2026-06-09 12:24:05,590 [ERROR] subscription_bot.signaler: DerivSignaler connect error: No module named 'deriv'
2026-06-09 12:24:05,974 [INFO] httpx: HTTP Request: POST https://api.telegram.org/bot8343388239:AAFgeAkc9bvjywyCsHqRIa_RiJ6q-rp6uv0/sendMessage "HTTP/1.1 200 OK"
2026-06-09 12:24:06,165 [INFO] httpx: HTTP Request: POST https://api.telegram.org/bot8343388239:AAFgeAkc9bvjywyCsHqRIa_RiJ6q-rp6uv0/deleteWebhook "HTTP/1.1 200 OK"
2026-06-09 12:24:06,166 [INFO] telegram.ext.Application: Application started
2026-06-09 12:24:36,758 [INFO] httpx: HTTP Request: POST https://api.telegram.org/bot8343388239:AAFgeAkc9bvjywyCsHqRIa_RiJ6q-rp6uv0/getUpdates "HTTP/1.1 200 OK"
2026-06-09 12:25:07,459 [INFO] httpx: HTTP Request: POST https://api.telegram.org/bot8343388239:AAFgeAkc9bvjywyCsHqRIa_RiJ6q-rp6uv0/getUpdates "HTTP/1.1 200 OK"
2026-06-09 12:25:38,160 [INFO] httpx: HTTP Request: POST https://api.telegram.org/bot8343388239:AAFgeAkc9bvjywyCsHqRIa_RiJ6q-rp6uv0/getUpdates "HTTP/1.1 200 OK"
2026-06-09 12:26:08,860 [INFO] httpx: HTTP Request: POST https://api.telegram.org/bot8343388239:AAFgeAkc9bvjywyCsHqRIa_RiJ6q-rp6uv0/getUpdates "HTTP/1.1 200 OK"
2026-06-09 12:26:39,561 [INFO] httpx: HTTP Request: POST https://api.telegram.org/bot8343388239:AAFgeAkc9bvjywyCsHqRIa_RiJ6q-rp6uv0/getUpdates "HTTP/1.1 200 OK"
2026-06-09 12:27:10,260 [INFO] httpx: HTTP Request: POST https://api.telegram.org/bot8343388239:AAFgeAkc9bvjywyCsHqRIa_RiJ6q-rp6uv0/getUpdates "HTTP/1.1 200 OK"
2026-06-09 12:27:40,958 [INFO] httpx: HTTP Request: POST https://api.telegram.org/bot8343388239:AAFgeAkc9bvjywyCsHqRIa_RiJ6q-rp6uv0/getUpdates "HTTP/1.1 200 OK"
2026-06-09 12:28:11,666 [INFO] httpx: HTTP Request: POST https://api.telegram.org/bot8343388239:AAFgeAkc9bvjywyCsHqRIa_RiJ6q-rp6uv0/getUpdates "HTTP/1.1 200 OK"
2026-06-09 12:28:42,368 [INFO] httpx: HTTP Request: POST https://api.telegram.org/bot8343388239:AAFgeAkc9bvjywyCsHqRIa_RiJ6q-rp6uv0/getUpdates "HTTP/1.1 200 OK"
2026-06-09 12:29:05,868 [INFO] signals.stockity_http: Got 900 raw 1s candles for CRYPTO_IDX (Z-CRY/IDX)
2026-06-09 12:29:05,868 [INFO] signals.stockity_http: Aggregated into 16 1m candles
2026-06-09 12:29:05,868 [INFO] signals.stockity_http: Signal for CRYPTO_IDX: WAIT 50% (score=50, EMA5↓EMA10; RSI0 OS; midLo)
2026-06-09 12:29:05,869 [ERROR] subscription_bot.signaler: DerivSignaler connect error: No module named 'deriv'
2026-06-09 12:29:13,070 [INFO] httpx: HTTP Request: POST https://api.telegram.org/bot8343388239:AAFgeAkc9bvjywyCsHqRIa_RiJ6q-rp6uv0/getUpdates "HTTP/1.1 200 OK"
2026-06-09 12:29:43,775 [INFO] httpx: HTTP Request: POST https://api.telegram.org/bot8343388239:AAFgeAkc9bvjywyCsHqRIa_RiJ6q-rp6uv0/getUpdates "HTTP/1.1 200 OK"
2026-06-09 12:30:14,475 [INFO] httpx: HTTP Request: POST https://api.telegram.org/bot8343388239:AAFgeAkc9bvjywyCsHqRIa_RiJ6q-rp6uv0/getUpdates "HTTP/1.1 200 OK"
2026-06-09 12:30:45,182 [INFO] httpx: HTTP Request: POST https://api.telegram.org/bot8343388239:AAFgeAkc9bvjywyCsHqRIa_RiJ6q-rp6uv0/getUpdates "HTTP/1.1 200 OK"
2026-06-09 12:31:15,882 [INFO] httpx: HTTP Request: POST https://api.telegram.org/bot8343388239:AAFgeAkc9bvjywyCsHqRIa_RiJ6q-rp6uv0/getUpdates "HTTP/1.1 200 OK"
2026-06-09 12:31:46,579 [INFO] httpx: HTTP Request: POST https://api.telegram.org/bot8343388239:AAFgeAkc9bvjywyCsHqRIa_RiJ6q-rp6uv0/getUpdates "HTTP/1.1 200 OK"
2026-06-09 12:32:17,285 [INFO] httpx: HTTP Request: POST https://api.telegram.org/bot8343388239:AAFgeAkc9bvjywyCsHqRIa_RiJ6q-rp6uv0/getUpdates "HTTP/1.1 200 OK"
2026-06-09 12:32:47,987 [INFO] httpx: HTTP Request: POST https://api.telegram.org/bot8343388239:AAFgeAkc9bvjywyCsHqRIa_RiJ6q-rp6uv0/getUpdates "HTTP/1.1 200 OK"
2026-06-09 12:33:18,686 [INFO] httpx: HTTP Request: POST https://api.telegram.org/bot8343388239:AAFgeAkc9bvjywyCsHqRIa_RiJ6q-rp6uv0/getUpdates "HTTP/1.1 200 OK"
2026-06-09 12:33:49,385 [INFO] httpx: HTTP Request: POST https://api.telegram.org/bot8343388239:AAFgeAkc9bvjywyCsHqRIa_RiJ6q-rp6uv0/getUpdates "HTTP/1.1 200 OK"
2026-06-09 12:34:06,271 [INFO] signals.stockity_http: Got 900 raw 1s candles for CRYPTO_IDX (Z-CRY/IDX)
2026-06-09 12:34:06,271 [INFO] signals.stockity_http: Aggregated into 16 1m candles
2026-06-09 12:34:06,271 [INFO] signals.stockity_http: Signal for CRYPTO_IDX: WAIT 57% (score=57, EMA5↓EMA10; RSI0 OS; rangeBot)
2026-06-09 12:34:06,272 [ERROR] subscription_bot.signaler: DerivSignaler connect error: No module named 'deriv'
2026-06-09 12:34:20,092 [INFO] httpx: HTTP Request: POST https://api.telegram.org/bot8343388239:AAFgeAkc9bvjywyCsHqRIa_RiJ6q-rp6uv0/getUpdates "HTTP/1.1 200 OK"
2026-06-09 12:34:50,803 [INFO] httpx: HTTP Request: POST https://api.telegram.org/bot8343388239:AAFgeAkc9bvjywyCsHqRIa_RiJ6q-rp6uv0/getUpdates "HTTP/1.1 200 OK"
2026-06-09 12:35:21,502 [INFO] httpx: HTTP Request: POST https://api.telegram.org/bot8343388239:AAFgeAkc9bvjywyCsHqRIa_RiJ6q-rp6uv0/getUpdates "HTTP/1.1 200 OK"
2026-06-09 12:35:52,204 [INFO] httpx: HTTP Request: POST https://api.telegram.org/bot8343388239:AAFgeAkc9bvjywyCsHqRIa_RiJ6q-rp6uv0/getUpdates "HTTP/1.1 200 OK"
2026-06-09 12:36:22,907 [INFO] httpx: HTTP Request: POST https://api.telegram.org/bot8343388239:AAFgeAkc9bvjywyCsHqRIa_RiJ6q-rp6uv0/getUpdates "HTTP/1.1 200 OK"
2026-06-09 12:36:53,610 [INFO] httpx: HTTP Request: POST https://api.telegram.org/bot8343388239:AAFgeAkc9bvjywyCsHqRIa_RiJ6q-rp6uv0/getUpdates "HTTP/1.1 200 OK"
2026-06-09 12:37:24,312 [INFO] httpx: HTTP Request: POST https://api.telegram.org/bot8343388239:AAFgeAkc9bvjywyCsHqRIa_RiJ6q-rp6uv0/getUpdates "HTTP/1.1 200 OK"
2026-06-09 12:37:55,019 [INFO] httpx: HTTP Request: POST https://api.telegram.org/bot8343388239:AAFgeAkc9bvjywyCsHqRIa_RiJ6q-rp6uv0/getUpdates "HTTP/1.1 200 OK"
2026-06-09 12:38:25,727 [INFO] httpx: HTTP Request: POST https://api.telegram.org/bot8343388239:AAFgeAkc9bvjywyCsHqRIa_RiJ6q-rp6uv0/getUpdates "HTTP/1.1 200 OK"
2026-06-09 12:38:56,426 [INFO] httpx: HTTP Request: POST https://api.telegram.org/bot8343388239:AAFgeAkc9bvjywyCsHqRIa_RiJ6q-rp6uv0/getUpdates "HTTP/1.1 200 OK"
2026-06-09 12:39:06,463 [INFO] signals.stockity_http: Got 900 raw 1s candles for CRYPTO_IDX (Z-CRY/IDX)
2026-06-09 12:39:06,463 [INFO] signals.stockity_http: Aggregated into 16 1m candles
2026-06-09 12:39:06,463 [INFO] signals.stockity_http: Signal for CRYPTO_IDX: WAIT 57% (score=57, EMA5↓EMA10; RSI0 OS; rangeBot)
2026-06-09 12:39:06,464 [ERROR] subscription_bot.signaler: DerivSignaler connect error: No module named 'deriv'
2026-06-09 12:39:27,124 [INFO] httpx: HTTP Request: POST https://api.telegram.org/bot8343388239:AAFgeAkc9bvjywyCsHqRIa_RiJ6q-rp6uv0/getUpdates "HTTP/1.1 200 OK"
2026-06-09 12:39:57,832 [INFO] httpx: HTTP Request: POST https://api.telegram.org/bot8343388239:AAFgeAkc9bvjywyCsHqRIa_RiJ6q-rp6uv0/getUpdates "HTTP/1.1 200 OK"
2026-06-09 12:40:28,534 [INFO] httpx: HTTP Request: POST https://api.telegram.org/bot8343388239:AAFgeAkc9bvjywyCsHqRIa_RiJ6q-rp6uv0/getUpdates "HTTP/1.1 200 OK"
2026-06-09 12:40:59,239 [INFO] httpx: HTTP Request: POST https://api.telegram.org/bot8343388239:AAFgeAkc9bvjywyCsHqRIa_RiJ6q-rp6uv0/getUpdates "HTTP/1.1 200 OK"
2026-06-09 12:41:29,940 [INFO] httpx: HTTP Request: POST https://api.telegram.org/bot8343388239:AAFgeAkc9bvjywyCsHqRIa_RiJ6q-rp6uv0/getUpdates "HTTP/1.1 200 OK"
2026-06-09 12:42:00,639 [INFO] httpx: HTTP Request: POST https://api.telegram.org/bot8343388239:AAFgeAkc9bvjywyCsHqRIa_RiJ6q-rp6uv0/getUpdates "HTTP/1.1 200 OK"
2026-06-09 12:42:31,336 [INFO] httpx: HTTP Request: POST https://api.telegram.org/bot8343388239:AAFgeAkc9bvjywyCsHqRIa_RiJ6q-rp6uv0/getUpdates "HTTP/1.1 200 OK"
2026-06-09 12:43:02,034 [INFO] httpx: HTTP Request: POST https://api.telegram.org/bot8343388239:AAFgeAkc9bvjywyCsHqRIa_RiJ6q-rp6uv0/getUpdates "HTTP/1.1 200 OK"
2026-06-09 12:43:32,733 [INFO] httpx: HTTP Request: POST https://api.telegram.org/bot8343388239:AAFgeAkc9bvjywyCsHqRIa_RiJ6q-rp6uv0/getUpdates "HTTP/1.1 200 OK"
2026-06-09 12:44:03,431 [INFO] httpx: HTTP Request: POST https://api.telegram.org/bot8343388239:AAFgeAkc9bvjywyCsHqRIa_RiJ6q-rp6uv0/getUpdates "HTTP/1.1 200 OK"
2026-06-09 12:44:06,664 [INFO] signals.stockity_http: Got 900 raw 1s candles for CRYPTO_IDX (Z-CRY/IDX)
2026-06-09 12:44:06,665 [INFO] signals.stockity_http: Aggregated into 16 1m candles
2026-06-09 12:44:06,665 [INFO] signals.stockity_http: Signal for CRYPTO_IDX: WAIT 57% (score=57, EMA5↓EMA10; RSI0 OS; rangeBot)
2026-06-09 12:44:06,665 [ERROR] subscription_bot.signaler: DerivSignaler connect error: No module named 'deriv'
2026-06-09 12:44:34,135 [INFO] httpx: HTTP Request: POST https://api.telegram.org/bot8343388239:AAFgeAkc9bvjywyCsHqRIa_RiJ6q-rp6uv0/getUpdates "HTTP/1.1 200 OK"
2026-06-09 12:45:04,833 [INFO] httpx: HTTP Request: POST https://api.telegram.org/bot8343388239:AAFgeAkc9bvjywyCsHqRIa_RiJ6q-rp6uv0/getUpdates "HTTP/1.1 200 OK"
2026-06-09 12:45:35,538 [INFO] httpx: HTTP Request: POST https://api.telegram.org/bot8343388239:AAFgeAkc9bvjywyCsHqRIa_RiJ6q-rp6uv0/getUpdates "HTTP/1.1 200 OK"
2026-06-09 12:46:06,249 [INFO] httpx: HTTP Request: POST https://api.telegram.org/bot8343388239:AAFgeAkc9bvjywyCsHqRIa_RiJ6q-rp6uv0/getUpdates "HTTP/1.1 200 OK"
2026-06-09 12:46:36,959 [INFO] httpx: HTTP Request: POST https://api.telegram.org/bot8343388239:AAFgeAkc9bvjywyCsHqRIa_RiJ6q-rp6uv0/getUpdates "HTTP/1.1 200 OK"
2026-06-09 12:47:07,659 [INFO] httpx: HTTP Request: POST https://api.telegram.org/bot8343388239:AAFgeAkc9bvjywyCsHqRIa_RiJ6q-rp6uv0/getUpdates "HTTP/1.1 200 OK"
2026-06-09 12:47:38,364 [INFO] httpx: HTTP Request: POST https://api.telegram.org/bot8343388239:AAFgeAkc9bvjywyCsHqRIa_RiJ6q-rp6uv0/getUpdates "HTTP/1.1 200 OK"
2026-06-09 12:48:09,088 [INFO] httpx: HTTP Request: POST https://api.telegram.org/bot8343388239:AAFgeAkc9bvjywyCsHqRIa_RiJ6q-rp6uv0/getUpdates "HTTP/1.1 200 OK"
2026-06-09 12:48:39,791 [INFO] httpx: HTTP Request: POST https://api.telegram.org/bot8343388239:AAFgeAkc9bvjywyCsHqRIa_RiJ6q-rp6uv0/getUpdates "HTTP/1.1 200 OK"
2026-06-09 12:49:07,057 [INFO] signals.stockity_http: Got 900 raw 1s candles for CRYPTO_IDX (Z-CRY/IDX)
2026-06-09 12:49:07,057 [INFO] signals.stockity_http: Aggregated into 16 1m candles
2026-06-09 12:49:07,058 [INFO] signals.stockity_http: Signal for CRYPTO_IDX: CALL 70% (score=70, EMA5↑EMA10; RSI0 OS; pinBot)
2026-06-09 12:49:07,058 [INFO] subscription_bot.signaler: NEW signal: CRYPTO_IDX CALL 70%
2026-06-09 12:49:07,060 [ERROR] subscription_bot.signaler: DerivSignaler connect error: No module named 'deriv'
2026-06-09 12:49:07,869 [INFO] httpx: HTTP Request: POST https://api.telegram.org/bot8343388239:AAFgeAkc9bvjywyCsHqRIa_RiJ6q-rp6uv0/sendMessage "HTTP/1.1 200 OK"
2026-06-09 12:49:07,900 [INFO] subscription_bot.bot: Signal dispatched to 1/1 subscribers
2026-06-09 12:49:10,494 [INFO] httpx: HTTP Request: POST https://api.telegram.org/bot8343388239:AAFgeAkc9bvjywyCsHqRIa_RiJ6q-rp6uv0/getUpdates "HTTP/1.1 200 OK"
2026-06-09 12:49:41,196 [INFO] httpx: HTTP Request: POST https://api.telegram.org/bot8343388239:AAFgeAkc9bvjywyCsHqRIa_RiJ6q-rp6uv0/getUpdates "HTTP/1.1 200 OK"
2026-06-09 12:50:11,896 [INFO] httpx: HTTP Request: POST https://api.telegram.org/bot8343388239:AAFgeAkc9bvjywyCsHqRIa_RiJ6q-rp6uv0/getUpdates "HTTP/1.1 200 OK"
2026-06-09 12:50:42,603 [INFO] httpx: HTTP Request: POST https://api.telegram.org/bot8343388239:AAFgeAkc9bvjywyCsHqRIa_RiJ6q-rp6uv0/getUpdates "HTTP/1.1 200 OK"
2026-06-09 12:51:13,304 [INFO] httpx: HTTP Request: POST https://api.telegram.org/bot8343388239:AAFgeAkc9bvjywyCsHqRIa_RiJ6q-rp6uv0/getUpdates "HTTP/1.1 200 OK"
2026-06-09 12:51:44,001 [INFO] httpx: HTTP Request: POST https://api.telegram.org/bot8343388239:AAFgeAkc9bvjywyCsHqRIa_RiJ6q-rp6uv0/getUpdates "HTTP/1.1 200 OK"
2026-06-09 12:52:14,700 [INFO] httpx: HTTP Request: POST https://api.telegram.org/bot8343388239:AAFgeAkc9bvjywyCsHqRIa_RiJ6q-rp6uv0/getUpdates "HTTP/1.1 200 OK"
2026-06-09 12:52:45,405 [INFO] httpx: HTTP Request: POST https://api.telegram.org/bot8343388239:AAFgeAkc9bvjywyCsHqRIa_RiJ6q-rp6uv0/getUpdates "HTTP/1.1 200 OK"
2026-06-09 12:53:16,106 [INFO] httpx: HTTP Request: POST https://api.telegram.org/bot8343388239:AAFgeAkc9bvjywyCsHqRIa_RiJ6q-rp6uv0/getUpdates "HTTP/1.1 200 OK"
2026-06-09 12:53:46,808 [INFO] httpx: HTTP Request: POST https://api.telegram.org/bot8343388239:AAFgeAkc9bvjywyCsHqRIa_RiJ6q-rp6uv0/getUpdates "HTTP/1.1 200 OK"
2026-06-09 12:54:07,079 [ERROR] subscription_bot.signaler: DerivSignaler connect error: No module named 'deriv'
2026-06-09 12:54:08,273 [INFO] signals.stockity_http: Got 900 raw 1s candles for CRYPTO_IDX (Z-CRY/IDX)
2026-06-09 12:54:08,273 [INFO] signals.stockity_http: Aggregated into 16 1m candles
2026-06-09 12:54:08,273 [INFO] signals.stockity_http: Signal for CRYPTO_IDX: CALL 70% (score=70, EMA5↑EMA10; RSI0 OS; pinBot)
2026-06-09 12:54:17,540 [INFO] httpx: HTTP Request: POST https://api.telegram.org/bot8343388239:AAFgeAkc9bvjywyCsHqRIa_RiJ6q-rp6uv0/getUpdates "HTTP/1.1 200 OK"
2026-06-09 12:54:48,237 [INFO] httpx: HTTP Request: POST https://api.telegram.org/bot8343388239:AAFgeAkc9bvjywyCsHqRIa_RiJ6q-rp6uv0/getUpdates "HTTP/1.1 200 OK"
2026-06-09 12:55:18,947 [INFO] httpx: HTTP Request: POST https://api.telegram.org/bot8343388239:AAFgeAkc9bvjywyCsHqRIa_RiJ6q-rp6uv0/getUpdates "HTTP/1.1 200 OK"
2026-06-09 12:55:49,649 [INFO] httpx: HTTP Request: POST https://api.telegram.org/bot8343388239:AAFgeAkc9bvjywyCsHqRIa_RiJ6q-rp6uv0/getUpdates "HTTP/1.1 200 OK"
2026-06-09 12:56:20,360 [INFO] httpx: HTTP Request: POST https://api.telegram.org/bot8343388239:AAFgeAkc9bvjywyCsHqRIa_RiJ6q-rp6uv0/getUpdates "HTTP/1.1 200 OK"
2026-06-09 12:56:51,064 [INFO] httpx: HTTP Request: POST https://api.telegram.org/bot8343388239:AAFgeAkc9bvjywyCsHqRIa_RiJ6q-rp6uv0/getUpdates "HTTP/1.1 200 OK"
2026-06-09 12:57:21,778 [INFO] httpx: HTTP Request: POST https://api.telegram.org/bot8343388239:AAFgeAkc9bvjywyCsHqRIa_RiJ6q-rp6uv0/getUpdates "HTTP/1.1 200 OK"
2026-06-09 12:57:52,481 [INFO] httpx: HTTP Request: POST https://api.telegram.org/bot8343388239:AAFgeAkc9bvjywyCsHqRIa_RiJ6q-rp6uv0/getUpdates "HTTP/1.1 200 OK"
2026-06-09 12:58:23,178 [INFO] httpx: HTTP Request: POST https://api.telegram.org/bot8343388239:AAFgeAkc9bvjywyCsHqRIa_RiJ6q-rp6uv0/getUpdates "HTTP/1.1 200 OK"
2026-06-09 12:58:53,878 [INFO] httpx: HTTP Request: POST https://api.telegram.org/bot8343388239:AAFgeAkc9bvjywyCsHqRIa_RiJ6q-rp6uv0/getUpdates "HTTP/1.1 200 OK"
2026-06-09 12:59:07,090 [ERROR] subscription_bot.signaler: DerivSignaler connect error: No module named 'deriv'
2026-06-09 12:59:08,461 [INFO] signals.stockity_http: Got 900 raw 1s candles for CRYPTO_IDX (Z-CRY/IDX)
2026-06-09 12:59:08,461 [INFO] signals.stockity_http: Aggregated into 16 1m candles
2026-06-09 12:59:08,461 [INFO] signals.stockity_http: Signal for CRYPTO_IDX: CALL 70% (score=70, EMA5↑EMA10; RSI0 OS; pinBot)
2026-06-09 12:59:24,575 [INFO] httpx: HTTP Request: POST https://api.telegram.org/bot8343388239:AAFgeAkc9bvjywyCsHqRIa_RiJ6q-rp6uv0/getUpdates "HTTP/1.1 200 OK"
2026-06-09 12:59:55,278 [INFO] httpx: HTTP Request: POST https://api.telegram.org/bot8343388239:AAFgeAkc9bvjywyCsHqRIa_RiJ6q-rp6uv0/getUpdates "HTTP/1.1 200 OK"
2026-06-09 13:00:25,989 [INFO] httpx: HTTP Request: POST https://api.telegram.org/bot8343388239:AAFgeAkc9bvjywyCsHqRIa_RiJ6q-rp6uv0/getUpdates "HTTP/1.1 200 OK"
2026-06-09 13:00:56,692 [INFO] httpx: HTTP Request: POST https://api.telegram.org/bot8343388239:AAFgeAkc9bvjywyCsHqRIa_RiJ6q-rp6uv0/getUpdates "HTTP/1.1 200 OK"
2026-06-09 13:01:27,391 [INFO] httpx: HTTP Request: POST https://api.telegram.org/bot8343388239:AAFgeAkc9bvjywyCsHqRIa_RiJ6q-rp6uv0/getUpdates "HTTP/1.1 200 OK"
2026-06-09 13:01:58,099 [INFO] httpx: HTTP Request: POST https://api.telegram.org/bot8343388239:AAFgeAkc9bvjywyCsHqRIa_RiJ6q-rp6uv0/getUpdates "HTTP/1.1 200 OK"
2026-06-09 13:02:28,813 [INFO] httpx: HTTP Request: POST https://api.telegram.org/bot8343388239:AAFgeAkc9bvjywyCsHqRIa_RiJ6q-rp6uv0/getUpdates "HTTP/1.1 200 OK"
2026-06-09 13:02:59,512 [INFO] httpx: HTTP Request: POST https://api.telegram.org/bot8343388239:AAFgeAkc9bvjywyCsHqRIa_RiJ6q-rp6uv0/getUpdates "HTTP/1.1 200 OK"
2026-06-09 13:03:30,211 [INFO] httpx: HTTP Request: POST https://api.telegram.org/bot8343388239:AAFgeAkc9bvjywyCsHqRIa_RiJ6q-rp6uv0/getUpdates "HTTP/1.1 200 OK"
2026-06-09 13:04:00,923 [INFO] httpx: HTTP Request: POST https://api.telegram.org/bot8343388239:AAFgeAkc9bvjywyCsHqRIa_RiJ6q-rp6uv0/getUpdates "HTTP/1.1 200 OK"
2026-06-09 13:04:07,094 [ERROR] subscription_bot.signaler: DerivSignaler connect error: No module named 'deriv'
2026-06-09 13:04:08,963 [INFO] signals.stockity_http: Got 900 raw 1s candles for CRYPTO_IDX (Z-CRY/IDX)
2026-06-09 13:04:08,963 [INFO] signals.stockity_http: Aggregated into 16 1m candles
2026-06-09 13:04:08,963 [INFO] signals.stockity_http: Signal for CRYPTO_IDX: WAIT 54% (score=46, EMA5↓EMA10; RSI0 OS; pinTop)
2026-06-09 13:04:31,626 [INFO] httpx: HTTP Request: POST https://api.telegram.org/bot8343388239:AAFgeAkc9bvjywyCsHqRIa_RiJ6q-rp6uv0/getUpdates "HTTP/1.1 200 OK"
2026-06-09 13:05:02,328 [INFO] httpx: HTTP Request: POST https://api.telegram.org/bot8343388239:AAFgeAkc9bvjywyCsHqRIa_RiJ6q-rp6uv0/getUpdates "HTTP/1.1 200 OK"
2026-06-09 13:05:33,031 [INFO] httpx: HTTP Request: POST https://api.telegram.org/bot8343388239:AAFgeAkc9bvjywyCsHqRIa_RiJ6q-rp6uv0/getUpdates "HTTP/1.1 200 OK"
2026-06-09 13:06:03,737 [INFO] httpx: HTTP Request: POST https://api.telegram.org/bot8343388239:AAFgeAkc9bvjywyCsHqRIa_RiJ6q-rp6uv0/getUpdates "HTTP/1.1 200 OK"
2026-06-09 13:06:34,440 [INFO] httpx: HTTP Request: POST https://api.telegram.org/bot8343388239:AAFgeAkc9bvjywyCsHqRIa_RiJ6q-rp6uv0/getUpdates "HTTP/1.1 200 OK"
2026-06-09 13:07:05,143 [INFO] httpx: HTTP Request: POST https://api.telegram.org/bot8343388239:AAFgeAkc9bvjywyCsHqRIa_RiJ6q-rp6uv0/getUpdates "HTTP/1.1 200 OK"
2026-06-09 13:07:35,847 [INFO] httpx: HTTP Request: POST https://api.telegram.org/bot8343388239:AAFgeAkc9bvjywyCsHqRIa_RiJ6q-rp6uv0/getUpdates "HTTP/1.1 200 OK"
2026-06-09 13:08:06,559 [INFO] httpx: HTTP Request: POST https://api.telegram.org/bot8343388239:AAFgeAkc9bvjywyCsHqRIa_RiJ6q-rp6uv0/getUpdates "HTTP/1.1 200 OK"
2026-06-09 13:08:37,265 [INFO] httpx: HTTP Request: POST https://api.telegram.org/bot8343388239:AAFgeAkc9bvjywyCsHqRIa_RiJ6q-rp6uv0/getUpdates "HTTP/1.1 200 OK"
2026-06-09 13:09:07,122 [ERROR] subscription_bot.signaler: DerivSignaler connect error: No module named 'deriv'
2026-06-09 13:09:07,972 [INFO] httpx: HTTP Request: POST https://api.telegram.org/bot8343388239:AAFgeAkc9bvjywyCsHqRIa_RiJ6q-rp6uv0/getUpdates "HTTP/1.1 200 OK"
2026-06-09 13:09:09,167 [INFO] signals.stockity_http: Got 900 raw 1s candles for CRYPTO_IDX (Z-CRY/IDX)
2026-06-09 13:09:09,167 [INFO] signals.stockity_http: Aggregated into 16 1m candles
2026-06-09 13:09:09,167 [INFO] signals.stockity_http: Signal for CRYPTO_IDX: WAIT 54% (score=46, EMA5↓EMA10; RSI0 OS; pinTop)
2026-06-09 13:09:38,674 [INFO] httpx: HTTP Request: POST https://api.telegram.org/bot8343388239:AAFgeAkc9bvjywyCsHqRIa_RiJ6q-rp6uv0/getUpdates "HTTP/1.1 200 OK"
2026-06-09 13:10:09,386 [INFO] httpx: HTTP Request: POST https://api.telegram.org/bot8343388239:AAFgeAkc9bvjywyCsHqRIa_RiJ6q-rp6uv0/getUpdates "HTTP/1.1 200 OK"
2026-06-09 13:10:40,087 [INFO] httpx: HTTP Request: POST https://api.telegram.org/bot8343388239:AAFgeAkc9bvjywyCsHqRIa_RiJ6q-rp6uv0/getUpdates "HTTP/1.1 200 OK"
2026-06-09 13:11:10,795 [INFO] httpx: HTTP Request: POST https://api.telegram.org/bot8343388239:AAFgeAkc9bvjywyCsHqRIa_RiJ6q-rp6uv0/getUpdates "HTTP/1.1 200 OK"
2026-06-09 13:11:41,496 [INFO] httpx: HTTP Request: POST https://api.telegram.org/bot8343388239:AAFgeAkc9bvjywyCsHqRIa_RiJ6q-rp6uv0/getUpdates "HTTP/1.1 200 OK"
2026-06-09 13:12:12,194 [INFO] httpx: HTTP Request: POST https://api.telegram.org/bot8343388239:AAFgeAkc9bvjywyCsHqRIa_RiJ6q-rp6uv0/getUpdates "HTTP/1.1 200 OK"
2026-06-09 13:12:42,902 [INFO] httpx: HTTP Request: POST https://api.telegram.org/bot8343388239:AAFgeAkc9bvjywyCsHqRIa_RiJ6q-rp6uv0/getUpdates "HTTP/1.1 200 OK"
2026-06-09 13:13:13,617 [INFO] httpx: HTTP Request: POST https://api.telegram.org/bot8343388239:AAFgeAkc9bvjywyCsHqRIa_RiJ6q-rp6uv0/getUpdates "HTTP/1.1 200 OK"
2026-06-09 13:13:44,325 [INFO] httpx: HTTP Request: POST https://api.telegram.org/bot8343388239:AAFgeAkc9bvjywyCsHqRIa_RiJ6q-rp6uv0/getUpdates "HTTP/1.1 200 OK"
2026-06-09 13:14:07,144 [ERROR] subscription_bot.signaler: DerivSignaler connect error: No module named 'deriv'
2026-06-09 13:14:09,367 [INFO] signals.stockity_http: Got 900 raw 1s candles for CRYPTO_IDX (Z-CRY/IDX)
2026-06-09 13:14:09,368 [INFO] signals.stockity_http: Aggregated into 16 1m candles
2026-06-09 13:14:09,368 [INFO] signals.stockity_http: Signal for CRYPTO_IDX: WAIT 54% (score=46, EMA5↓EMA10; RSI0 OS; pinTop)
2026-06-09 13:14:15,029 [INFO] httpx: HTTP Request: POST https://api.telegram.org/bot8343388239:AAFgeAkc9bvjywyCsHqRIa_RiJ6q-rp6uv0/getUpdates "HTTP/1.1 200 OK"
2026-06-09 13:14:45,733 [INFO] httpx: HTTP Request: POST https://api.telegram.org/bot8343388239:AAFgeAkc9bvjywyCsHqRIa_RiJ6q-rp6uv0/getUpdates "HTTP/1.1 200 OK"
2026-06-09 13:15:16,441 [INFO] httpx: HTTP Request: POST https://api.telegram.org/bot8343388239:AAFgeAkc9bvjywyCsHqRIa_RiJ6q-rp6uv0/getUpdates "HTTP/1.1 200 OK"
2026-06-09 13:15:47,153 [INFO] httpx: HTTP Request: POST https://api.telegram.org/bot8343388239:AAFgeAkc9bvjywyCsHqRIa_RiJ6q-rp6uv0/getUpdates "HTTP/1.1 200 OK"
2026-06-09 13:16:17,863 [INFO] httpx: HTTP Request: POST https://api.telegram.org/bot8343388239:AAFgeAkc9bvjywyCsHqRIa_RiJ6q-rp6uv0/getUpdates "HTTP/1.1 200 OK"
2026-06-09 13:16:48,565 [INFO] httpx: HTTP Request: POST https://api.telegram.org/bot8343388239:AAFgeAkc9bvjywyCsHqRIa_RiJ6q-rp6uv0/getUpdates "HTTP/1.1 200 OK"
2026-06-09 13:17:19,264 [INFO] httpx: HTTP Request: POST https://api.telegram.org/bot8343388239:AAFgeAkc9bvjywyCsHqRIa_RiJ6q-rp6uv0/getUpdates "HTTP/1.1 200 OK"
2026-06-09 13:17:49,970 [INFO] httpx: HTTP Request: POST https://api.telegram.org/bot8343388239:AAFgeAkc9bvjywyCsHqRIa_RiJ6q-rp6uv0/getUpdates "HTTP/1.1 200 OK"
2026-06-09 13:18:20,689 [INFO] httpx: HTTP Request: POST https://api.telegram.org/bot8343388239:AAFgeAkc9bvjywyCsHqRIa_RiJ6q-rp6uv0/getUpdates "HTTP/1.1 200 OK"
2026-06-09 13:18:51,395 [INFO] httpx: HTTP Request: POST https://api.telegram.org/bot8343388239:AAFgeAkc9bvjywyCsHqRIa_RiJ6q-rp6uv0/getUpdates "HTTP/1.1 200 OK"
2026-06-09 13:19:07,162 [ERROR] subscription_bot.signaler: DerivSignaler connect error: No module named 'deriv'
2026-06-09 13:19:09,753 [INFO] signals.stockity_http: Got 900 raw 1s candles for CRYPTO_IDX (Z-CRY/IDX)
2026-06-09 13:19:09,753 [INFO] signals.stockity_http: Aggregated into 16 1m candles
2026-06-09 13:19:09,754 [INFO] signals.stockity_http: Signal for CRYPTO_IDX: CALL 66% (score=66, EMA5↑EMA10; RSI0 OS; midHi)
2026-06-09 13:19:22,097 [INFO] httpx: HTTP Request: POST https://api.telegram.org/bot8343388239:AAFgeAkc9bvjywyCsHqRIa_RiJ6q-rp6uv0/getUpdates "HTTP/1.1 200 OK"
2026-06-09 13:19:53,198 [INFO] httpx: HTTP Request: POST https://api.telegram.org/bot8343388239:AAFgeAkc9bvjywyCsHqRIa_RiJ6q-rp6uv0/getUpdates "HTTP/1.1 200 OK"
2026-06-09 13:20:23,903 [INFO] httpx: HTTP Request: POST https://api.telegram.org/bot8343388239:AAFgeAkc9bvjywyCsHqRIa_RiJ6q-rp6uv0/getUpdates "HTTP/1.1 200 OK"
2026-06-09 13:20:54,608 [INFO] httpx: HTTP Request: POST https://api.telegram.org/bot8343388239:AAFgeAkc9bvjywyCsHqRIa_RiJ6q-rp6uv0/getUpdates "HTTP/1.1 200 OK"
2026-06-09 13:21:25,313 [INFO] httpx: HTTP Request: POST https://api.telegram.org/bot8343388239:AAFgeAkc9bvjywyCsHqRIa_RiJ6q-rp6uv0/getUpdates "HTTP/1.1 200 OK"
2026-06-09 13:21:56,015 [INFO] httpx: HTTP Request: POST https://api.telegram.org/bot8343388239:AAFgeAkc9bvjywyCsHqRIa_RiJ6q-rp6uv0/getUpdates "HTTP/1.1 200 OK"
2026-06-09 13:22:26,722 [INFO] httpx: HTTP Request: POST https://api.telegram.org/bot8343388239:AAFgeAkc9bvjywyCsHqRIa_RiJ6q-rp6uv0/getUpdates "HTTP/1.1 200 OK"
2026-06-09 13:22:57,424 [INFO] httpx: HTTP Request: POST https://api.telegram.org/bot8343388239:AAFgeAkc9bvjywyCsHqRIa_RiJ6q-rp6uv0/getUpdates "HTTP/1.1 200 OK"
2026-06-09 13:23:28,133 [INFO] httpx: HTTP Request: POST https://api.telegram.org/bot8343388239:AAFgeAkc9bvjywyCsHqRIa_RiJ6q-rp6uv0/getUpdates "HTTP/1.1 200 OK"
2026-06-09 13:23:58,839 [INFO] httpx: HTTP Request: POST https://api.telegram.org/bot8343388239:AAFgeAkc9bvjywyCsHqRIa_RiJ6q-rp6uv0/getUpdates "HTTP/1.1 200 OK"
2026-06-09 13:24:07,171 [ERROR] subscription_bot.signaler: DerivSignaler connect error: No module named 'deriv'
2026-06-09 13:24:09,950 [INFO] signals.stockity_http: Got 900 raw 1s candles for CRYPTO_IDX (Z-CRY/IDX)
2026-06-09 13:24:09,951 [INFO] signals.stockity_http: Aggregated into 16 1m candles
2026-06-09 13:24:09,951 [INFO] signals.stockity_http: Signal for CRYPTO_IDX: CALL 66% (score=66, EMA5↑EMA10; RSI0 OS; midHi)
2026-06-09 13:24:29,546 [INFO] httpx: HTTP Request: POST https://api.telegram.org/bot8343388239:AAFgeAkc9bvjywyCsHqRIa_RiJ6q-rp6uv0/getUpdates "HTTP/1.1 200 OK"
2026-06-09 13:25:00,256 [INFO] httpx: HTTP Request: POST https://api.telegram.org/bot8343388239:AAFgeAkc9bvjywyCsHqRIa_RiJ6q-rp6uv0/getUpdates "HTTP/1.1 200 OK"
2026-06-09 13:25:31,345 [INFO] httpx: HTTP Request: POST https://api.telegram.org/bot8343388239:AAFgeAkc9bvjywyCsHqRIa_RiJ6q-rp6uv0/getUpdates "HTTP/1.1 200 OK"
2026-06-09 13:26:02,037 [INFO] httpx: HTTP Request: POST https://api.telegram.org/bot8343388239:AAFgeAkc9bvjywyCsHqRIa_RiJ6q-rp6uv0/getUpdates "HTTP/1.1 200 OK"
2026-06-09 13:26:32,739 [INFO] httpx: HTTP Request: POST https://api.telegram.org/bot8343388239:AAFgeAkc9bvjywyCsHqRIa_RiJ6q-rp6uv0/getUpdates "HTTP/1.1 200 OK"
2026-06-09 13:27:03,432 [INFO] httpx: HTTP Request: POST https://api.telegram.org/bot8343388239:AAFgeAkc9bvjywyCsHqRIa_RiJ6q-rp6uv0/getUpdates "HTTP/1.1 200 OK"
2026-06-09 13:27:34,125 [INFO] httpx: HTTP Request: POST https://api.telegram.org/bot8343388239:AAFgeAkc9bvjywyCsHqRIa_RiJ6q-rp6uv0/getUpdates "HTTP/1.1 200 OK"
2026-06-09 13:28:04,827 [INFO] httpx: HTTP Request: POST https://api.telegram.org/bot8343388239:AAFgeAkc9bvjywyCsHqRIa_RiJ6q-rp6uv0/getUpdates "HTTP/1.1 200 OK"
2026-06-09 13:28:35,524 [INFO] httpx: HTTP Request: POST https://api.telegram.org/bot8343388239:AAFgeAkc9bvjywyCsHqRIa_RiJ6q-rp6uv0/getUpdates "HTTP/1.1 200 OK"
2026-06-09 13:29:06,216 [INFO] httpx: HTTP Request: POST https://api.telegram.org/bot8343388239:AAFgeAkc9bvjywyCsHqRIa_RiJ6q-rp6uv0/getUpdates "HTTP/1.1 200 OK"
2026-06-09 13:29:07,172 [ERROR] subscription_bot.signaler: DerivSignaler connect error: No module named 'deriv'
2026-06-09 13:29:10,140 [INFO] signals.stockity_http: Got 900 raw 1s candles for CRYPTO_IDX (Z-CRY/IDX)
2026-06-09 13:29:10,140 [INFO] signals.stockity_http: Aggregated into 16 1m candles
2026-06-09 13:29:10,141 [INFO] signals.stockity_http: Signal for CRYPTO_IDX: CALL 66% (score=66, EMA5↑EMA10; RSI0 OS; midHi)
2026-06-09 13:29:36,908 [INFO] httpx: HTTP Request: POST https://api.telegram.org/bot8343388239:AAFgeAkc9bvjywyCsHqRIa_RiJ6q-rp6uv0/getUpdates "HTTP/1.1 200 OK"
2026-06-09 13:30:07,602 [INFO] httpx: HTTP Request: POST https://api.telegram.org/bot8343388239:AAFgeAkc9bvjywyCsHqRIa_RiJ6q-rp6uv0/getUpdates "HTTP/1.1 200 OK"
2026-06-09 13:30:38,293 [INFO] httpx: HTTP Request: POST https://api.telegram.org/bot8343388239:AAFgeAkc9bvjywyCsHqRIa_RiJ6q-rp6uv0/getUpdates "HTTP/1.1 200 OK"
2026-06-09 13:31:08,988 [INFO] httpx: HTTP Request: POST https://api.telegram.org/bot8343388239:AAFgeAkc9bvjywyCsHqRIa_RiJ6q-rp6uv0/getUpdates "HTTP/1.1 200 OK"
2026-06-09 13:31:39,680 [INFO] httpx: HTTP Request: POST https://api.telegram.org/bot8343388239:AAFgeAkc9bvjywyCsHqRIa_RiJ6q-rp6uv0/getUpdates "HTTP/1.1 200 OK"
2026-06-09 13:32:10,378 [INFO] httpx: HTTP Request: POST https://api.telegram.org/bot8343388239:AAFgeAkc9bvjywyCsHqRIa_RiJ6q-rp6uv0/getUpdates "HTTP/1.1 200 OK"
2026-06-09 13:32:41,071 [INFO] httpx: HTTP Request: POST https://api.telegram.org/bot8343388239:AAFgeAkc9bvjywyCsHqRIa_RiJ6q-rp6uv0/getUpdates "HTTP/1.1 200 OK"
2026-06-09 13:33:11,770 [INFO] httpx: HTTP Request: POST https://api.telegram.org/bot8343388239:AAFgeAkc9bvjywyCsHqRIa_RiJ6q-rp6uv0/getUpdates "HTTP/1.1 200 OK"
2026-06-09 13:33:42,468 [INFO] httpx: HTTP Request: POST https://api.telegram.org/bot8343388239:AAFgeAkc9bvjywyCsHqRIa_RiJ6q-rp6uv0/getUpdates "HTTP/1.1 200 OK"
2026-06-09 13:34:07,198 [ERROR] subscription_bot.signaler: DerivSignaler connect error: No module named 'deriv'
2026-06-09 13:34:10,664 [INFO] signals.stockity_http: Got 900 raw 1s candles for CRYPTO_IDX (Z-CRY/IDX)
2026-06-09 13:34:10,665 [INFO] signals.stockity_http: Aggregated into 16 1m candles
2026-06-09 13:34:10,665 [INFO] signals.stockity_http: Signal for CRYPTO_IDX: CALL 71% (score=71, EMA5↑EMA10; bullX; RSI0 OS)
2026-06-09 13:34:13,164 [INFO] httpx: HTTP Request: POST https://api.telegram.org/bot8343388239:AAFgeAkc9bvjywyCsHqRIa_RiJ6q-rp6uv0/getUpdates "HTTP/1.1 200 OK"
2026-06-09 13:34:43,863 [INFO] httpx: HTTP Request: POST https://api.telegram.org/bot8343388239:AAFgeAkc9bvjywyCsHqRIa_RiJ6q-rp6uv0/getUpdates "HTTP/1.1 200 OK"
2026-06-09 13:35:14,560 [INFO] httpx: HTTP Request: POST https://api.telegram.org/bot8343388239:AAFgeAkc9bvjywyCsHqRIa_RiJ6q-rp6uv0/getUpdates "HTTP/1.1 200 OK"
2026-06-09 13:35:45,253 [INFO] httpx: HTTP Request: POST https://api.telegram.org/bot8343388239:AAFgeAkc9bvjywyCsHqRIa_RiJ6q-rp6uv0/getUpdates "HTTP/1.1 200 OK"
2026-06-09 13:36:15,949 [INFO] httpx: HTTP Request: POST https://api.telegram.org/bot8343388239:AAFgeAkc9bvjywyCsHqRIa_RiJ6q-rp6uv0/getUpdates "HTTP/1.1 200 OK"
2026-06-09 13:36:46,640 [INFO] httpx: HTTP Request: POST https://api.telegram.org/bot8343388239:AAFgeAkc9bvjywyCsHqRIa_RiJ6q-rp6uv0/getUpdates "HTTP/1.1 200 OK"
2026-06-09 13:37:17,342 [INFO] httpx: HTTP Request: POST https://api.telegram.org/bot8343388239:AAFgeAkc9bvjywyCsHqRIa_RiJ6q-rp6uv0/getUpdates "HTTP/1.1 200 OK"
2026-06-09 13:37:48,033 [INFO] httpx: HTTP Request: POST https://api.telegram.org/bot8343388239:AAFgeAkc9bvjywyCsHqRIa_RiJ6q-rp6uv0/getUpdates "HTTP/1.1 200 OK"
2026-06-09 13:38:18,734 [INFO] httpx: HTTP Request: POST https://api.telegram.org/bot8343388239:AAFgeAkc9bvjywyCsHqRIa_RiJ6q-rp6uv0/getUpdates "HTTP/1.1 200 OK"
2026-06-09 13:38:49,426 [INFO] httpx: HTTP Request: POST https://api.telegram.org/bot8343388239:AAFgeAkc9bvjywyCsHqRIa_RiJ6q-rp6uv0/getUpdates "HTTP/1.1 200 OK"
2026-06-09 13:39:07,214 [ERROR] subscription_bot.signaler: DerivSignaler connect error: No module named 'deriv'
2026-06-09 13:39:10,905 [INFO] signals.stockity_http: Got 900 raw 1s candles for CRYPTO_IDX (Z-CRY/IDX)
2026-06-09 13:39:10,906 [INFO] signals.stockity_http: Aggregated into 16 1m candles
2026-06-09 13:39:10,906 [INFO] signals.stockity_http: Signal for CRYPTO_IDX: CALL 71% (score=71, EMA5↑EMA10; bullX; RSI0 OS)
2026-06-09 13:39:20,117 [INFO] httpx: HTTP Request: POST https://api.telegram.org/bot8343388239:AAFgeAkc9bvjywyCsHqRIa_RiJ6q-rp6uv0/getUpdates "HTTP/1.1 200 OK"
2026-06-09 13:39:50,810 [INFO] httpx: HTTP Request: POST https://api.telegram.org/bot8343388239:AAFgeAkc9bvjywyCsHqRIa_RiJ6q-rp6uv0/getUpdates "HTTP/1.1 200 OK"
2026-06-09 13:40:21,509 [INFO] httpx: HTTP Request: POST https://api.telegram.org/bot8343388239:AAFgeAkc9bvjywyCsHqRIa_RiJ6q-rp6uv0/getUpdates "HTTP/1.1 200 OK"
2026-06-09 13:40:52,205 [INFO] httpx: HTTP Request: POST https://api.telegram.org/bot8343388239:AAFgeAkc9bvjywyCsHqRIa_RiJ6q-rp6uv0/getUpdates "HTTP/1.1 200 OK"
2026-06-09 13:41:22,901 [INFO] httpx: HTTP Request: POST https://api.telegram.org/bot8343388239:AAFgeAkc9bvjywyCsHqRIa_RiJ6q-rp6uv0/getUpdates "HTTP/1.1 200 OK"
2026-06-09 13:41:53,595 [INFO] httpx: HTTP Request: POST https://api.telegram.org/bot8343388239:AAFgeAkc9bvjywyCsHqRIa_RiJ6q-rp6uv0/getUpdates "HTTP/1.1 200 OK"
2026-06-09 13:42:24,297 [INFO] httpx: HTTP Request: POST https://api.telegram.org/bot8343388239:AAFgeAkc9bvjywyCsHqRIa_RiJ6q-rp6uv0/getUpdates "HTTP/1.1 200 OK"
2026-06-09 13:42:54,990 [INFO] httpx: HTTP Request: POST https://api.telegram.org/bot8343388239:AAFgeAkc9bvjywyCsHqRIa_RiJ6q-rp6uv0/getUpdates "HTTP/1.1 200 OK"
2026-06-09 13:43:25,687 [INFO] httpx: HTTP Request: POST https://api.telegram.org/bot8343388239:AAFgeAkc9bvjywyCsHqRIa_RiJ6q-rp6uv0/getUpdates "HTTP/1.1 200 OK"
2026-06-09 13:43:56,387 [INFO] httpx: HTTP Request: POST https://api.telegram.org/bot8343388239:AAFgeAkc9bvjywyCsHqRIa_RiJ6q-rp6uv0/getUpdates "HTTP/1.1 200 OK"
2026-06-09 13:44:07,222 [ERROR] subscription_bot.signaler: DerivSignaler connect error: No module named 'deriv'
2026-06-09 13:44:11,477 [INFO] signals.stockity_http: Got 900 raw 1s candles for CRYPTO_IDX (Z-CRY/IDX)
2026-06-09 13:44:11,477 [INFO] signals.stockity_http: Aggregated into 16 1m candles
2026-06-09 13:44:11,478 [INFO] signals.stockity_http: Signal for CRYPTO_IDX: CALL 71% (score=71, EMA5↑EMA10; bullX; RSI0 OS)
2026-06-09 13:44:27,097 [INFO] httpx: HTTP Request: POST https://api.telegram.org/bot8343388239:AAFgeAkc9bvjywyCsHqRIa_RiJ6q-rp6uv0/getUpdates "HTTP/1.1 200 OK"
2026-06-09 13:44:57,793 [INFO] httpx: HTTP Request: POST https://api.telegram.org/bot8343388239:AAFgeAkc9bvjywyCsHqRIa_RiJ6q-rp6uv0/getUpdates "HTTP/1.1 200 OK"
2026-06-09 13:45:28,491 [INFO] httpx: HTTP Request: POST https://api.telegram.org/bot8343388239:AAFgeAkc9bvjywyCsHqRIa_RiJ6q-rp6uv0/getUpdates "HTTP/1.1 200 OK"
2026-06-09 13:45:59,726 [INFO] httpx: HTTP Request: POST https://api.telegram.org/bot8343388239:AAFgeAkc9bvjywyCsHqRIa_RiJ6q-rp6uv0/getUpdates "HTTP/1.1 200 OK"
2026-06-09 13:46:30,422 [INFO] httpx: HTTP Request: POST https://api.telegram.org/bot8343388239:AAFgeAkc9bvjywyCsHqRIa_RiJ6q-rp6uv0/getUpdates "HTTP/1.1 200 OK"
2026-06-09 13:47:01,124 [INFO] httpx: HTTP Request: POST https://api.telegram.org/bot8343388239:AAFgeAkc9bvjywyCsHqRIa_RiJ6q-rp6uv0/getUpdates "HTTP/1.1 200 OK"
2026-06-09 13:47:31,818 [INFO] httpx: HTTP Request: POST https://api.telegram.org/bot8343388239:AAFgeAkc9bvjywyCsHqRIa_RiJ6q-rp6uv0/getUpdates "HTTP/1.1 200 OK"
2026-06-09 13:48:02,512 [INFO] httpx: HTTP Request: POST https://api.telegram.org/bot8343388239:AAFgeAkc9bvjywyCsHqRIa_RiJ6q-rp6uv0/getUpdates "HTTP/1.1 200 OK"
2026-06-09 13:48:33,301 [INFO] httpx: HTTP Request: POST https://api.telegram.org/bot8343388239:AAFgeAkc9bvjywyCsHqRIa_RiJ6q-rp6uv0/getUpdates "HTTP/1.1 200 OK"
2026-06-09 13:49:03,996 [INFO] httpx: HTTP Request: POST https://api.telegram.org/bot8343388239:AAFgeAkc9bvjywyCsHqRIa_RiJ6q-rp6uv0/getUpdates "HTTP/1.1 200 OK"
2026-06-09 13:49:07,225 [ERROR] subscription_bot.signaler: DerivSignaler connect error: No module named 'deriv'
2026-06-09 13:49:11,857 [INFO] signals.stockity_http: Got 900 raw 1s candles for CRYPTO_IDX (Z-CRY/IDX)
2026-06-09 13:49:11,861 [INFO] signals.stockity_http: Aggregated into 16 1m candles
2026-06-09 13:49:11,862 [INFO] signals.stockity_http: Signal for CRYPTO_IDX: WAIT 57% (score=57, EMA5↓EMA10; RSI0 OS; rangeBot)
2026-06-09 13:49:34,692 [INFO] httpx: HTTP Request: POST https://api.telegram.org/bot8343388239:AAFgeAkc9bvjywyCsHqRIa_RiJ6q-rp6uv0/getUpdates "HTTP/1.1 200 OK"
2026-06-09 13:50:05,404 [INFO] httpx: HTTP Request: POST https://api.telegram.org/bot8343388239:AAFgeAkc9bvjywyCsHqRIa_RiJ6q-rp6uv0/getUpdates "HTTP/1.1 200 OK"
2026-06-09 13:50:36,104 [INFO] httpx: HTTP Request: POST https://api.telegram.org/bot8343388239:AAFgeAkc9bvjywyCsHqRIa_RiJ6q-rp6uv0/getUpdates "HTTP/1.1 200 OK"
2026-06-09 13:51:06,804 [INFO] httpx: HTTP Request: POST https://api.telegram.org/bot8343388239:AAFgeAkc9bvjywyCsHqRIa_RiJ6q-rp6uv0/getUpdates "HTTP/1.1 200 OK"
2026-06-09 13:51:37,527 [INFO] httpx: HTTP Request: POST https://api.telegram.org/bot8343388239:AAFgeAkc9bvjywyCsHqRIa_RiJ6q-rp6uv0/getUpdates "HTTP/1.1 200 OK"
2026-06-09 13:52:08,221 [INFO] httpx: HTTP Request: POST https://api.telegram.org/bot8343388239:AAFgeAkc9bvjywyCsHqRIa_RiJ6q-rp6uv0/getUpdates "HTTP/1.1 200 OK"
2026-06-09 13:52:38,913 [INFO] httpx: HTTP Request: POST https://api.telegram.org/bot8343388239:AAFgeAkc9bvjywyCsHqRIa_RiJ6q-rp6uv0/getUpdates "HTTP/1.1 200 OK"
2026-06-09 13:53:09,606 [INFO] httpx: HTTP Request: POST https://api.telegram.org/bot8343388239:AAFgeAkc9bvjywyCsHqRIa_RiJ6q-rp6uv0/getUpdates "HTTP/1.1 200 OK"
2026-06-09 13:53:40,301 [INFO] httpx: HTTP Request: POST https://api.telegram.org/bot8343388239:AAFgeAkc9bvjywyCsHqRIa_RiJ6q-rp6uv0/getUpdates "HTTP/1.1 200 OK"
2026-06-09 13:54:07,251 [ERROR] subscription_bot.signaler: DerivSignaler connect error: No module named 'deriv'
2026-06-09 13:54:10,994 [INFO] httpx: HTTP Request: POST https://api.telegram.org/bot8343388239:AAFgeAkc9bvjywyCsHqRIa_RiJ6q-rp6uv0/getUpdates "HTTP/1.1 200 OK"
2026-06-09 13:54:12,056 [INFO] signals.stockity_http: Got 900 raw 1s candles for CRYPTO_IDX (Z-CRY/IDX)
2026-06-09 13:54:12,057 [INFO] signals.stockity_http: Aggregated into 16 1m candles
2026-06-09 13:54:12,057 [INFO] signals.stockity_http: Signal for CRYPTO_IDX: WAIT 57% (score=57, EMA5↓EMA10; RSI0 OS; rangeBot)
2026-06-09 13:54:41,689 [INFO] httpx: HTTP Request: POST https://api.telegram.org/bot8343388239:AAFgeAkc9bvjywyCsHqRIa_RiJ6q-rp6uv0/getUpdates "HTTP/1.1 200 OK"
2026-06-09 13:55:12,382 [INFO] httpx: HTTP Request: POST https://api.telegram.org/bot8343388239:AAFgeAkc9bvjywyCsHqRIa_RiJ6q-rp6uv0/getUpdates "HTTP/1.1 200 OK"
2026-06-09 13:55:43,078 [INFO] httpx: HTTP Request: POST https://api.telegram.org/bot8343388239:AAFgeAkc9bvjywyCsHqRIa_RiJ6q-rp6uv0/getUpdates "HTTP/1.1 200 OK"
2026-06-09 13:56:13,796 [INFO] httpx: HTTP Request: POST https://api.telegram.org/bot8343388239:AAFgeAkc9bvjywyCsHqRIa_RiJ6q-rp6uv0/getUpdates "HTTP/1.1 200 OK"
2026-06-09 13:56:44,493 [INFO] httpx: HTTP Request: POST https://api.telegram.org/bot8343388239:AAFgeAkc9bvjywyCsHqRIa_RiJ6q-rp6uv0/getUpdates "HTTP/1.1 200 OK"
2026-06-09 13:57:15,194 [INFO] httpx: HTTP Request: POST https://api.telegram.org/bot8343388239:AAFgeAkc9bvjywyCsHqRIa_RiJ6q-rp6uv0/getUpdates "HTTP/1.1 200 OK"
2026-06-09 13:57:45,888 [INFO] httpx: HTTP Request: POST https://api.telegram.org/bot8343388239:AAFgeAkc9bvjywyCsHqRIa_RiJ6q-rp6uv0/getUpdates "HTTP/1.1 200 OK"
2026-06-09 13:58:16,580 [INFO] httpx: HTTP Request: POST https://api.telegram.org/bot8343388239:AAFgeAkc9bvjywyCsHqRIa_RiJ6q-rp6uv0/getUpdates "HTTP/1.1 200 OK"
2026-06-09 13:58:47,275 [INFO] httpx: HTTP Request: POST https://api.telegram.org/bot8343388239:AAFgeAkc9bvjywyCsHqRIa_RiJ6q-rp6uv0/getUpdates "HTTP/1.1 200 OK"
2026-06-09 13:59:07,273 [ERROR] subscription_bot.signaler: DerivSignaler connect error: No module named 'deriv'
2026-06-09 13:59:12,266 [INFO] signals.stockity_http: Got 900 raw 1s candles for CRYPTO_IDX (Z-CRY/IDX)
2026-06-09 13:59:12,267 [INFO] signals.stockity_http: Aggregated into 16 1m candles
2026-06-09 13:59:12,267 [INFO] signals.stockity_http: Signal for CRYPTO_IDX: WAIT 57% (score=57, EMA5↓EMA10; RSI0 OS; rangeBot)
2026-06-09 13:59:17,986 [INFO] httpx: HTTP Request: POST https://api.telegram.org/bot8343388239:AAFgeAkc9bvjywyCsHqRIa_RiJ6q-rp6uv0/getUpdates "HTTP/1.1 200 OK"
2026-06-09 13:59:48,682 [INFO] httpx: HTTP Request: POST https://api.telegram.org/bot8343388239:AAFgeAkc9bvjywyCsHqRIa_RiJ6q-rp6uv0/getUpdates "HTTP/1.1 200 OK"
2026-06-09 14:00:19,373 [INFO] httpx: HTTP Request: POST https://api.telegram.org/bot8343388239:AAFgeAkc9bvjywyCsHqRIa_RiJ6q-rp6uv0/getUpdates "HTTP/1.1 200 OK"
2026-06-09 14:00:50,067 [INFO] httpx: HTTP Request: POST https://api.telegram.org/bot8343388239:AAFgeAkc9bvjywyCsHqRIa_RiJ6q-rp6uv0/getUpdates "HTTP/1.1 200 OK"
2026-06-09 14:01:20,761 [INFO] httpx: HTTP Request: POST https://api.telegram.org/bot8343388239:AAFgeAkc9bvjywyCsHqRIa_RiJ6q-rp6uv0/getUpdates "HTTP/1.1 200 OK"
2026-06-09 14:01:51,464 [INFO] httpx: HTTP Request: POST https://api.telegram.org/bot8343388239:AAFgeAkc9bvjywyCsHqRIa_RiJ6q-rp6uv0/getUpdates "HTTP/1.1 200 OK"
2026-06-09 14:02:22,634 [INFO] httpx: HTTP Request: POST https://api.telegram.org/bot8343388239:AAFgeAkc9bvjywyCsHqRIa_RiJ6q-rp6uv0/getUpdates "HTTP/1.1 200 OK"
2026-06-09 14:02:53,331 [INFO] httpx: HTTP Request: POST https://api.telegram.org/bot8343388239:AAFgeAkc9bvjywyCsHqRIa_RiJ6q-rp6uv0/getUpdates "HTTP/1.1 200 OK"
2026-06-09 14:03:24,027 [INFO] httpx: HTTP Request: POST https://api.telegram.org/bot8343388239:AAFgeAkc9bvjywyCsHqRIa_RiJ6q-rp6uv0/getUpdates "HTTP/1.1 200 OK"
2026-06-09 14:03:54,721 [INFO] httpx: HTTP Request: POST https://api.telegram.org/bot8343388239:AAFgeAkc9bvjywyCsHqRIa_RiJ6q-rp6uv0/getUpdates "HTTP/1.1 200 OK"
2026-06-09 14:04:07,282 [ERROR] subscription_bot.signaler: DerivSignaler connect error: No module named 'deriv'
2026-06-09 14:04:12,645 [INFO] signals.stockity_http: Got 900 raw 1s candles for CRYPTO_IDX (Z-CRY/IDX)
2026-06-09 14:04:12,646 [INFO] signals.stockity_http: Aggregated into 16 1m candles
2026-06-09 14:04:12,646 [INFO] signals.stockity_http: Signal for CRYPTO_IDX: WAIT 50% (score=50, EMA5↓EMA10; RSI0 OS; midLo)
2026-06-09 14:04:25,421 [INFO] httpx: HTTP Request: POST https://api.telegram.org/bot8343388239:AAFgeAkc9bvjywyCsHqRIa_RiJ6q-rp6uv0/getUpdates "HTTP/1.1 200 OK"
2026-06-09 14:04:56,115 [INFO] httpx: HTTP Request: POST https://api.telegram.org/bot8343388239:AAFgeAkc9bvjywyCsHqRIa_RiJ6q-rp6uv0/getUpdates "HTTP/1.1 200 OK"
2026-06-09 14:05:26,811 [INFO] httpx: HTTP Request: POST https://api.telegram.org/bot8343388239:AAFgeAkc9bvjywyCsHqRIa_RiJ6q-rp6uv0/getUpdates "HTTP/1.1 200 OK"
2026-06-09 14:05:57,510 [INFO] httpx: HTTP Request: POST https://api.telegram.org/bot8343388239:AAFgeAkc9bvjywyCsHqRIa_RiJ6q-rp6uv0/getUpdates "HTTP/1.1 200 OK"
2026-06-09 14:06:28,208 [INFO] httpx: HTTP Request: POST https://api.telegram.org/bot8343388239:AAFgeAkc9bvjywyCsHqRIa_RiJ6q-rp6uv0/getUpdates "HTTP/1.1 200 OK"
2026-06-09 14:06:58,903 [INFO] httpx: HTTP Request: POST https://api.telegram.org/bot8343388239:AAFgeAkc9bvjywyCsHqRIa_RiJ6q-rp6uv0/getUpdates "HTTP/1.1 200 OK"
2026-06-09 14:07:29,606 [INFO] httpx: HTTP Request: POST https://api.telegram.org/bot8343388239:AAFgeAkc9bvjywyCsHqRIa_RiJ6q-rp6uv0/getUpdates "HTTP/1.1 200 OK"
2026-06-09 14:08:00,303 [INFO] httpx: HTTP Request: POST https://api.telegram.org/bot8343388239:AAFgeAkc9bvjywyCsHqRIa_RiJ6q-rp6uv0/getUpdates "HTTP/1.1 200 OK"
2026-06-09 14:08:30,998 [INFO] httpx: HTTP Request: POST https://api.telegram.org/bot8343388239:AAFgeAkc9bvjywyCsHqRIa_RiJ6q-rp6uv0/getUpdates "HTTP/1.1 200 OK"
2026-06-09 14:09:01,698 [INFO] httpx: HTTP Request: POST https://api.telegram.org/bot8343388239:AAFgeAkc9bvjywyCsHqRIa_RiJ6q-rp6uv0/getUpdates "HTTP/1.1 200 OK"
2026-06-09 14:09:07,286 [ERROR] subscription_bot.signaler: DerivSignaler connect error: No module named 'deriv'
2026-06-09 14:09:12,845 [INFO] signals.stockity_http: Got 900 raw 1s candles for CRYPTO_IDX (Z-CRY/IDX)
2026-06-09 14:09:12,846 [INFO] signals.stockity_http: Aggregated into 16 1m candles
2026-06-09 14:09:12,846 [INFO] signals.stockity_http: Signal for CRYPTO_IDX: WAIT 50% (score=50, EMA5↓EMA10; RSI0 OS; midLo)
2026-06-09 14:09:32,393 [INFO] httpx: HTTP Request: POST https://api.telegram.org/bot8343388239:AAFgeAkc9bvjywyCsHqRIa_RiJ6q-rp6uv0/getUpdates "HTTP/1.1 200 OK"
2026-06-09 14:10:03,095 [INFO] httpx: HTTP Request: POST https://api.telegram.org/bot8343388239:AAFgeAkc9bvjywyCsHqRIa_RiJ6q-rp6uv0/getUpdates "HTTP/1.1 200 OK"
2026-06-09 14:10:33,797 [INFO] httpx: HTTP Request: POST https://api.telegram.org/bot8343388239:AAFgeAkc9bvjywyCsHqRIa_RiJ6q-rp6uv0/getUpdates "HTTP/1.1 200 OK"
2026-06-09 14:11:04,491 [INFO] httpx: HTTP Request: POST https://api.telegram.org/bot8343388239:AAFgeAkc9bvjywyCsHqRIa_RiJ6q-rp6uv0/getUpdates "HTTP/1.1 200 OK"
2026-06-09 14:11:35,184 [INFO] httpx: HTTP Request: POST https://api.telegram.org/bot8343388239:AAFgeAkc9bvjywyCsHqRIa_RiJ6q-rp6uv0/getUpdates "HTTP/1.1 200 OK"
2026-06-09 14:12:05,886 [INFO] httpx: HTTP Request: POST https://api.telegram.org/bot8343388239:AAFgeAkc9bvjywyCsHqRIa_RiJ6q-rp6uv0/getUpdates "HTTP/1.1 200 OK"
2026-06-09 14:12:36,579 [INFO] httpx: HTTP Request: POST https://api.telegram.org/bot8343388239:AAFgeAkc9bvjywyCsHqRIa_RiJ6q-rp6uv0/getUpdates "HTTP/1.1 200 OK"
2026-06-09 14:13:07,277 [INFO] httpx: HTTP Request: POST https://api.telegram.org/bot8343388239:AAFgeAkc9bvjywyCsHqRIa_RiJ6q-rp6uv0/getUpdates "HTTP/1.1 200 OK"
2026-06-09 14:13:37,972 [INFO] httpx: HTTP Request: POST https://api.telegram.org/bot8343388239:AAFgeAkc9bvjywyCsHqRIa_RiJ6q-rp6uv0/getUpdates "HTTP/1.1 200 OK"
2026-06-09 14:14:07,314 [ERROR] subscription_bot.signaler: DerivSignaler connect error: No module named 'deriv'
2026-06-09 14:14:08,666 [INFO] httpx: HTTP Request: POST https://api.telegram.org/bot8343388239:AAFgeAkc9bvjywyCsHqRIa_RiJ6q-rp6uv0/getUpdates "HTTP/1.1 200 OK"
2026-06-09 14:14:13,044 [INFO] signals.stockity_http: Got 900 raw 1s candles for CRYPTO_IDX (Z-CRY/IDX)
2026-06-09 14:14:13,045 [INFO] signals.stockity_http: Aggregated into 16 1m candles
2026-06-09 14:14:13,045 [INFO] signals.stockity_http: Signal for CRYPTO_IDX: WAIT 50% (score=50, EMA5↓EMA10; RSI0 OS; midLo)
2026-06-09 14:14:39,361 [INFO] httpx: HTTP Request: POST https://api.telegram.org/bot8343388239:AAFgeAkc9bvjywyCsHqRIa_RiJ6q-rp6uv0/getUpdates "HTTP/1.1 200 OK"
2026-06-09 14:15:10,053 [INFO] httpx: HTTP Request: POST https://api.telegram.org/bot8343388239:AAFgeAkc9bvjywyCsHqRIa_RiJ6q-rp6uv0/getUpdates "HTTP/1.1 200 OK"
2026-06-09 14:15:40,755 [INFO] httpx: HTTP Request: POST https://api.telegram.org/bot8343388239:AAFgeAkc9bvjywyCsHqRIa_RiJ6q-rp6uv0/getUpdates "HTTP/1.1 200 OK"
2026-06-09 14:16:11,450 [INFO] httpx: HTTP Request: POST https://api.telegram.org/bot8343388239:AAFgeAkc9bvjywyCsHqRIa_RiJ6q-rp6uv0/getUpdates "HTTP/1.1 200 OK"
2026-06-09 14:16:42,141 [INFO] httpx: HTTP Request: POST https://api.telegram.org/bot8343388239:AAFgeAkc9bvjywyCsHqRIa_RiJ6q-rp6uv0/getUpdates "HTTP/1.1 200 OK"
2026-06-09 14:17:12,836 [INFO] httpx: HTTP Request: POST https://api.telegram.org/bot8343388239:AAFgeAkc9bvjywyCsHqRIa_RiJ6q-rp6uv0/getUpdates "HTTP/1.1 200 OK"
2026-06-09 14:17:43,532 [INFO] httpx: HTTP Request: POST https://api.telegram.org/bot8343388239:AAFgeAkc9bvjywyCsHqRIa_RiJ6q-rp6uv0/getUpdates "HTTP/1.1 200 OK"
2026-06-09 14:18:14,225 [INFO] httpx: HTTP Request: POST https://api.telegram.org/bot8343388239:AAFgeAkc9bvjywyCsHqRIa_RiJ6q-rp6uv0/getUpdates "HTTP/1.1 200 OK"
2026-06-09 14:18:44,929 [INFO] httpx: HTTP Request: POST https://api.telegram.org/bot8343388239:AAFgeAkc9bvjywyCsHqRIa_RiJ6q-rp6uv0/getUpdates "HTTP/1.1 200 OK"
2026-06-09 14:19:07,338 [ERROR] subscription_bot.signaler: DerivSignaler connect error: No module named 'deriv'
2026-06-09 14:19:13,423 [INFO] signals.stockity_http: Got 900 raw 1s candles for CRYPTO_IDX (Z-CRY/IDX)
2026-06-09 14:19:13,424 [INFO] signals.stockity_http: Aggregated into 16 1m candles
2026-06-09 14:19:13,424 [INFO] signals.stockity_http: Signal for CRYPTO_IDX: CALL 71% (score=71, EMA5↑EMA10; bullX; RSI0 OS)
2026-06-09 14:19:13,425 [INFO] subscription_bot.signaler: NEW signal: CRYPTO_IDX CALL 71%
2026-06-09 14:19:14,956 [INFO] httpx: HTTP Request: POST https://api.telegram.org/bot8343388239:AAFgeAkc9bvjywyCsHqRIa_RiJ6q-rp6uv0/sendMessage "HTTP/1.1 200 OK"
2026-06-09 14:19:15,061 [INFO] subscription_bot.bot: Signal dispatched to 1/1 subscribers
2026-06-09 14:19:15,625 [INFO] httpx: HTTP Request: POST https://api.telegram.org/bot8343388239:AAFgeAkc9bvjywyCsHqRIa_RiJ6q-rp6uv0/getUpdates "HTTP/1.1 200 OK"
2026-06-09 14:19:46,323 [INFO] httpx: HTTP Request: POST https://api.telegram.org/bot8343388239:AAFgeAkc9bvjywyCsHqRIa_RiJ6q-rp6uv0/getUpdates "HTTP/1.1 200 OK"
2026-06-09 14:20:17,019 [INFO] httpx: HTTP Request: POST https://api.telegram.org/bot8343388239:AAFgeAkc9bvjywyCsHqRIa_RiJ6q-rp6uv0/getUpdates "HTTP/1.1 200 OK"
2026-06-09 14:20:47,713 [INFO] httpx: HTTP Request: POST https://api.telegram.org/bot8343388239:AAFgeAkc9bvjywyCsHqRIa_RiJ6q-rp6uv0/getUpdates "HTTP/1.1 200 OK"
2026-06-09 14:21:18,408 [INFO] httpx: HTTP Request: POST https://api.telegram.org/bot8343388239:AAFgeAkc9bvjywyCsHqRIa_RiJ6q-rp6uv0/getUpdates "HTTP/1.1 200 OK"
2026-06-09 14:21:49,409 [INFO] httpx: HTTP Request: POST https://api.telegram.org/bot8343388239:AAFgeAkc9bvjywyCsHqRIa_RiJ6q-rp6uv0/getUpdates "HTTP/1.1 200 OK"
2026-06-09 14:22:20,110 [INFO] httpx: HTTP Request: POST https://api.telegram.org/bot8343388239:AAFgeAkc9bvjywyCsHqRIa_RiJ6q-rp6uv0/getUpdates "HTTP/1.1 200 OK"
2026-06-09 14:22:50,809 [INFO] httpx: HTTP Request: POST https://api.telegram.org/bot8343388239:AAFgeAkc9bvjywyCsHqRIa_RiJ6q-rp6uv0/getUpdates "HTTP/1.1 200 OK"
2026-06-09 14:23:21,518 [INFO] httpx: HTTP Request: POST https://api.telegram.org/bot8343388239:AAFgeAkc9bvjywyCsHqRIa_RiJ6q-rp6uv0/getUpdates "HTTP/1.1 200 OK"
2026-06-09 14:23:52,213 [INFO] httpx: HTTP Request: POST https://api.telegram.org/bot8343388239:AAFgeAkc9bvjywyCsHqRIa_RiJ6q-rp6uv0/getUpdates "HTTP/1.1 200 OK"
2026-06-09 14:24:07,350 [ERROR] subscription_bot.signaler: DerivSignaler connect error: No module named 'deriv'
2026-06-09 14:24:15,299 [INFO] signals.stockity_http: Got 900 raw 1s candles for CRYPTO_IDX (Z-CRY/IDX)
2026-06-09 14:24:15,300 [INFO] signals.stockity_http: Aggregated into 16 1m candles
2026-06-09 14:24:15,300 [INFO] signals.stockity_http: Signal for CRYPTO_IDX: CALL 71% (score=71, EMA5↑EMA10; bullX; RSI0 OS)
2026-06-09 14:24:22,908 [INFO] httpx: HTTP Request: POST https://api.telegram.org/bot8343388239:AAFgeAkc9bvjywyCsHqRIa_RiJ6q-rp6uv0/getUpdates "HTTP/1.1 200 OK"
2026-06-09 14:24:53,603 [INFO] httpx: HTTP Request: POST https://api.telegram.org/bot8343388239:AAFgeAkc9bvjywyCsHqRIa_RiJ6q-rp6uv0/getUpdates "HTTP/1.1 200 OK"
2026-06-09 14:25:24,301 [INFO] httpx: HTTP Request: POST https://api.telegram.org/bot8343388239:AAFgeAkc9bvjywyCsHqRIa_RiJ6q-rp6uv0/getUpdates "HTTP/1.1 200 OK"
2026-06-09 14:25:54,994 [INFO] httpx: HTTP Request: POST https://api.telegram.org/bot8343388239:AAFgeAkc9bvjywyCsHqRIa_RiJ6q-rp6uv0/getUpdates "HTTP/1.1 200 OK"
2026-06-09 14:26:26,071 [INFO] httpx: HTTP Request: POST https://api.telegram.org/bot8343388239:AAFgeAkc9bvjywyCsHqRIa_RiJ6q-rp6uv0/getUpdates "HTTP/1.1 200 OK"
2026-06-09 14:26:56,761 [INFO] httpx: HTTP Request: POST https://api.telegram.org/bot8343388239:AAFgeAkc9bvjywyCsHqRIa_RiJ6q-rp6uv0/getUpdates "HTTP/1.1 200 OK"
2026-06-09 14:27:27,451 [INFO] httpx: HTTP Request: POST https://api.telegram.org/bot8343388239:AAFgeAkc9bvjywyCsHqRIa_RiJ6q-rp6uv0/getUpdates "HTTP/1.1 200 OK"
2026-06-09 14:27:58,140 [INFO] httpx: HTTP Request: POST https://api.telegram.org/bot8343388239:AAFgeAkc9bvjywyCsHqRIa_RiJ6q-rp6uv0/getUpdates "HTTP/1.1 200 OK"
2026-06-09 14:28:28,828 [INFO] httpx: HTTP Request: POST https://api.telegram.org/bot8343388239:AAFgeAkc9bvjywyCsHqRIa_RiJ6q-rp6uv0/getUpdates "HTTP/1.1 200 OK"
2026-06-09 14:28:59,516 [INFO] httpx: HTTP Request: POST https://api.telegram.org/bot8343388239:AAFgeAkc9bvjywyCsHqRIa_RiJ6q-rp6uv0/getUpdates "HTTP/1.1 200 OK"
2026-06-09 14:29:07,358 [ERROR] subscription_bot.signaler: DerivSignaler connect error: No module named 'deriv'
2026-06-09 14:29:15,507 [INFO] signals.stockity_http: Got 900 raw 1s candles for CRYPTO_IDX (Z-CRY/IDX)
2026-06-09 14:29:15,507 [INFO] signals.stockity_http: Aggregated into 16 1m candles
2026-06-09 14:29:15,508 [INFO] signals.stockity_http: Signal for CRYPTO_IDX: CALL 71% (score=71, EMA5↑EMA10; bullX; RSI0 OS)
2026-06-09 14:29:30,204 [INFO] httpx: HTTP Request: POST https://api.telegram.org/bot8343388239:AAFgeAkc9bvjywyCsHqRIa_RiJ6q-rp6uv0/getUpdates "HTTP/1.1 200 OK"
2026-06-09 14:30:00,893 [INFO] httpx: HTTP Request: POST https://api.telegram.org/bot8343388239:AAFgeAkc9bvjywyCsHqRIa_RiJ6q-rp6uv0/getUpdates "HTTP/1.1 200 OK"
2026-06-09 14:30:33,237 [INFO] httpx: HTTP Request: POST https://api.telegram.org/bot8343388239:AAFgeAkc9bvjywyCsHqRIa_RiJ6q-rp6uv0/getUpdates "HTTP/1.1 200 OK"
2026-06-09 14:31:03,928 [INFO] httpx: HTTP Request: POST https://api.telegram.org/bot8343388239:AAFgeAkc9bvjywyCsHqRIa_RiJ6q-rp6uv0/getUpdates "HTTP/1.1 200 OK"
2026-06-09 14:31:34,620 [INFO] httpx: HTTP Request: POST https://api.telegram.org/bot8343388239:AAFgeAkc9bvjywyCsHqRIa_RiJ6q-rp6uv0/getUpdates "HTTP/1.1 200 OK"
2026-06-09 14:32:05,309 [INFO] httpx: HTTP Request: POST https://api.telegram.org/bot8343388239:AAFgeAkc9bvjywyCsHqRIa_RiJ6q-rp6uv0/getUpdates "HTTP/1.1 200 OK"
2026-06-09 14:32:35,998 [INFO] httpx: HTTP Request: POST https://api.telegram.org/bot8343388239:AAFgeAkc9bvjywyCsHqRIa_RiJ6q-rp6uv0/getUpdates "HTTP/1.1 200 OK"
2026-06-09 14:33:06,687 [INFO] httpx: HTTP Request: POST https://api.telegram.org/bot8343388239:AAFgeAkc9bvjywyCsHqRIa_RiJ6q-rp6uv0/getUpdates "HTTP/1.1 200 OK"
2026-06-09 14:33:37,377 [INFO] httpx: HTTP Request: POST https://api.telegram.org/bot8343388239:AAFgeAkc9bvjywyCsHqRIa_RiJ6q-rp6uv0/getUpdates "HTTP/1.1 200 OK"
2026-06-09 14:34:07,386 [ERROR] subscription_bot.signaler: DerivSignaler connect error: No module named 'deriv'
2026-06-09 14:34:08,066 [INFO] httpx: HTTP Request: POST https://api.telegram.org/bot8343388239:AAFgeAkc9bvjywyCsHqRIa_RiJ6q-rp6uv0/getUpdates "HTTP/1.1 200 OK"
2026-06-09 14:34:15,893 [INFO] signals.stockity_http: Got 900 raw 1s candles for CRYPTO_IDX (Z-CRY/IDX)
2026-06-09 14:34:15,894 [INFO] signals.stockity_http: Aggregated into 16 1m candles
2026-06-09 14:34:15,894 [INFO] signals.stockity_http: Signal for CRYPTO_IDX: WAIT 50% (score=50, EMA5↓EMA10; RSI0 OS; midLo)
2026-06-09 14:34:38,756 [INFO] httpx: HTTP Request: POST https://api.telegram.org/bot8343388239:AAFgeAkc9bvjywyCsHqRIa_RiJ6q-rp6uv0/getUpdates "HTTP/1.1 200 OK"
2026-06-09 14:35:09,448 [INFO] httpx: HTTP Request: POST https://api.telegram.org/bot8343388239:AAFgeAkc9bvjywyCsHqRIa_RiJ6q-rp6uv0/getUpdates "HTTP/1.1 200 OK"
2026-06-09 14:35:40,138 [INFO] httpx: HTTP Request: POST https://api.telegram.org/bot8343388239:AAFgeAkc9bvjywyCsHqRIa_RiJ6q-rp6uv0/getUpdates "HTTP/1.1 200 OK"
2026-06-09 14:36:10,828 [INFO] httpx: HTTP Request: POST https://api.telegram.org/bot8343388239:AAFgeAkc9bvjywyCsHqRIa_RiJ6q-rp6uv0/getUpdates "HTTP/1.1 200 OK"
2026-06-09 14:36:41,518 [INFO] httpx: HTTP Request: POST https://api.telegram.org/bot8343388239:AAFgeAkc9bvjywyCsHqRIa_RiJ6q-rp6uv0/getUpdates "HTTP/1.1 200 OK"
2026-06-09 14:37:12,210 [INFO] httpx: HTTP Request: POST https://api.telegram.org/bot8343388239:AAFgeAkc9bvjywyCsHqRIa_RiJ6q-rp6uv0/getUpdates "HTTP/1.1 200 OK"
2026-06-09 14:37:42,899 [INFO] httpx: HTTP Request: POST https://api.telegram.org/bot8343388239:AAFgeAkc9bvjywyCsHqRIa_RiJ6q-rp6uv0/getUpdates "HTTP/1.1 200 OK"
2026-06-09 14:38:13,593 [INFO] httpx: HTTP Request: POST https://api.telegram.org/bot8343388239:AAFgeAkc9bvjywyCsHqRIa_RiJ6q-rp6uv0/getUpdates "HTTP/1.1 200 OK"
2026-06-09 14:38:44,281 [INFO] httpx: HTTP Request: POST https://api.telegram.org/bot8343388239:AAFgeAkc9bvjywyCsHqRIa_RiJ6q-rp6uv0/getUpdates "HTTP/1.1 200 OK"
2026-06-09 14:39:07,406 [ERROR] subscription_bot.signaler: DerivSignaler connect error: No module named 'deriv'
2026-06-09 14:39:14,980 [INFO] httpx: HTTP Request: POST https://api.telegram.org/bot8343388239:AAFgeAkc9bvjywyCsHqRIa_RiJ6q-rp6uv0/getUpdates "HTTP/1.1 200 OK"
2026-06-09 14:39:16,821 [INFO] signals.stockity_http: Got 900 raw 1s candles for CRYPTO_IDX (Z-CRY/IDX)
2026-06-09 14:39:16,821 [INFO] signals.stockity_http: Aggregated into 16 1m candles
2026-06-09 14:39:16,821 [INFO] signals.stockity_http: Signal for CRYPTO_IDX: WAIT 50% (score=50, EMA5↓EMA10; RSI0 OS; midLo)
2026-06-09 14:39:45,668 [INFO] httpx: HTTP Request: POST https://api.telegram.org/bot8343388239:AAFgeAkc9bvjywyCsHqRIa_RiJ6q-rp6uv0/getUpdates "HTTP/1.1 200 OK"
2026-06-09 14:40:16,358 [INFO] httpx: HTTP Request: POST https://api.telegram.org/bot8343388239:AAFgeAkc9bvjywyCsHqRIa_RiJ6q-rp6uv0/getUpdates "HTTP/1.1 200 OK"
2026-06-09 14:40:47,048 [INFO] httpx: HTTP Request: POST https://api.telegram.org/bot8343388239:AAFgeAkc9bvjywyCsHqRIa_RiJ6q-rp6uv0/getUpdates "HTTP/1.1 200 OK"
2026-06-09 14:41:17,736 [INFO] httpx: HTTP Request: POST https://api.telegram.org/bot8343388239:AAFgeAkc9bvjywyCsHqRIa_RiJ6q-rp6uv0/getUpdates "HTTP/1.1 200 OK"
2026-06-09 14:41:48,423 [INFO] httpx: HTTP Request: POST https://api.telegram.org/bot8343388239:AAFgeAkc9bvjywyCsHqRIa_RiJ6q-rp6uv0/getUpdates "HTTP/1.1 200 OK"
2026-06-09 14:42:19,115 [INFO] httpx: HTTP Request: POST https://api.telegram.org/bot8343388239:AAFgeAkc9bvjywyCsHqRIa_RiJ6q-rp6uv0/getUpdates "HTTP/1.1 200 OK"
2026-06-09 14:42:49,803 [INFO] httpx: HTTP Request: POST https://api.telegram.org/bot8343388239:AAFgeAkc9bvjywyCsHqRIa_RiJ6q-rp6uv0/getUpdates "HTTP/1.1 200 OK"
2026-06-09 14:43:20,496 [INFO] httpx: HTTP Request: POST https://api.telegram.org/bot8343388239:AAFgeAkc9bvjywyCsHqRIa_RiJ6q-rp6uv0/getUpdates "HTTP/1.1 200 OK"
2026-06-09 14:43:51,186 [INFO] httpx: HTTP Request: POST https://api.telegram.org/bot8343388239:AAFgeAkc9bvjywyCsHqRIa_RiJ6q-rp6uv0/getUpdates "HTTP/1.1 200 OK"
2026-06-09 14:44:07,422 [ERROR] subscription_bot.signaler: DerivSignaler connect error: No module named 'deriv'
2026-06-09 14:44:17,040 [INFO] signals.stockity_http: Got 900 raw 1s candles for CRYPTO_IDX (Z-CRY/IDX)
2026-06-09 14:44:17,041 [INFO] signals.stockity_http: Aggregated into 16 1m candles
2026-06-09 14:44:17,041 [INFO] signals.stockity_http: Signal for CRYPTO_IDX: WAIT 50% (score=50, EMA5↓EMA10; RSI0 OS; midLo)
2026-06-09 14:44:21,874 [INFO] httpx: HTTP Request: POST https://api.telegram.org/bot8343388239:AAFgeAkc9bvjywyCsHqRIa_RiJ6q-rp6uv0/getUpdates "HTTP/1.1 200 OK"
2026-06-09 14:44:52,561 [INFO] httpx: HTTP Request: POST https://api.telegram.org/bot8343388239:AAFgeAkc9bvjywyCsHqRIa_RiJ6q-rp6uv0/getUpdates "HTTP/1.1 200 OK"
2026-06-09 14:45:23,252 [INFO] httpx: HTTP Request: POST https://api.telegram.org/bot8343388239:AAFgeAkc9bvjywyCsHqRIa_RiJ6q-rp6uv0/getUpdates "HTTP/1.1 200 OK"
2026-06-09 14:45:53,940 [INFO] httpx: HTTP Request: POST https://api.telegram.org/bot8343388239:AAFgeAkc9bvjywyCsHqRIa_RiJ6q-rp6uv0/getUpdates "HTTP/1.1 200 OK"
2026-06-09 14:46:24,629 [INFO] httpx: HTTP Request: POST https://api.telegram.org/bot8343388239:AAFgeAkc9bvjywyCsHqRIa_RiJ6q-rp6uv0/getUpdates "HTTP/1.1 200 OK"
2026-06-09 14:46:55,317 [INFO] httpx: HTTP Request: POST https://api.telegram.org/bot8343388239:AAFgeAkc9bvjywyCsHqRIa_RiJ6q-rp6uv0/getUpdates "HTTP/1.1 200 OK"
2026-06-09 14:47:26,006 [INFO] httpx: HTTP Request: POST https://api.telegram.org/bot8343388239:AAFgeAkc9bvjywyCsHqRIa_RiJ6q-rp6uv0/getUpdates "HTTP/1.1 200 OK"
2026-06-09 14:47:56,696 [INFO] httpx: HTTP Request: POST https://api.telegram.org/bot8343388239:AAFgeAkc9bvjywyCsHqRIa_RiJ6q-rp6uv0/getUpdates "HTTP/1.1 200 OK"
2026-06-09 14:48:27,384 [INFO] httpx: HTTP Request: POST https://api.telegram.org/bot8343388239:AAFgeAkc9bvjywyCsHqRIa_RiJ6q-rp6uv0/getUpdates "HTTP/1.1 200 OK"
2026-06-09 14:48:58,073 [INFO] httpx: HTTP Request: POST https://api.telegram.org/bot8343388239:AAFgeAkc9bvjywyCsHqRIa_RiJ6q-rp6uv0/getUpdates "HTTP/1.1 200 OK"
2026-06-09 14:49:07,430 [ERROR] subscription_bot.signaler: DerivSignaler connect error: No module named 'deriv'
2026-06-09 14:49:17,472 [INFO] signals.stockity_http: Got 900 raw 1s candles for CRYPTO_IDX (Z-CRY/IDX)
2026-06-09 14:49:17,473 [INFO] signals.stockity_http: Aggregated into 16 1m candles
2026-06-09 14:49:17,473 [INFO] signals.stockity_http: Signal for CRYPTO_IDX: CALL 65% (score=65, EMA5↑EMA10; RSI0 OS; pinBot)
2026-06-09 14:49:28,762 [INFO] httpx: HTTP Request: POST https://api.telegram.org/bot8343388239:AAFgeAkc9bvjywyCsHqRIa_RiJ6q-rp6uv0/getUpdates "HTTP/1.1 200 OK"
2026-06-09 14:49:59,451 [INFO] httpx: HTTP Request: POST https://api.telegram.org/bot8343388239:AAFgeAkc9bvjywyCsHqRIa_RiJ6q-rp6uv0/getUpdates "HTTP/1.1 200 OK"
2026-06-09 14:50:30,149 [INFO] httpx: HTTP Request: POST https://api.telegram.org/bot8343388239:AAFgeAkc9bvjywyCsHqRIa_RiJ6q-rp6uv0/getUpdates "HTTP/1.1 200 OK"
2026-06-09 14:51:00,837 [INFO] httpx: HTTP Request: POST https://api.telegram.org/bot8343388239:AAFgeAkc9bvjywyCsHqRIa_RiJ6q-rp6uv0/getUpdates "HTTP/1.1 200 OK"
2026-06-09 14:51:31,524 [INFO] httpx: HTTP Request: POST https://api.telegram.org/bot8343388239:AAFgeAkc9bvjywyCsHqRIa_RiJ6q-rp6uv0/getUpdates "HTTP/1.1 200 OK"
2026-06-09 14:52:02,212 [INFO] httpx: HTTP Request: POST https://api.telegram.org/bot8343388239:AAFgeAkc9bvjywyCsHqRIa_RiJ6q-rp6uv0/getUpdates "HTTP/1.1 200 OK"
2026-06-09 14:52:32,900 [INFO] httpx: HTTP Request: POST https://api.telegram.org/bot8343388239:AAFgeAkc9bvjywyCsHqRIa_RiJ6q-rp6uv0/getUpdates "HTTP/1.1 200 OK"
2026-06-09 14:53:03,588 [INFO] httpx: HTTP Request: POST https://api.telegram.org/bot8343388239:AAFgeAkc9bvjywyCsHqRIa_RiJ6q-rp6uv0/getUpdates "HTTP/1.1 200 OK"
2026-06-09 14:53:34,276 [INFO] httpx: HTTP Request: POST https://api.telegram.org/bot8343388239:AAFgeAkc9bvjywyCsHqRIa_RiJ6q-rp6uv0/getUpdates "HTTP/1.1 200 OK"
2026-06-09 14:54:04,965 [INFO] httpx: HTTP Request: POST https://api.telegram.org/bot8343388239:AAFgeAkc9bvjywyCsHqRIa_RiJ6q-rp6uv0/getUpdates "HTTP/1.1 200 OK"
2026-06-09 14:54:07,431 [ERROR] subscription_bot.signaler: DerivSignaler connect error: No module named 'deriv'
2026-06-09 14:54:17,685 [INFO] signals.stockity_http: Got 900 raw 1s candles for CRYPTO_IDX (Z-CRY/IDX)
2026-06-09 14:54:17,686 [INFO] signals.stockity_http: Aggregated into 16 1m candles
2026-06-09 14:54:17,686 [INFO] signals.stockity_http: Signal for CRYPTO_IDX: CALL 65% (score=65, EMA5↑EMA10; RSI0 OS; pinBot)
2026-06-09 14:54:35,654 [INFO] httpx: HTTP Request: POST https://api.telegram.org/bot8343388239:AAFgeAkc9bvjywyCsHqRIa_RiJ6q-rp6uv0/getUpdates "HTTP/1.1 200 OK"
2026-06-09 14:55:06,342 [INFO] httpx: HTTP Request: POST https://api.telegram.org/bot8343388239:AAFgeAkc9bvjywyCsHqRIa_RiJ6q-rp6uv0/getUpdates "HTTP/1.1 200 OK"
2026-06-09 14:55:37,034 [INFO] httpx: HTTP Request: POST https://api.telegram.org/bot8343388239:AAFgeAkc9bvjywyCsHqRIa_RiJ6q-rp6uv0/getUpdates "HTTP/1.1 200 OK"
2026-06-09 14:56:07,721 [INFO] httpx: HTTP Request: POST https://api.telegram.org/bot8343388239:AAFgeAkc9bvjywyCsHqRIa_RiJ6q-rp6uv0/getUpdates "HTTP/1.1 200 OK"
2026-06-09 14:56:38,410 [INFO] httpx: HTTP Request: POST https://api.telegram.org/bot8343388239:AAFgeAkc9bvjywyCsHqRIa_RiJ6q-rp6uv0/getUpdates "HTTP/1.1 200 OK"
2026-06-09 14:57:09,099 [INFO] httpx: HTTP Request: POST https://api.telegram.org/bot8343388239:AAFgeAkc9bvjywyCsHqRIa_RiJ6q-rp6uv0/getUpdates "HTTP/1.1 200 OK"
2026-06-09 14:57:39,789 [INFO] httpx: HTTP Request: POST https://api.telegram.org/bot8343388239:AAFgeAkc9bvjywyCsHqRIa_RiJ6q-rp6uv0/getUpdates "HTTP/1.1 200 OK"
2026-06-09 14:58:10,479 [INFO] httpx: HTTP Request: POST https://api.telegram.org/bot8343388239:AAFgeAkc9bvjywyCsHqRIa_RiJ6q-rp6uv0/getUpdates "HTTP/1.1 200 OK"
2026-06-09 14:58:41,167 [INFO] httpx: HTTP Request: POST https://api.telegram.org/bot8343388239:AAFgeAkc9bvjywyCsHqRIa_RiJ6q-rp6uv0/getUpdates "HTTP/1.1 200 OK"
2026-06-09 14:59:07,462 [ERROR] subscription_bot.signaler: DerivSignaler connect error: No module named 'deriv'
2026-06-09 14:59:11,859 [INFO] httpx: HTTP Request: POST https://api.telegram.org/bot8343388239:AAFgeAkc9bvjywyCsHqRIa_RiJ6q-rp6uv0/getUpdates "HTTP/1.1 200 OK"
2026-06-09 14:59:17,888 [INFO] signals.stockity_http: Got 900 raw 1s candles for CRYPTO_IDX (Z-CRY/IDX)
2026-06-09 14:59:17,888 [INFO] signals.stockity_http: Aggregated into 16 1m candles
2026-06-09 14:59:17,888 [INFO] signals.stockity_http: Signal for CRYPTO_IDX: CALL 65% (score=65, EMA5↑EMA10; RSI0 OS; pinBot)
2026-06-09 14:59:42,548 [INFO] httpx: HTTP Request: POST https://api.telegram.org/bot8343388239:AAFgeAkc9bvjywyCsHqRIa_RiJ6q-rp6uv0/getUpdates "HTTP/1.1 200 OK"
2026-06-09 15:00:13,236 [INFO] httpx: HTTP Request: POST https://api.telegram.org/bot8343388239:AAFgeAkc9bvjywyCsHqRIa_RiJ6q-rp6uv0/getUpdates "HTTP/1.1 200 OK"
2026-06-09 15:00:43,925 [INFO] httpx: HTTP Request: POST https://api.telegram.org/bot8343388239:AAFgeAkc9bvjywyCsHqRIa_RiJ6q-rp6uv0/getUpdates "HTTP/1.1 200 OK"
2026-06-09 15:01:14,615 [INFO] httpx: HTTP Request: POST https://api.telegram.org/bot8343388239:AAFgeAkc9bvjywyCsHqRIa_RiJ6q-rp6uv0/getUpdates "HTTP/1.1 200 OK"
2026-06-09 15:01:45,304 [INFO] httpx: HTTP Request: POST https://api.telegram.org/bot8343388239:AAFgeAkc9bvjywyCsHqRIa_RiJ6q-rp6uv0/getUpdates "HTTP/1.1 200 OK"
2026-06-09 15:02:15,994 [INFO] httpx: HTTP Request: POST https://api.telegram.org/bot8343388239:AAFgeAkc9bvjywyCsHqRIa_RiJ6q-rp6uv0/getUpdates "HTTP/1.1 200 OK"
2026-06-09 15:02:46,684 [INFO] httpx: HTTP Request: POST https://api.telegram.org/bot8343388239:AAFgeAkc9bvjywyCsHqRIa_RiJ6q-rp6uv0/getUpdates "HTTP/1.1 200 OK"
2026-06-09 15:03:17,372 [INFO] httpx: HTTP Request: POST https://api.telegram.org/bot8343388239:AAFgeAkc9bvjywyCsHqRIa_RiJ6q-rp6uv0/getUpdates "HTTP/1.1 200 OK"
2026-06-09 15:03:48,060 [INFO] httpx: HTTP Request: POST https://api.telegram.org/bot8343388239:AAFgeAkc9bvjywyCsHqRIa_RiJ6q-rp6uv0/getUpdates "HTTP/1.1 200 OK"
2026-06-09 15:04:07,482 [ERROR] subscription_bot.signaler: DerivSignaler connect error: No module named 'deriv'
2026-06-09 15:04:18,276 [INFO] signals.stockity_http: Got 900 raw 1s candles for CRYPTO_IDX (Z-CRY/IDX)
2026-06-09 15:04:18,277 [INFO] signals.stockity_http: Aggregated into 16 1m candles
2026-06-09 15:04:18,277 [INFO] signals.stockity_http: Signal for CRYPTO_IDX: CALL 66% (score=66, EMA5↑EMA10; RSI0 OS; midHi)
2026-06-09 15:04:18,749 [INFO] httpx: HTTP Request: POST https://api.telegram.org/bot8343388239:AAFgeAkc9bvjywyCsHqRIa_RiJ6q-rp6uv0/getUpdates "HTTP/1.1 200 OK"
2026-06-09 15:04:49,437 [INFO] httpx: HTTP Request: POST https://api.telegram.org/bot8343388239:AAFgeAkc9bvjywyCsHqRIa_RiJ6q-rp6uv0/getUpdates "HTTP/1.1 200 OK"
2026-06-09 15:05:20,129 [INFO] httpx: HTTP Request: POST https://api.telegram.org/bot8343388239:AAFgeAkc9bvjywyCsHqRIa_RiJ6q-rp6uv0/getUpdates "HTTP/1.1 200 OK"
2026-06-09 15:05:50,820 [INFO] httpx: HTTP Request: POST https://api.telegram.org/bot8343388239:AAFgeAkc9bvjywyCsHqRIa_RiJ6q-rp6uv0/getUpdates "HTTP/1.1 200 OK"
2026-06-09 15:06:21,511 [INFO] httpx: HTTP Request: POST https://api.telegram.org/bot8343388239:AAFgeAkc9bvjywyCsHqRIa_RiJ6q-rp6uv0/getUpdates "HTTP/1.1 200 OK"
2026-06-09 15:06:52,202 [INFO] httpx: HTTP Request: POST https://api.telegram.org/bot8343388239:AAFgeAkc9bvjywyCsHqRIa_RiJ6q-rp6uv0/getUpdates "HTTP/1.1 200 OK"
2026-06-09 15:07:22,891 [INFO] httpx: HTTP Request: POST https://api.telegram.org/bot8343388239:AAFgeAkc9bvjywyCsHqRIa_RiJ6q-rp6uv0/getUpdates "HTTP/1.1 200 OK"
2026-06-09 15:07:53,579 [INFO] httpx: HTTP Request: POST https://api.telegram.org/bot8343388239:AAFgeAkc9bvjywyCsHqRIa_RiJ6q-rp6uv0/getUpdates "HTTP/1.1 200 OK"
2026-06-09 15:08:24,268 [INFO] httpx: HTTP Request: POST https://api.telegram.org/bot8343388239:AAFgeAkc9bvjywyCsHqRIa_RiJ6q-rp6uv0/getUpdates "HTTP/1.1 200 OK"
2026-06-09 15:08:54,957 [INFO] httpx: HTTP Request: POST https://api.telegram.org/bot8343388239:AAFgeAkc9bvjywyCsHqRIa_RiJ6q-rp6uv0/getUpdates "HTTP/1.1 200 OK"
2026-06-09 15:09:07,494 [ERROR] subscription_bot.signaler: DerivSignaler connect error: No module named 'deriv'
2026-06-09 15:09:18,485 [INFO] signals.stockity_http: Got 900 raw 1s candles for CRYPTO_IDX (Z-CRY/IDX)
2026-06-09 15:09:18,486 [INFO] signals.stockity_http: Aggregated into 16 1m candles
2026-06-09 15:09:18,486 [INFO] signals.stockity_http: Signal for CRYPTO_IDX: CALL 66% (score=66, EMA5↑EMA10; RSI0 OS; midHi)
2026-06-09 15:09:25,649 [INFO] httpx: HTTP Request: POST https://api.telegram.org/bot8343388239:AAFgeAkc9bvjywyCsHqRIa_RiJ6q-rp6uv0/getUpdates "HTTP/1.1 200 OK"
2026-06-09 15:09:56,337 [INFO] httpx: HTTP Request: POST https://api.telegram.org/bot8343388239:AAFgeAkc9bvjywyCsHqRIa_RiJ6q-rp6uv0/getUpdates "HTTP/1.1 200 OK"
2026-06-09 15:10:27,027 [INFO] httpx: HTTP Request: POST https://api.telegram.org/bot8343388239:AAFgeAkc9bvjywyCsHqRIa_RiJ6q-rp6uv0/getUpdates "HTTP/1.1 200 OK"
2026-06-09 15:10:57,716 [INFO] httpx: HTTP Request: POST https://api.telegram.org/bot8343388239:AAFgeAkc9bvjywyCsHqRIa_RiJ6q-rp6uv0/getUpdates "HTTP/1.1 200 OK"
2026-06-09 15:11:28,405 [INFO] httpx: HTTP Request: POST https://api.telegram.org/bot8343388239:AAFgeAkc9bvjywyCsHqRIa_RiJ6q-rp6uv0/getUpdates "HTTP/1.1 200 OK"
2026-06-09 15:11:59,094 [INFO] httpx: HTTP Request: POST https://api.telegram.org/bot8343388239:AAFgeAkc9bvjywyCsHqRIa_RiJ6q-rp6uv0/getUpdates "HTTP/1.1 200 OK"
2026-06-09 15:12:29,786 [INFO] httpx: HTTP Request: POST https://api.telegram.org/bot8343388239:AAFgeAkc9bvjywyCsHqRIa_RiJ6q-rp6uv0/getUpdates "HTTP/1.1 200 OK"
2026-06-09 15:13:00,476 [INFO] httpx: HTTP Request: POST https://api.telegram.org/bot8343388239:AAFgeAkc9bvjywyCsHqRIa_RiJ6q-rp6uv0/getUpdates "HTTP/1.1 200 OK"
2026-06-09 15:13:31,169 [INFO] httpx: HTTP Request: POST https://api.telegram.org/bot8343388239:AAFgeAkc9bvjywyCsHqRIa_RiJ6q-rp6uv0/getUpdates "HTTP/1.1 200 OK"
2026-06-09 15:14:01,857 [INFO] httpx: HTTP Request: POST https://api.telegram.org/bot8343388239:AAFgeAkc9bvjywyCsHqRIa_RiJ6q-rp6uv0/getUpdates "HTTP/1.1 200 OK"
2026-06-09 15:14:07,498 [ERROR] subscription_bot.signaler: DerivSignaler connect error: No module named 'deriv'
2026-06-09 15:14:18,689 [INFO] signals.stockity_http: Got 900 raw 1s candles for CRYPTO_IDX (Z-CRY/IDX)
2026-06-09 15:14:18,690 [INFO] signals.stockity_http: Aggregated into 16 1m candles
2026-06-09 15:14:18,690 [INFO] signals.stockity_http: Signal for CRYPTO_IDX: CALL 66% (score=66, EMA5↑EMA10; RSI0 OS; midHi)
2026-06-09 15:14:32,548 [INFO] httpx: HTTP Request: POST https://api.telegram.org/bot8343388239:AAFgeAkc9bvjywyCsHqRIa_RiJ6q-rp6uv0/getUpdates "HTTP/1.1 200 OK"
2026-06-09 15:15:03,235 [INFO] httpx: HTTP Request: POST https://api.telegram.org/bot8343388239:AAFgeAkc9bvjywyCsHqRIa_RiJ6q-rp6uv0/getUpdates "HTTP/1.1 200 OK"
2026-06-09 15:15:33,923 [INFO] httpx: HTTP Request: POST https://api.telegram.org/bot8343388239:AAFgeAkc9bvjywyCsHqRIa_RiJ6q-rp6uv0/getUpdates "HTTP/1.1 200 OK"
2026-06-09 15:16:04,611 [INFO] httpx: HTTP Request: POST https://api.telegram.org/bot8343388239:AAFgeAkc9bvjywyCsHqRIa_RiJ6q-rp6uv0/getUpdates "HTTP/1.1 200 OK"
2026-06-09 15:16:35,300 [INFO] httpx: HTTP Request: POST https://api.telegram.org/bot8343388239:AAFgeAkc9bvjywyCsHqRIa_RiJ6q-rp6uv0/getUpdates "HTTP/1.1 200 OK"
2026-06-09 15:17:05,988 [INFO] httpx: HTTP Request: POST https://api.telegram.org/bot8343388239:AAFgeAkc9bvjywyCsHqRIa_RiJ6q-rp6uv0/getUpdates "HTTP/1.1 200 OK"
2026-06-09 15:17:36,676 [INFO] httpx: HTTP Request: POST https://api.telegram.org/bot8343388239:AAFgeAkc9bvjywyCsHqRIa_RiJ6q-rp6uv0/getUpdates "HTTP/1.1 200 OK"
2026-06-09 15:18:07,363 [INFO] httpx: HTTP Request: POST https://api.telegram.org/bot8343388239:AAFgeAkc9bvjywyCsHqRIa_RiJ6q-rp6uv0/getUpdates "HTTP/1.1 200 OK"
2026-06-09 15:18:38,053 [INFO] httpx: HTTP Request: POST https://api.telegram.org/bot8343388239:AAFgeAkc9bvjywyCsHqRIa_RiJ6q-rp6uv0/getUpdates "HTTP/1.1 200 OK"
2026-06-09 15:19:07,526 [ERROR] subscription_bot.signaler: DerivSignaler connect error: No module named 'deriv'
2026-06-09 15:19:08,743 [INFO] httpx: HTTP Request: POST https://api.telegram.org/bot8343388239:AAFgeAkc9bvjywyCsHqRIa_RiJ6q-rp6uv0/getUpdates "HTTP/1.1 200 OK"
2026-06-09 15:19:19,075 [INFO] signals.stockity_http: Got 900 raw 1s candles for CRYPTO_IDX (Z-CRY/IDX)
2026-06-09 15:19:19,075 [INFO] signals.stockity_http: Aggregated into 16 1m candles
2026-06-09 15:19:19,075 [INFO] signals.stockity_http: Signal for CRYPTO_IDX: WAIT 52% (score=52, EMA5↓EMA10; RSI0 OS)
2026-06-09 15:19:39,434 [INFO] httpx: HTTP Request: POST https://api.telegram.org/bot8343388239:AAFgeAkc9bvjywyCsHqRIa_RiJ6q-rp6uv0/getUpdates "HTTP/1.1 200 OK"
2026-06-09 15:20:10,124 [INFO] httpx: HTTP Request: POST https://api.telegram.org/bot8343388239:AAFgeAkc9bvjywyCsHqRIa_RiJ6q-rp6uv0/getUpdates "HTTP/1.1 200 OK"
2026-06-09 15:20:40,813 [INFO] httpx: HTTP Request: POST https://api.telegram.org/bot8343388239:AAFgeAkc9bvjywyCsHqRIa_RiJ6q-rp6uv0/getUpdates "HTTP/1.1 200 OK"
2026-06-09 15:21:11,502 [INFO] httpx: HTTP Request: POST https://api.telegram.org/bot8343388239:AAFgeAkc9bvjywyCsHqRIa_RiJ6q-rp6uv0/getUpdates "HTTP/1.1 200 OK"
2026-06-09 15:21:42,190 [INFO] httpx: HTTP Request: POST https://api.telegram.org/bot8343388239:AAFgeAkc9bvjywyCsHqRIa_RiJ6q-rp6uv0/getUpdates "HTTP/1.1 200 OK"
2026-06-09 15:22:12,877 [INFO] httpx: HTTP Request: POST https://api.telegram.org/bot8343388239:AAFgeAkc9bvjywyCsHqRIa_RiJ6q-rp6uv0/getUpdates "HTTP/1.1 200 OK"
2026-06-09 15:22:43,566 [INFO] httpx: HTTP Request: POST https://api.telegram.org/bot8343388239:AAFgeAkc9bvjywyCsHqRIa_RiJ6q-rp6uv0/getUpdates "HTTP/1.1 200 OK"
2026-06-09 15:23:14,256 [INFO] httpx: HTTP Request: POST https://api.telegram.org/bot8343388239:AAFgeAkc9bvjywyCsHqRIa_RiJ6q-rp6uv0/getUpdates "HTTP/1.1 200 OK"
2026-06-09 15:23:44,945 [INFO] httpx: HTTP Request: POST https://api.telegram.org/bot8343388239:AAFgeAkc9bvjywyCsHqRIa_RiJ6q-rp6uv0/getUpdates "HTTP/1.1 200 OK"
2026-06-09 15:24:07,546 [ERROR] subscription_bot.signaler: DerivSignaler connect error: No module named 'deriv'
2026-06-09 15:24:15,636 [INFO] httpx: HTTP Request: POST https://api.telegram.org/bot8343388239:AAFgeAkc9bvjywyCsHqRIa_RiJ6q-rp6uv0/getUpdates "HTTP/1.1 200 OK"
2026-06-09 15:24:19,279 [INFO] signals.stockity_http: Got 900 raw 1s candles for CRYPTO_IDX (Z-CRY/IDX)
2026-06-09 15:24:19,279 [INFO] signals.stockity_http: Aggregated into 16 1m candles
2026-06-09 15:24:19,279 [INFO] signals.stockity_http: Signal for CRYPTO_IDX: WAIT 52% (score=52, EMA5↓EMA10; RSI0 OS)
2026-06-09 15:24:46,325 [INFO] httpx: HTTP Request: POST https://api.telegram.org/bot8343388239:AAFgeAkc9bvjywyCsHqRIa_RiJ6q-rp6uv0/getUpdates "HTTP/1.1 200 OK"
2026-06-09 15:25:17,013 [INFO] httpx: HTTP Request: POST https://api.telegram.org/bot8343388239:AAFgeAkc9bvjywyCsHqRIa_RiJ6q-rp6uv0/getUpdates "HTTP/1.1 200 OK"
2026-06-09 15:25:47,702 [INFO] httpx: HTTP Request: POST https://api.telegram.org/bot8343388239:AAFgeAkc9bvjywyCsHqRIa_RiJ6q-rp6uv0/getUpdates "HTTP/1.1 200 OK"
2026-06-09 15:26:18,391 [INFO] httpx: HTTP Request: POST https://api.telegram.org/bot8343388239:AAFgeAkc9bvjywyCsHqRIa_RiJ6q-rp6uv0/getUpdates "HTTP/1.1 200 OK"
2026-06-09 15:26:49,081 [INFO] httpx: HTTP Request: POST https://api.telegram.org/bot8343388239:AAFgeAkc9bvjywyCsHqRIa_RiJ6q-rp6uv0/getUpdates "HTTP/1.1 200 OK"
2026-06-09 15:27:20,157 [INFO] httpx: HTTP Request: POST https://api.telegram.org/bot8343388239:AAFgeAkc9bvjywyCsHqRIa_RiJ6q-rp6uv0/getUpdates "HTTP/1.1 200 OK"
2026-06-09 15:27:50,846 [INFO] httpx: HTTP Request: POST https://api.telegram.org/bot8343388239:AAFgeAkc9bvjywyCsHqRIa_RiJ6q-rp6uv0/getUpdates "HTTP/1.1 200 OK"
2026-06-09 15:28:21,537 [INFO] httpx: HTTP Request: POST https://api.telegram.org/bot8343388239:AAFgeAkc9bvjywyCsHqRIa_RiJ6q-rp6uv0/getUpdates "HTTP/1.1 200 OK"
2026-06-09 15:28:52,228 [INFO] httpx: HTTP Request: POST https://api.telegram.org/bot8343388239:AAFgeAkc9bvjywyCsHqRIa_RiJ6q-rp6uv0/getUpdates "HTTP/1.1 200 OK"
2026-06-09 15:29:07,562 [ERROR] subscription_bot.signaler: DerivSignaler connect error: No module named 'deriv'
2026-06-09 15:29:19,525 [INFO] signals.stockity_http: Got 900 raw 1s candles for CRYPTO_IDX (Z-CRY/IDX)
2026-06-09 15:29:19,525 [INFO] signals.stockity_http: Aggregated into 16 1m candles
2026-06-09 15:29:19,526 [INFO] signals.stockity_http: Signal for CRYPTO_IDX: WAIT 52% (score=52, EMA5↓EMA10; RSI0 OS)
2026-06-09 15:29:22,917 [INFO] httpx: HTTP Request: POST https://api.telegram.org/bot8343388239:AAFgeAkc9bvjywyCsHqRIa_RiJ6q-rp6uv0/getUpdates "HTTP/1.1 200 OK"
2026-06-09 15:29:53,613 [INFO] httpx: HTTP Request: POST https://api.telegram.org/bot8343388239:AAFgeAkc9bvjywyCsHqRIa_RiJ6q-rp6uv0/getUpdates "HTTP/1.1 200 OK"
2026-06-09 15:30:24,310 [INFO] httpx: HTTP Request: POST https://api.telegram.org/bot8343388239:AAFgeAkc9bvjywyCsHqRIa_RiJ6q-rp6uv0/getUpdates "HTTP/1.1 200 OK"
2026-06-09 15:30:55,024 [INFO] httpx: HTTP Request: POST https://api.telegram.org/bot8343388239:AAFgeAkc9bvjywyCsHqRIa_RiJ6q-rp6uv0/getUpdates "HTTP/1.1 200 OK"
2026-06-09 15:31:25,714 [INFO] httpx: HTTP Request: POST https://api.telegram.org/bot8343388239:AAFgeAkc9bvjywyCsHqRIa_RiJ6q-rp6uv0/getUpdates "HTTP/1.1 200 OK"
2026-06-09 15:31:56,411 [INFO] httpx: HTTP Request: POST https://api.telegram.org/bot8343388239:AAFgeAkc9bvjywyCsHqRIa_RiJ6q-rp6uv0/getUpdates "HTTP/1.1 200 OK"
2026-06-09 15:32:27,101 [INFO] httpx: HTTP Request: POST https://api.telegram.org/bot8343388239:AAFgeAkc9bvjywyCsHqRIa_RiJ6q-rp6uv0/getUpdates "HTTP/1.1 200 OK"
2026-06-09 15:32:57,796 [INFO] httpx: HTTP Request: POST https://api.telegram.org/bot8343388239:AAFgeAkc9bvjywyCsHqRIa_RiJ6q-rp6uv0/getUpdates "HTTP/1.1 200 OK"
2026-06-09 15:33:28,489 [INFO] httpx: HTTP Request: POST https://api.telegram.org/bot8343388239:AAFgeAkc9bvjywyCsHqRIa_RiJ6q-rp6uv0/getUpdates "HTTP/1.1 200 OK"
2026-06-09 15:33:59,189 [INFO] httpx: HTTP Request: POST https://api.telegram.org/bot8343388239:AAFgeAkc9bvjywyCsHqRIa_RiJ6q-rp6uv0/getUpdates "HTTP/1.1 200 OK"
2026-06-09 15:34:07,570 [ERROR] subscription_bot.signaler: DerivSignaler connect error: No module named 'deriv'
2026-06-09 15:34:19,964 [INFO] signals.stockity_http: Got 900 raw 1s candles for CRYPTO_IDX (Z-CRY/IDX)
2026-06-09 15:34:19,965 [INFO] signals.stockity_http: Aggregated into 16 1m candles
2026-06-09 15:34:19,965 [INFO] signals.stockity_http: Signal for CRYPTO_IDX: CALL 60% (score=60, EMA5↑EMA10; RSI0 OS; pinTop)
2026-06-09 15:34:19,965 [INFO] subscription_bot.signaler: NEW signal: CRYPTO_IDX CALL 60%
2026-06-09 15:34:21,268 [INFO] httpx: HTTP Request: POST https://api.telegram.org/bot8343388239:AAFgeAkc9bvjywyCsHqRIa_RiJ6q-rp6uv0/sendMessage "HTTP/1.1 200 OK"
2026-06-09 15:34:21,299 [INFO] subscription_bot.bot: Signal dispatched to 1/1 subscribers
2026-06-09 15:34:29,884 [INFO] httpx: HTTP Request: POST https://api.telegram.org/bot8343388239:AAFgeAkc9bvjywyCsHqRIa_RiJ6q-rp6uv0/getUpdates "HTTP/1.1 200 OK"
2026-06-09 15:35:00,581 [INFO] httpx: HTTP Request: POST https://api.telegram.org/bot8343388239:AAFgeAkc9bvjywyCsHqRIa_RiJ6q-rp6uv0/getUpdates "HTTP/1.1 200 OK"
2026-06-09 15:35:31,276 [INFO] httpx: HTTP Request: POST https://api.telegram.org/bot8343388239:AAFgeAkc9bvjywyCsHqRIa_RiJ6q-rp6uv0/getUpdates "HTTP/1.1 200 OK"
2026-06-09 15:36:01,967 [INFO] httpx: HTTP Request: POST https://api.telegram.org/bot8343388239:AAFgeAkc9bvjywyCsHqRIa_RiJ6q-rp6uv0/getUpdates "HTTP/1.1 200 OK"
2026-06-09 15:36:32,666 [INFO] httpx: HTTP Request: POST https://api.telegram.org/bot8343388239:AAFgeAkc9bvjywyCsHqRIa_RiJ6q-rp6uv0/getUpdates "HTTP/1.1 200 OK"
2026-06-09 15:37:03,357 [INFO] httpx: HTTP Request: POST https://api.telegram.org/bot8343388239:AAFgeAkc9bvjywyCsHqRIa_RiJ6q-rp6uv0/getUpdates "HTTP/1.1 200 OK"
2026-06-09 15:37:34,054 [INFO] httpx: HTTP Request: POST https://api.telegram.org/bot8343388239:AAFgeAkc9bvjywyCsHqRIa_RiJ6q-rp6uv0/getUpdates "HTTP/1.1 200 OK"
2026-06-09 15:38:04,749 [INFO] httpx: HTTP Request: POST https://api.telegram.org/bot8343388239:AAFgeAkc9bvjywyCsHqRIa_RiJ6q-rp6uv0/getUpdates "HTTP/1.1 200 OK"
2026-06-09 15:38:35,448 [INFO] httpx: HTTP Request: POST https://api.telegram.org/bot8343388239:AAFgeAkc9bvjywyCsHqRIa_RiJ6q-rp6uv0/getUpdates "HTTP/1.1 200 OK"
2026-06-09 15:39:06,142 [INFO] httpx: HTTP Request: POST https://api.telegram.org/bot8343388239:AAFgeAkc9bvjywyCsHqRIa_RiJ6q-rp6uv0/getUpdates "HTTP/1.1 200 OK"
2026-06-09 15:39:07,571 [ERROR] subscription_bot.signaler: DerivSignaler connect error: No module named 'deriv'
2026-06-09 15:39:21,532 [INFO] signals.stockity_http: Got 900 raw 1s candles for CRYPTO_IDX (Z-CRY/IDX)
2026-06-09 15:39:21,533 [INFO] signals.stockity_http: Aggregated into 16 1m candles
2026-06-09 15:39:21,533 [INFO] signals.stockity_http: Signal for CRYPTO_IDX: CALL 60% (score=60, EMA5↑EMA10; RSI0 OS; pinTop)
2026-06-09 15:39:36,840 [INFO] httpx: HTTP Request: POST https://api.telegram.org/bot8343388239:AAFgeAkc9bvjywyCsHqRIa_RiJ6q-rp6uv0/getUpdates "HTTP/1.1 200 OK"
2026-06-09 15:40:07,533 [INFO] httpx: HTTP Request: POST https://api.telegram.org/bot8343388239:AAFgeAkc9bvjywyCsHqRIa_RiJ6q-rp6uv0/getUpdates "HTTP/1.1 200 OK"
2026-06-09 15:40:38,226 [INFO] httpx: HTTP Request: POST https://api.telegram.org/bot8343388239:AAFgeAkc9bvjywyCsHqRIa_RiJ6q-rp6uv0/getUpdates "HTTP/1.1 200 OK"
2026-06-09 15:41:08,921 [INFO] httpx: HTTP Request: POST https://api.telegram.org/bot8343388239:AAFgeAkc9bvjywyCsHqRIa_RiJ6q-rp6uv0/getUpdates "HTTP/1.1 200 OK"
2026-06-09 15:41:39,613 [INFO] httpx: HTTP Request: POST https://api.telegram.org/bot8343388239:AAFgeAkc9bvjywyCsHqRIa_RiJ6q-rp6uv0/getUpdates "HTTP/1.1 200 OK"
2026-06-09 15:42:10,306 [INFO] httpx: HTTP Request: POST https://api.telegram.org/bot8343388239:AAFgeAkc9bvjywyCsHqRIa_RiJ6q-rp6uv0/getUpdates "HTTP/1.1 200 OK"
2026-06-09 15:42:40,996 [INFO] httpx: HTTP Request: POST https://api.telegram.org/bot8343388239:AAFgeAkc9bvjywyCsHqRIa_RiJ6q-rp6uv0/getUpdates "HTTP/1.1 200 OK"
2026-06-09 15:43:11,688 [INFO] httpx: HTTP Request: POST https://api.telegram.org/bot8343388239:AAFgeAkc9bvjywyCsHqRIa_RiJ6q-rp6uv0/getUpdates "HTTP/1.1 200 OK"
2026-06-09 15:43:42,388 [INFO] httpx: HTTP Request: POST https://api.telegram.org/bot8343388239:AAFgeAkc9bvjywyCsHqRIa_RiJ6q-rp6uv0/getUpdates "HTTP/1.1 200 OK"
2026-06-09 15:44:07,599 [ERROR] subscription_bot.signaler: DerivSignaler connect error: No module named 'deriv'
2026-06-09 15:44:13,081 [INFO] httpx: HTTP Request: POST https://api.telegram.org/bot8343388239:AAFgeAkc9bvjywyCsHqRIa_RiJ6q-rp6uv0/getUpdates "HTTP/1.1 200 OK"
2026-06-09 15:44:21,739 [INFO] signals.stockity_http: Got 900 raw 1s candles for CRYPTO_IDX (Z-CRY/IDX)
2026-06-09 15:44:21,740 [INFO] signals.stockity_http: Aggregated into 16 1m candles
2026-06-09 15:44:21,740 [INFO] signals.stockity_http: Signal for CRYPTO_IDX: CALL 60% (score=60, EMA5↑EMA10; RSI0 OS; pinTop)
2026-06-09 15:44:43,776 [INFO] httpx: HTTP Request: POST https://api.telegram.org/bot8343388239:AAFgeAkc9bvjywyCsHqRIa_RiJ6q-rp6uv0/getUpdates "HTTP/1.1 200 OK"
2026-06-09 15:45:14,468 [INFO] httpx: HTTP Request: POST https://api.telegram.org/bot8343388239:AAFgeAkc9bvjywyCsHqRIa_RiJ6q-rp6uv0/getUpdates "HTTP/1.1 200 OK"
2026-06-09 15:45:45,160 [INFO] httpx: HTTP Request: POST https://api.telegram.org/bot8343388239:AAFgeAkc9bvjywyCsHqRIa_RiJ6q-rp6uv0/getUpdates "HTTP/1.1 200 OK"
2026-06-09 15:46:15,851 [INFO] httpx: HTTP Request: POST https://api.telegram.org/bot8343388239:AAFgeAkc9bvjywyCsHqRIa_RiJ6q-rp6uv0/getUpdates "HTTP/1.1 200 OK"
2026-06-09 15:46:46,543 [INFO] httpx: HTTP Request: POST https://api.telegram.org/bot8343388239:AAFgeAkc9bvjywyCsHqRIa_RiJ6q-rp6uv0/getUpdates "HTTP/1.1 200 OK"
2026-06-09 15:47:17,241 [INFO] httpx: HTTP Request: POST https://api.telegram.org/bot8343388239:AAFgeAkc9bvjywyCsHqRIa_RiJ6q-rp6uv0/getUpdates "HTTP/1.1 200 OK"
2026-06-09 15:47:47,935 [INFO] httpx: HTTP Request: POST https://api.telegram.org/bot8343388239:AAFgeAkc9bvjywyCsHqRIa_RiJ6q-rp6uv0/getUpdates "HTTP/1.1 200 OK"
2026-06-09 15:48:18,627 [INFO] httpx: HTTP Request: POST https://api.telegram.org/bot8343388239:AAFgeAkc9bvjywyCsHqRIa_RiJ6q-rp6uv0/getUpdates "HTTP/1.1 200 OK"
2026-06-09 15:48:49,321 [INFO] httpx: HTTP Request: POST https://api.telegram.org/bot8343388239:AAFgeAkc9bvjywyCsHqRIa_RiJ6q-rp6uv0/getUpdates "HTTP/1.1 200 OK"
2026-06-09 15:49:07,614 [ERROR] subscription_bot.signaler: DerivSignaler connect error: No module named 'deriv'
2026-06-09 15:49:20,014 [INFO] httpx: HTTP Request: POST https://api.telegram.org/bot8343388239:AAFgeAkc9bvjywyCsHqRIa_RiJ6q-rp6uv0/getUpdates "HTTP/1.1 200 OK"
2026-06-09 15:49:22,592 [INFO] signals.stockity_http: Got 900 raw 1s candles for CRYPTO_IDX (Z-CRY/IDX)
2026-06-09 15:49:22,593 [INFO] signals.stockity_http: Aggregated into 16 1m candles
2026-06-09 15:49:22,593 [INFO] signals.stockity_http: Signal for CRYPTO_IDX: CALL 66% (score=66, EMA5↑EMA10; RSI0 OS; midHi)
2026-06-09 15:49:50,715 [INFO] httpx: HTTP Request: POST https://api.telegram.org/bot8343388239:AAFgeAkc9bvjywyCsHqRIa_RiJ6q-rp6uv0/getUpdates "HTTP/1.1 200 OK"
2026-06-09 15:50:21,411 [INFO] httpx: HTTP Request: POST https://api.telegram.org/bot8343388239:AAFgeAkc9bvjywyCsHqRIa_RiJ6q-rp6uv0/getUpdates "HTTP/1.1 200 OK"
2026-06-09 15:50:52,106 [INFO] httpx: HTTP Request: POST https://api.telegram.org/bot8343388239:AAFgeAkc9bvjywyCsHqRIa_RiJ6q-rp6uv0/getUpdates "HTTP/1.1 200 OK"
2026-06-09 15:51:22,796 [INFO] httpx: HTTP Request: POST https://api.telegram.org/bot8343388239:AAFgeAkc9bvjywyCsHqRIa_RiJ6q-rp6uv0/getUpdates "HTTP/1.1 200 OK"
2026-06-09 15:51:53,487 [INFO] httpx: HTTP Request: POST https://api.telegram.org/bot8343388239:AAFgeAkc9bvjywyCsHqRIa_RiJ6q-rp6uv0/getUpdates "HTTP/1.1 200 OK"
2026-06-09 15:52:24,177 [INFO] httpx: HTTP Request: POST https://api.telegram.org/bot8343388239:AAFgeAkc9bvjywyCsHqRIa_RiJ6q-rp6uv0/getUpdates "HTTP/1.1 200 OK"
2026-06-09 15:52:54,870 [INFO] httpx: HTTP Request: POST https://api.telegram.org/bot8343388239:AAFgeAkc9bvjywyCsHqRIa_RiJ6q-rp6uv0/getUpdates "HTTP/1.1 200 OK"
2026-06-09 15:53:25,560 [INFO] httpx: HTTP Request: POST https://api.telegram.org/bot8343388239:AAFgeAkc9bvjywyCsHqRIa_RiJ6q-rp6uv0/getUpdates "HTTP/1.1 200 OK"
2026-06-09 15:53:56,255 [INFO] httpx: HTTP Request: POST https://api.telegram.org/bot8343388239:AAFgeAkc9bvjywyCsHqRIa_RiJ6q-rp6uv0/getUpdates "HTTP/1.1 200 OK"
2026-06-09 15:54:07,626 [ERROR] subscription_bot.signaler: DerivSignaler connect error: No module named 'deriv'
2026-06-09 15:54:22,841 [INFO] signals.stockity_http: Got 900 raw 1s candles for CRYPTO_IDX (Z-CRY/IDX)
2026-06-09 15:54:22,842 [INFO] signals.stockity_http: Aggregated into 16 1m candles
2026-06-09 15:54:22,842 [INFO] signals.stockity_http: Signal for CRYPTO_IDX: CALL 66% (score=66, EMA5↑EMA10; RSI0 OS; midHi)
2026-06-09 15:54:26,946 [INFO] httpx: HTTP Request: POST https://api.telegram.org/bot8343388239:AAFgeAkc9bvjywyCsHqRIa_RiJ6q-rp6uv0/getUpdates "HTTP/1.1 200 OK"
2026-06-09 15:54:57,639 [INFO] httpx: HTTP Request: POST https://api.telegram.org/bot8343388239:AAFgeAkc9bvjywyCsHqRIa_RiJ6q-rp6uv0/getUpdates "HTTP/1.1 200 OK"
2026-06-09 15:55:28,341 [INFO] httpx: HTTP Request: POST https://api.telegram.org/bot8343388239:AAFgeAkc9bvjywyCsHqRIa_RiJ6q-rp6uv0/getUpdates "HTTP/1.1 200 OK"
2026-06-09 15:55:59,037 [INFO] httpx: HTTP Request: POST https://api.telegram.org/bot8343388239:AAFgeAkc9bvjywyCsHqRIa_RiJ6q-rp6uv0/getUpdates "HTTP/1.1 200 OK"
2026-06-09 15:56:29,728 [INFO] httpx: HTTP Request: POST https://api.telegram.org/bot8343388239:AAFgeAkc9bvjywyCsHqRIa_RiJ6q-rp6uv0/getUpdates "HTTP/1.1 200 OK"
2026-06-09 15:57:00,418 [INFO] httpx: HTTP Request: POST https://api.telegram.org/bot8343388239:AAFgeAkc9bvjywyCsHqRIa_RiJ6q-rp6uv0/getUpdates "HTTP/1.1 200 OK"
2026-06-09 15:57:31,112 [INFO] httpx: HTTP Request: POST https://api.telegram.org/bot8343388239:AAFgeAkc9bvjywyCsHqRIa_RiJ6q-rp6uv0/getUpdates "HTTP/1.1 200 OK"
2026-06-09 15:58:01,809 [INFO] httpx: HTTP Request: POST https://api.telegram.org/bot8343388239:AAFgeAkc9bvjywyCsHqRIa_RiJ6q-rp6uv0/getUpdates "HTTP/1.1 200 OK"
2026-06-09 15:58:32,501 [INFO] httpx: HTTP Request: POST https://api.telegram.org/bot8343388239:AAFgeAkc9bvjywyCsHqRIa_RiJ6q-rp6uv0/getUpdates "HTTP/1.1 200 OK"
2026-06-09 15:59:03,192 [INFO] httpx: HTTP Request: POST https://api.telegram.org/bot8343388239:AAFgeAkc9bvjywyCsHqRIa_RiJ6q-rp6uv0/getUpdates "HTTP/1.1 200 OK"
2026-06-09 15:59:07,630 [ERROR] subscription_bot.signaler: DerivSignaler connect error: No module named 'deriv'
2026-06-09 15:59:23,056 [INFO] signals.stockity_http: Got 900 raw 1s candles for CRYPTO_IDX (Z-CRY/IDX)
2026-06-09 15:59:23,057 [INFO] signals.stockity_http: Aggregated into 16 1m candles
2026-06-09 15:59:23,057 [INFO] signals.stockity_http: Signal for CRYPTO_IDX: CALL 66% (score=66, EMA5↑EMA10; RSI0 OS; midHi)
2026-06-09 15:59:33,886 [INFO] httpx: HTTP Request: POST https://api.telegram.org/bot8343388239:AAFgeAkc9bvjywyCsHqRIa_RiJ6q-rp6uv0/getUpdates "HTTP/1.1 200 OK"
2026-06-09 16:00:04,579 [INFO] httpx: HTTP Request: POST https://api.telegram.org/bot8343388239:AAFgeAkc9bvjywyCsHqRIa_RiJ6q-rp6uv0/getUpdates "HTTP/1.1 200 OK"
2026-06-09 16:00:35,272 [INFO] httpx: HTTP Request: POST https://api.telegram.org/bot8343388239:AAFgeAkc9bvjywyCsHqRIa_RiJ6q-rp6uv0/getUpdates "HTTP/1.1 200 OK"
2026-06-09 16:01:05,963 [INFO] httpx: HTTP Request: POST https://api.telegram.org/bot8343388239:AAFgeAkc9bvjywyCsHqRIa_RiJ6q-rp6uv0/getUpdates "HTTP/1.1 200 OK"
2026-06-09 16:01:36,655 [INFO] httpx: HTTP Request: POST https://api.telegram.org/bot8343388239:AAFgeAkc9bvjywyCsHqRIa_RiJ6q-rp6uv0/getUpdates "HTTP/1.1 200 OK"
2026-06-09 16:02:07,348 [INFO] httpx: HTTP Request: POST https://api.telegram.org/bot8343388239:AAFgeAkc9bvjywyCsHqRIa_RiJ6q-rp6uv0/getUpdates "HTTP/1.1 200 OK"
2026-06-09 16:02:38,041 [INFO] httpx: HTTP Request: POST https://api.telegram.org/bot8343388239:AAFgeAkc9bvjywyCsHqRIa_RiJ6q-rp6uv0/getUpdates "HTTP/1.1 200 OK"
2026-06-09 16:03:08,732 [INFO] httpx: HTTP Request: POST https://api.telegram.org/bot8343388239:AAFgeAkc9bvjywyCsHqRIa_RiJ6q-rp6uv0/getUpdates "HTTP/1.1 200 OK"
2026-06-09 16:03:39,424 [INFO] httpx: HTTP Request: POST https://api.telegram.org/bot8343388239:AAFgeAkc9bvjywyCsHqRIa_RiJ6q-rp6uv0/getUpdates "HTTP/1.1 200 OK"
2026-06-09 16:04:07,658 [ERROR] subscription_bot.signaler: DerivSignaler connect error: No module named 'deriv'
2026-06-09 16:04:10,116 [INFO] httpx: HTTP Request: POST https://api.telegram.org/bot8343388239:AAFgeAkc9bvjywyCsHqRIa_RiJ6q-rp6uv0/getUpdates "HTTP/1.1 200 OK"
2026-06-09 16:04:23,443 [INFO] signals.stockity_http: Got 900 raw 1s candles for CRYPTO_IDX (Z-CRY/IDX)
2026-06-09 16:04:23,443 [INFO] signals.stockity_http: Aggregated into 16 1m candles
2026-06-09 16:04:23,444 [INFO] signals.stockity_http: Signal for CRYPTO_IDX: WAIT 57% (score=57, EMA5↓EMA10; RSI0 OS; rangeBot)
2026-06-09 16:04:40,808 [INFO] httpx: HTTP Request: POST https://api.telegram.org/bot8343388239:AAFgeAkc9bvjywyCsHqRIa_RiJ6q-rp6uv0/getUpdates "HTTP/1.1 200 OK"
2026-06-09 16:05:11,504 [INFO] httpx: HTTP Request: POST https://api.telegram.org/bot8343388239:AAFgeAkc9bvjywyCsHqRIa_RiJ6q-rp6uv0/getUpdates "HTTP/1.1 200 OK"
2026-06-09 16:05:42,204 [INFO] httpx: HTTP Request: POST https://api.telegram.org/bot8343388239:AAFgeAkc9bvjywyCsHqRIa_RiJ6q-rp6uv0/getUpdates "HTTP/1.1 200 OK"
2026-06-09 16:06:12,895 [INFO] httpx: HTTP Request: POST https://api.telegram.org/bot8343388239:AAFgeAkc9bvjywyCsHqRIa_RiJ6q-rp6uv0/getUpdates "HTTP/1.1 200 OK"
2026-06-09 16:06:43,592 [INFO] httpx: HTTP Request: POST https://api.telegram.org/bot8343388239:AAFgeAkc9bvjywyCsHqRIa_RiJ6q-rp6uv0/getUpdates "HTTP/1.1 200 OK"
2026-06-09 16:07:14,291 [INFO] httpx: HTTP Request: POST https://api.telegram.org/bot8343388239:AAFgeAkc9bvjywyCsHqRIa_RiJ6q-rp6uv0/getUpdates "HTTP/1.1 200 OK"
2026-06-09 16:07:44,983 [INFO] httpx: HTTP Request: POST https://api.telegram.org/bot8343388239:AAFgeAkc9bvjywyCsHqRIa_RiJ6q-rp6uv0/getUpdates "HTTP/1.1 200 OK"
2026-06-09 16:08:15,674 [INFO] httpx: HTTP Request: POST https://api.telegram.org/bot8343388239:AAFgeAkc9bvjywyCsHqRIa_RiJ6q-rp6uv0/getUpdates "HTTP/1.1 200 OK"
2026-06-09 16:08:46,365 [INFO] httpx: HTTP Request: POST https://api.telegram.org/bot8343388239:AAFgeAkc9bvjywyCsHqRIa_RiJ6q-rp6uv0/getUpdates "HTTP/1.1 200 OK"
2026-06-09 16:09:07,678 [ERROR] subscription_bot.signaler: DerivSignaler connect error: No module named 'deriv'
2026-06-09 16:09:17,057 [INFO] httpx: HTTP Request: POST https://api.telegram.org/bot8343388239:AAFgeAkc9bvjywyCsHqRIa_RiJ6q-rp6uv0/getUpdates "HTTP/1.1 200 OK"
2026-06-09 16:09:23,652 [INFO] signals.stockity_http: Got 900 raw 1s candles for CRYPTO_IDX (Z-CRY/IDX)
2026-06-09 16:09:23,652 [INFO] signals.stockity_http: Aggregated into 16 1m candles
2026-06-09 16:09:23,653 [INFO] signals.stockity_http: Signal for CRYPTO_IDX: WAIT 57% (score=57, EMA5↓EMA10; RSI0 OS; rangeBot)
2026-06-09 16:09:47,754 [INFO] httpx: HTTP Request: POST https://api.telegram.org/bot8343388239:AAFgeAkc9bvjywyCsHqRIa_RiJ6q-rp6uv0/getUpdates "HTTP/1.1 200 OK"
2026-06-09 16:10:18,448 [INFO] httpx: HTTP Request: POST https://api.telegram.org/bot8343388239:AAFgeAkc9bvjywyCsHqRIa_RiJ6q-rp6uv0/getUpdates "HTTP/1.1 200 OK"
2026-06-09 16:10:49,147 [INFO] httpx: HTTP Request: POST https://api.telegram.org/bot8343388239:AAFgeAkc9bvjywyCsHqRIa_RiJ6q-rp6uv0/getUpdates "HTTP/1.1 200 OK"
2026-06-09 16:11:19,837 [INFO] httpx: HTTP Request: POST https://api.telegram.org/bot8343388239:AAFgeAkc9bvjywyCsHqRIa_RiJ6q-rp6uv0/getUpdates "HTTP/1.1 200 OK"
2026-06-09 16:11:50,532 [INFO] httpx: HTTP Request: POST https://api.telegram.org/bot8343388239:AAFgeAkc9bvjywyCsHqRIa_RiJ6q-rp6uv0/getUpdates "HTTP/1.1 200 OK"
2026-06-09 16:12:21,226 [INFO] httpx: HTTP Request: POST https://api.telegram.org/bot8343388239:AAFgeAkc9bvjywyCsHqRIa_RiJ6q-rp6uv0/getUpdates "HTTP/1.1 200 OK"
2026-06-09 16:12:51,920 [INFO] httpx: HTTP Request: POST https://api.telegram.org/bot8343388239:AAFgeAkc9bvjywyCsHqRIa_RiJ6q-rp6uv0/getUpdates "HTTP/1.1 200 OK"
2026-06-09 16:13:22,611 [INFO] httpx: HTTP Request: POST https://api.telegram.org/bot8343388239:AAFgeAkc9bvjywyCsHqRIa_RiJ6q-rp6uv0/getUpdates "HTTP/1.1 200 OK"
2026-06-09 16:13:53,303 [INFO] httpx: HTTP Request: POST https://api.telegram.org/bot8343388239:AAFgeAkc9bvjywyCsHqRIa_RiJ6q-rp6uv0/getUpdates "HTTP/1.1 200 OK"
2026-06-09 16:14:07,692 [ERROR] subscription_bot.signaler: DerivSignaler connect error: No module named 'deriv'
2026-06-09 16:14:23,879 [INFO] signals.stockity_http: Got 900 raw 1s candles for CRYPTO_IDX (Z-CRY/IDX)
2026-06-09 16:14:23,879 [INFO] signals.stockity_http: Aggregated into 16 1m candles
2026-06-09 16:14:23,880 [INFO] signals.stockity_http: Signal for CRYPTO_IDX: WAIT 57% (score=57, EMA5↓EMA10; RSI0 OS; rangeBot)
2026-06-09 16:14:23,992 [INFO] httpx: HTTP Request: POST https://api.telegram.org/bot8343388239:AAFgeAkc9bvjywyCsHqRIa_RiJ6q-rp6uv0/getUpdates "HTTP/1.1 200 OK"
2026-06-09 16:14:54,685 [INFO] httpx: HTTP Request: POST https://api.telegram.org/bot8343388239:AAFgeAkc9bvjywyCsHqRIa_RiJ6q-rp6uv0/getUpdates "HTTP/1.1 200 OK"
2026-06-09 16:15:25,378 [INFO] httpx: HTTP Request: POST https://api.telegram.org/bot8343388239:AAFgeAkc9bvjywyCsHqRIa_RiJ6q-rp6uv0/getUpdates "HTTP/1.1 200 OK"
2026-06-09 16:15:56,116 [INFO] httpx: HTTP Request: POST https://api.telegram.org/bot8343388239:AAFgeAkc9bvjywyCsHqRIa_RiJ6q-rp6uv0/getUpdates "HTTP/1.1 200 OK"
2026-06-09 16:16:26,810 [INFO] httpx: HTTP Request: POST https://api.telegram.org/bot8343388239:AAFgeAkc9bvjywyCsHqRIa_RiJ6q-rp6uv0/getUpdates "HTTP/1.1 200 OK"
2026-06-09 16:16:57,500 [INFO] httpx: HTTP Request: POST https://api.telegram.org/bot8343388239:AAFgeAkc9bvjywyCsHqRIa_RiJ6q-rp6uv0/getUpdates "HTTP/1.1 200 OK"
2026-06-09 16:17:28,193 [INFO] httpx: HTTP Request: POST https://api.telegram.org/bot8343388239:AAFgeAkc9bvjywyCsHqRIa_RiJ6q-rp6uv0/getUpdates "HTTP/1.1 200 OK"
2026-06-09 16:17:58,884 [INFO] httpx: HTTP Request: POST https://api.telegram.org/bot8343388239:AAFgeAkc9bvjywyCsHqRIa_RiJ6q-rp6uv0/getUpdates "HTTP/1.1 200 OK"
2026-06-09 16:18:29,578 [INFO] httpx: HTTP Request: POST https://api.telegram.org/bot8343388239:AAFgeAkc9bvjywyCsHqRIa_RiJ6q-rp6uv0/getUpdates "HTTP/1.1 200 OK"
2026-06-09 16:19:00,281 [INFO] httpx: HTTP Request: POST https://api.telegram.org/bot8343388239:AAFgeAkc9bvjywyCsHqRIa_RiJ6q-rp6uv0/getUpdates "HTTP/1.1 200 OK"
2026-06-09 16:19:07,698 [ERROR] subscription_bot.signaler: DerivSignaler connect error: No module named 'deriv'
2026-06-09 16:19:24,327 [INFO] signals.stockity_http: Got 900 raw 1s candles for CRYPTO_IDX (Z-CRY/IDX)
2026-06-09 16:19:24,327 [INFO] signals.stockity_http: Aggregated into 16 1m candles
2026-06-09 16:19:24,327 [INFO] signals.stockity_http: Signal for CRYPTO_IDX: WAIT 56% (score=44, EMA5↓EMA10; RSI0 OS; pinTop)
2026-06-09 16:19:30,974 [INFO] httpx: HTTP Request: POST https://api.telegram.org/bot8343388239:AAFgeAkc9bvjywyCsHqRIa_RiJ6q-rp6uv0/getUpdates "HTTP/1.1 200 OK"
2026-06-09 16:20:01,671 [INFO] httpx: HTTP Request: POST https://api.telegram.org/bot8343388239:AAFgeAkc9bvjywyCsHqRIa_RiJ6q-rp6uv0/getUpdates "HTTP/1.1 200 OK"
2026-06-09 16:20:32,386 [INFO] httpx: HTTP Request: POST https://api.telegram.org/bot8343388239:AAFgeAkc9bvjywyCsHqRIa_RiJ6q-rp6uv0/getUpdates "HTTP/1.1 200 OK"
2026-06-09 16:21:03,078 [INFO] httpx: HTTP Request: POST https://api.telegram.org/bot8343388239:AAFgeAkc9bvjywyCsHqRIa_RiJ6q-rp6uv0/getUpdates "HTTP/1.1 200 OK"
2026-06-09 16:21:33,769 [INFO] httpx: HTTP Request: POST https://api.telegram.org/bot8343388239:AAFgeAkc9bvjywyCsHqRIa_RiJ6q-rp6uv0/getUpdates "HTTP/1.1 200 OK"
2026-06-09 16:22:04,460 [INFO] httpx: HTTP Request: POST https://api.telegram.org/bot8343388239:AAFgeAkc9bvjywyCsHqRIa_RiJ6q-rp6uv0/getUpdates "HTTP/1.1 200 OK"
2026-06-09 16:22:35,154 [INFO] httpx: HTTP Request: POST https://api.telegram.org/bot8343388239:AAFgeAkc9bvjywyCsHqRIa_RiJ6q-rp6uv0/getUpdates "HTTP/1.1 200 OK"
2026-06-09 16:23:05,850 [INFO] httpx: HTTP Request: POST https://api.telegram.org/bot8343388239:AAFgeAkc9bvjywyCsHqRIa_RiJ6q-rp6uv0/getUpdates "HTTP/1.1 200 OK"
2026-06-09 16:23:36,542 [INFO] httpx: HTTP Request: POST https://api.telegram.org/bot8343388239:AAFgeAkc9bvjywyCsHqRIa_RiJ6q-rp6uv0/getUpdates "HTTP/1.1 200 OK"
2026-06-09 16:24:07,240 [INFO] httpx: HTTP Request: POST https://api.telegram.org/bot8343388239:AAFgeAkc9bvjywyCsHqRIa_RiJ6q-rp6uv0/getUpdates "HTTP/1.1 200 OK"
2026-06-09 16:24:07,699 [ERROR] subscription_bot.signaler: DerivSignaler connect error: No module named 'deriv'
2026-06-09 16:24:24,547 [INFO] signals.stockity_http: Got 900 raw 1s candles for CRYPTO_IDX (Z-CRY/IDX)
2026-06-09 16:24:24,548 [INFO] signals.stockity_http: Aggregated into 16 1m candles
2026-06-09 16:24:24,549 [INFO] signals.stockity_http: Signal for CRYPTO_IDX: WAIT 56% (score=44, EMA5↓EMA10; RSI0 OS; pinTop)
2026-06-09 16:24:37,933 [INFO] httpx: HTTP Request: POST https://api.telegram.org/bot8343388239:AAFgeAkc9bvjywyCsHqRIa_RiJ6q-rp6uv0/getUpdates "HTTP/1.1 200 OK"
2026-06-09 16:25:08,628 [INFO] httpx: HTTP Request: POST https://api.telegram.org/bot8343388239:AAFgeAkc9bvjywyCsHqRIa_RiJ6q-rp6uv0/getUpdates "HTTP/1.1 200 OK"
2026-06-09 16:25:39,322 [INFO] httpx: HTTP Request: POST https://api.telegram.org/bot8343388239:AAFgeAkc9bvjywyCsHqRIa_RiJ6q-rp6uv0/getUpdates "HTTP/1.1 200 OK"
2026-06-09 16:26:10,018 [INFO] httpx: HTTP Request: POST https://api.telegram.org/bot8343388239:AAFgeAkc9bvjywyCsHqRIa_RiJ6q-rp6uv0/getUpdates "HTTP/1.1 200 OK"
2026-06-09 16:26:40,709 [INFO] httpx: HTTP Request: POST https://api.telegram.org/bot8343388239:AAFgeAkc9bvjywyCsHqRIa_RiJ6q-rp6uv0/getUpdates "HTTP/1.1 200 OK"
2026-06-09 16:27:11,404 [INFO] httpx: HTTP Request: POST https://api.telegram.org/bot8343388239:AAFgeAkc9bvjywyCsHqRIa_RiJ6q-rp6uv0/getUpdates "HTTP/1.1 200 OK"
2026-06-09 16:27:42,096 [INFO] httpx: HTTP Request: POST https://api.telegram.org/bot8343388239:AAFgeAkc9bvjywyCsHqRIa_RiJ6q-rp6uv0/getUpdates "HTTP/1.1 200 OK"
2026-06-09 16:28:13,163 [INFO] httpx: HTTP Request: POST https://api.telegram.org/bot8343388239:AAFgeAkc9bvjywyCsHqRIa_RiJ6q-rp6uv0/getUpdates "HTTP/1.1 200 OK"
2026-06-09 16:28:43,852 [INFO] httpx: HTTP Request: POST https://api.telegram.org/bot8343388239:AAFgeAkc9bvjywyCsHqRIa_RiJ6q-rp6uv0/getUpdates "HTTP/1.1 200 OK"
2026-06-09 16:29:07,722 [ERROR] subscription_bot.signaler: DerivSignaler connect error: No module named 'deriv'
2026-06-09 16:29:14,541 [INFO] httpx: HTTP Request: POST https://api.telegram.org/bot8343388239:AAFgeAkc9bvjywyCsHqRIa_RiJ6q-rp6uv0/getUpdates "HTTP/1.1 200 OK"
2026-06-09 16:29:24,754 [INFO] signals.stockity_http: Got 900 raw 1s candles for CRYPTO_IDX (Z-CRY/IDX)
2026-06-09 16:29:24,755 [INFO] signals.stockity_http: Aggregated into 16 1m candles
2026-06-09 16:29:24,755 [INFO] signals.stockity_http: Signal for CRYPTO_IDX: WAIT 56% (score=44, EMA5↓EMA10; RSI0 OS; pinTop)
2026-06-09 16:29:45,230 [INFO] httpx: HTTP Request: POST https://api.telegram.org/bot8343388239:AAFgeAkc9bvjywyCsHqRIa_RiJ6q-rp6uv0/getUpdates "HTTP/1.1 200 OK"
2026-06-09 16:30:15,920 [INFO] httpx: HTTP Request: POST https://api.telegram.org/bot8343388239:AAFgeAkc9bvjywyCsHqRIa_RiJ6q-rp6uv0/getUpdates "HTTP/1.1 200 OK"
2026-06-09 16:30:46,616 [INFO] httpx: HTTP Request: POST https://api.telegram.org/bot8343388239:AAFgeAkc9bvjywyCsHqRIa_RiJ6q-rp6uv0/getUpdates "HTTP/1.1 200 OK"
2026-06-09 16:31:17,307 [INFO] httpx: HTTP Request: POST https://api.telegram.org/bot8343388239:AAFgeAkc9bvjywyCsHqRIa_RiJ6q-rp6uv0/getUpdates "HTTP/1.1 200 OK"
2026-06-09 16:31:47,997 [INFO] httpx: HTTP Request: POST https://api.telegram.org/bot8343388239:AAFgeAkc9bvjywyCsHqRIa_RiJ6q-rp6uv0/getUpdates "HTTP/1.1 200 OK"
2026-06-09 16:32:18,686 [INFO] httpx: HTTP Request: POST https://api.telegram.org/bot8343388239:AAFgeAkc9bvjywyCsHqRIa_RiJ6q-rp6uv0/getUpdates "HTTP/1.1 200 OK"
2026-06-09 16:32:49,376 [INFO] httpx: HTTP Request: POST https://api.telegram.org/bot8343388239:AAFgeAkc9bvjywyCsHqRIa_RiJ6q-rp6uv0/getUpdates "HTTP/1.1 200 OK"
2026-06-09 16:33:20,068 [INFO] httpx: HTTP Request: POST https://api.telegram.org/bot8343388239:AAFgeAkc9bvjywyCsHqRIa_RiJ6q-rp6uv0/getUpdates "HTTP/1.1 200 OK"
2026-06-09 16:33:50,768 [INFO] httpx: HTTP Request: POST https://api.telegram.org/bot8343388239:AAFgeAkc9bvjywyCsHqRIa_RiJ6q-rp6uv0/getUpdates "HTTP/1.1 200 OK"
2026-06-09 16:34:07,738 [ERROR] subscription_bot.signaler: DerivSignaler connect error: No module named 'deriv'
2026-06-09 16:34:21,457 [INFO] httpx: HTTP Request: POST https://api.telegram.org/bot8343388239:AAFgeAkc9bvjywyCsHqRIa_RiJ6q-rp6uv0/getUpdates "HTTP/1.1 200 OK"
2026-06-09 16:34:25,181 [INFO] signals.stockity_http: Got 900 raw 1s candles for CRYPTO_IDX (Z-CRY/IDX)
2026-06-09 16:34:25,182 [INFO] signals.stockity_http: Aggregated into 16 1m candles
2026-06-09 16:34:25,183 [INFO] signals.stockity_http: Signal for CRYPTO_IDX: CALL 66% (score=66, EMA5↑EMA10; RSI0 OS; midHi)
2026-06-09 16:34:25,183 [INFO] subscription_bot.signaler: NEW signal: CRYPTO_IDX CALL 66%
2026-06-09 16:34:25,955 [INFO] httpx: HTTP Request: POST https://api.telegram.org/bot8343388239:AAFgeAkc9bvjywyCsHqRIa_RiJ6q-rp6uv0/sendMessage "HTTP/1.1 200 OK"
2026-06-09 16:34:25,988 [INFO] subscription_bot.bot: Signal dispatched to 1/1 subscribers
2026-06-09 16:34:52,151 [INFO] httpx: HTTP Request: POST https://api.telegram.org/bot8343388239:AAFgeAkc9bvjywyCsHqRIa_RiJ6q-rp6uv0/getUpdates "HTTP/1.1 200 OK"
2026-06-09 16:35:22,840 [INFO] httpx: HTTP Request: POST https://api.telegram.org/bot8343388239:AAFgeAkc9bvjywyCsHqRIa_RiJ6q-rp6uv0/getUpdates "HTTP/1.1 200 OK"
2026-06-09 16:35:53,529 [INFO] httpx: HTTP Request: POST https://api.telegram.org/bot8343388239:AAFgeAkc9bvjywyCsHqRIa_RiJ6q-rp6uv0/getUpdates "HTTP/1.1 200 OK"
2026-06-09 16:36:24,219 [INFO] httpx: HTTP Request: POST https://api.telegram.org/bot8343388239:AAFgeAkc9bvjywyCsHqRIa_RiJ6q-rp6uv0/getUpdates "HTTP/1.1 200 OK"
2026-06-09 16:36:54,908 [INFO] httpx: HTTP Request: POST https://api.telegram.org/bot8343388239:AAFgeAkc9bvjywyCsHqRIa_RiJ6q-rp6uv0/getUpdates "HTTP/1.1 200 OK"
2026-06-09 16:37:25,597 [INFO] httpx: HTTP Request: POST https://api.telegram.org/bot8343388239:AAFgeAkc9bvjywyCsHqRIa_RiJ6q-rp6uv0/getUpdates "HTTP/1.1 200 OK"
2026-06-09 16:37:56,286 [INFO] httpx: HTTP Request: POST https://api.telegram.org/bot8343388239:AAFgeAkc9bvjywyCsHqRIa_RiJ6q-rp6uv0/getUpdates "HTTP/1.1 200 OK"
2026-06-09 16:38:26,975 [INFO] httpx: HTTP Request: POST https://api.telegram.org/bot8343388239:AAFgeAkc9bvjywyCsHqRIa_RiJ6q-rp6uv0/getUpdates "HTTP/1.1 200 OK"
2026-06-09 16:38:57,664 [INFO] httpx: HTTP Request: POST https://api.telegram.org/bot8343388239:AAFgeAkc9bvjywyCsHqRIa_RiJ6q-rp6uv0/getUpdates "HTTP/1.1 200 OK"
2026-06-09 16:39:07,746 [ERROR] subscription_bot.signaler: DerivSignaler connect error: No module named 'deriv'
2026-06-09 16:39:26,200 [INFO] signals.stockity_http: Got 900 raw 1s candles for CRYPTO_IDX (Z-CRY/IDX)
2026-06-09 16:39:26,200 [INFO] signals.stockity_http: Aggregated into 16 1m candles
2026-06-09 16:39:26,200 [INFO] signals.stockity_http: Signal for CRYPTO_IDX: CALL 66% (score=66, EMA5↑EMA10; RSI0 OS; midHi)
2026-06-09 16:39:28,354 [INFO] httpx: HTTP Request: POST https://api.telegram.org/bot8343388239:AAFgeAkc9bvjywyCsHqRIa_RiJ6q-rp6uv0/getUpdates "HTTP/1.1 200 OK"
2026-06-09 16:39:59,043 [INFO] httpx: HTTP Request: POST https://api.telegram.org/bot8343388239:AAFgeAkc9bvjywyCsHqRIa_RiJ6q-rp6uv0/getUpdates "HTTP/1.1 200 OK"
2026-06-09 16:40:29,734 [INFO] httpx: HTTP Request: POST https://api.telegram.org/bot8343388239:AAFgeAkc9bvjywyCsHqRIa_RiJ6q-rp6uv0/getUpdates "HTTP/1.1 200 OK"
2026-06-09 16:41:00,423 [INFO] httpx: HTTP Request: POST https://api.telegram.org/bot8343388239:AAFgeAkc9bvjywyCsHqRIa_RiJ6q-rp6uv0/getUpdates "HTTP/1.1 200 OK"
2026-06-09 16:41:31,112 [INFO] httpx: HTTP Request: POST https://api.telegram.org/bot8343388239:AAFgeAkc9bvjywyCsHqRIa_RiJ6q-rp6uv0/getUpdates "HTTP/1.1 200 OK"
2026-06-09 16:42:01,801 [INFO] httpx: HTTP Request: POST https://api.telegram.org/bot8343388239:AAFgeAkc9bvjywyCsHqRIa_RiJ6q-rp6uv0/getUpdates "HTTP/1.1 200 OK"
2026-06-09 16:42:32,491 [INFO] httpx: HTTP Request: POST https://api.telegram.org/bot8343388239:AAFgeAkc9bvjywyCsHqRIa_RiJ6q-rp6uv0/getUpdates "HTTP/1.1 200 OK"
2026-06-09 16:43:03,180 [INFO] httpx: HTTP Request: POST https://api.telegram.org/bot8343388239:AAFgeAkc9bvjywyCsHqRIa_RiJ6q-rp6uv0/getUpdates "HTTP/1.1 200 OK"
2026-06-09 16:43:33,869 [INFO] httpx: HTTP Request: POST https://api.telegram.org/bot8343388239:AAFgeAkc9bvjywyCsHqRIa_RiJ6q-rp6uv0/getUpdates "HTTP/1.1 200 OK"
2026-06-09 16:44:04,560 [INFO] httpx: HTTP Request: POST https://api.telegram.org/bot8343388239:AAFgeAkc9bvjywyCsHqRIa_RiJ6q-rp6uv0/getUpdates "HTTP/1.1 200 OK"
2026-06-09 16:44:07,750 [ERROR] subscription_bot.signaler: DerivSignaler connect error: No module named 'deriv'
2026-06-09 16:44:26,402 [INFO] signals.stockity_http: Got 900 raw 1s candles for CRYPTO_IDX (Z-CRY/IDX)
2026-06-09 16:44:26,402 [INFO] signals.stockity_http: Aggregated into 16 1m candles
2026-06-09 16:44:26,403 [INFO] signals.stockity_http: Signal for CRYPTO_IDX: CALL 66% (score=66, EMA5↑EMA10; RSI0 OS; midHi)
2026-06-09 16:44:35,250 [INFO] httpx: HTTP Request: POST https://api.telegram.org/bot8343388239:AAFgeAkc9bvjywyCsHqRIa_RiJ6q-rp6uv0/getUpdates "HTTP/1.1 200 OK"
2026-06-09 16:45:05,939 [INFO] httpx: HTTP Request: POST https://api.telegram.org/bot8343388239:AAFgeAkc9bvjywyCsHqRIa_RiJ6q-rp6uv0/getUpdates "HTTP/1.1 200 OK"
2026-06-09 16:45:36,630 [INFO] httpx: HTTP Request: POST https://api.telegram.org/bot8343388239:AAFgeAkc9bvjywyCsHqRIa_RiJ6q-rp6uv0/getUpdates "HTTP/1.1 200 OK"
2026-06-09 16:46:07,318 [INFO] httpx: HTTP Request: POST https://api.telegram.org/bot8343388239:AAFgeAkc9bvjywyCsHqRIa_RiJ6q-rp6uv0/getUpdates "HTTP/1.1 200 OK"
2026-06-09 16:46:38,007 [INFO] httpx: HTTP Request: POST https://api.telegram.org/bot8343388239:AAFgeAkc9bvjywyCsHqRIa_RiJ6q-rp6uv0/getUpdates "HTTP/1.1 200 OK"
2026-06-09 16:47:08,704 [INFO] httpx: HTTP Request: POST https://api.telegram.org/bot8343388239:AAFgeAkc9bvjywyCsHqRIa_RiJ6q-rp6uv0/getUpdates "HTTP/1.1 200 OK"
2026-06-09 16:47:39,397 [INFO] httpx: HTTP Request: POST https://api.telegram.org/bot8343388239:AAFgeAkc9bvjywyCsHqRIa_RiJ6q-rp6uv0/getUpdates "HTTP/1.1 200 OK"
2026-06-09 16:48:10,086 [INFO] httpx: HTTP Request: POST https://api.telegram.org/bot8343388239:AAFgeAkc9bvjywyCsHqRIa_RiJ6q-rp6uv0/getUpdates "HTTP/1.1 200 OK"
2026-06-09 16:48:40,774 [INFO] httpx: HTTP Request: POST https://api.telegram.org/bot8343388239:AAFgeAkc9bvjywyCsHqRIa_RiJ6q-rp6uv0/getUpdates "HTTP/1.1 200 OK"
2026-06-09 16:49:07,775 [ERROR] subscription_bot.signaler: DerivSignaler connect error: No module named 'deriv'
2026-06-09 16:49:11,463 [INFO] httpx: HTTP Request: POST https://api.telegram.org/bot8343388239:AAFgeAkc9bvjywyCsHqRIa_RiJ6q-rp6uv0/getUpdates "HTTP/1.1 200 OK"
2026-06-09 16:49:27,192 [INFO] signals.stockity_http: Got 900 raw 1s candles for CRYPTO_IDX (Z-CRY/IDX)
2026-06-09 16:49:27,192 [INFO] signals.stockity_http: Aggregated into 16 1m candles
2026-06-09 16:49:27,193 [INFO] signals.stockity_http: Signal for CRYPTO_IDX: WAIT 52% (score=52, EMA5↓EMA10; RSI0 OS)
2026-06-09 16:49:42,151 [INFO] httpx: HTTP Request: POST https://api.telegram.org/bot8343388239:AAFgeAkc9bvjywyCsHqRIa_RiJ6q-rp6uv0/getUpdates "HTTP/1.1 200 OK"
2026-06-09 16:50:12,840 [INFO] httpx: HTTP Request: POST https://api.telegram.org/bot8343388239:AAFgeAkc9bvjywyCsHqRIa_RiJ6q-rp6uv0/getUpdates "HTTP/1.1 200 OK"
2026-06-09 16:50:43,528 [INFO] httpx: HTTP Request: POST https://api.telegram.org/bot8343388239:AAFgeAkc9bvjywyCsHqRIa_RiJ6q-rp6uv0/getUpdates "HTTP/1.1 200 OK"
2026-06-09 16:51:14,216 [INFO] httpx: HTTP Request: POST https://api.telegram.org/bot8343388239:AAFgeAkc9bvjywyCsHqRIa_RiJ6q-rp6uv0/getUpdates "HTTP/1.1 200 OK"
2026-06-09 16:51:44,905 [INFO] httpx: HTTP Request: POST https://api.telegram.org/bot8343388239:AAFgeAkc9bvjywyCsHqRIa_RiJ6q-rp6uv0/getUpdates "HTTP/1.1 200 OK"
2026-06-09 16:52:15,595 [INFO] httpx: HTTP Request: POST https://api.telegram.org/bot8343388239:AAFgeAkc9bvjywyCsHqRIa_RiJ6q-rp6uv0/getUpdates "HTTP/1.1 200 OK"
2026-06-09 16:52:46,285 [INFO] httpx: HTTP Request: POST https://api.telegram.org/bot8343388239:AAFgeAkc9bvjywyCsHqRIa_RiJ6q-rp6uv0/getUpdates "HTTP/1.1 200 OK"
2026-06-09 16:53:16,973 [INFO] httpx: HTTP Request: POST https://api.telegram.org/bot8343388239:AAFgeAkc9bvjywyCsHqRIa_RiJ6q-rp6uv0/getUpdates "HTTP/1.1 200 OK"
2026-06-09 16:53:47,663 [INFO] httpx: HTTP Request: POST https://api.telegram.org/bot8343388239:AAFgeAkc9bvjywyCsHqRIa_RiJ6q-rp6uv0/getUpdates "HTTP/1.1 200 OK"
2026-06-09 16:54:07,794 [ERROR] subscription_bot.signaler: DerivSignaler connect error: No module named 'deriv'
2026-06-09 16:54:18,351 [INFO] httpx: HTTP Request: POST https://api.telegram.org/bot8343388239:AAFgeAkc9bvjywyCsHqRIa_RiJ6q-rp6uv0/getUpdates "HTTP/1.1 200 OK"
2026-06-09 16:54:27,526 [INFO] signals.stockity_http: Got 900 raw 1s candles for CRYPTO_IDX (Z-CRY/IDX)
2026-06-09 16:54:27,527 [INFO] signals.stockity_http: Aggregated into 16 1m candles
2026-06-09 16:54:27,527 [INFO] signals.stockity_http: Signal for CRYPTO_IDX: WAIT 52% (score=52, EMA5↓EMA10; RSI0 OS)
2026-06-09 16:54:49,043 [INFO] httpx: HTTP Request: POST https://api.telegram.org/bot8343388239:AAFgeAkc9bvjywyCsHqRIa_RiJ6q-rp6uv0/getUpdates "HTTP/1.1 200 OK"
2026-06-09 16:55:19,732 [INFO] httpx: HTTP Request: POST https://api.telegram.org/bot8343388239:AAFgeAkc9bvjywyCsHqRIa_RiJ6q-rp6uv0/getUpdates "HTTP/1.1 200 OK"
2026-06-09 16:55:50,422 [INFO] httpx: HTTP Request: POST https://api.telegram.org/bot8343388239:AAFgeAkc9bvjywyCsHqRIa_RiJ6q-rp6uv0/getUpdates "HTTP/1.1 200 OK"
2026-06-09 16:56:21,111 [INFO] httpx: HTTP Request: POST https://api.telegram.org/bot8343388239:AAFgeAkc9bvjywyCsHqRIa_RiJ6q-rp6uv0/getUpdates "HTTP/1.1 200 OK"
2026-06-09 16:56:51,800 [INFO] httpx: HTTP Request: POST https://api.telegram.org/bot8343388239:AAFgeAkc9bvjywyCsHqRIa_RiJ6q-rp6uv0/getUpdates "HTTP/1.1 200 OK"
2026-06-09 16:57:22,489 [INFO] httpx: HTTP Request: POST https://api.telegram.org/bot8343388239:AAFgeAkc9bvjywyCsHqRIa_RiJ6q-rp6uv0/getUpdates "HTTP/1.1 200 OK"
2026-06-09 16:57:53,178 [INFO] httpx: HTTP Request: POST https://api.telegram.org/bot8343388239:AAFgeAkc9bvjywyCsHqRIa_RiJ6q-rp6uv0/getUpdates "HTTP/1.1 200 OK"
2026-06-09 16:58:23,866 [INFO] httpx: HTTP Request: POST https://api.telegram.org/bot8343388239:AAFgeAkc9bvjywyCsHqRIa_RiJ6q-rp6uv0/getUpdates "HTTP/1.1 200 OK"
2026-06-09 16:58:54,558 [INFO] httpx: HTTP Request: POST https://api.telegram.org/bot8343388239:AAFgeAkc9bvjywyCsHqRIa_RiJ6q-rp6uv0/getUpdates "HTTP/1.1 200 OK"
2026-06-09 16:59:07,806 [ERROR] subscription_bot.signaler: DerivSignaler connect error: No module named 'deriv'
2026-06-09 16:59:25,247 [INFO] httpx: HTTP Request: POST https://api.telegram.org/bot8343388239:AAFgeAkc9bvjywyCsHqRIa_RiJ6q-rp6uv0/getUpdates "HTTP/1.1 200 OK"
2026-06-09 16:59:27,722 [INFO] signals.stockity_http: Got 900 raw 1s candles for CRYPTO_IDX (Z-CRY/IDX)
2026-06-09 16:59:27,723 [INFO] signals.stockity_http: Aggregated into 16 1m candles
2026-06-09 16:59:27,723 [INFO] signals.stockity_http: Signal for CRYPTO_IDX: WAIT 52% (score=52, EMA5↓EMA10; RSI0 OS)
2026-06-09 16:59:55,936 [INFO] httpx: HTTP Request: POST https://api.telegram.org/bot8343388239:AAFgeAkc9bvjywyCsHqRIa_RiJ6q-rp6uv0/getUpdates "HTTP/1.1 200 OK"
2026-06-09 17:00:26,624 [INFO] httpx: HTTP Request: POST https://api.telegram.org/bot8343388239:AAFgeAkc9bvjywyCsHqRIa_RiJ6q-rp6uv0/getUpdates "HTTP/1.1 200 OK"
2026-06-09 17:00:57,315 [INFO] httpx: HTTP Request: POST https://api.telegram.org/bot8343388239:AAFgeAkc9bvjywyCsHqRIa_RiJ6q-rp6uv0/getUpdates "HTTP/1.1 200 OK"
2026-06-09 17:01:28,003 [INFO] httpx: HTTP Request: POST https://api.telegram.org/bot8343388239:AAFgeAkc9bvjywyCsHqRIa_RiJ6q-rp6uv0/getUpdates "HTTP/1.1 200 OK"
2026-06-09 17:01:58,693 [INFO] httpx: HTTP Request: POST https://api.telegram.org/bot8343388239:AAFgeAkc9bvjywyCsHqRIa_RiJ6q-rp6uv0/getUpdates "HTTP/1.1 200 OK"
2026-06-09 17:02:29,385 [INFO] httpx: HTTP Request: POST https://api.telegram.org/bot8343388239:AAFgeAkc9bvjywyCsHqRIa_RiJ6q-rp6uv0/getUpdates "HTTP/1.1 200 OK"
2026-06-09 17:03:00,075 [INFO] httpx: HTTP Request: POST https://api.telegram.org/bot8343388239:AAFgeAkc9bvjywyCsHqRIa_RiJ6q-rp6uv0/getUpdates "HTTP/1.1 200 OK"
2026-06-09 17:03:30,766 [INFO] httpx: HTTP Request: POST https://api.telegram.org/bot8343388239:AAFgeAkc9bvjywyCsHqRIa_RiJ6q-rp6uv0/getUpdates "HTTP/1.1 200 OK"
2026-06-09 17:04:01,457 [INFO] httpx: HTTP Request: POST https://api.telegram.org/bot8343388239:AAFgeAkc9bvjywyCsHqRIa_RiJ6q-rp6uv0/getUpdates "HTTP/1.1 200 OK"
2026-06-09 17:04:07,810 [ERROR] subscription_bot.signaler: DerivSignaler connect error: No module named 'deriv'
2026-06-09 17:04:28,109 [INFO] signals.stockity_http: Got 900 raw 1s candles for CRYPTO_IDX (Z-CRY/IDX)
2026-06-09 17:04:28,110 [INFO] signals.stockity_http: Aggregated into 16 1m candles
2026-06-09 17:04:28,110 [INFO] signals.stockity_http: Signal for CRYPTO_IDX: CALL 78% (score=78, EMA5↑EMA10; bullX; RSI0 OS)
2026-06-09 17:04:28,110 [INFO] subscription_bot.signaler: NEW signal: CRYPTO_IDX CALL 78%
2026-06-09 17:04:28,875 [INFO] httpx: HTTP Request: POST https://api.telegram.org/bot8343388239:AAFgeAkc9bvjywyCsHqRIa_RiJ6q-rp6uv0/sendMessage "HTTP/1.1 200 OK"
2026-06-09 17:04:28,906 [INFO] subscription_bot.bot: Signal dispatched to 1/1 subscribers
2026-06-09 17:04:32,149 [INFO] httpx: HTTP Request: POST https://api.telegram.org/bot8343388239:AAFgeAkc9bvjywyCsHqRIa_RiJ6q-rp6uv0/getUpdates "HTTP/1.1 200 OK"
2026-06-09 17:05:02,838 [INFO] httpx: HTTP Request: POST https://api.telegram.org/bot8343388239:AAFgeAkc9bvjywyCsHqRIa_RiJ6q-rp6uv0/getUpdates "HTTP/1.1 200 OK"
2026-06-09 17:05:33,528 [INFO] httpx: HTTP Request: POST https://api.telegram.org/bot8343388239:AAFgeAkc9bvjywyCsHqRIa_RiJ6q-rp6uv0/getUpdates "HTTP/1.1 200 OK"
2026-06-09 17:06:04,216 [INFO] httpx: HTTP Request: POST https://api.telegram.org/bot8343388239:AAFgeAkc9bvjywyCsHqRIa_RiJ6q-rp6uv0/getUpdates "HTTP/1.1 200 OK"
2026-06-09 17:06:34,905 [INFO] httpx: HTTP Request: POST https://api.telegram.org/bot8343388239:AAFgeAkc9bvjywyCsHqRIa_RiJ6q-rp6uv0/getUpdates "HTTP/1.1 200 OK"
2026-06-09 17:07:05,594 [INFO] httpx: HTTP Request: POST https://api.telegram.org/bot8343388239:AAFgeAkc9bvjywyCsHqRIa_RiJ6q-rp6uv0/getUpdates "HTTP/1.1 200 OK"
2026-06-09 17:07:36,283 [INFO] httpx: HTTP Request: POST https://api.telegram.org/bot8343388239:AAFgeAkc9bvjywyCsHqRIa_RiJ6q-rp6uv0/getUpdates "HTTP/1.1 200 OK"
2026-06-09 17:08:06,972 [INFO] httpx: HTTP Request: POST https://api.telegram.org/bot8343388239:AAFgeAkc9bvjywyCsHqRIa_RiJ6q-rp6uv0/getUpdates "HTTP/1.1 200 OK"
2026-06-09 17:08:37,661 [INFO] httpx: HTTP Request: POST https://api.telegram.org/bot8343388239:AAFgeAkc9bvjywyCsHqRIa_RiJ6q-rp6uv0/getUpdates "HTTP/1.1 200 OK"
2026-06-09 17:09:07,838 [ERROR] subscription_bot.signaler: DerivSignaler connect error: No module named 'deriv'
2026-06-09 17:09:08,355 [INFO] httpx: HTTP Request: POST https://api.telegram.org/bot8343388239:AAFgeAkc9bvjywyCsHqRIa_RiJ6q-rp6uv0/getUpdates "HTTP/1.1 200 OK"
2026-06-09 17:09:29,113 [INFO] signals.stockity_http: Got 900 raw 1s candles for CRYPTO_IDX (Z-CRY/IDX)
2026-06-09 17:09:29,113 [INFO] signals.stockity_http: Aggregated into 16 1m candles
2026-06-09 17:09:29,114 [INFO] signals.stockity_http: Signal for CRYPTO_IDX: CALL 78% (score=78, EMA5↑EMA10; bullX; RSI0 OS)
2026-06-09 17:09:39,046 [INFO] httpx: HTTP Request: POST https://api.telegram.org/bot8343388239:AAFgeAkc9bvjywyCsHqRIa_RiJ6q-rp6uv0/getUpdates "HTTP/1.1 200 OK"
2026-06-09 17:10:09,736 [INFO] httpx: HTTP Request: POST https://api.telegram.org/bot8343388239:AAFgeAkc9bvjywyCsHqRIa_RiJ6q-rp6uv0/getUpdates "HTTP/1.1 200 OK"
2026-06-09 17:10:40,427 [INFO] httpx: HTTP Request: POST https://api.telegram.org/bot8343388239:AAFgeAkc9bvjywyCsHqRIa_RiJ6q-rp6uv0/getUpdates "HTTP/1.1 200 OK"
2026-06-09 17:11:11,116 [INFO] httpx: HTTP Request: POST https://api.telegram.org/bot8343388239:AAFgeAkc9bvjywyCsHqRIa_RiJ6q-rp6uv0/getUpdates "HTTP/1.1 200 OK"
2026-06-09 17:11:41,805 [INFO] httpx: HTTP Request: POST https://api.telegram.org/bot8343388239:AAFgeAkc9bvjywyCsHqRIa_RiJ6q-rp6uv0/getUpdates "HTTP/1.1 200 OK"
2026-06-09 17:12:12,494 [INFO] httpx: HTTP Request: POST https://api.telegram.org/bot8343388239:AAFgeAkc9bvjywyCsHqRIa_RiJ6q-rp6uv0/getUpdates "HTTP/1.1 200 OK"
2026-06-09 17:12:43,183 [INFO] httpx: HTTP Request: POST https://api.telegram.org/bot8343388239:AAFgeAkc9bvjywyCsHqRIa_RiJ6q-rp6uv0/getUpdates "HTTP/1.1 200 OK"
2026-06-09 17:13:13,873 [INFO] httpx: HTTP Request: POST https://api.telegram.org/bot8343388239:AAFgeAkc9bvjywyCsHqRIa_RiJ6q-rp6uv0/getUpdates "HTTP/1.1 200 OK"
2026-06-09 17:13:44,563 [INFO] httpx: HTTP Request: POST https://api.telegram.org/bot8343388239:AAFgeAkc9bvjywyCsHqRIa_RiJ6q-rp6uv0/getUpdates "HTTP/1.1 200 OK"
2026-06-09 17:14:07,862 [ERROR] subscription_bot.signaler: DerivSignaler connect error: No module named 'deriv'
2026-06-09 17:14:15,271 [INFO] httpx: HTTP Request: POST https://api.telegram.org/bot8343388239:AAFgeAkc9bvjywyCsHqRIa_RiJ6q-rp6uv0/getUpdates "HTTP/1.1 200 OK"
2026-06-09 17:14:29,387 [INFO] signals.stockity_http: Got 900 raw 1s candles for CRYPTO_IDX (Z-CRY/IDX)
2026-06-09 17:14:29,388 [INFO] signals.stockity_http: Aggregated into 16 1m candles
2026-06-09 17:14:29,388 [INFO] signals.stockity_http: Signal for CRYPTO_IDX: CALL 78% (score=78, EMA5↑EMA10; bullX; RSI0 OS)
2026-06-09 17:14:45,962 [INFO] httpx: HTTP Request: POST https://api.telegram.org/bot8343388239:AAFgeAkc9bvjywyCsHqRIa_RiJ6q-rp6uv0/getUpdates "HTTP/1.1 200 OK"
2026-06-09 17:15:16,650 [INFO] httpx: HTTP Request: POST https://api.telegram.org/bot8343388239:AAFgeAkc9bvjywyCsHqRIa_RiJ6q-rp6uv0/getUpdates "HTTP/1.1 200 OK"
2026-06-09 17:15:47,339 [INFO] httpx: HTTP Request: POST https://api.telegram.org/bot8343388239:AAFgeAkc9bvjywyCsHqRIa_RiJ6q-rp6uv0/getUpdates "HTTP/1.1 200 OK"
2026-06-09 17:16:18,027 [INFO] httpx: HTTP Request: POST https://api.telegram.org/bot8343388239:AAFgeAkc9bvjywyCsHqRIa_RiJ6q-rp6uv0/getUpdates "HTTP/1.1 200 OK"
2026-06-09 17:16:48,718 [INFO] httpx: HTTP Request: POST https://api.telegram.org/bot8343388239:AAFgeAkc9bvjywyCsHqRIa_RiJ6q-rp6uv0/getUpdates "HTTP/1.1 200 OK"
2026-06-09 17:17:19,407 [INFO] httpx: HTTP Request: POST https://api.telegram.org/bot8343388239:AAFgeAkc9bvjywyCsHqRIa_RiJ6q-rp6uv0/getUpdates "HTTP/1.1 200 OK"
2026-06-09 17:17:50,100 [INFO] httpx: HTTP Request: POST https://api.telegram.org/bot8343388239:AAFgeAkc9bvjywyCsHqRIa_RiJ6q-rp6uv0/getUpdates "HTTP/1.1 200 OK"
2026-06-09 17:18:20,788 [INFO] httpx: HTTP Request: POST https://api.telegram.org/bot8343388239:AAFgeAkc9bvjywyCsHqRIa_RiJ6q-rp6uv0/getUpdates "HTTP/1.1 200 OK"
2026-06-09 17:18:51,478 [INFO] httpx: HTTP Request: POST https://api.telegram.org/bot8343388239:AAFgeAkc9bvjywyCsHqRIa_RiJ6q-rp6uv0/getUpdates "HTTP/1.1 200 OK"
2026-06-09 17:19:07,880 [ERROR] subscription_bot.signaler: DerivSignaler connect error: No module named 'deriv'
2026-06-09 17:19:22,168 [INFO] httpx: HTTP Request: POST https://api.telegram.org/bot8343388239:AAFgeAkc9bvjywyCsHqRIa_RiJ6q-rp6uv0/getUpdates "HTTP/1.1 200 OK"
2026-06-09 17:19:29,793 [INFO] signals.stockity_http: Got 900 raw 1s candles for CRYPTO_IDX (Z-CRY/IDX)
2026-06-09 17:19:29,794 [INFO] signals.stockity_http: Aggregated into 16 1m candles
2026-06-09 17:19:29,794 [INFO] signals.stockity_http: Signal for CRYPTO_IDX: WAIT 59% (score=59, EMA5↑EMA10; RSI0 OS; rangeTop)
2026-06-09 17:19:52,857 [INFO] httpx: HTTP Request: POST https://api.telegram.org/bot8343388239:AAFgeAkc9bvjywyCsHqRIa_RiJ6q-rp6uv0/getUpdates "HTTP/1.1 200 OK"
2026-06-09 17:20:23,546 [INFO] httpx: HTTP Request: POST https://api.telegram.org/bot8343388239:AAFgeAkc9bvjywyCsHqRIa_RiJ6q-rp6uv0/getUpdates "HTTP/1.1 200 OK"
2026-06-09 17:20:54,235 [INFO] httpx: HTTP Request: POST https://api.telegram.org/bot8343388239:AAFgeAkc9bvjywyCsHqRIa_RiJ6q-rp6uv0/getUpdates "HTTP/1.1 200 OK"
2026-06-09 17:21:24,925 [INFO] httpx: HTTP Request: POST https://api.telegram.org/bot8343388239:AAFgeAkc9bvjywyCsHqRIa_RiJ6q-rp6uv0/getUpdates "HTTP/1.1 200 OK"
2026-06-09 17:21:55,615 [INFO] httpx: HTTP Request: POST https://api.telegram.org/bot8343388239:AAFgeAkc9bvjywyCsHqRIa_RiJ6q-rp6uv0/getUpdates "HTTP/1.1 200 OK"
2026-06-09 17:22:26,305 [INFO] httpx: HTTP Request: POST https://api.telegram.org/bot8343388239:AAFgeAkc9bvjywyCsHqRIa_RiJ6q-rp6uv0/getUpdates "HTTP/1.1 200 OK"
2026-06-09 17:22:57,002 [INFO] httpx: HTTP Request: POST https://api.telegram.org/bot8343388239:AAFgeAkc9bvjywyCsHqRIa_RiJ6q-rp6uv0/getUpdates "HTTP/1.1 200 OK"
2026-06-09 17:23:27,692 [INFO] httpx: HTTP Request: POST https://api.telegram.org/bot8343388239:AAFgeAkc9bvjywyCsHqRIa_RiJ6q-rp6uv0/getUpdates "HTTP/1.1 200 OK"
2026-06-09 17:23:58,382 [INFO] httpx: HTTP Request: POST https://api.telegram.org/bot8343388239:AAFgeAkc9bvjywyCsHqRIa_RiJ6q-rp6uv0/getUpdates "HTTP/1.1 200 OK"
2026-06-09 17:24:07,890 [ERROR] subscription_bot.signaler: DerivSignaler connect error: No module named 'deriv'
2026-06-09 17:24:29,073 [INFO] httpx: HTTP Request: POST https://api.telegram.org/bot8343388239:AAFgeAkc9bvjywyCsHqRIa_RiJ6q-rp6uv0/getUpdates "HTTP/1.1 200 OK"
2026-06-09 17:24:29,986 [INFO] signals.stockity_http: Got 900 raw 1s candles for CRYPTO_IDX (Z-CRY/IDX)
2026-06-09 17:24:29,986 [INFO] signals.stockity_http: Aggregated into 16 1m candles
2026-06-09 17:24:29,986 [INFO] signals.stockity_http: Signal for CRYPTO_IDX: WAIT 59% (score=59, EMA5↑EMA10; RSI0 OS; rangeTop)
2026-06-09 17:24:59,762 [INFO] httpx: HTTP Request: POST https://api.telegram.org/bot8343388239:AAFgeAkc9bvjywyCsHqRIa_RiJ6q-rp6uv0/getUpdates "HTTP/1.1 200 OK"
2026-06-09 17:25:07,575 [INFO] httpx: HTTP Request: POST https://api.telegram.org/bot8343388239:AAFgeAkc9bvjywyCsHqRIa_RiJ6q-rp6uv0/getUpdates "HTTP/1.1 200 OK"
2026-06-09 17:25:08,343 [INFO] httpx: HTTP Request: POST https://api.telegram.org/bot8343388239:AAFgeAkc9bvjywyCsHqRIa_RiJ6q-rp6uv0/answerCallbackQuery "HTTP/1.1 200 OK"
2026-06-09 17:25:08,349 [ERROR] telegram.ext.Application: No error handlers are registered, logging exception.
Traceback (most recent call last):
  File "/home/openclaw/projects/1ai-trade-bot/archive/old-bots/subscription-bot/.venv/lib/python3.11/site-packages/telegram/ext/_application.py", line 1315, in process_update
    await coroutine
  File "/home/openclaw/projects/1ai-trade-bot/archive/old-bots/subscription-bot/.venv/lib/python3.11/site-packages/telegram/ext/_handlers/basehandler.py", line 159, in handle_update
    return await self.callback(update, context)
           ^^^^^^^^^^^^^^^^^^^^^^^^^^^^^^^^^^^^
  File "/home/openclaw/projects/1ai-trade-bot/archive/old-bots/subscription-bot/bot.py", line 942, in handle_callback
    await self._execute_trade(update, user_id, symbol, direction)
  File "/home/openclaw/projects/1ai-trade-bot/archive/old-bots/subscription-bot/bot.py", line 984, in _execute_trade
    direction=Direction(direction),
              ^^^^^^^^^^^^^^^^^^^^
  File "/home/openclaw/.local/share/uv/python/cpython-3.11.15-linux-x86_64-gnu/lib/python3.11/enum.py", line 714, in __call__
    return cls.__new__(cls, value)
           ^^^^^^^^^^^^^^^^^^^^^^^
  File "/home/openclaw/.local/share/uv/python/cpython-3.11.15-linux-x86_64-gnu/lib/python3.11/enum.py", line 1137, in __new__
    raise ve_exc
ValueError: 'IDX' is not a valid Direction
2026-06-09 17:25:10,960 [INFO] httpx: HTTP Request: POST https://api.telegram.org/bot8343388239:AAFgeAkc9bvjywyCsHqRIa_RiJ6q-rp6uv0/getUpdates "HTTP/1.1 200 OK"
2026-06-09 17:25:11,342 [INFO] httpx: HTTP Request: POST https://api.telegram.org/bot8343388239:AAFgeAkc9bvjywyCsHqRIa_RiJ6q-rp6uv0/answerCallbackQuery "HTTP/1.1 200 OK"
2026-06-09 17:25:11,342 [ERROR] telegram.ext.Application: No error handlers are registered, logging exception.
Traceback (most recent call last):
  File "/home/openclaw/projects/1ai-trade-bot/archive/old-bots/subscription-bot/.venv/lib/python3.11/site-packages/telegram/ext/_application.py", line 1315, in process_update
    await coroutine
  File "/home/openclaw/projects/1ai-trade-bot/archive/old-bots/subscription-bot/.venv/lib/python3.11/site-packages/telegram/ext/_handlers/basehandler.py", line 159, in handle_update
    return await self.callback(update, context)
           ^^^^^^^^^^^^^^^^^^^^^^^^^^^^^^^^^^^^
  File "/home/openclaw/projects/1ai-trade-bot/archive/old-bots/subscription-bot/bot.py", line 942, in handle_callback
    await self._execute_trade(update, user_id, symbol, direction)
  File "/home/openclaw/projects/1ai-trade-bot/archive/old-bots/subscription-bot/bot.py", line 984, in _execute_trade
    direction=Direction(direction),
              ^^^^^^^^^^^^^^^^^^^^
  File "/home/openclaw/.local/share/uv/python/cpython-3.11.15-linux-x86_64-gnu/lib/python3.11/enum.py", line 714, in __call__
    return cls.__new__(cls, value)
           ^^^^^^^^^^^^^^^^^^^^^^^
  File "/home/openclaw/.local/share/uv/python/cpython-3.11.15-linux-x86_64-gnu/lib/python3.11/enum.py", line 1137, in __new__
    raise ve_exc
ValueError: 'IDX' is not a valid Direction
2026-06-09 17:25:11,665 [INFO] httpx: HTTP Request: POST https://api.telegram.org/bot8343388239:AAFgeAkc9bvjywyCsHqRIa_RiJ6q-rp6uv0/getUpdates "HTTP/1.1 200 OK"
2026-06-09 17:25:12,023 [INFO] httpx: HTTP Request: POST https://api.telegram.org/bot8343388239:AAFgeAkc9bvjywyCsHqRIa_RiJ6q-rp6uv0/answerCallbackQuery "HTTP/1.1 200 OK"
2026-06-09 17:25:12,024 [ERROR] telegram.ext.Application: No error handlers are registered, logging exception.
Traceback (most recent call last):
  File "/home/openclaw/projects/1ai-trade-bot/archive/old-bots/subscription-bot/.venv/lib/python3.11/site-packages/telegram/ext/_application.py", line 1315, in process_update
    await coroutine
  File "/home/openclaw/projects/1ai-trade-bot/archive/old-bots/subscription-bot/.venv/lib/python3.11/site-packages/telegram/ext/_handlers/basehandler.py", line 159, in handle_update
    return await self.callback(update, context)
           ^^^^^^^^^^^^^^^^^^^^^^^^^^^^^^^^^^^^
  File "/home/openclaw/projects/1ai-trade-bot/archive/old-bots/subscription-bot/bot.py", line 942, in handle_callback
    await self._execute_trade(update, user_id, symbol, direction)
  File "/home/openclaw/projects/1ai-trade-bot/archive/old-bots/subscription-bot/bot.py", line 984, in _execute_trade
    direction=Direction(direction),
              ^^^^^^^^^^^^^^^^^^^^
  File "/home/openclaw/.local/share/uv/python/cpython-3.11.15-linux-x86_64-gnu/lib/python3.11/enum.py", line 714, in __call__
    return cls.__new__(cls, value)
           ^^^^^^^^^^^^^^^^^^^^^^^
  File "/home/openclaw/.local/share/uv/python/cpython-3.11.15-linux-x86_64-gnu/lib/python3.11/enum.py", line 1137, in __new__
    raise ve_exc
ValueError: 'IDX' is not a valid Direction
2026-06-09 17:25:12,355 [INFO] httpx: HTTP Request: POST https://api.telegram.org/bot8343388239:AAFgeAkc9bvjywyCsHqRIa_RiJ6q-rp6uv0/getUpdates "HTTP/1.1 200 OK"
2026-06-09 17:25:12,409 [INFO] httpx: HTTP Request: POST https://api.telegram.org/bot8343388239:AAFgeAkc9bvjywyCsHqRIa_RiJ6q-rp6uv0/answerCallbackQuery "HTTP/1.1 200 OK"
2026-06-09 17:25:12,410 [ERROR] telegram.ext.Application: No error handlers are registered, logging exception.
Traceback (most recent call last):
  File "/home/openclaw/projects/1ai-trade-bot/archive/old-bots/subscription-bot/.venv/lib/python3.11/site-packages/telegram/ext/_application.py", line 1315, in process_update
    await coroutine
  File "/home/openclaw/projects/1ai-trade-bot/archive/old-bots/subscription-bot/.venv/lib/python3.11/site-packages/telegram/ext/_handlers/basehandler.py", line 159, in handle_update
    return await self.callback(update, context)
           ^^^^^^^^^^^^^^^^^^^^^^^^^^^^^^^^^^^^
  File "/home/openclaw/projects/1ai-trade-bot/archive/old-bots/subscription-bot/bot.py", line 942, in handle_callback
    await self._execute_trade(update, user_id, symbol, direction)
  File "/home/openclaw/projects/1ai-trade-bot/archive/old-bots/subscription-bot/bot.py", line 984, in _execute_trade
    direction=Direction(direction),
              ^^^^^^^^^^^^^^^^^^^^
  File "/home/openclaw/.local/share/uv/python/cpython-3.11.15-linux-x86_64-gnu/lib/python3.11/enum.py", line 714, in __call__
    return cls.__new__(cls, value)
           ^^^^^^^^^^^^^^^^^^^^^^^
  File "/home/openclaw/.local/share/uv/python/cpython-3.11.15-linux-x86_64-gnu/lib/python3.11/enum.py", line 1137, in __new__
    raise ve_exc
ValueError: 'IDX' is not a valid Direction
2026-06-09 17:25:12,746 [INFO] httpx: HTTP Request: POST https://api.telegram.org/bot8343388239:AAFgeAkc9bvjywyCsHqRIa_RiJ6q-rp6uv0/answerCallbackQuery "HTTP/1.1 200 OK"
2026-06-09 17:25:12,746 [ERROR] telegram.ext.Application: No error handlers are registered, logging exception.
Traceback (most recent call last):
  File "/home/openclaw/projects/1ai-trade-bot/archive/old-bots/subscription-bot/.venv/lib/python3.11/site-packages/telegram/ext/_application.py", line 1315, in process_update
    await coroutine
  File "/home/openclaw/projects/1ai-trade-bot/archive/old-bots/subscription-bot/.venv/lib/python3.11/site-packages/telegram/ext/_handlers/basehandler.py", line 159, in handle_update
    return await self.callback(update, context)
           ^^^^^^^^^^^^^^^^^^^^^^^^^^^^^^^^^^^^
  File "/home/openclaw/projects/1ai-trade-bot/archive/old-bots/subscription-bot/bot.py", line 942, in handle_callback
    await self._execute_trade(update, user_id, symbol, direction)
  File "/home/openclaw/projects/1ai-trade-bot/archive/old-bots/subscription-bot/bot.py", line 984, in _execute_trade
    direction=Direction(direction),
              ^^^^^^^^^^^^^^^^^^^^
  File "/home/openclaw/.local/share/uv/python/cpython-3.11.15-linux-x86_64-gnu/lib/python3.11/enum.py", line 714, in __call__
    return cls.__new__(cls, value)
           ^^^^^^^^^^^^^^^^^^^^^^^
  File "/home/openclaw/.local/share/uv/python/cpython-3.11.15-linux-x86_64-gnu/lib/python3.11/enum.py", line 1137, in __new__
    raise ve_exc
ValueError: 'IDX' is not a valid Direction
2026-06-09 17:25:13,056 [INFO] httpx: HTTP Request: POST https://api.telegram.org/bot8343388239:AAFgeAkc9bvjywyCsHqRIa_RiJ6q-rp6uv0/getUpdates "HTTP/1.1 200 OK"
2026-06-09 17:25:13,576 [INFO] httpx: HTTP Request: POST https://api.telegram.org/bot8343388239:AAFgeAkc9bvjywyCsHqRIa_RiJ6q-rp6uv0/answerCallbackQuery "HTTP/1.1 200 OK"
2026-06-09 17:25:13,577 [ERROR] telegram.ext.Application: No error handlers are registered, logging exception.
Traceback (most recent call last):
  File "/home/openclaw/projects/1ai-trade-bot/archive/old-bots/subscription-bot/.venv/lib/python3.11/site-packages/telegram/ext/_application.py", line 1315, in process_update
    await coroutine
  File "/home/openclaw/projects/1ai-trade-bot/archive/old-bots/subscription-bot/.venv/lib/python3.11/site-packages/telegram/ext/_handlers/basehandler.py", line 159, in handle_update
    return await self.callback(update, context)
           ^^^^^^^^^^^^^^^^^^^^^^^^^^^^^^^^^^^^
  File "/home/openclaw/projects/1ai-trade-bot/archive/old-bots/subscription-bot/bot.py", line 942, in handle_callback
    await self._execute_trade(update, user_id, symbol, direction)
  File "/home/openclaw/projects/1ai-trade-bot/archive/old-bots/subscription-bot/bot.py", line 984, in _execute_trade
    direction=Direction(direction),
              ^^^^^^^^^^^^^^^^^^^^
  File "/home/openclaw/.local/share/uv/python/cpython-3.11.15-linux-x86_64-gnu/lib/python3.11/enum.py", line 714, in __call__
    return cls.__new__(cls, value)
           ^^^^^^^^^^^^^^^^^^^^^^^
  File "/home/openclaw/.local/share/uv/python/cpython-3.11.15-linux-x86_64-gnu/lib/python3.11/enum.py", line 1137, in __new__
    raise ve_exc
ValueError: 'IDX' is not a valid Direction
2026-06-09 17:25:13,601 [INFO] httpx: HTTP Request: POST https://api.telegram.org/bot8343388239:AAFgeAkc9bvjywyCsHqRIa_RiJ6q-rp6uv0/answerCallbackQuery "HTTP/1.1 200 OK"
2026-06-09 17:25:13,601 [ERROR] telegram.ext.Application: No error handlers are registered, logging exception.
Traceback (most recent call last):
  File "/home/openclaw/projects/1ai-trade-bot/archive/old-bots/subscription-bot/.venv/lib/python3.11/site-packages/telegram/ext/_application.py", line 1315, in process_update
    await coroutine
  File "/home/openclaw/projects/1ai-trade-bot/archive/old-bots/subscription-bot/.venv/lib/python3.11/site-packages/telegram/ext/_handlers/basehandler.py", line 159, in handle_update
    return await self.callback(update, context)
           ^^^^^^^^^^^^^^^^^^^^^^^^^^^^^^^^^^^^
  File "/home/openclaw/projects/1ai-trade-bot/archive/old-bots/subscription-bot/bot.py", line 942, in handle_callback
    await self._execute_trade(update, user_id, symbol, direction)
  File "/home/openclaw/projects/1ai-trade-bot/archive/old-bots/subscription-bot/bot.py", line 984, in _execute_trade
    direction=Direction(direction),
              ^^^^^^^^^^^^^^^^^^^^
  File "/home/openclaw/.local/share/uv/python/cpython-3.11.15-linux-x86_64-gnu/lib/python3.11/enum.py", line 714, in __call__
    return cls.__new__(cls, value)
           ^^^^^^^^^^^^^^^^^^^^^^^
  File "/home/openclaw/.local/share/uv/python/cpython-3.11.15-linux-x86_64-gnu/lib/python3.11/enum.py", line 1137, in __new__
    raise ve_exc
ValueError: 'IDX' is not a valid Direction
2026-06-09 17:25:13,766 [INFO] httpx: HTTP Request: POST https://api.telegram.org/bot8343388239:AAFgeAkc9bvjywyCsHqRIa_RiJ6q-rp6uv0/getUpdates "HTTP/1.1 200 OK"
2026-06-09 17:25:14,125 [INFO] httpx: HTTP Request: POST https://api.telegram.org/bot8343388239:AAFgeAkc9bvjywyCsHqRIa_RiJ6q-rp6uv0/answerCallbackQuery "HTTP/1.1 200 OK"
2026-06-09 17:25:14,126 [ERROR] telegram.ext.Application: No error handlers are registered, logging exception.
Traceback (most recent call last):
  File "/home/openclaw/projects/1ai-trade-bot/archive/old-bots/subscription-bot/.venv/lib/python3.11/site-packages/telegram/ext/_application.py", line 1315, in process_update
    await coroutine
  File "/home/openclaw/projects/1ai-trade-bot/archive/old-bots/subscription-bot/.venv/lib/python3.11/site-packages/telegram/ext/_handlers/basehandler.py", line 159, in handle_update
    return await self.callback(update, context)
           ^^^^^^^^^^^^^^^^^^^^^^^^^^^^^^^^^^^^
  File "/home/openclaw/projects/1ai-trade-bot/archive/old-bots/subscription-bot/bot.py", line 942, in handle_callback
    await self._execute_trade(update, user_id, symbol, direction)
  File "/home/openclaw/projects/1ai-trade-bot/archive/old-bots/subscription-bot/bot.py", line 984, in _execute_trade
    direction=Direction(direction),
              ^^^^^^^^^^^^^^^^^^^^
  File "/home/openclaw/.local/share/uv/python/cpython-3.11.15-linux-x86_64-gnu/lib/python3.11/enum.py", line 714, in __call__
    return cls.__new__(cls, value)
           ^^^^^^^^^^^^^^^^^^^^^^^
  File "/home/openclaw/.local/share/uv/python/cpython-3.11.15-linux-x86_64-gnu/lib/python3.11/enum.py", line 1137, in __new__
    raise ve_exc
ValueError: 'IDX' is not a valid Direction
2026-06-09 17:25:14,129 [INFO] httpx: HTTP Request: POST https://api.telegram.org/bot8343388239:AAFgeAkc9bvjywyCsHqRIa_RiJ6q-rp6uv0/answerCallbackQuery "HTTP/1.1 200 OK"
2026-06-09 17:25:14,133 [ERROR] telegram.ext.Application: No error handlers are registered, logging exception.
Traceback (most recent call last):
  File "/home/openclaw/projects/1ai-trade-bot/archive/old-bots/subscription-bot/.venv/lib/python3.11/site-packages/telegram/ext/_application.py", line 1315, in process_update
    await coroutine
  File "/home/openclaw/projects/1ai-trade-bot/archive/old-bots/subscription-bot/.venv/lib/python3.11/site-packages/telegram/ext/_handlers/basehandler.py", line 159, in handle_update
    return await self.callback(update, context)
           ^^^^^^^^^^^^^^^^^^^^^^^^^^^^^^^^^^^^
  File "/home/openclaw/projects/1ai-trade-bot/archive/old-bots/subscription-bot/bot.py", line 942, in handle_callback
    await self._execute_trade(update, user_id, symbol, direction)
  File "/home/openclaw/projects/1ai-trade-bot/archive/old-bots/subscription-bot/bot.py", line 984, in _execute_trade
    direction=Direction(direction),
              ^^^^^^^^^^^^^^^^^^^^
  File "/home/openclaw/.local/share/uv/python/cpython-3.11.15-linux-x86_64-gnu/lib/python3.11/enum.py", line 714, in __call__
    return cls.__new__(cls, value)
           ^^^^^^^^^^^^^^^^^^^^^^^
  File "/home/openclaw/.local/share/uv/python/cpython-3.11.15-linux-x86_64-gnu/lib/python3.11/enum.py", line 1137, in __new__
    raise ve_exc
ValueError: 'IDX' is not a valid Direction
2026-06-09 17:25:14,504 [INFO] httpx: HTTP Request: POST https://api.telegram.org/bot8343388239:AAFgeAkc9bvjywyCsHqRIa_RiJ6q-rp6uv0/answerCallbackQuery "HTTP/1.1 200 OK"
2026-06-09 17:25:14,505 [ERROR] telegram.ext.Application: No error handlers are registered, logging exception.
Traceback (most recent call last):
  File "/home/openclaw/projects/1ai-trade-bot/archive/old-bots/subscription-bot/.venv/lib/python3.11/site-packages/telegram/ext/_application.py", line 1315, in process_update
    await coroutine
  File "/home/openclaw/projects/1ai-trade-bot/archive/old-bots/subscription-bot/.venv/lib/python3.11/site-packages/telegram/ext/_handlers/basehandler.py", line 159, in handle_update
    return await self.callback(update, context)
           ^^^^^^^^^^^^^^^^^^^^^^^^^^^^^^^^^^^^
  File "/home/openclaw/projects/1ai-trade-bot/archive/old-bots/subscription-bot/bot.py", line 942, in handle_callback
    await self._execute_trade(update, user_id, symbol, direction)
  File "/home/openclaw/projects/1ai-trade-bot/archive/old-bots/subscription-bot/bot.py", line 984, in _execute_trade
    direction=Direction(direction),
              ^^^^^^^^^^^^^^^^^^^^
  File "/home/openclaw/.local/share/uv/python/cpython-3.11.15-linux-x86_64-gnu/lib/python3.11/enum.py", line 714, in __call__
    return cls.__new__(cls, value)
           ^^^^^^^^^^^^^^^^^^^^^^^
  File "/home/openclaw/.local/share/uv/python/cpython-3.11.15-linux-x86_64-gnu/lib/python3.11/enum.py", line 1137, in __new__
    raise ve_exc
ValueError: 'IDX' is not a valid Direction
2026-06-09 17:25:44,458 [INFO] httpx: HTTP Request: POST https://api.telegram.org/bot8343388239:AAFgeAkc9bvjywyCsHqRIa_RiJ6q-rp6uv0/getUpdates "HTTP/1.1 200 OK"
2026-06-09 17:26:15,148 [INFO] httpx: HTTP Request: POST https://api.telegram.org/bot8343388239:AAFgeAkc9bvjywyCsHqRIa_RiJ6q-rp6uv0/getUpdates "HTTP/1.1 200 OK"
2026-06-09 17:26:45,838 [INFO] httpx: HTTP Request: POST https://api.telegram.org/bot8343388239:AAFgeAkc9bvjywyCsHqRIa_RiJ6q-rp6uv0/getUpdates "HTTP/1.1 200 OK"
2026-06-09 17:27:16,527 [INFO] httpx: HTTP Request: POST https://api.telegram.org/bot8343388239:AAFgeAkc9bvjywyCsHqRIa_RiJ6q-rp6uv0/getUpdates "HTTP/1.1 200 OK"
2026-06-09 17:27:47,217 [INFO] httpx: HTTP Request: POST https://api.telegram.org/bot8343388239:AAFgeAkc9bvjywyCsHqRIa_RiJ6q-rp6uv0/getUpdates "HTTP/1.1 200 OK"
2026-06-09 17:28:17,910 [INFO] httpx: HTTP Request: POST https://api.telegram.org/bot8343388239:AAFgeAkc9bvjywyCsHqRIa_RiJ6q-rp6uv0/getUpdates "HTTP/1.1 200 OK"
2026-06-09 17:28:48,974 [INFO] httpx: HTTP Request: POST https://api.telegram.org/bot8343388239:AAFgeAkc9bvjywyCsHqRIa_RiJ6q-rp6uv0/getUpdates "HTTP/1.1 200 OK"
2026-06-09 17:29:07,906 [ERROR] subscription_bot.signaler: DerivSignaler connect error: No module named 'deriv'
2026-06-09 17:29:19,663 [INFO] httpx: HTTP Request: POST https://api.telegram.org/bot8343388239:AAFgeAkc9bvjywyCsHqRIa_RiJ6q-rp6uv0/getUpdates "HTTP/1.1 200 OK"
2026-06-09 17:29:30,183 [INFO] signals.stockity_http: Got 900 raw 1s candles for CRYPTO_IDX (Z-CRY/IDX)
2026-06-09 17:29:30,184 [INFO] signals.stockity_http: Aggregated into 16 1m candles
2026-06-09 17:29:30,184 [INFO] signals.stockity_http: Signal for CRYPTO_IDX: WAIT 59% (score=59, EMA5↑EMA10; RSI0 OS; rangeTop)
2026-06-09 17:29:50,353 [INFO] httpx: HTTP Request: POST https://api.telegram.org/bot8343388239:AAFgeAkc9bvjywyCsHqRIa_RiJ6q-rp6uv0/getUpdates "HTTP/1.1 200 OK"
2026-06-09 17:30:21,042 [INFO] httpx: HTTP Request: POST https://api.telegram.org/bot8343388239:AAFgeAkc9bvjywyCsHqRIa_RiJ6q-rp6uv0/getUpdates "HTTP/1.1 200 OK"
2026-06-09 17:30:51,731 [INFO] httpx: HTTP Request: POST https://api.telegram.org/bot8343388239:AAFgeAkc9bvjywyCsHqRIa_RiJ6q-rp6uv0/getUpdates "HTTP/1.1 200 OK"
2026-06-09 17:31:22,420 [INFO] httpx: HTTP Request: POST https://api.telegram.org/bot8343388239:AAFgeAkc9bvjywyCsHqRIa_RiJ6q-rp6uv0/getUpdates "HTTP/1.1 200 OK"
2026-06-09 17:31:53,108 [INFO] httpx: HTTP Request: POST https://api.telegram.org/bot8343388239:AAFgeAkc9bvjywyCsHqRIa_RiJ6q-rp6uv0/getUpdates "HTTP/1.1 200 OK"
2026-06-09 17:32:23,795 [INFO] httpx: HTTP Request: POST https://api.telegram.org/bot8343388239:AAFgeAkc9bvjywyCsHqRIa_RiJ6q-rp6uv0/getUpdates "HTTP/1.1 200 OK"
2026-06-09 17:32:54,484 [INFO] httpx: HTTP Request: POST https://api.telegram.org/bot8343388239:AAFgeAkc9bvjywyCsHqRIa_RiJ6q-rp6uv0/getUpdates "HTTP/1.1 200 OK"
2026-06-09 17:33:25,176 [INFO] httpx: HTTP Request: POST https://api.telegram.org/bot8343388239:AAFgeAkc9bvjywyCsHqRIa_RiJ6q-rp6uv0/getUpdates "HTTP/1.1 200 OK"
2026-06-09 17:33:55,866 [INFO] httpx: HTTP Request: POST https://api.telegram.org/bot8343388239:AAFgeAkc9bvjywyCsHqRIa_RiJ6q-rp6uv0/getUpdates "HTTP/1.1 200 OK"
2026-06-09 17:34:07,918 [ERROR] subscription_bot.signaler: DerivSignaler connect error: No module named 'deriv'
2026-06-09 17:34:26,564 [INFO] httpx: HTTP Request: POST https://api.telegram.org/bot8343388239:AAFgeAkc9bvjywyCsHqRIa_RiJ6q-rp6uv0/getUpdates "HTTP/1.1 200 OK"
2026-06-09 17:34:30,546 [INFO] signals.stockity_http: Got 900 raw 1s candles for CRYPTO_IDX (Z-CRY/IDX)
2026-06-09 17:34:30,546 [INFO] signals.stockity_http: Aggregated into 16 1m candles
2026-06-09 17:34:30,546 [INFO] signals.stockity_http: Signal for CRYPTO_IDX: WAIT 57% (score=57, EMA5↓EMA10; RSI0 OS; rangeBot)
2026-06-09 17:34:57,253 [INFO] httpx: HTTP Request: POST https://api.telegram.org/bot8343388239:AAFgeAkc9bvjywyCsHqRIa_RiJ6q-rp6uv0/getUpdates "HTTP/1.1 200 OK"
2026-06-09 17:35:27,942 [INFO] httpx: HTTP Request: POST https://api.telegram.org/bot8343388239:AAFgeAkc9bvjywyCsHqRIa_RiJ6q-rp6uv0/getUpdates "HTTP/1.1 200 OK"
2026-06-09 17:35:58,627 [INFO] httpx: HTTP Request: POST https://api.telegram.org/bot8343388239:AAFgeAkc9bvjywyCsHqRIa_RiJ6q-rp6uv0/getUpdates "HTTP/1.1 200 OK"
2026-06-09 17:36:29,313 [INFO] httpx: HTTP Request: POST https://api.telegram.org/bot8343388239:AAFgeAkc9bvjywyCsHqRIa_RiJ6q-rp6uv0/getUpdates "HTTP/1.1 200 OK"
2026-06-09 17:36:59,998 [INFO] httpx: HTTP Request: POST https://api.telegram.org/bot8343388239:AAFgeAkc9bvjywyCsHqRIa_RiJ6q-rp6uv0/getUpdates "HTTP/1.1 200 OK"
2026-06-09 17:37:30,684 [INFO] httpx: HTTP Request: POST https://api.telegram.org/bot8343388239:AAFgeAkc9bvjywyCsHqRIa_RiJ6q-rp6uv0/getUpdates "HTTP/1.1 200 OK"
2026-06-09 17:38:01,370 [INFO] httpx: HTTP Request: POST https://api.telegram.org/bot8343388239:AAFgeAkc9bvjywyCsHqRIa_RiJ6q-rp6uv0/getUpdates "HTTP/1.1 200 OK"
2026-06-09 17:38:32,055 [INFO] httpx: HTTP Request: POST https://api.telegram.org/bot8343388239:AAFgeAkc9bvjywyCsHqRIa_RiJ6q-rp6uv0/getUpdates "HTTP/1.1 200 OK"
2026-06-09 17:39:02,744 [INFO] httpx: HTTP Request: POST https://api.telegram.org/bot8343388239:AAFgeAkc9bvjywyCsHqRIa_RiJ6q-rp6uv0/getUpdates "HTTP/1.1 200 OK"
2026-06-09 17:39:07,922 [ERROR] subscription_bot.signaler: DerivSignaler connect error: No module named 'deriv'
2026-06-09 17:39:30,760 [INFO] signals.stockity_http: Got 900 raw 1s candles for CRYPTO_IDX (Z-CRY/IDX)
2026-06-09 17:39:30,761 [INFO] signals.stockity_http: Aggregated into 16 1m candles
2026-06-09 17:39:30,761 [INFO] signals.stockity_http: Signal for CRYPTO_IDX: WAIT 57% (score=57, EMA5↓EMA10; RSI0 OS; rangeBot)
2026-06-09 17:39:33,431 [INFO] httpx: HTTP Request: POST https://api.telegram.org/bot8343388239:AAFgeAkc9bvjywyCsHqRIa_RiJ6q-rp6uv0/getUpdates "HTTP/1.1 200 OK"
2026-06-09 17:40:04,117 [INFO] httpx: HTTP Request: POST https://api.telegram.org/bot8343388239:AAFgeAkc9bvjywyCsHqRIa_RiJ6q-rp6uv0/getUpdates "HTTP/1.1 200 OK"
2026-06-09 17:40:34,805 [INFO] httpx: HTTP Request: POST https://api.telegram.org/bot8343388239:AAFgeAkc9bvjywyCsHqRIa_RiJ6q-rp6uv0/getUpdates "HTTP/1.1 200 OK"
2026-06-09 17:41:05,491 [INFO] httpx: HTTP Request: POST https://api.telegram.org/bot8343388239:AAFgeAkc9bvjywyCsHqRIa_RiJ6q-rp6uv0/getUpdates "HTTP/1.1 200 OK"
2026-06-09 17:41:36,178 [INFO] httpx: HTTP Request: POST https://api.telegram.org/bot8343388239:AAFgeAkc9bvjywyCsHqRIa_RiJ6q-rp6uv0/getUpdates "HTTP/1.1 200 OK"
2026-06-09 17:42:06,865 [INFO] httpx: HTTP Request: POST https://api.telegram.org/bot8343388239:AAFgeAkc9bvjywyCsHqRIa_RiJ6q-rp6uv0/getUpdates "HTTP/1.1 200 OK"
2026-06-09 17:42:37,551 [INFO] httpx: HTTP Request: POST https://api.telegram.org/bot8343388239:AAFgeAkc9bvjywyCsHqRIa_RiJ6q-rp6uv0/getUpdates "HTTP/1.1 200 OK"
2026-06-09 17:43:08,238 [INFO] httpx: HTTP Request: POST https://api.telegram.org/bot8343388239:AAFgeAkc9bvjywyCsHqRIa_RiJ6q-rp6uv0/getUpdates "HTTP/1.1 200 OK"
2026-06-09 17:43:38,925 [INFO] httpx: HTTP Request: POST https://api.telegram.org/bot8343388239:AAFgeAkc9bvjywyCsHqRIa_RiJ6q-rp6uv0/getUpdates "HTTP/1.1 200 OK"
2026-06-09 17:44:07,950 [ERROR] subscription_bot.signaler: DerivSignaler connect error: No module named 'deriv'
2026-06-09 17:44:09,611 [INFO] httpx: HTTP Request: POST https://api.telegram.org/bot8343388239:AAFgeAkc9bvjywyCsHqRIa_RiJ6q-rp6uv0/getUpdates "HTTP/1.1 200 OK"
2026-06-09 17:44:30,963 [INFO] signals.stockity_http: Got 900 raw 1s candles for CRYPTO_IDX (Z-CRY/IDX)
2026-06-09 17:44:30,963 [INFO] signals.stockity_http: Aggregated into 16 1m candles
2026-06-09 17:44:30,963 [INFO] signals.stockity_http: Signal for CRYPTO_IDX: WAIT 57% (score=57, EMA5↓EMA10; RSI0 OS; rangeBot)
2026-06-09 17:44:40,297 [INFO] httpx: HTTP Request: POST https://api.telegram.org/bot8343388239:AAFgeAkc9bvjywyCsHqRIa_RiJ6q-rp6uv0/getUpdates "HTTP/1.1 200 OK"
2026-06-09 17:45:10,981 [INFO] httpx: HTTP Request: POST https://api.telegram.org/bot8343388239:AAFgeAkc9bvjywyCsHqRIa_RiJ6q-rp6uv0/getUpdates "HTTP/1.1 200 OK"
2026-06-09 17:45:41,667 [INFO] httpx: HTTP Request: POST https://api.telegram.org/bot8343388239:AAFgeAkc9bvjywyCsHqRIa_RiJ6q-rp6uv0/getUpdates "HTTP/1.1 200 OK"
2026-06-09 17:46:12,353 [INFO] httpx: HTTP Request: POST https://api.telegram.org/bot8343388239:AAFgeAkc9bvjywyCsHqRIa_RiJ6q-rp6uv0/getUpdates "HTTP/1.1 200 OK"
2026-06-09 17:46:43,043 [INFO] httpx: HTTP Request: POST https://api.telegram.org/bot8343388239:AAFgeAkc9bvjywyCsHqRIa_RiJ6q-rp6uv0/getUpdates "HTTP/1.1 200 OK"
2026-06-09 17:47:13,730 [INFO] httpx: HTTP Request: POST https://api.telegram.org/bot8343388239:AAFgeAkc9bvjywyCsHqRIa_RiJ6q-rp6uv0/getUpdates "HTTP/1.1 200 OK"
2026-06-09 17:47:44,417 [INFO] httpx: HTTP Request: POST https://api.telegram.org/bot8343388239:AAFgeAkc9bvjywyCsHqRIa_RiJ6q-rp6uv0/getUpdates "HTTP/1.1 200 OK"
2026-06-09 17:48:15,102 [INFO] httpx: HTTP Request: POST https://api.telegram.org/bot8343388239:AAFgeAkc9bvjywyCsHqRIa_RiJ6q-rp6uv0/getUpdates "HTTP/1.1 200 OK"
2026-06-09 17:48:45,790 [INFO] httpx: HTTP Request: POST https://api.telegram.org/bot8343388239:AAFgeAkc9bvjywyCsHqRIa_RiJ6q-rp6uv0/getUpdates "HTTP/1.1 200 OK"
2026-06-09 17:49:07,970 [ERROR] subscription_bot.signaler: DerivSignaler connect error: No module named 'deriv'
2026-06-09 17:49:16,476 [INFO] httpx: HTTP Request: POST https://api.telegram.org/bot8343388239:AAFgeAkc9bvjywyCsHqRIa_RiJ6q-rp6uv0/getUpdates "HTTP/1.1 200 OK"
2026-06-09 17:49:31,381 [INFO] signals.stockity_http: Got 900 raw 1s candles for CRYPTO_IDX (Z-CRY/IDX)
2026-06-09 17:49:31,382 [INFO] signals.stockity_http: Aggregated into 16 1m candles
2026-06-09 17:49:31,382 [INFO] signals.stockity_http: Signal for CRYPTO_IDX: WAIT 52% (score=48, EMA5↓EMA10; RSI0 OS; pinTop)
2026-06-09 17:49:47,165 [INFO] httpx: HTTP Request: POST https://api.telegram.org/bot8343388239:AAFgeAkc9bvjywyCsHqRIa_RiJ6q-rp6uv0/getUpdates "HTTP/1.1 200 OK"
2026-06-09 17:50:17,850 [INFO] httpx: HTTP Request: POST https://api.telegram.org/bot8343388239:AAFgeAkc9bvjywyCsHqRIa_RiJ6q-rp6uv0/getUpdates "HTTP/1.1 200 OK"
2026-06-09 17:50:48,536 [INFO] httpx: HTTP Request: POST https://api.telegram.org/bot8343388239:AAFgeAkc9bvjywyCsHqRIa_RiJ6q-rp6uv0/getUpdates "HTTP/1.1 200 OK"
2026-06-09 17:51:19,223 [INFO] httpx: HTTP Request: POST https://api.telegram.org/bot8343388239:AAFgeAkc9bvjywyCsHqRIa_RiJ6q-rp6uv0/getUpdates "HTTP/1.1 200 OK"
2026-06-09 17:51:49,908 [INFO] httpx: HTTP Request: POST https://api.telegram.org/bot8343388239:AAFgeAkc9bvjywyCsHqRIa_RiJ6q-rp6uv0/getUpdates "HTTP/1.1 200 OK"
2026-06-09 17:52:20,597 [INFO] httpx: HTTP Request: POST https://api.telegram.org/bot8343388239:AAFgeAkc9bvjywyCsHqRIa_RiJ6q-rp6uv0/getUpdates "HTTP/1.1 200 OK"
2026-06-09 17:52:51,284 [INFO] httpx: HTTP Request: POST https://api.telegram.org/bot8343388239:AAFgeAkc9bvjywyCsHqRIa_RiJ6q-rp6uv0/getUpdates "HTTP/1.1 200 OK"
2026-06-09 17:53:21,976 [INFO] httpx: HTTP Request: POST https://api.telegram.org/bot8343388239:AAFgeAkc9bvjywyCsHqRIa_RiJ6q-rp6uv0/getUpdates "HTTP/1.1 200 OK"
2026-06-09 17:53:52,660 [INFO] httpx: HTTP Request: POST https://api.telegram.org/bot8343388239:AAFgeAkc9bvjywyCsHqRIa_RiJ6q-rp6uv0/getUpdates "HTTP/1.1 200 OK"
2026-06-09 17:54:07,987 [ERROR] subscription_bot.signaler: DerivSignaler connect error: No module named 'deriv'
2026-06-09 17:54:23,346 [INFO] httpx: HTTP Request: POST https://api.telegram.org/bot8343388239:AAFgeAkc9bvjywyCsHqRIa_RiJ6q-rp6uv0/getUpdates "HTTP/1.1 200 OK"
2026-06-09 17:54:31,558 [INFO] signals.stockity_http: Got 900 raw 1s candles for CRYPTO_IDX (Z-CRY/IDX)
2026-06-09 17:54:31,558 [INFO] signals.stockity_http: Aggregated into 16 1m candles
2026-06-09 17:54:31,558 [INFO] signals.stockity_http: Signal for CRYPTO_IDX: WAIT 52% (score=48, EMA5↓EMA10; RSI0 OS; pinTop)
2026-06-09 17:54:54,036 [INFO] httpx: HTTP Request: POST https://api.telegram.org/bot8343388239:AAFgeAkc9bvjywyCsHqRIa_RiJ6q-rp6uv0/getUpdates "HTTP/1.1 200 OK"
2026-06-09 17:55:24,721 [INFO] httpx: HTTP Request: POST https://api.telegram.org/bot8343388239:AAFgeAkc9bvjywyCsHqRIa_RiJ6q-rp6uv0/getUpdates "HTTP/1.1 200 OK"
2026-06-09 17:55:55,410 [INFO] httpx: HTTP Request: POST https://api.telegram.org/bot8343388239:AAFgeAkc9bvjywyCsHqRIa_RiJ6q-rp6uv0/getUpdates "HTTP/1.1 200 OK"
2026-06-09 17:56:26,097 [INFO] httpx: HTTP Request: POST https://api.telegram.org/bot8343388239:AAFgeAkc9bvjywyCsHqRIa_RiJ6q-rp6uv0/getUpdates "HTTP/1.1 200 OK"
2026-06-09 17:56:56,785 [INFO] httpx: HTTP Request: POST https://api.telegram.org/bot8343388239:AAFgeAkc9bvjywyCsHqRIa_RiJ6q-rp6uv0/getUpdates "HTTP/1.1 200 OK"
2026-06-09 17:57:27,471 [INFO] httpx: HTTP Request: POST https://api.telegram.org/bot8343388239:AAFgeAkc9bvjywyCsHqRIa_RiJ6q-rp6uv0/getUpdates "HTTP/1.1 200 OK"
2026-06-09 17:57:58,156 [INFO] httpx: HTTP Request: POST https://api.telegram.org/bot8343388239:AAFgeAkc9bvjywyCsHqRIa_RiJ6q-rp6uv0/getUpdates "HTTP/1.1 200 OK"
2026-06-09 17:58:28,849 [INFO] httpx: HTTP Request: POST https://api.telegram.org/bot8343388239:AAFgeAkc9bvjywyCsHqRIa_RiJ6q-rp6uv0/getUpdates "HTTP/1.1 200 OK"
2026-06-09 17:58:59,534 [INFO] httpx: HTTP Request: POST https://api.telegram.org/bot8343388239:AAFgeAkc9bvjywyCsHqRIa_RiJ6q-rp6uv0/getUpdates "HTTP/1.1 200 OK"
2026-06-09 17:59:07,996 [ERROR] subscription_bot.signaler: DerivSignaler connect error: No module named 'deriv'
2026-06-09 17:59:30,220 [INFO] httpx: HTTP Request: POST https://api.telegram.org/bot8343388239:AAFgeAkc9bvjywyCsHqRIa_RiJ6q-rp6uv0/getUpdates "HTTP/1.1 200 OK"
2026-06-09 17:59:31,748 [INFO] signals.stockity_http: Got 900 raw 1s candles for CRYPTO_IDX (Z-CRY/IDX)
2026-06-09 17:59:31,748 [INFO] signals.stockity_http: Aggregated into 16 1m candles
2026-06-09 17:59:31,749 [INFO] signals.stockity_http: Signal for CRYPTO_IDX: WAIT 52% (score=48, EMA5↓EMA10; RSI0 OS; pinTop)
2026-06-09 18:00:00,908 [INFO] httpx: HTTP Request: POST https://api.telegram.org/bot8343388239:AAFgeAkc9bvjywyCsHqRIa_RiJ6q-rp6uv0/getUpdates "HTTP/1.1 200 OK"
2026-06-09 18:00:31,594 [INFO] httpx: HTTP Request: POST https://api.telegram.org/bot8343388239:AAFgeAkc9bvjywyCsHqRIa_RiJ6q-rp6uv0/getUpdates "HTTP/1.1 200 OK"
2026-06-09 18:01:02,280 [INFO] httpx: HTTP Request: POST https://api.telegram.org/bot8343388239:AAFgeAkc9bvjywyCsHqRIa_RiJ6q-rp6uv0/getUpdates "HTTP/1.1 200 OK"
2026-06-09 18:01:32,966 [INFO] httpx: HTTP Request: POST https://api.telegram.org/bot8343388239:AAFgeAkc9bvjywyCsHqRIa_RiJ6q-rp6uv0/getUpdates "HTTP/1.1 200 OK"
2026-06-09 18:02:03,653 [INFO] httpx: HTTP Request: POST https://api.telegram.org/bot8343388239:AAFgeAkc9bvjywyCsHqRIa_RiJ6q-rp6uv0/getUpdates "HTTP/1.1 200 OK"
2026-06-09 18:02:34,341 [INFO] httpx: HTTP Request: POST https://api.telegram.org/bot8343388239:AAFgeAkc9bvjywyCsHqRIa_RiJ6q-rp6uv0/getUpdates "HTTP/1.1 200 OK"
2026-06-09 18:03:05,030 [INFO] httpx: HTTP Request: POST https://api.telegram.org/bot8343388239:AAFgeAkc9bvjywyCsHqRIa_RiJ6q-rp6uv0/getUpdates "HTTP/1.1 200 OK"
2026-06-09 18:03:36,125 [INFO] httpx: HTTP Request: POST https://api.telegram.org/bot8343388239:AAFgeAkc9bvjywyCsHqRIa_RiJ6q-rp6uv0/getUpdates "HTTP/1.1 200 OK"
2026-06-09 18:04:06,811 [INFO] httpx: HTTP Request: POST https://api.telegram.org/bot8343388239:AAFgeAkc9bvjywyCsHqRIa_RiJ6q-rp6uv0/getUpdates "HTTP/1.1 200 OK"
2026-06-09 18:04:07,998 [ERROR] subscription_bot.signaler: DerivSignaler connect error: No module named 'deriv'
2026-06-09 18:04:32,133 [INFO] signals.stockity_http: Got 900 raw 1s candles for CRYPTO_IDX (Z-CRY/IDX)
2026-06-09 18:04:32,133 [INFO] signals.stockity_http: Aggregated into 16 1m candles
2026-06-09 18:04:32,134 [INFO] signals.stockity_http: Signal for CRYPTO_IDX: WAIT 50% (score=50, EMA5↓EMA10; RSI0 OS; midLo)
2026-06-09 18:04:37,499 [INFO] httpx: HTTP Request: POST https://api.telegram.org/bot8343388239:AAFgeAkc9bvjywyCsHqRIa_RiJ6q-rp6uv0/getUpdates "HTTP/1.1 200 OK"
2026-06-09 18:05:08,187 [INFO] httpx: HTTP Request: POST https://api.telegram.org/bot8343388239:AAFgeAkc9bvjywyCsHqRIa_RiJ6q-rp6uv0/getUpdates "HTTP/1.1 200 OK"
2026-06-09 18:05:38,872 [INFO] httpx: HTTP Request: POST https://api.telegram.org/bot8343388239:AAFgeAkc9bvjywyCsHqRIa_RiJ6q-rp6uv0/getUpdates "HTTP/1.1 200 OK"
2026-06-09 18:06:09,558 [INFO] httpx: HTTP Request: POST https://api.telegram.org/bot8343388239:AAFgeAkc9bvjywyCsHqRIa_RiJ6q-rp6uv0/getUpdates "HTTP/1.1 200 OK"
2026-06-09 18:06:40,245 [INFO] httpx: HTTP Request: POST https://api.telegram.org/bot8343388239:AAFgeAkc9bvjywyCsHqRIa_RiJ6q-rp6uv0/getUpdates "HTTP/1.1 200 OK"
2026-06-09 18:07:10,931 [INFO] httpx: HTTP Request: POST https://api.telegram.org/bot8343388239:AAFgeAkc9bvjywyCsHqRIa_RiJ6q-rp6uv0/getUpdates "HTTP/1.1 200 OK"
2026-06-09 18:07:41,616 [INFO] httpx: HTTP Request: POST https://api.telegram.org/bot8343388239:AAFgeAkc9bvjywyCsHqRIa_RiJ6q-rp6uv0/getUpdates "HTTP/1.1 200 OK"
2026-06-09 18:08:12,300 [INFO] httpx: HTTP Request: POST https://api.telegram.org/bot8343388239:AAFgeAkc9bvjywyCsHqRIa_RiJ6q-rp6uv0/getUpdates "HTTP/1.1 200 OK"
2026-06-09 18:08:42,986 [INFO] httpx: HTTP Request: POST https://api.telegram.org/bot8343388239:AAFgeAkc9bvjywyCsHqRIa_RiJ6q-rp6uv0/getUpdates "HTTP/1.1 200 OK"
2026-06-09 18:09:08,023 [ERROR] subscription_bot.signaler: DerivSignaler connect error: No module named 'deriv'
2026-06-09 18:09:13,674 [INFO] httpx: HTTP Request: POST https://api.telegram.org/bot8343388239:AAFgeAkc9bvjywyCsHqRIa_RiJ6q-rp6uv0/getUpdates "HTTP/1.1 200 OK"
2026-06-09 18:09:32,327 [INFO] signals.stockity_http: Got 900 raw 1s candles for CRYPTO_IDX (Z-CRY/IDX)
2026-06-09 18:09:32,327 [INFO] signals.stockity_http: Aggregated into 16 1m candles
2026-06-09 18:09:32,327 [INFO] signals.stockity_http: Signal for CRYPTO_IDX: WAIT 50% (score=50, EMA5↓EMA10; RSI0 OS; midLo)
2026-06-09 18:09:44,360 [INFO] httpx: HTTP Request: POST https://api.telegram.org/bot8343388239:AAFgeAkc9bvjywyCsHqRIa_RiJ6q-rp6uv0/getUpdates "HTTP/1.1 200 OK"
2026-06-09 18:10:15,050 [INFO] httpx: HTTP Request: POST https://api.telegram.org/bot8343388239:AAFgeAkc9bvjywyCsHqRIa_RiJ6q-rp6uv0/getUpdates "HTTP/1.1 200 OK"
2026-06-09 18:10:45,735 [INFO] httpx: HTTP Request: POST https://api.telegram.org/bot8343388239:AAFgeAkc9bvjywyCsHqRIa_RiJ6q-rp6uv0/getUpdates "HTTP/1.1 200 OK"
2026-06-09 18:11:16,420 [INFO] httpx: HTTP Request: POST https://api.telegram.org/bot8343388239:AAFgeAkc9bvjywyCsHqRIa_RiJ6q-rp6uv0/getUpdates "HTTP/1.1 200 OK"
2026-06-09 18:11:47,106 [INFO] httpx: HTTP Request: POST https://api.telegram.org/bot8343388239:AAFgeAkc9bvjywyCsHqRIa_RiJ6q-rp6uv0/getUpdates "HTTP/1.1 200 OK"
2026-06-09 18:12:17,794 [INFO] httpx: HTTP Request: POST https://api.telegram.org/bot8343388239:AAFgeAkc9bvjywyCsHqRIa_RiJ6q-rp6uv0/getUpdates "HTTP/1.1 200 OK"
2026-06-09 18:12:48,485 [INFO] httpx: HTTP Request: POST https://api.telegram.org/bot8343388239:AAFgeAkc9bvjywyCsHqRIa_RiJ6q-rp6uv0/getUpdates "HTTP/1.1 200 OK"
2026-06-09 18:13:19,178 [INFO] httpx: HTTP Request: POST https://api.telegram.org/bot8343388239:AAFgeAkc9bvjywyCsHqRIa_RiJ6q-rp6uv0/getUpdates "HTTP/1.1 200 OK"
2026-06-09 18:13:49,863 [INFO] httpx: HTTP Request: POST https://api.telegram.org/bot8343388239:AAFgeAkc9bvjywyCsHqRIa_RiJ6q-rp6uv0/getUpdates "HTTP/1.1 200 OK"
2026-06-09 18:14:08,038 [ERROR] subscription_bot.signaler: DerivSignaler connect error: No module named 'deriv'
2026-06-09 18:14:20,550 [INFO] httpx: HTTP Request: POST https://api.telegram.org/bot8343388239:AAFgeAkc9bvjywyCsHqRIa_RiJ6q-rp6uv0/getUpdates "HTTP/1.1 200 OK"
2026-06-09 18:14:32,512 [INFO] signals.stockity_http: Got 900 raw 1s candles for CRYPTO_IDX (Z-CRY/IDX)
2026-06-09 18:14:32,512 [INFO] signals.stockity_http: Aggregated into 16 1m candles
2026-06-09 18:14:32,513 [INFO] signals.stockity_http: Signal for CRYPTO_IDX: WAIT 50% (score=50, EMA5↓EMA10; RSI0 OS; midLo)
2026-06-09 18:14:51,238 [INFO] httpx: HTTP Request: POST https://api.telegram.org/bot8343388239:AAFgeAkc9bvjywyCsHqRIa_RiJ6q-rp6uv0/getUpdates "HTTP/1.1 200 OK"
2026-06-09 18:15:21,933 [INFO] httpx: HTTP Request: POST https://api.telegram.org/bot8343388239:AAFgeAkc9bvjywyCsHqRIa_RiJ6q-rp6uv0/getUpdates "HTTP/1.1 200 OK"
2026-06-09 18:15:52,619 [INFO] httpx: HTTP Request: POST https://api.telegram.org/bot8343388239:AAFgeAkc9bvjywyCsHqRIa_RiJ6q-rp6uv0/getUpdates "HTTP/1.1 200 OK"
2026-06-09 18:16:23,303 [INFO] httpx: HTTP Request: POST https://api.telegram.org/bot8343388239:AAFgeAkc9bvjywyCsHqRIa_RiJ6q-rp6uv0/getUpdates "HTTP/1.1 200 OK"
2026-06-09 18:16:53,989 [INFO] httpx: HTTP Request: POST https://api.telegram.org/bot8343388239:AAFgeAkc9bvjywyCsHqRIa_RiJ6q-rp6uv0/getUpdates "HTTP/1.1 200 OK"
2026-06-09 18:17:24,675 [INFO] httpx: HTTP Request: POST https://api.telegram.org/bot8343388239:AAFgeAkc9bvjywyCsHqRIa_RiJ6q-rp6uv0/getUpdates "HTTP/1.1 200 OK"
2026-06-09 18:17:55,360 [INFO] httpx: HTTP Request: POST https://api.telegram.org/bot8343388239:AAFgeAkc9bvjywyCsHqRIa_RiJ6q-rp6uv0/getUpdates "HTTP/1.1 200 OK"
2026-06-09 18:18:26,047 [INFO] httpx: HTTP Request: POST https://api.telegram.org/bot8343388239:AAFgeAkc9bvjywyCsHqRIa_RiJ6q-rp6uv0/getUpdates "HTTP/1.1 200 OK"
2026-06-09 18:18:57,116 [INFO] httpx: HTTP Request: POST https://api.telegram.org/bot8343388239:AAFgeAkc9bvjywyCsHqRIa_RiJ6q-rp6uv0/getUpdates "HTTP/1.1 200 OK"
2026-06-09 18:19:08,046 [ERROR] subscription_bot.signaler: DerivSignaler connect error: No module named 'deriv'
2026-06-09 18:19:27,803 [INFO] httpx: HTTP Request: POST https://api.telegram.org/bot8343388239:AAFgeAkc9bvjywyCsHqRIa_RiJ6q-rp6uv0/getUpdates "HTTP/1.1 200 OK"
2026-06-09 18:19:32,862 [INFO] signals.stockity_http: Got 900 raw 1s candles for CRYPTO_IDX (Z-CRY/IDX)
2026-06-09 18:19:32,862 [INFO] signals.stockity_http: Aggregated into 16 1m candles
2026-06-09 18:19:32,862 [INFO] signals.stockity_http: Signal for CRYPTO_IDX: CALL 64% (score=64, EMA5↑EMA10; RSI0 OS)
2026-06-09 18:19:32,862 [INFO] subscription_bot.signaler: NEW signal: CRYPTO_IDX CALL 64%
2026-06-09 18:19:33,681 [INFO] httpx: HTTP Request: POST https://api.telegram.org/bot8343388239:AAFgeAkc9bvjywyCsHqRIa_RiJ6q-rp6uv0/sendMessage "HTTP/1.1 200 OK"
2026-06-09 18:19:33,712 [INFO] subscription_bot.bot: Signal dispatched to 1/1 subscribers
2026-06-09 18:19:58,489 [INFO] httpx: HTTP Request: POST https://api.telegram.org/bot8343388239:AAFgeAkc9bvjywyCsHqRIa_RiJ6q-rp6uv0/getUpdates "HTTP/1.1 200 OK"
2026-06-09 18:20:29,177 [INFO] httpx: HTTP Request: POST https://api.telegram.org/bot8343388239:AAFgeAkc9bvjywyCsHqRIa_RiJ6q-rp6uv0/getUpdates "HTTP/1.1 200 OK"
2026-06-09 18:20:59,863 [INFO] httpx: HTTP Request: POST https://api.telegram.org/bot8343388239:AAFgeAkc9bvjywyCsHqRIa_RiJ6q-rp6uv0/getUpdates "HTTP/1.1 200 OK"
2026-06-09 18:21:30,548 [INFO] httpx: HTTP Request: POST https://api.telegram.org/bot8343388239:AAFgeAkc9bvjywyCsHqRIa_RiJ6q-rp6uv0/getUpdates "HTTP/1.1 200 OK"
2026-06-09 18:22:01,232 [INFO] httpx: HTTP Request: POST https://api.telegram.org/bot8343388239:AAFgeAkc9bvjywyCsHqRIa_RiJ6q-rp6uv0/getUpdates "HTTP/1.1 200 OK"
2026-06-09 18:22:31,918 [INFO] httpx: HTTP Request: POST https://api.telegram.org/bot8343388239:AAFgeAkc9bvjywyCsHqRIa_RiJ6q-rp6uv0/getUpdates "HTTP/1.1 200 OK"
2026-06-09 18:23:02,603 [INFO] httpx: HTTP Request: POST https://api.telegram.org/bot8343388239:AAFgeAkc9bvjywyCsHqRIa_RiJ6q-rp6uv0/getUpdates "HTTP/1.1 200 OK"
2026-06-09 18:23:33,289 [INFO] httpx: HTTP Request: POST https://api.telegram.org/bot8343388239:AAFgeAkc9bvjywyCsHqRIa_RiJ6q-rp6uv0/getUpdates "HTTP/1.1 200 OK"
2026-06-09 18:24:03,974 [INFO] httpx: HTTP Request: POST https://api.telegram.org/bot8343388239:AAFgeAkc9bvjywyCsHqRIa_RiJ6q-rp6uv0/getUpdates "HTTP/1.1 200 OK"
2026-06-09 18:24:08,050 [ERROR] subscription_bot.signaler: DerivSignaler connect error: No module named 'deriv'
2026-06-09 18:24:33,904 [INFO] signals.stockity_http: Got 900 raw 1s candles for CRYPTO_IDX (Z-CRY/IDX)
2026-06-09 18:24:33,904 [INFO] signals.stockity_http: Aggregated into 16 1m candles
2026-06-09 18:24:33,904 [INFO] signals.stockity_http: Signal for CRYPTO_IDX: CALL 64% (score=64, EMA5↑EMA10; RSI0 OS)
2026-06-09 18:24:34,659 [INFO] httpx: HTTP Request: POST https://api.telegram.org/bot8343388239:AAFgeAkc9bvjywyCsHqRIa_RiJ6q-rp6uv0/getUpdates "HTTP/1.1 200 OK"
2026-06-09 18:25:05,345 [INFO] httpx: HTTP Request: POST https://api.telegram.org/bot8343388239:AAFgeAkc9bvjywyCsHqRIa_RiJ6q-rp6uv0/getUpdates "HTTP/1.1 200 OK"
2026-06-09 18:25:36,031 [INFO] httpx: HTTP Request: POST https://api.telegram.org/bot8343388239:AAFgeAkc9bvjywyCsHqRIa_RiJ6q-rp6uv0/getUpdates "HTTP/1.1 200 OK"
2026-06-09 18:26:06,716 [INFO] httpx: HTTP Request: POST https://api.telegram.org/bot8343388239:AAFgeAkc9bvjywyCsHqRIa_RiJ6q-rp6uv0/getUpdates "HTTP/1.1 200 OK"
2026-06-09 18:26:37,402 [INFO] httpx: HTTP Request: POST https://api.telegram.org/bot8343388239:AAFgeAkc9bvjywyCsHqRIa_RiJ6q-rp6uv0/getUpdates "HTTP/1.1 200 OK"
2026-06-09 18:27:08,090 [INFO] httpx: HTTP Request: POST https://api.telegram.org/bot8343388239:AAFgeAkc9bvjywyCsHqRIa_RiJ6q-rp6uv0/getUpdates "HTTP/1.1 200 OK"
2026-06-09 18:27:38,778 [INFO] httpx: HTTP Request: POST https://api.telegram.org/bot8343388239:AAFgeAkc9bvjywyCsHqRIa_RiJ6q-rp6uv0/getUpdates "HTTP/1.1 200 OK"
2026-06-09 18:28:09,463 [INFO] httpx: HTTP Request: POST https://api.telegram.org/bot8343388239:AAFgeAkc9bvjywyCsHqRIa_RiJ6q-rp6uv0/getUpdates "HTTP/1.1 200 OK"
2026-06-09 18:28:40,150 [INFO] httpx: HTTP Request: POST https://api.telegram.org/bot8343388239:AAFgeAkc9bvjywyCsHqRIa_RiJ6q-rp6uv0/getUpdates "HTTP/1.1 200 OK"
2026-06-09 18:29:08,058 [ERROR] subscription_bot.signaler: DerivSignaler connect error: No module named 'deriv'
2026-06-09 18:29:10,835 [INFO] httpx: HTTP Request: POST https://api.telegram.org/bot8343388239:AAFgeAkc9bvjywyCsHqRIa_RiJ6q-rp6uv0/getUpdates "HTTP/1.1 200 OK"
2026-06-09 18:29:34,103 [INFO] signals.stockity_http: Got 900 raw 1s candles for CRYPTO_IDX (Z-CRY/IDX)
2026-06-09 18:29:34,104 [INFO] signals.stockity_http: Aggregated into 16 1m candles
2026-06-09 18:29:34,104 [INFO] signals.stockity_http: Signal for CRYPTO_IDX: CALL 64% (score=64, EMA5↑EMA10; RSI0 OS)
2026-06-09 18:29:41,900 [INFO] httpx: HTTP Request: POST https://api.telegram.org/bot8343388239:AAFgeAkc9bvjywyCsHqRIa_RiJ6q-rp6uv0/getUpdates "HTTP/1.1 200 OK"
2026-06-09 18:30:12,590 [INFO] httpx: HTTP Request: POST https://api.telegram.org/bot8343388239:AAFgeAkc9bvjywyCsHqRIa_RiJ6q-rp6uv0/getUpdates "HTTP/1.1 200 OK"
2026-06-09 18:30:43,278 [INFO] httpx: HTTP Request: POST https://api.telegram.org/bot8343388239:AAFgeAkc9bvjywyCsHqRIa_RiJ6q-rp6uv0/getUpdates "HTTP/1.1 200 OK"
2026-06-09 18:31:13,966 [INFO] httpx: HTTP Request: POST https://api.telegram.org/bot8343388239:AAFgeAkc9bvjywyCsHqRIa_RiJ6q-rp6uv0/getUpdates "HTTP/1.1 200 OK"
2026-06-09 18:31:44,653 [INFO] httpx: HTTP Request: POST https://api.telegram.org/bot8343388239:AAFgeAkc9bvjywyCsHqRIa_RiJ6q-rp6uv0/getUpdates "HTTP/1.1 200 OK"
2026-06-09 18:32:15,345 [INFO] httpx: HTTP Request: POST https://api.telegram.org/bot8343388239:AAFgeAkc9bvjywyCsHqRIa_RiJ6q-rp6uv0/getUpdates "HTTP/1.1 200 OK"
2026-06-09 18:32:46,037 [INFO] httpx: HTTP Request: POST https://api.telegram.org/bot8343388239:AAFgeAkc9bvjywyCsHqRIa_RiJ6q-rp6uv0/getUpdates "HTTP/1.1 200 OK"
2026-06-09 18:33:16,726 [INFO] httpx: HTTP Request: POST https://api.telegram.org/bot8343388239:AAFgeAkc9bvjywyCsHqRIa_RiJ6q-rp6uv0/getUpdates "HTTP/1.1 200 OK"
2026-06-09 18:33:47,415 [INFO] httpx: HTTP Request: POST https://api.telegram.org/bot8343388239:AAFgeAkc9bvjywyCsHqRIa_RiJ6q-rp6uv0/getUpdates "HTTP/1.1 200 OK"
2026-06-09 18:34:08,079 [ERROR] subscription_bot.signaler: DerivSignaler connect error: No module named 'deriv'
2026-06-09 18:34:18,102 [INFO] httpx: HTTP Request: POST https://api.telegram.org/bot8343388239:AAFgeAkc9bvjywyCsHqRIa_RiJ6q-rp6uv0/getUpdates "HTTP/1.1 200 OK"
2026-06-09 18:34:34,507 [INFO] signals.stockity_http: Got 900 raw 1s candles for CRYPTO_IDX (Z-CRY/IDX)
2026-06-09 18:34:34,508 [INFO] signals.stockity_http: Aggregated into 16 1m candles
2026-06-09 18:34:34,508 [INFO] signals.stockity_http: Signal for CRYPTO_IDX: WAIT 54% (score=46, EMA5↓EMA10; RSI0 OS; pinTop)
2026-06-09 18:34:48,790 [INFO] httpx: HTTP Request: POST https://api.telegram.org/bot8343388239:AAFgeAkc9bvjywyCsHqRIa_RiJ6q-rp6uv0/getUpdates "HTTP/1.1 200 OK"
2026-06-09 18:35:19,478 [INFO] httpx: HTTP Request: POST https://api.telegram.org/bot8343388239:AAFgeAkc9bvjywyCsHqRIa_RiJ6q-rp6uv0/getUpdates "HTTP/1.1 200 OK"
2026-06-09 18:35:50,166 [INFO] httpx: HTTP Request: POST https://api.telegram.org/bot8343388239:AAFgeAkc9bvjywyCsHqRIa_RiJ6q-rp6uv0/getUpdates "HTTP/1.1 200 OK"
2026-06-09 18:36:20,860 [INFO] httpx: HTTP Request: POST https://api.telegram.org/bot8343388239:AAFgeAkc9bvjywyCsHqRIa_RiJ6q-rp6uv0/getUpdates "HTTP/1.1 200 OK"
2026-06-09 18:36:51,551 [INFO] httpx: HTTP Request: POST https://api.telegram.org/bot8343388239:AAFgeAkc9bvjywyCsHqRIa_RiJ6q-rp6uv0/getUpdates "HTTP/1.1 200 OK"
2026-06-09 18:37:22,239 [INFO] httpx: HTTP Request: POST https://api.telegram.org/bot8343388239:AAFgeAkc9bvjywyCsHqRIa_RiJ6q-rp6uv0/getUpdates "HTTP/1.1 200 OK"
2026-06-09 18:37:52,927 [INFO] httpx: HTTP Request: POST https://api.telegram.org/bot8343388239:AAFgeAkc9bvjywyCsHqRIa_RiJ6q-rp6uv0/getUpdates "HTTP/1.1 200 OK"
2026-06-09 18:38:23,614 [INFO] httpx: HTTP Request: POST https://api.telegram.org/bot8343388239:AAFgeAkc9bvjywyCsHqRIa_RiJ6q-rp6uv0/getUpdates "HTTP/1.1 200 OK"
2026-06-09 18:38:54,306 [INFO] httpx: HTTP Request: POST https://api.telegram.org/bot8343388239:AAFgeAkc9bvjywyCsHqRIa_RiJ6q-rp6uv0/getUpdates "HTTP/1.1 200 OK"
2026-06-09 18:39:08,090 [ERROR] subscription_bot.signaler: DerivSignaler connect error: No module named 'deriv'
2026-06-09 18:39:24,994 [INFO] httpx: HTTP Request: POST https://api.telegram.org/bot8343388239:AAFgeAkc9bvjywyCsHqRIa_RiJ6q-rp6uv0/getUpdates "HTTP/1.1 200 OK"
2026-06-09 18:39:34,695 [INFO] signals.stockity_http: Got 900 raw 1s candles for CRYPTO_IDX (Z-CRY/IDX)
2026-06-09 18:39:34,695 [INFO] signals.stockity_http: Aggregated into 16 1m candles
2026-06-09 18:39:34,695 [INFO] signals.stockity_http: Signal for CRYPTO_IDX: WAIT 54% (score=46, EMA5↓EMA10; RSI0 OS; pinTop)
2026-06-09 18:39:55,684 [INFO] httpx: HTTP Request: POST https://api.telegram.org/bot8343388239:AAFgeAkc9bvjywyCsHqRIa_RiJ6q-rp6uv0/getUpdates "HTTP/1.1 200 OK"
2026-06-09 18:40:26,372 [INFO] httpx: HTTP Request: POST https://api.telegram.org/bot8343388239:AAFgeAkc9bvjywyCsHqRIa_RiJ6q-rp6uv0/getUpdates "HTTP/1.1 200 OK"
2026-06-09 18:40:57,060 [INFO] httpx: HTTP Request: POST https://api.telegram.org/bot8343388239:AAFgeAkc9bvjywyCsHqRIa_RiJ6q-rp6uv0/getUpdates "HTTP/1.1 200 OK"
2026-06-09 18:41:27,748 [INFO] httpx: HTTP Request: POST https://api.telegram.org/bot8343388239:AAFgeAkc9bvjywyCsHqRIa_RiJ6q-rp6uv0/getUpdates "HTTP/1.1 200 OK"
2026-06-09 18:41:58,438 [INFO] httpx: HTTP Request: POST https://api.telegram.org/bot8343388239:AAFgeAkc9bvjywyCsHqRIa_RiJ6q-rp6uv0/getUpdates "HTTP/1.1 200 OK"
2026-06-09 18:42:29,127 [INFO] httpx: HTTP Request: POST https://api.telegram.org/bot8343388239:AAFgeAkc9bvjywyCsHqRIa_RiJ6q-rp6uv0/getUpdates "HTTP/1.1 200 OK"
2026-06-09 18:42:59,816 [INFO] httpx: HTTP Request: POST https://api.telegram.org/bot8343388239:AAFgeAkc9bvjywyCsHqRIa_RiJ6q-rp6uv0/getUpdates "HTTP/1.1 200 OK"
2026-06-09 18:43:30,505 [INFO] httpx: HTTP Request: POST https://api.telegram.org/bot8343388239:AAFgeAkc9bvjywyCsHqRIa_RiJ6q-rp6uv0/getUpdates "HTTP/1.1 200 OK"
2026-06-09 18:44:01,194 [INFO] httpx: HTTP Request: POST https://api.telegram.org/bot8343388239:AAFgeAkc9bvjywyCsHqRIa_RiJ6q-rp6uv0/getUpdates "HTTP/1.1 200 OK"
2026-06-09 18:44:08,094 [ERROR] subscription_bot.signaler: DerivSignaler connect error: No module named 'deriv'
2026-06-09 18:44:31,882 [INFO] httpx: HTTP Request: POST https://api.telegram.org/bot8343388239:AAFgeAkc9bvjywyCsHqRIa_RiJ6q-rp6uv0/getUpdates "HTTP/1.1 200 OK"
2026-06-09 18:44:34,878 [INFO] signals.stockity_http: Got 900 raw 1s candles for CRYPTO_IDX (Z-CRY/IDX)
2026-06-09 18:44:34,879 [INFO] signals.stockity_http: Aggregated into 16 1m candles
2026-06-09 18:44:34,879 [INFO] signals.stockity_http: Signal for CRYPTO_IDX: WAIT 54% (score=46, EMA5↓EMA10; RSI0 OS; pinTop)
2026-06-09 18:45:02,570 [INFO] httpx: HTTP Request: POST https://api.telegram.org/bot8343388239:AAFgeAkc9bvjywyCsHqRIa_RiJ6q-rp6uv0/getUpdates "HTTP/1.1 200 OK"
2026-06-09 18:45:33,258 [INFO] httpx: HTTP Request: POST https://api.telegram.org/bot8343388239:AAFgeAkc9bvjywyCsHqRIa_RiJ6q-rp6uv0/getUpdates "HTTP/1.1 200 OK"
2026-06-09 18:46:03,946 [INFO] httpx: HTTP Request: POST https://api.telegram.org/bot8343388239:AAFgeAkc9bvjywyCsHqRIa_RiJ6q-rp6uv0/getUpdates "HTTP/1.1 200 OK"
2026-06-09 18:46:34,634 [INFO] httpx: HTTP Request: POST https://api.telegram.org/bot8343388239:AAFgeAkc9bvjywyCsHqRIa_RiJ6q-rp6uv0/getUpdates "HTTP/1.1 200 OK"
2026-06-09 18:47:05,719 [INFO] httpx: HTTP Request: POST https://api.telegram.org/bot8343388239:AAFgeAkc9bvjywyCsHqRIa_RiJ6q-rp6uv0/getUpdates "HTTP/1.1 200 OK"
2026-06-09 18:47:36,408 [INFO] httpx: HTTP Request: POST https://api.telegram.org/bot8343388239:AAFgeAkc9bvjywyCsHqRIa_RiJ6q-rp6uv0/getUpdates "HTTP/1.1 200 OK"
2026-06-09 18:48:07,098 [INFO] httpx: HTTP Request: POST https://api.telegram.org/bot8343388239:AAFgeAkc9bvjywyCsHqRIa_RiJ6q-rp6uv0/getUpdates "HTTP/1.1 200 OK"
2026-06-09 18:48:37,786 [INFO] httpx: HTTP Request: POST https://api.telegram.org/bot8343388239:AAFgeAkc9bvjywyCsHqRIa_RiJ6q-rp6uv0/getUpdates "HTTP/1.1 200 OK"
2026-06-09 18:49:08,122 [ERROR] subscription_bot.signaler: DerivSignaler connect error: No module named 'deriv'
2026-06-09 18:49:08,474 [INFO] httpx: HTTP Request: POST https://api.telegram.org/bot8343388239:AAFgeAkc9bvjywyCsHqRIa_RiJ6q-rp6uv0/getUpdates "HTTP/1.1 200 OK"
2026-06-09 18:49:35,380 [INFO] signals.stockity_http: Got 900 raw 1s candles for CRYPTO_IDX (Z-CRY/IDX)
2026-06-09 18:49:35,381 [INFO] signals.stockity_http: Aggregated into 16 1m candles
2026-06-09 18:49:35,381 [INFO] signals.stockity_http: Signal for CRYPTO_IDX: WAIT 56% (score=56, EMA5↓EMA10; RSI0 OS; pinBot)
2026-06-09 18:49:39,166 [INFO] httpx: HTTP Request: POST https://api.telegram.org/bot8343388239:AAFgeAkc9bvjywyCsHqRIa_RiJ6q-rp6uv0/getUpdates "HTTP/1.1 200 OK"
2026-06-09 18:50:09,854 [INFO] httpx: HTTP Request: POST https://api.telegram.org/bot8343388239:AAFgeAkc9bvjywyCsHqRIa_RiJ6q-rp6uv0/getUpdates "HTTP/1.1 200 OK"
2026-06-09 18:50:40,544 [INFO] httpx: HTTP Request: POST https://api.telegram.org/bot8343388239:AAFgeAkc9bvjywyCsHqRIa_RiJ6q-rp6uv0/getUpdates "HTTP/1.1 200 OK"
2026-06-09 18:51:11,232 [INFO] httpx: HTTP Request: POST https://api.telegram.org/bot8343388239:AAFgeAkc9bvjywyCsHqRIa_RiJ6q-rp6uv0/getUpdates "HTTP/1.1 200 OK"
2026-06-09 18:51:41,920 [INFO] httpx: HTTP Request: POST https://api.telegram.org/bot8343388239:AAFgeAkc9bvjywyCsHqRIa_RiJ6q-rp6uv0/getUpdates "HTTP/1.1 200 OK"
2026-06-09 18:52:12,610 [INFO] httpx: HTTP Request: POST https://api.telegram.org/bot8343388239:AAFgeAkc9bvjywyCsHqRIa_RiJ6q-rp6uv0/getUpdates "HTTP/1.1 200 OK"
2026-06-09 18:52:43,324 [INFO] httpx: HTTP Request: POST https://api.telegram.org/bot8343388239:AAFgeAkc9bvjywyCsHqRIa_RiJ6q-rp6uv0/getUpdates "HTTP/1.1 200 OK"
2026-06-09 18:53:12,159 [INFO] httpx: HTTP Request: POST https://api.telegram.org/bot8343388239:AAFgeAkc9bvjywyCsHqRIa_RiJ6q-rp6uv0/getUpdates "HTTP/1.1 200 OK"
2026-06-09 18:53:12,162 [INFO] telegram.ext.Application: Application is stopping. This might take a moment.
2026-06-09 18:53:12,162 [INFO] telegram.ext.Application: Application.stop() complete
2026-06-09 18:53:12,876 [INFO] subscription_bot.database: Database path: /home/openclaw/projects/1ai-trade-bot/archive/old-bots/subscription-bot/subscription_bot.db
2026-06-09 18:53:12,876 [INFO] subscription_bot.signaler: DerivSignaler initialized (symbols: R_75, R_100, R_50, 1HZ50V)
2026-06-09 18:53:12,876 [INFO] subscription_bot.database: Database tables ready
2026-06-09 18:53:13,511 [INFO] httpx: HTTP Request: POST https://api.telegram.org/bot8343388239:AAFgeAkc9bvjywyCsHqRIa_RiJ6q-rp6uv0/getMe "HTTP/1.1 200 OK"
2026-06-09 18:53:13,512 [INFO] subscription_bot.signaler: Proactive signaler started
2026-06-09 18:53:13,512 [INFO] subscription_bot.signaler: DerivSignaler started
2026-06-09 18:53:13,513 [INFO] subscription_bot.payment: Tripay webhook listening on :8788
2026-06-09 18:53:13,513 [INFO] subscription_bot.bot: Tripay webhook started
2026-06-09 18:53:13,513 [INFO] subscription_bot.bot: Bot is running!
2026-06-09 18:53:13,513 [INFO] subscription_bot.signaler: Proactive signaler started (interval=300s, min_conf=62%)
2026-06-09 18:53:13,661 [INFO] signals.stockity_http: Got 900 raw 1s candles for CRYPTO_IDX (Z-CRY/IDX)
2026-06-09 18:53:13,662 [INFO] signals.stockity_http: Aggregated into 16 1m candles
2026-06-09 18:53:13,662 [INFO] signals.stockity_http: Signal for CRYPTO_IDX: WAIT 56% (score=56, EMA5↓EMA10; RSI0 OS; pinBot)
2026-06-09 18:53:14,321 [INFO] subscription_bot.signaler: DerivSignaler loop started (interval=300s, symbols=R_75, R_100, R_50, 1HZ50V)
2026-06-09 18:53:14,321 [ERROR] subscription_bot.signaler: DerivSignaler connect error: No module named 'deriv'
2026-06-09 18:53:14,694 [INFO] httpx: HTTP Request: POST https://api.telegram.org/bot8343388239:AAFgeAkc9bvjywyCsHqRIa_RiJ6q-rp6uv0/sendMessage "HTTP/1.1 200 OK"
2026-06-09 18:53:14,815 [WARNING] subscription_bot.signals.yahoo: Yahoo signal error for BTCUSD: name 'Signal' is not defined
2026-06-09 18:53:14,882 [INFO] httpx: HTTP Request: POST https://api.telegram.org/bot8343388239:AAFgeAkc9bvjywyCsHqRIa_RiJ6q-rp6uv0/deleteWebhook "HTTP/1.1 200 OK"
2026-06-09 18:53:14,883 [INFO] telegram.ext.Application: Application started
2026-06-09 18:53:14,950 [WARNING] subscription_bot.signals.yahoo: Yahoo signal error for ETHUSD: name 'Signal' is not defined
2026-06-09 18:53:15,092 [WARNING] subscription_bot.signals.yahoo: Yahoo signal error for XAUUSD: name 'Signal' is not defined
2026-06-09 18:53:15,239 [WARNING] subscription_bot.signals.yahoo: Yahoo signal error for USOIL: name 'Signal' is not defined
2026-06-09 18:53:15,365 [WARNING] subscription_bot.signals.yahoo: Yahoo signal error for EURUSD: name 'Signal' is not defined
2026-06-09 18:53:15,492 [WARNING] subscription_bot.signals.yahoo: Yahoo signal error for GBPUSD: name 'Signal' is not defined
2026-06-09 18:53:15,628 [WARNING] subscription_bot.signals.yahoo: Yahoo signal error for USDJPY: name 'Signal' is not defined
2026-06-09 18:53:45,451 [INFO] httpx: HTTP Request: POST https://api.telegram.org/bot8343388239:AAFgeAkc9bvjywyCsHqRIa_RiJ6q-rp6uv0/getUpdates "HTTP/1.1 200 OK"
2026-06-09 18:54:16,142 [INFO] httpx: HTTP Request: POST https://api.telegram.org/bot8343388239:AAFgeAkc9bvjywyCsHqRIa_RiJ6q-rp6uv0/getUpdates "HTTP/1.1 200 OK"
2026-06-09 18:54:46,838 [INFO] httpx: HTTP Request: POST https://api.telegram.org/bot8343388239:AAFgeAkc9bvjywyCsHqRIa_RiJ6q-rp6uv0/getUpdates "HTTP/1.1 200 OK"
2026-06-09 18:55:17,526 [INFO] httpx: HTTP Request: POST https://api.telegram.org/bot8343388239:AAFgeAkc9bvjywyCsHqRIa_RiJ6q-rp6uv0/getUpdates "HTTP/1.1 200 OK"
2026-06-09 18:55:48,218 [INFO] httpx: HTTP Request: POST https://api.telegram.org/bot8343388239:AAFgeAkc9bvjywyCsHqRIa_RiJ6q-rp6uv0/getUpdates "HTTP/1.1 200 OK"
2026-06-09 18:55:53,842 [INFO] httpx: HTTP Request: POST https://api.telegram.org/bot8343388239:AAFgeAkc9bvjywyCsHqRIa_RiJ6q-rp6uv0/getUpdates "HTTP/1.1 200 OK"
2026-06-09 18:55:53,843 [INFO] telegram.ext.Application: Application is stopping. This might take a moment.
2026-06-09 18:55:53,843 [INFO] telegram.ext.Application: Application.stop() complete
2026-06-09 18:55:54,221 [INFO] subscription_bot.database: Database path: /home/openclaw/projects/1ai-trade-bot/archive/old-bots/subscription-bot/subscription_bot.db
2026-06-09 18:55:54,221 [INFO] subscription_bot.signaler: DerivSignaler initialized (symbols: R_75, R_100, R_50, 1HZ50V)
2026-06-09 18:55:54,222 [INFO] subscription_bot.database: Database tables ready
2026-06-09 18:55:54,846 [INFO] httpx: HTTP Request: POST https://api.telegram.org/bot8343388239:AAFgeAkc9bvjywyCsHqRIa_RiJ6q-rp6uv0/getMe "HTTP/1.1 200 OK"
2026-06-09 18:55:54,847 [INFO] subscription_bot.signaler: Proactive signaler started
2026-06-09 18:55:54,847 [INFO] subscription_bot.signaler: DerivSignaler started
2026-06-09 18:55:54,847 [INFO] subscription_bot.payment: Tripay webhook listening on :8788
2026-06-09 18:55:54,847 [INFO] subscription_bot.bot: Tripay webhook started
2026-06-09 18:55:54,847 [INFO] subscription_bot.bot: Bot is running!
2026-06-09 18:55:54,848 [INFO] subscription_bot.signaler: Proactive signaler started (interval=300s, min_conf=62%)
2026-06-09 18:55:55,017 [INFO] signals.stockity_http: Got 900 raw 1s candles for CRYPTO_IDX (Z-CRY/IDX)
2026-06-09 18:55:55,017 [INFO] signals.stockity_http: Aggregated into 16 1m candles
2026-06-09 18:55:55,017 [INFO] signals.stockity_http: Signal for CRYPTO_IDX: WAIT 56% (score=56, EMA5↓EMA10; RSI0 OS; pinBot)
2026-06-09 18:55:55,483 [INFO] subscription_bot.signaler: DerivSignaler loop started (interval=300s, symbols=R_75, R_100, R_50, 1HZ50V)
2026-06-09 18:55:55,484 [ERROR] subscription_bot.signaler: DerivSignaler connect error: No module named 'deriv'
2026-06-09 18:55:55,858 [INFO] httpx: HTTP Request: POST https://api.telegram.org/bot8343388239:AAFgeAkc9bvjywyCsHqRIa_RiJ6q-rp6uv0/sendMessage "HTTP/1.1 200 OK"
2026-06-09 18:55:56,045 [INFO] httpx: HTTP Request: POST https://api.telegram.org/bot8343388239:AAFgeAkc9bvjywyCsHqRIa_RiJ6q-rp6uv0/deleteWebhook "HTTP/1.1 200 OK"
2026-06-09 18:55:56,046 [INFO] telegram.ext.Application: Application started
2026-06-09 18:56:26,617 [INFO] httpx: HTTP Request: POST https://api.telegram.org/bot8343388239:AAFgeAkc9bvjywyCsHqRIa_RiJ6q-rp6uv0/getUpdates "HTTP/1.1 200 OK"
2026-06-09 18:56:57,314 [INFO] httpx: HTTP Request: POST https://api.telegram.org/bot8343388239:AAFgeAkc9bvjywyCsHqRIa_RiJ6q-rp6uv0/getUpdates "HTTP/1.1 200 OK"
2026-06-09 18:57:21,207 [INFO] httpx: HTTP Request: POST https://api.telegram.org/bot8343388239:AAFgeAkc9bvjywyCsHqRIa_RiJ6q-rp6uv0/getUpdates "HTTP/1.1 200 OK"
2026-06-09 18:57:21,208 [INFO] telegram.ext.Application: Application is stopping. This might take a moment.
2026-06-09 18:57:21,208 [INFO] telegram.ext.Application: Application.stop() complete
2026-06-09 18:57:21,640 [INFO] subscription_bot.database: Database path: /home/openclaw/projects/1ai-trade-bot/archive/old-bots/subscription-bot/subscription_bot.db
2026-06-09 18:57:21,640 [INFO] subscription_bot.signaler: DerivSignaler initialized (symbols: R_75, R_100, R_50, 1HZ50V)
2026-06-09 18:57:21,641 [INFO] subscription_bot.database: Database tables ready
2026-06-09 18:57:22,273 [INFO] httpx: HTTP Request: POST https://api.telegram.org/bot8343388239:AAFgeAkc9bvjywyCsHqRIa_RiJ6q-rp6uv0/getMe "HTTP/1.1 200 OK"
2026-06-09 18:57:22,274 [INFO] subscription_bot.signaler: Proactive signaler started
2026-06-09 18:57:22,274 [INFO] subscription_bot.signaler: DerivSignaler started
2026-06-09 18:57:22,275 [INFO] subscription_bot.payment: Tripay webhook listening on :8788
2026-06-09 18:57:22,275 [INFO] subscription_bot.bot: Tripay webhook started
2026-06-09 18:57:22,275 [INFO] subscription_bot.bot: Bot is running!
2026-06-09 18:57:22,276 [INFO] subscription_bot.signaler: Proactive signaler started (interval=300s, min_conf=62%)
2026-06-09 18:57:22,431 [INFO] signals.stockity_http: Got 900 raw 1s candles for CRYPTO_IDX (Z-CRY/IDX)
2026-06-09 18:57:22,432 [INFO] signals.stockity_http: Aggregated into 16 1m candles
2026-06-09 18:57:22,432 [INFO] signals.stockity_http: Signal for CRYPTO_IDX: WAIT 56% (score=56, EMA5↓EMA10; RSI0 OS; pinBot)
2026-06-09 18:57:22,988 [INFO] subscription_bot.signaler: DerivSignaler loop started (interval=300s, symbols=R_75, R_100, R_50, 1HZ50V)
2026-06-09 18:57:22,989 [ERROR] subscription_bot.signaler: DerivSignaler connect error: No module named 'deriv'
2026-06-09 18:57:23,379 [INFO] httpx: HTTP Request: POST https://api.telegram.org/bot8343388239:AAFgeAkc9bvjywyCsHqRIa_RiJ6q-rp6uv0/sendMessage "HTTP/1.1 200 OK"
2026-06-09 18:57:23,573 [INFO] httpx: HTTP Request: POST https://api.telegram.org/bot8343388239:AAFgeAkc9bvjywyCsHqRIa_RiJ6q-rp6uv0/deleteWebhook "HTTP/1.1 200 OK"
2026-06-09 18:57:23,585 [INFO] telegram.ext.Application: Application started
2026-06-09 18:57:54,147 [INFO] httpx: HTTP Request: POST https://api.telegram.org/bot8343388239:AAFgeAkc9bvjywyCsHqRIa_RiJ6q-rp6uv0/getUpdates "HTTP/1.1 200 OK"
2026-06-09 18:58:24,838 [INFO] httpx: HTTP Request: POST https://api.telegram.org/bot8343388239:AAFgeAkc9bvjywyCsHqRIa_RiJ6q-rp6uv0/getUpdates "HTTP/1.1 200 OK"
2026-06-09 18:58:55,526 [INFO] httpx: HTTP Request: POST https://api.telegram.org/bot8343388239:AAFgeAkc9bvjywyCsHqRIa_RiJ6q-rp6uv0/getUpdates "HTTP/1.1 200 OK"
2026-06-09 18:59:16,022 [INFO] httpx: HTTP Request: POST https://api.telegram.org/bot8343388239:AAFgeAkc9bvjywyCsHqRIa_RiJ6q-rp6uv0/getUpdates "HTTP/1.1 200 OK"
2026-06-09 18:59:16,023 [INFO] telegram.ext.Application: Application is stopping. This might take a moment.
2026-06-09 18:59:16,023 [INFO] telegram.ext.Application: Application.stop() complete
2026-06-09 18:59:28,496 [INFO] subscription_bot.database: Database path: /home/openclaw/projects/1ai-trade-bot/archive/old-bots/subscription-bot/subscription_bot.db
2026-06-09 18:59:28,496 [INFO] subscription_bot.signaler: DerivSignaler initialized (symbols: R_75, R_100, R_50, 1HZ50V)
2026-06-09 18:59:28,498 [INFO] subscription_bot.database: Database tables ready
2026-06-09 18:59:29,204 [INFO] httpx: HTTP Request: POST https://api.telegram.org/bot8343388239:AAFgeAkc9bvjywyCsHqRIa_RiJ6q-rp6uv0/getMe "HTTP/1.1 200 OK"
2026-06-09 18:59:29,204 [INFO] subscription_bot.signaler: Proactive signaler started
2026-06-09 18:59:29,204 [INFO] subscription_bot.signaler: DerivSignaler started
2026-06-09 18:59:29,205 [INFO] subscription_bot.payment: Tripay webhook listening on :8788
2026-06-09 18:59:29,205 [INFO] subscription_bot.bot: Tripay webhook started
2026-06-09 18:59:29,205 [INFO] subscription_bot.bot: Bot is running!
2026-06-09 18:59:29,206 [INFO] subscription_bot.signaler: Proactive signaler started (interval=300s, min_conf=62%)
2026-06-09 18:59:29,370 [INFO] signals.stockity_http: Got 900 raw 1s candles for CRYPTO_IDX (Z-CRY/IDX)
2026-06-09 18:59:29,371 [INFO] signals.stockity_http: Aggregated into 16 1m candles
2026-06-09 18:59:29,371 [INFO] signals.stockity_http: Signal for CRYPTO_IDX: WAIT 56% (score=56, EMA5↓EMA10; RSI0 OS; pinBot)
2026-06-09 18:59:29,844 [INFO] subscription_bot.signaler: DerivSignaler loop started (interval=300s, symbols=R_75, R_100, R_50, 1HZ50V)
2026-06-09 18:59:29,845 [ERROR] subscription_bot.signaler: DerivSignaler connect error: No module named 'deriv'
2026-06-09 18:59:30,231 [INFO] httpx: HTTP Request: POST https://api.telegram.org/bot8343388239:AAFgeAkc9bvjywyCsHqRIa_RiJ6q-rp6uv0/sendMessage "HTTP/1.1 200 OK"
2026-06-09 18:59:30,418 [INFO] httpx: HTTP Request: POST https://api.telegram.org/bot8343388239:AAFgeAkc9bvjywyCsHqRIa_RiJ6q-rp6uv0/deleteWebhook "HTTP/1.1 200 OK"
2026-06-09 18:59:30,419 [INFO] telegram.ext.Application: Application started
2026-06-09 19:00:00,989 [INFO] httpx: HTTP Request: POST https://api.telegram.org/bot8343388239:AAFgeAkc9bvjywyCsHqRIa_RiJ6q-rp6uv0/getUpdates "HTTP/1.1 200 OK"
2026-06-09 19:00:31,693 [INFO] httpx: HTTP Request: POST https://api.telegram.org/bot8343388239:AAFgeAkc9bvjywyCsHqRIa_RiJ6q-rp6uv0/getUpdates "HTTP/1.1 200 OK"
2026-06-09 19:01:02,388 [INFO] httpx: HTTP Request: POST https://api.telegram.org/bot8343388239:AAFgeAkc9bvjywyCsHqRIa_RiJ6q-rp6uv0/getUpdates "HTTP/1.1 200 OK"
2026-06-09 19:01:33,080 [INFO] httpx: HTTP Request: POST https://api.telegram.org/bot8343388239:AAFgeAkc9bvjywyCsHqRIa_RiJ6q-rp6uv0/getUpdates "HTTP/1.1 200 OK"
2026-06-09 19:02:03,787 [INFO] httpx: HTTP Request: POST https://api.telegram.org/bot8343388239:AAFgeAkc9bvjywyCsHqRIa_RiJ6q-rp6uv0/getUpdates "HTTP/1.1 200 OK"
2026-06-09 19:02:34,479 [INFO] httpx: HTTP Request: POST https://api.telegram.org/bot8343388239:AAFgeAkc9bvjywyCsHqRIa_RiJ6q-rp6uv0/getUpdates "HTTP/1.1 200 OK"
2026-06-09 19:03:01,814 [INFO] httpx: HTTP Request: POST https://api.telegram.org/bot8343388239:AAFgeAkc9bvjywyCsHqRIa_RiJ6q-rp6uv0/getUpdates "HTTP/1.1 200 OK"
2026-06-09 19:03:01,815 [INFO] telegram.ext.Application: Application is stopping. This might take a moment.
2026-06-09 19:03:01,815 [INFO] telegram.ext.Application: Application.stop() complete
2026-06-09 19:03:02,241 [INFO] subscription_bot.database: Database path: /home/openclaw/projects/1ai-trade-bot/archive/old-bots/subscription-bot/subscription_bot.db
2026-06-09 19:03:02,242 [INFO] subscription_bot.signaler: DerivSignaler initialized (symbols: R_75, R_100, R_50, 1HZ50V)
2026-06-09 19:03:02,242 [INFO] subscription_bot.database: Database tables ready
2026-06-09 19:03:03,884 [INFO] httpx: HTTP Request: POST https://api.telegram.org/bot8343388239:AAFgeAkc9bvjywyCsHqRIa_RiJ6q-rp6uv0/getMe "HTTP/1.1 200 OK"
2026-06-09 19:03:03,885 [INFO] subscription_bot.signaler: Proactive signaler started
2026-06-09 19:03:03,885 [INFO] subscription_bot.signaler: DerivSignaler started
2026-06-09 19:03:03,886 [INFO] subscription_bot.payment: Tripay webhook listening on :8788
2026-06-09 19:03:03,886 [INFO] subscription_bot.bot: Tripay webhook started
2026-06-09 19:03:03,886 [INFO] subscription_bot.bot: Bot is running!
2026-06-09 19:03:03,886 [INFO] subscription_bot.signaler: Proactive signaler started (interval=300s, min_conf=62%)
2026-06-09 19:03:04,269 [INFO] signals.stockity_http: Got 900 raw 1s candles for CRYPTO_IDX (Z-CRY/IDX)
2026-06-09 19:03:04,269 [INFO] signals.stockity_http: Aggregated into 16 1m candles
2026-06-09 19:03:04,270 [INFO] signals.stockity_http: Signal for CRYPTO_IDX: WAIT 52% (score=52, EMA5↓EMA10; RSI0 OS)
2026-06-09 19:03:04,904 [INFO] subscription_bot.signaler: DerivSignaler loop started (interval=300s, symbols=R_75, R_100, R_50, 1HZ50V)
2026-06-09 19:03:04,905 [ERROR] subscription_bot.signaler: DerivSignaler connect error: No module named 'deriv'
2026-06-09 19:03:05,285 [INFO] httpx: HTTP Request: POST https://api.telegram.org/bot8343388239:AAFgeAkc9bvjywyCsHqRIa_RiJ6q-rp6uv0/sendMessage "HTTP/1.1 200 OK"
2026-06-09 19:03:05,480 [INFO] httpx: HTTP Request: POST https://api.telegram.org/bot8343388239:AAFgeAkc9bvjywyCsHqRIa_RiJ6q-rp6uv0/deleteWebhook "HTTP/1.1 200 OK"
2026-06-09 19:03:05,486 [INFO] telegram.ext.Application: Application started
2026-06-09 19:03:36,049 [INFO] httpx: HTTP Request: POST https://api.telegram.org/bot8343388239:AAFgeAkc9bvjywyCsHqRIa_RiJ6q-rp6uv0/getUpdates "HTTP/1.1 200 OK"
2026-06-09 19:04:06,737 [INFO] httpx: HTTP Request: POST https://api.telegram.org/bot8343388239:AAFgeAkc9bvjywyCsHqRIa_RiJ6q-rp6uv0/getUpdates "HTTP/1.1 200 OK"
2026-06-09 19:04:37,425 [INFO] httpx: HTTP Request: POST https://api.telegram.org/bot8343388239:AAFgeAkc9bvjywyCsHqRIa_RiJ6q-rp6uv0/getUpdates "HTTP/1.1 200 OK"
2026-06-09 19:05:08,115 [INFO] httpx: HTTP Request: POST https://api.telegram.org/bot8343388239:AAFgeAkc9bvjywyCsHqRIa_RiJ6q-rp6uv0/getUpdates "HTTP/1.1 200 OK"
2026-06-09 19:05:38,806 [INFO] httpx: HTTP Request: POST https://api.telegram.org/bot8343388239:AAFgeAkc9bvjywyCsHqRIa_RiJ6q-rp6uv0/getUpdates "HTTP/1.1 200 OK"
2026-06-09 19:06:09,503 [INFO] httpx: HTTP Request: POST https://api.telegram.org/bot8343388239:AAFgeAkc9bvjywyCsHqRIa_RiJ6q-rp6uv0/getUpdates "HTTP/1.1 200 OK"
2026-06-09 19:06:40,215 [INFO] httpx: HTTP Request: POST https://api.telegram.org/bot8343388239:AAFgeAkc9bvjywyCsHqRIa_RiJ6q-rp6uv0/getUpdates "HTTP/1.1 200 OK"
2026-06-09 19:07:10,905 [INFO] httpx: HTTP Request: POST https://api.telegram.org/bot8343388239:AAFgeAkc9bvjywyCsHqRIa_RiJ6q-rp6uv0/getUpdates "HTTP/1.1 200 OK"
2026-06-09 19:07:41,593 [INFO] httpx: HTTP Request: POST https://api.telegram.org/bot8343388239:AAFgeAkc9bvjywyCsHqRIa_RiJ6q-rp6uv0/getUpdates "HTTP/1.1 200 OK"
2026-06-09 19:08:04,932 [ERROR] subscription_bot.signaler: DerivSignaler connect error: No module named 'deriv'
2026-06-09 19:08:06,723 [INFO] signals.stockity_http: Got 900 raw 1s candles for CRYPTO_IDX (Z-CRY/IDX)
2026-06-09 19:08:06,723 [INFO] signals.stockity_http: Aggregated into 16 1m candles
2026-06-09 19:08:06,748 [INFO] signals.stockity_http: Signal for CRYPTO_IDX: WAIT 52% (score=52, EMA5↓EMA10; RSI0 OS)
2026-06-09 19:08:12,284 [INFO] httpx: HTTP Request: POST https://api.telegram.org/bot8343388239:AAFgeAkc9bvjywyCsHqRIa_RiJ6q-rp6uv0/getUpdates "HTTP/1.1 200 OK"
2026-06-09 19:08:42,973 [INFO] httpx: HTTP Request: POST https://api.telegram.org/bot8343388239:AAFgeAkc9bvjywyCsHqRIa_RiJ6q-rp6uv0/getUpdates "HTTP/1.1 200 OK"
2026-06-09 19:09:13,663 [INFO] httpx: HTTP Request: POST https://api.telegram.org/bot8343388239:AAFgeAkc9bvjywyCsHqRIa_RiJ6q-rp6uv0/getUpdates "HTTP/1.1 200 OK"
2026-06-09 19:09:44,353 [INFO] httpx: HTTP Request: POST https://api.telegram.org/bot8343388239:AAFgeAkc9bvjywyCsHqRIa_RiJ6q-rp6uv0/getUpdates "HTTP/1.1 200 OK"
2026-06-09 19:10:15,041 [INFO] httpx: HTTP Request: POST https://api.telegram.org/bot8343388239:AAFgeAkc9bvjywyCsHqRIa_RiJ6q-rp6uv0/getUpdates "HTTP/1.1 200 OK"
2026-06-09 19:10:45,729 [INFO] httpx: HTTP Request: POST https://api.telegram.org/bot8343388239:AAFgeAkc9bvjywyCsHqRIa_RiJ6q-rp6uv0/getUpdates "HTTP/1.1 200 OK"
2026-06-09 19:11:16,417 [INFO] httpx: HTTP Request: POST https://api.telegram.org/bot8343388239:AAFgeAkc9bvjywyCsHqRIa_RiJ6q-rp6uv0/getUpdates "HTTP/1.1 200 OK"
2026-06-09 19:11:47,106 [INFO] httpx: HTTP Request: POST https://api.telegram.org/bot8343388239:AAFgeAkc9bvjywyCsHqRIa_RiJ6q-rp6uv0/getUpdates "HTTP/1.1 200 OK"
2026-06-09 19:12:17,794 [INFO] httpx: HTTP Request: POST https://api.telegram.org/bot8343388239:AAFgeAkc9bvjywyCsHqRIa_RiJ6q-rp6uv0/getUpdates "HTTP/1.1 200 OK"
2026-06-09 19:12:48,483 [INFO] httpx: HTTP Request: POST https://api.telegram.org/bot8343388239:AAFgeAkc9bvjywyCsHqRIa_RiJ6q-rp6uv0/getUpdates "HTTP/1.1 200 OK"
2026-06-09 19:13:04,956 [ERROR] subscription_bot.signaler: DerivSignaler connect error: No module named 'deriv'
2026-06-09 19:13:08,151 [INFO] signals.stockity_http: Got 900 raw 1s candles for CRYPTO_IDX (Z-CRY/IDX)
2026-06-09 19:13:08,152 [INFO] signals.stockity_http: Aggregated into 16 1m candles
2026-06-09 19:13:08,152 [INFO] signals.stockity_http: Signal for CRYPTO_IDX: WAIT 52% (score=52, EMA5↓EMA10; RSI0 OS)
2026-06-09 19:13:19,175 [INFO] httpx: HTTP Request: POST https://api.telegram.org/bot8343388239:AAFgeAkc9bvjywyCsHqRIa_RiJ6q-rp6uv0/getUpdates "HTTP/1.1 200 OK"
2026-06-09 19:13:49,865 [INFO] httpx: HTTP Request: POST https://api.telegram.org/bot8343388239:AAFgeAkc9bvjywyCsHqRIa_RiJ6q-rp6uv0/getUpdates "HTTP/1.1 200 OK"
2026-06-09 19:14:20,552 [INFO] httpx: HTTP Request: POST https://api.telegram.org/bot8343388239:AAFgeAkc9bvjywyCsHqRIa_RiJ6q-rp6uv0/getUpdates "HTTP/1.1 200 OK"
2026-06-09 19:14:51,243 [INFO] httpx: HTTP Request: POST https://api.telegram.org/bot8343388239:AAFgeAkc9bvjywyCsHqRIa_RiJ6q-rp6uv0/getUpdates "HTTP/1.1 200 OK"
2026-06-09 19:15:21,932 [INFO] httpx: HTTP Request: POST https://api.telegram.org/bot8343388239:AAFgeAkc9bvjywyCsHqRIa_RiJ6q-rp6uv0/getUpdates "HTTP/1.1 200 OK"
2026-06-09 19:15:52,621 [INFO] httpx: HTTP Request: POST https://api.telegram.org/bot8343388239:AAFgeAkc9bvjywyCsHqRIa_RiJ6q-rp6uv0/getUpdates "HTTP/1.1 200 OK"
2026-06-09 19:16:23,310 [INFO] httpx: HTTP Request: POST https://api.telegram.org/bot8343388239:AAFgeAkc9bvjywyCsHqRIa_RiJ6q-rp6uv0/getUpdates "HTTP/1.1 200 OK"
2026-06-09 19:16:54,001 [INFO] httpx: HTTP Request: POST https://api.telegram.org/bot8343388239:AAFgeAkc9bvjywyCsHqRIa_RiJ6q-rp6uv0/getUpdates "HTTP/1.1 200 OK"
2026-06-09 19:17:24,690 [INFO] httpx: HTTP Request: POST https://api.telegram.org/bot8343388239:AAFgeAkc9bvjywyCsHqRIa_RiJ6q-rp6uv0/getUpdates "HTTP/1.1 200 OK"
2026-06-09 19:17:55,378 [INFO] httpx: HTTP Request: POST https://api.telegram.org/bot8343388239:AAFgeAkc9bvjywyCsHqRIa_RiJ6q-rp6uv0/getUpdates "HTTP/1.1 200 OK"
2026-06-09 19:18:04,966 [ERROR] subscription_bot.signaler: DerivSignaler connect error: No module named 'deriv'
2026-06-09 19:18:09,557 [INFO] signals.stockity_http: Got 900 raw 1s candles for CRYPTO_IDX (Z-CRY/IDX)
2026-06-09 19:18:09,557 [INFO] signals.stockity_http: Aggregated into 16 1m candles
2026-06-09 19:18:09,557 [INFO] signals.stockity_http: Signal for CRYPTO_IDX: WAIT 50% (score=50, EMA5↓EMA10; RSI0 OS; midLo)
2026-06-09 19:18:26,074 [INFO] httpx: HTTP Request: POST https://api.telegram.org/bot8343388239:AAFgeAkc9bvjywyCsHqRIa_RiJ6q-rp6uv0/getUpdates "HTTP/1.1 200 OK"
2026-06-09 19:18:56,765 [INFO] httpx: HTTP Request: POST https://api.telegram.org/bot8343388239:AAFgeAkc9bvjywyCsHqRIa_RiJ6q-rp6uv0/getUpdates "HTTP/1.1 200 OK"
2026-06-09 19:19:27,458 [INFO] httpx: HTTP Request: POST https://api.telegram.org/bot8343388239:AAFgeAkc9bvjywyCsHqRIa_RiJ6q-rp6uv0/getUpdates "HTTP/1.1 200 OK"
2026-06-09 19:19:58,149 [INFO] httpx: HTTP Request: POST https://api.telegram.org/bot8343388239:AAFgeAkc9bvjywyCsHqRIa_RiJ6q-rp6uv0/getUpdates "HTTP/1.1 200 OK"
2026-06-09 19:20:28,837 [INFO] httpx: HTTP Request: POST https://api.telegram.org/bot8343388239:AAFgeAkc9bvjywyCsHqRIa_RiJ6q-rp6uv0/getUpdates "HTTP/1.1 200 OK"
2026-06-09 19:20:59,525 [INFO] httpx: HTTP Request: POST https://api.telegram.org/bot8343388239:AAFgeAkc9bvjywyCsHqRIa_RiJ6q-rp6uv0/getUpdates "HTTP/1.1 200 OK"
2026-06-09 19:21:30,214 [INFO] httpx: HTTP Request: POST https://api.telegram.org/bot8343388239:AAFgeAkc9bvjywyCsHqRIa_RiJ6q-rp6uv0/getUpdates "HTTP/1.1 200 OK"
2026-06-09 19:22:00,903 [INFO] httpx: HTTP Request: POST https://api.telegram.org/bot8343388239:AAFgeAkc9bvjywyCsHqRIa_RiJ6q-rp6uv0/getUpdates "HTTP/1.1 200 OK"
2026-06-09 19:22:31,591 [INFO] httpx: HTTP Request: POST https://api.telegram.org/bot8343388239:AAFgeAkc9bvjywyCsHqRIa_RiJ6q-rp6uv0/getUpdates "HTTP/1.1 200 OK"
2026-06-09 19:23:02,678 [INFO] httpx: HTTP Request: POST https://api.telegram.org/bot8343388239:AAFgeAkc9bvjywyCsHqRIa_RiJ6q-rp6uv0/getUpdates "HTTP/1.1 200 OK"
2026-06-09 19:23:04,968 [ERROR] subscription_bot.signaler: DerivSignaler connect error: No module named 'deriv'
2026-06-09 19:23:10,711 [INFO] signals.stockity_http: Got 900 raw 1s candles for CRYPTO_IDX (Z-CRY/IDX)
2026-06-09 19:23:10,711 [INFO] signals.stockity_http: Aggregated into 16 1m candles
2026-06-09 19:23:10,712 [INFO] signals.stockity_http: Signal for CRYPTO_IDX: WAIT 50% (score=50, EMA5↓EMA10; RSI0 OS; midLo)
2026-06-09 19:23:33,371 [INFO] httpx: HTTP Request: POST https://api.telegram.org/bot8343388239:AAFgeAkc9bvjywyCsHqRIa_RiJ6q-rp6uv0/getUpdates "HTTP/1.1 200 OK"
2026-06-09 19:24:04,060 [INFO] httpx: HTTP Request: POST https://api.telegram.org/bot8343388239:AAFgeAkc9bvjywyCsHqRIa_RiJ6q-rp6uv0/getUpdates "HTTP/1.1 200 OK"
2026-06-09 19:24:34,749 [INFO] httpx: HTTP Request: POST https://api.telegram.org/bot8343388239:AAFgeAkc9bvjywyCsHqRIa_RiJ6q-rp6uv0/getUpdates "HTTP/1.1 200 OK"
2026-06-09 19:25:05,436 [INFO] httpx: HTTP Request: POST https://api.telegram.org/bot8343388239:AAFgeAkc9bvjywyCsHqRIa_RiJ6q-rp6uv0/getUpdates "HTTP/1.1 200 OK"
2026-06-09 19:25:36,124 [INFO] httpx: HTTP Request: POST https://api.telegram.org/bot8343388239:AAFgeAkc9bvjywyCsHqRIa_RiJ6q-rp6uv0/getUpdates "HTTP/1.1 200 OK"
2026-06-09 19:26:06,816 [INFO] httpx: HTTP Request: POST https://api.telegram.org/bot8343388239:AAFgeAkc9bvjywyCsHqRIa_RiJ6q-rp6uv0/getUpdates "HTTP/1.1 200 OK"
2026-06-09 19:26:37,507 [INFO] httpx: HTTP Request: POST https://api.telegram.org/bot8343388239:AAFgeAkc9bvjywyCsHqRIa_RiJ6q-rp6uv0/getUpdates "HTTP/1.1 200 OK"
2026-06-09 19:27:08,203 [INFO] httpx: HTTP Request: POST https://api.telegram.org/bot8343388239:AAFgeAkc9bvjywyCsHqRIa_RiJ6q-rp6uv0/getUpdates "HTTP/1.1 200 OK"
2026-06-09 19:27:38,892 [INFO] httpx: HTTP Request: POST https://api.telegram.org/bot8343388239:AAFgeAkc9bvjywyCsHqRIa_RiJ6q-rp6uv0/getUpdates "HTTP/1.1 200 OK"
2026-06-09 19:28:04,994 [ERROR] subscription_bot.signaler: DerivSignaler connect error: No module named 'deriv'
2026-06-09 19:28:09,580 [INFO] httpx: HTTP Request: POST https://api.telegram.org/bot8343388239:AAFgeAkc9bvjywyCsHqRIa_RiJ6q-rp6uv0/getUpdates "HTTP/1.1 200 OK"
2026-06-09 19:28:11,856 [INFO] signals.stockity_http: Got 900 raw 1s candles for CRYPTO_IDX (Z-CRY/IDX)
2026-06-09 19:28:11,857 [INFO] signals.stockity_http: Aggregated into 16 1m candles
2026-06-09 19:28:11,857 [INFO] signals.stockity_http: Signal for CRYPTO_IDX: WAIT 50% (score=50, EMA5↓EMA10; RSI0 OS; midLo)
2026-06-09 19:28:40,271 [INFO] httpx: HTTP Request: POST https://api.telegram.org/bot8343388239:AAFgeAkc9bvjywyCsHqRIa_RiJ6q-rp6uv0/getUpdates "HTTP/1.1 200 OK"
2026-06-09 19:29:10,960 [INFO] httpx: HTTP Request: POST https://api.telegram.org/bot8343388239:AAFgeAkc9bvjywyCsHqRIa_RiJ6q-rp6uv0/getUpdates "HTTP/1.1 200 OK"
2026-06-09 19:29:41,648 [INFO] httpx: HTTP Request: POST https://api.telegram.org/bot8343388239:AAFgeAkc9bvjywyCsHqRIa_RiJ6q-rp6uv0/getUpdates "HTTP/1.1 200 OK"
2026-06-09 19:30:12,337 [INFO] httpx: HTTP Request: POST https://api.telegram.org/bot8343388239:AAFgeAkc9bvjywyCsHqRIa_RiJ6q-rp6uv0/getUpdates "HTTP/1.1 200 OK"
2026-06-09 19:30:43,025 [INFO] httpx: HTTP Request: POST https://api.telegram.org/bot8343388239:AAFgeAkc9bvjywyCsHqRIa_RiJ6q-rp6uv0/getUpdates "HTTP/1.1 200 OK"
2026-06-09 19:31:13,714 [INFO] httpx: HTTP Request: POST https://api.telegram.org/bot8343388239:AAFgeAkc9bvjywyCsHqRIa_RiJ6q-rp6uv0/getUpdates "HTTP/1.1 200 OK"
2026-06-09 19:31:44,403 [INFO] httpx: HTTP Request: POST https://api.telegram.org/bot8343388239:AAFgeAkc9bvjywyCsHqRIa_RiJ6q-rp6uv0/getUpdates "HTTP/1.1 200 OK"
2026-06-09 19:32:15,091 [INFO] httpx: HTTP Request: POST https://api.telegram.org/bot8343388239:AAFgeAkc9bvjywyCsHqRIa_RiJ6q-rp6uv0/getUpdates "HTTP/1.1 200 OK"
2026-06-09 19:32:45,778 [INFO] httpx: HTTP Request: POST https://api.telegram.org/bot8343388239:AAFgeAkc9bvjywyCsHqRIa_RiJ6q-rp6uv0/getUpdates "HTTP/1.1 200 OK"
2026-06-09 19:33:05,011 [ERROR] subscription_bot.signaler: DerivSignaler connect error: No module named 'deriv'
2026-06-09 19:33:13,247 [INFO] signals.stockity_http: Got 900 raw 1s candles for CRYPTO_IDX (Z-CRY/IDX)
2026-06-09 19:33:13,248 [INFO] signals.stockity_http: Aggregated into 16 1m candles
2026-06-09 19:33:13,248 [INFO] signals.stockity_http: Signal for CRYPTO_IDX: WAIT 50% (score=50, EMA5↓EMA10; RSI0 OS; midLo)
2026-06-09 19:33:14,044 [INFO] subscription_bot.signaler: NEW signal: GBPUSD CALL 68%
2026-06-09 19:33:14,848 [INFO] httpx: HTTP Request: POST https://api.telegram.org/bot8343388239:AAFgeAkc9bvjywyCsHqRIa_RiJ6q-rp6uv0/sendMessage "HTTP/1.1 200 OK"
2026-06-09 19:33:14,882 [INFO] subscription_bot.bot: Signal dispatched to 1/1 subscribers
2026-06-09 19:33:16,467 [INFO] httpx: HTTP Request: POST https://api.telegram.org/bot8343388239:AAFgeAkc9bvjywyCsHqRIa_RiJ6q-rp6uv0/getUpdates "HTTP/1.1 200 OK"
2026-06-09 19:33:47,157 [INFO] httpx: HTTP Request: POST https://api.telegram.org/bot8343388239:AAFgeAkc9bvjywyCsHqRIa_RiJ6q-rp6uv0/getUpdates "HTTP/1.1 200 OK"
2026-06-09 19:34:17,851 [INFO] httpx: HTTP Request: POST https://api.telegram.org/bot8343388239:AAFgeAkc9bvjywyCsHqRIa_RiJ6q-rp6uv0/getUpdates "HTTP/1.1 200 OK"
2026-06-09 19:34:48,541 [INFO] httpx: HTTP Request: POST https://api.telegram.org/bot8343388239:AAFgeAkc9bvjywyCsHqRIa_RiJ6q-rp6uv0/getUpdates "HTTP/1.1 200 OK"
2026-06-09 19:35:19,231 [INFO] httpx: HTTP Request: POST https://api.telegram.org/bot8343388239:AAFgeAkc9bvjywyCsHqRIa_RiJ6q-rp6uv0/getUpdates "HTTP/1.1 200 OK"
2026-06-09 19:35:49,919 [INFO] httpx: HTTP Request: POST https://api.telegram.org/bot8343388239:AAFgeAkc9bvjywyCsHqRIa_RiJ6q-rp6uv0/getUpdates "HTTP/1.1 200 OK"
2026-06-09 19:36:20,608 [INFO] httpx: HTTP Request: POST https://api.telegram.org/bot8343388239:AAFgeAkc9bvjywyCsHqRIa_RiJ6q-rp6uv0/getUpdates "HTTP/1.1 200 OK"
2026-06-09 19:36:51,298 [INFO] httpx: HTTP Request: POST https://api.telegram.org/bot8343388239:AAFgeAkc9bvjywyCsHqRIa_RiJ6q-rp6uv0/getUpdates "HTTP/1.1 200 OK"
2026-06-09 19:37:21,989 [INFO] httpx: HTTP Request: POST https://api.telegram.org/bot8343388239:AAFgeAkc9bvjywyCsHqRIa_RiJ6q-rp6uv0/getUpdates "HTTP/1.1 200 OK"
2026-06-09 19:37:52,678 [INFO] httpx: HTTP Request: POST https://api.telegram.org/bot8343388239:AAFgeAkc9bvjywyCsHqRIa_RiJ6q-rp6uv0/getUpdates "HTTP/1.1 200 OK"
2026-06-09 19:38:05,023 [ERROR] subscription_bot.signaler: DerivSignaler connect error: No module named 'deriv'
2026-06-09 19:38:15,239 [INFO] signals.stockity_http: Got 900 raw 1s candles for CRYPTO_IDX (Z-CRY/IDX)
2026-06-09 19:38:15,239 [INFO] signals.stockity_http: Aggregated into 16 1m candles
2026-06-09 19:38:15,239 [INFO] signals.stockity_http: Signal for CRYPTO_IDX: WAIT 50% (score=50, EMA5↓EMA10; RSI0 OS; midLo)
2026-06-09 19:38:23,368 [INFO] httpx: HTTP Request: POST https://api.telegram.org/bot8343388239:AAFgeAkc9bvjywyCsHqRIa_RiJ6q-rp6uv0/getUpdates "HTTP/1.1 200 OK"
2026-06-09 19:38:54,057 [INFO] httpx: HTTP Request: POST https://api.telegram.org/bot8343388239:AAFgeAkc9bvjywyCsHqRIa_RiJ6q-rp6uv0/getUpdates "HTTP/1.1 200 OK"
2026-06-09 19:39:24,748 [INFO] httpx: HTTP Request: POST https://api.telegram.org/bot8343388239:AAFgeAkc9bvjywyCsHqRIa_RiJ6q-rp6uv0/getUpdates "HTTP/1.1 200 OK"
2026-06-09 19:39:55,438 [INFO] httpx: HTTP Request: POST https://api.telegram.org/bot8343388239:AAFgeAkc9bvjywyCsHqRIa_RiJ6q-rp6uv0/getUpdates "HTTP/1.1 200 OK"
2026-06-09 19:40:26,129 [INFO] httpx: HTTP Request: POST https://api.telegram.org/bot8343388239:AAFgeAkc9bvjywyCsHqRIa_RiJ6q-rp6uv0/getUpdates "HTTP/1.1 200 OK"
2026-06-09 19:40:56,818 [INFO] httpx: HTTP Request: POST https://api.telegram.org/bot8343388239:AAFgeAkc9bvjywyCsHqRIa_RiJ6q-rp6uv0/getUpdates "HTTP/1.1 200 OK"
2026-06-09 19:41:27,507 [INFO] httpx: HTTP Request: POST https://api.telegram.org/bot8343388239:AAFgeAkc9bvjywyCsHqRIa_RiJ6q-rp6uv0/getUpdates "HTTP/1.1 200 OK"
2026-06-09 19:41:58,200 [INFO] httpx: HTTP Request: POST https://api.telegram.org/bot8343388239:AAFgeAkc9bvjywyCsHqRIa_RiJ6q-rp6uv0/getUpdates "HTTP/1.1 200 OK"
2026-06-09 19:42:28,891 [INFO] httpx: HTTP Request: POST https://api.telegram.org/bot8343388239:AAFgeAkc9bvjywyCsHqRIa_RiJ6q-rp6uv0/getUpdates "HTTP/1.1 200 OK"
2026-06-09 19:42:59,579 [INFO] httpx: HTTP Request: POST https://api.telegram.org/bot8343388239:AAFgeAkc9bvjywyCsHqRIa_RiJ6q-rp6uv0/getUpdates "HTTP/1.1 200 OK"
2026-06-09 19:43:05,026 [ERROR] subscription_bot.signaler: DerivSignaler connect error: No module named 'deriv'
2026-06-09 19:43:17,437 [INFO] signals.stockity_http: Got 900 raw 1s candles for CRYPTO_IDX (Z-CRY/IDX)
2026-06-09 19:43:17,438 [INFO] signals.stockity_http: Aggregated into 16 1m candles
2026-06-09 19:43:17,438 [INFO] signals.stockity_http: Signal for CRYPTO_IDX: WAIT 50% (score=50, EMA5↓EMA10; RSI0 OS; midLo)
2026-06-09 19:43:30,268 [INFO] httpx: HTTP Request: POST https://api.telegram.org/bot8343388239:AAFgeAkc9bvjywyCsHqRIa_RiJ6q-rp6uv0/getUpdates "HTTP/1.1 200 OK"
2026-06-09 19:44:00,959 [INFO] httpx: HTTP Request: POST https://api.telegram.org/bot8343388239:AAFgeAkc9bvjywyCsHqRIa_RiJ6q-rp6uv0/getUpdates "HTTP/1.1 200 OK"
2026-06-09 19:44:31,648 [INFO] httpx: HTTP Request: POST https://api.telegram.org/bot8343388239:AAFgeAkc9bvjywyCsHqRIa_RiJ6q-rp6uv0/getUpdates "HTTP/1.1 200 OK"
2026-06-09 19:45:02,338 [INFO] httpx: HTTP Request: POST https://api.telegram.org/bot8343388239:AAFgeAkc9bvjywyCsHqRIa_RiJ6q-rp6uv0/getUpdates "HTTP/1.1 200 OK"
2026-06-09 19:45:33,026 [INFO] httpx: HTTP Request: POST https://api.telegram.org/bot8343388239:AAFgeAkc9bvjywyCsHqRIa_RiJ6q-rp6uv0/getUpdates "HTTP/1.1 200 OK"
2026-06-09 19:46:03,716 [INFO] httpx: HTTP Request: POST https://api.telegram.org/bot8343388239:AAFgeAkc9bvjywyCsHqRIa_RiJ6q-rp6uv0/getUpdates "HTTP/1.1 200 OK"
2026-06-09 19:46:34,408 [INFO] httpx: HTTP Request: POST https://api.telegram.org/bot8343388239:AAFgeAkc9bvjywyCsHqRIa_RiJ6q-rp6uv0/getUpdates "HTTP/1.1 200 OK"
2026-06-09 19:47:05,100 [INFO] httpx: HTTP Request: POST https://api.telegram.org/bot8343388239:AAFgeAkc9bvjywyCsHqRIa_RiJ6q-rp6uv0/getUpdates "HTTP/1.1 200 OK"
2026-06-09 19:47:35,790 [INFO] httpx: HTTP Request: POST https://api.telegram.org/bot8343388239:AAFgeAkc9bvjywyCsHqRIa_RiJ6q-rp6uv0/getUpdates "HTTP/1.1 200 OK"
2026-06-09 19:48:05,054 [ERROR] subscription_bot.signaler: DerivSignaler connect error: No module named 'deriv'
2026-06-09 19:48:06,480 [INFO] httpx: HTTP Request: POST https://api.telegram.org/bot8343388239:AAFgeAkc9bvjywyCsHqRIa_RiJ6q-rp6uv0/getUpdates "HTTP/1.1 200 OK"
2026-06-09 19:48:18,894 [INFO] signals.stockity_http: Got 900 raw 1s candles for CRYPTO_IDX (Z-CRY/IDX)
2026-06-09 19:48:18,894 [INFO] signals.stockity_http: Aggregated into 16 1m candles
2026-06-09 19:48:18,894 [INFO] signals.stockity_http: Signal for CRYPTO_IDX: CALL 72% (score=72, EMA5↑EMA10; RSI0 OS; pinBot)
2026-06-09 19:48:18,895 [INFO] subscription_bot.signaler: NEW signal: CRYPTO_IDX CALL 72%
2026-06-09 19:48:19,651 [INFO] httpx: HTTP Request: POST https://api.telegram.org/bot8343388239:AAFgeAkc9bvjywyCsHqRIa_RiJ6q-rp6uv0/sendMessage "HTTP/1.1 200 OK"
2026-06-09 19:48:19,683 [INFO] subscription_bot.bot: Signal dispatched to 1/1 subscribers
2026-06-09 19:48:37,170 [INFO] httpx: HTTP Request: POST https://api.telegram.org/bot8343388239:AAFgeAkc9bvjywyCsHqRIa_RiJ6q-rp6uv0/getUpdates "HTTP/1.1 200 OK"
2026-06-09 19:49:07,859 [INFO] httpx: HTTP Request: POST https://api.telegram.org/bot8343388239:AAFgeAkc9bvjywyCsHqRIa_RiJ6q-rp6uv0/getUpdates "HTTP/1.1 200 OK"
2026-06-09 19:49:38,551 [INFO] httpx: HTTP Request: POST https://api.telegram.org/bot8343388239:AAFgeAkc9bvjywyCsHqRIa_RiJ6q-rp6uv0/getUpdates "HTTP/1.1 200 OK"
2026-06-09 19:50:09,240 [INFO] httpx: HTTP Request: POST https://api.telegram.org/bot8343388239:AAFgeAkc9bvjywyCsHqRIa_RiJ6q-rp6uv0/getUpdates "HTTP/1.1 200 OK"
2026-06-09 19:50:40,353 [INFO] httpx: HTTP Request: POST https://api.telegram.org/bot8343388239:AAFgeAkc9bvjywyCsHqRIa_RiJ6q-rp6uv0/getUpdates "HTTP/1.1 200 OK"
2026-06-09 19:51:11,043 [INFO] httpx: HTTP Request: POST https://api.telegram.org/bot8343388239:AAFgeAkc9bvjywyCsHqRIa_RiJ6q-rp6uv0/getUpdates "HTTP/1.1 200 OK"
2026-06-09 19:51:41,731 [INFO] httpx: HTTP Request: POST https://api.telegram.org/bot8343388239:AAFgeAkc9bvjywyCsHqRIa_RiJ6q-rp6uv0/getUpdates "HTTP/1.1 200 OK"
2026-06-09 19:52:12,423 [INFO] httpx: HTTP Request: POST https://api.telegram.org/bot8343388239:AAFgeAkc9bvjywyCsHqRIa_RiJ6q-rp6uv0/getUpdates "HTTP/1.1 200 OK"
2026-06-09 19:52:43,113 [INFO] httpx: HTTP Request: POST https://api.telegram.org/bot8343388239:AAFgeAkc9bvjywyCsHqRIa_RiJ6q-rp6uv0/getUpdates "HTTP/1.1 200 OK"
2026-06-09 19:53:05,074 [ERROR] subscription_bot.signaler: DerivSignaler connect error: No module named 'deriv'
2026-06-09 19:53:13,804 [INFO] httpx: HTTP Request: POST https://api.telegram.org/bot8343388239:AAFgeAkc9bvjywyCsHqRIa_RiJ6q-rp6uv0/getUpdates "HTTP/1.1 200 OK"
2026-06-09 19:53:20,921 [INFO] signals.stockity_http: Got 900 raw 1s candles for CRYPTO_IDX (Z-CRY/IDX)
2026-06-09 19:53:20,922 [INFO] signals.stockity_http: Aggregated into 16 1m candles
2026-06-09 19:53:20,922 [INFO] signals.stockity_http: Signal for CRYPTO_IDX: CALL 72% (score=72, EMA5↑EMA10; RSI0 OS; pinBot)
2026-06-09 19:53:44,495 [INFO] httpx: HTTP Request: POST https://api.telegram.org/bot8343388239:AAFgeAkc9bvjywyCsHqRIa_RiJ6q-rp6uv0/getUpdates "HTTP/1.1 200 OK"
2026-06-09 19:54:15,184 [INFO] httpx: HTTP Request: POST https://api.telegram.org/bot8343388239:AAFgeAkc9bvjywyCsHqRIa_RiJ6q-rp6uv0/getUpdates "HTTP/1.1 200 OK"
2026-06-09 19:54:45,871 [INFO] httpx: HTTP Request: POST https://api.telegram.org/bot8343388239:AAFgeAkc9bvjywyCsHqRIa_RiJ6q-rp6uv0/getUpdates "HTTP/1.1 200 OK"
2026-06-09 19:55:16,559 [INFO] httpx: HTTP Request: POST https://api.telegram.org/bot8343388239:AAFgeAkc9bvjywyCsHqRIa_RiJ6q-rp6uv0/getUpdates "HTTP/1.1 200 OK"
2026-06-09 19:55:47,248 [INFO] httpx: HTTP Request: POST https://api.telegram.org/bot8343388239:AAFgeAkc9bvjywyCsHqRIa_RiJ6q-rp6uv0/getUpdates "HTTP/1.1 200 OK"
2026-06-09 19:56:17,938 [INFO] httpx: HTTP Request: POST https://api.telegram.org/bot8343388239:AAFgeAkc9bvjywyCsHqRIa_RiJ6q-rp6uv0/getUpdates "HTTP/1.1 200 OK"
2026-06-09 19:56:48,630 [INFO] httpx: HTTP Request: POST https://api.telegram.org/bot8343388239:AAFgeAkc9bvjywyCsHqRIa_RiJ6q-rp6uv0/getUpdates "HTTP/1.1 200 OK"
2026-06-09 19:57:19,320 [INFO] httpx: HTTP Request: POST https://api.telegram.org/bot8343388239:AAFgeAkc9bvjywyCsHqRIa_RiJ6q-rp6uv0/getUpdates "HTTP/1.1 200 OK"
2026-06-09 19:57:50,011 [INFO] httpx: HTTP Request: POST https://api.telegram.org/bot8343388239:AAFgeAkc9bvjywyCsHqRIa_RiJ6q-rp6uv0/getUpdates "HTTP/1.1 200 OK"
2026-06-09 19:58:05,086 [ERROR] subscription_bot.signaler: DerivSignaler connect error: No module named 'deriv'
2026-06-09 19:58:20,705 [INFO] httpx: HTTP Request: POST https://api.telegram.org/bot8343388239:AAFgeAkc9bvjywyCsHqRIa_RiJ6q-rp6uv0/getUpdates "HTTP/1.1 200 OK"
2026-06-09 19:58:22,089 [INFO] signals.stockity_http: Got 900 raw 1s candles for CRYPTO_IDX (Z-CRY/IDX)
2026-06-09 19:58:22,090 [INFO] signals.stockity_http: Aggregated into 16 1m candles
2026-06-09 19:58:22,090 [INFO] signals.stockity_http: Signal for CRYPTO_IDX: CALL 72% (score=72, EMA5↑EMA10; RSI0 OS; pinBot)
2026-06-09 19:58:51,392 [INFO] httpx: HTTP Request: POST https://api.telegram.org/bot8343388239:AAFgeAkc9bvjywyCsHqRIa_RiJ6q-rp6uv0/getUpdates "HTTP/1.1 200 OK"
2026-06-09 19:59:22,139 [INFO] httpx: HTTP Request: POST https://api.telegram.org/bot8343388239:AAFgeAkc9bvjywyCsHqRIa_RiJ6q-rp6uv0/getUpdates "HTTP/1.1 200 OK"
2026-06-09 19:59:52,828 [INFO] httpx: HTTP Request: POST https://api.telegram.org/bot8343388239:AAFgeAkc9bvjywyCsHqRIa_RiJ6q-rp6uv0/getUpdates "HTTP/1.1 200 OK"
2026-06-09 20:00:23,516 [INFO] httpx: HTTP Request: POST https://api.telegram.org/bot8343388239:AAFgeAkc9bvjywyCsHqRIa_RiJ6q-rp6uv0/getUpdates "HTTP/1.1 200 OK"
2026-06-09 20:00:54,204 [INFO] httpx: HTTP Request: POST https://api.telegram.org/bot8343388239:AAFgeAkc9bvjywyCsHqRIa_RiJ6q-rp6uv0/getUpdates "HTTP/1.1 200 OK"
2026-06-09 20:01:24,895 [INFO] httpx: HTTP Request: POST https://api.telegram.org/bot8343388239:AAFgeAkc9bvjywyCsHqRIa_RiJ6q-rp6uv0/getUpdates "HTTP/1.1 200 OK"
2026-06-09 20:01:55,594 [INFO] httpx: HTTP Request: POST https://api.telegram.org/bot8343388239:AAFgeAkc9bvjywyCsHqRIa_RiJ6q-rp6uv0/getUpdates "HTTP/1.1 200 OK"
2026-06-09 20:02:26,285 [INFO] httpx: HTTP Request: POST https://api.telegram.org/bot8343388239:AAFgeAkc9bvjywyCsHqRIa_RiJ6q-rp6uv0/getUpdates "HTTP/1.1 200 OK"
2026-06-09 20:02:56,977 [INFO] httpx: HTTP Request: POST https://api.telegram.org/bot8343388239:AAFgeAkc9bvjywyCsHqRIa_RiJ6q-rp6uv0/getUpdates "HTTP/1.1 200 OK"
2026-06-09 20:03:05,094 [ERROR] subscription_bot.signaler: DerivSignaler connect error: No module named 'deriv'
2026-06-09 20:03:23,577 [INFO] signals.stockity_http: Got 900 raw 1s candles for CRYPTO_IDX (Z-CRY/IDX)
2026-06-09 20:03:23,577 [INFO] signals.stockity_http: Aggregated into 16 1m candles
2026-06-09 20:03:23,577 [INFO] signals.stockity_http: Signal for CRYPTO_IDX: CALL 66% (score=66, EMA5↑EMA10; RSI0 OS; midHi)
2026-06-09 20:03:27,665 [INFO] httpx: HTTP Request: POST https://api.telegram.org/bot8343388239:AAFgeAkc9bvjywyCsHqRIa_RiJ6q-rp6uv0/getUpdates "HTTP/1.1 200 OK"
2026-06-09 20:03:58,354 [INFO] httpx: HTTP Request: POST https://api.telegram.org/bot8343388239:AAFgeAkc9bvjywyCsHqRIa_RiJ6q-rp6uv0/getUpdates "HTTP/1.1 200 OK"
2026-06-09 20:04:29,472 [INFO] httpx: HTTP Request: POST https://api.telegram.org/bot8343388239:AAFgeAkc9bvjywyCsHqRIa_RiJ6q-rp6uv0/getUpdates "HTTP/1.1 200 OK"
2026-06-09 20:05:00,162 [INFO] httpx: HTTP Request: POST https://api.telegram.org/bot8343388239:AAFgeAkc9bvjywyCsHqRIa_RiJ6q-rp6uv0/getUpdates "HTTP/1.1 200 OK"
2026-06-09 20:05:30,854 [INFO] httpx: HTTP Request: POST https://api.telegram.org/bot8343388239:AAFgeAkc9bvjywyCsHqRIa_RiJ6q-rp6uv0/getUpdates "HTTP/1.1 200 OK"
2026-06-09 20:06:01,551 [INFO] httpx: HTTP Request: POST https://api.telegram.org/bot8343388239:AAFgeAkc9bvjywyCsHqRIa_RiJ6q-rp6uv0/getUpdates "HTTP/1.1 200 OK"
2026-06-09 20:06:32,241 [INFO] httpx: HTTP Request: POST https://api.telegram.org/bot8343388239:AAFgeAkc9bvjywyCsHqRIa_RiJ6q-rp6uv0/getUpdates "HTTP/1.1 200 OK"
2026-06-09 20:07:02,931 [INFO] httpx: HTTP Request: POST https://api.telegram.org/bot8343388239:AAFgeAkc9bvjywyCsHqRIa_RiJ6q-rp6uv0/getUpdates "HTTP/1.1 200 OK"
2026-06-09 20:07:33,626 [INFO] httpx: HTTP Request: POST https://api.telegram.org/bot8343388239:AAFgeAkc9bvjywyCsHqRIa_RiJ6q-rp6uv0/getUpdates "HTTP/1.1 200 OK"
2026-06-09 20:08:04,318 [INFO] httpx: HTTP Request: POST https://api.telegram.org/bot8343388239:AAFgeAkc9bvjywyCsHqRIa_RiJ6q-rp6uv0/getUpdates "HTTP/1.1 200 OK"
2026-06-09 20:08:05,095 [ERROR] subscription_bot.signaler: DerivSignaler connect error: No module named 'deriv'
2026-06-09 20:08:24,851 [INFO] signals.stockity_http: Got 900 raw 1s candles for CRYPTO_IDX (Z-CRY/IDX)
2026-06-09 20:08:24,852 [INFO] signals.stockity_http: Aggregated into 16 1m candles
2026-06-09 20:08:24,852 [INFO] signals.stockity_http: Signal for CRYPTO_IDX: CALL 66% (score=66, EMA5↑EMA10; RSI0 OS; midHi)
2026-06-09 20:08:35,011 [INFO] httpx: HTTP Request: POST https://api.telegram.org/bot8343388239:AAFgeAkc9bvjywyCsHqRIa_RiJ6q-rp6uv0/getUpdates "HTTP/1.1 200 OK"
2026-06-09 20:09:05,703 [INFO] httpx: HTTP Request: POST https://api.telegram.org/bot8343388239:AAFgeAkc9bvjywyCsHqRIa_RiJ6q-rp6uv0/getUpdates "HTTP/1.1 200 OK"
2026-06-09 20:09:36,398 [INFO] httpx: HTTP Request: POST https://api.telegram.org/bot8343388239:AAFgeAkc9bvjywyCsHqRIa_RiJ6q-rp6uv0/getUpdates "HTTP/1.1 200 OK"
2026-06-09 20:10:07,104 [INFO] httpx: HTTP Request: POST https://api.telegram.org/bot8343388239:AAFgeAkc9bvjywyCsHqRIa_RiJ6q-rp6uv0/getUpdates "HTTP/1.1 200 OK"
2026-06-09 20:10:37,793 [INFO] httpx: HTTP Request: POST https://api.telegram.org/bot8343388239:AAFgeAkc9bvjywyCsHqRIa_RiJ6q-rp6uv0/getUpdates "HTTP/1.1 200 OK"
2026-06-09 20:11:08,482 [INFO] httpx: HTTP Request: POST https://api.telegram.org/bot8343388239:AAFgeAkc9bvjywyCsHqRIa_RiJ6q-rp6uv0/getUpdates "HTTP/1.1 200 OK"
2026-06-09 20:11:39,171 [INFO] httpx: HTTP Request: POST https://api.telegram.org/bot8343388239:AAFgeAkc9bvjywyCsHqRIa_RiJ6q-rp6uv0/getUpdates "HTTP/1.1 200 OK"
2026-06-09 20:12:09,860 [INFO] httpx: HTTP Request: POST https://api.telegram.org/bot8343388239:AAFgeAkc9bvjywyCsHqRIa_RiJ6q-rp6uv0/getUpdates "HTTP/1.1 200 OK"
2026-06-09 20:12:40,550 [INFO] httpx: HTTP Request: POST https://api.telegram.org/bot8343388239:AAFgeAkc9bvjywyCsHqRIa_RiJ6q-rp6uv0/getUpdates "HTTP/1.1 200 OK"
2026-06-09 20:13:05,118 [ERROR] subscription_bot.signaler: DerivSignaler connect error: No module named 'deriv'
2026-06-09 20:13:11,243 [INFO] httpx: HTTP Request: POST https://api.telegram.org/bot8343388239:AAFgeAkc9bvjywyCsHqRIa_RiJ6q-rp6uv0/getUpdates "HTTP/1.1 200 OK"
2026-06-09 20:13:26,401 [INFO] signals.stockity_http: Got 900 raw 1s candles for CRYPTO_IDX (Z-CRY/IDX)
2026-06-09 20:13:26,402 [INFO] signals.stockity_http: Aggregated into 16 1m candles
2026-06-09 20:13:26,402 [INFO] signals.stockity_http: Signal for CRYPTO_IDX: CALL 66% (score=66, EMA5↑EMA10; RSI0 OS; midHi)
2026-06-09 20:13:41,933 [INFO] httpx: HTTP Request: POST https://api.telegram.org/bot8343388239:AAFgeAkc9bvjywyCsHqRIa_RiJ6q-rp6uv0/getUpdates "HTTP/1.1 200 OK"
2026-06-09 20:14:12,626 [INFO] httpx: HTTP Request: POST https://api.telegram.org/bot8343388239:AAFgeAkc9bvjywyCsHqRIa_RiJ6q-rp6uv0/getUpdates "HTTP/1.1 200 OK"
2026-06-09 20:14:43,317 [INFO] httpx: HTTP Request: POST https://api.telegram.org/bot8343388239:AAFgeAkc9bvjywyCsHqRIa_RiJ6q-rp6uv0/getUpdates "HTTP/1.1 200 OK"
2026-06-09 20:15:14,009 [INFO] httpx: HTTP Request: POST https://api.telegram.org/bot8343388239:AAFgeAkc9bvjywyCsHqRIa_RiJ6q-rp6uv0/getUpdates "HTTP/1.1 200 OK"
2026-06-09 20:15:44,701 [INFO] httpx: HTTP Request: POST https://api.telegram.org/bot8343388239:AAFgeAkc9bvjywyCsHqRIa_RiJ6q-rp6uv0/getUpdates "HTTP/1.1 200 OK"
2026-06-09 20:16:15,396 [INFO] httpx: HTTP Request: POST https://api.telegram.org/bot8343388239:AAFgeAkc9bvjywyCsHqRIa_RiJ6q-rp6uv0/getUpdates "HTTP/1.1 200 OK"
2026-06-09 20:16:46,101 [INFO] httpx: HTTP Request: POST https://api.telegram.org/bot8343388239:AAFgeAkc9bvjywyCsHqRIa_RiJ6q-rp6uv0/getUpdates "HTTP/1.1 200 OK"
2026-06-09 20:17:16,795 [INFO] httpx: HTTP Request: POST https://api.telegram.org/bot8343388239:AAFgeAkc9bvjywyCsHqRIa_RiJ6q-rp6uv0/getUpdates "HTTP/1.1 200 OK"
2026-06-09 20:17:47,489 [INFO] httpx: HTTP Request: POST https://api.telegram.org/bot8343388239:AAFgeAkc9bvjywyCsHqRIa_RiJ6q-rp6uv0/getUpdates "HTTP/1.1 200 OK"
2026-06-09 20:18:05,134 [ERROR] subscription_bot.signaler: DerivSignaler connect error: No module named 'deriv'
2026-06-09 20:18:18,199 [INFO] httpx: HTTP Request: POST https://api.telegram.org/bot8343388239:AAFgeAkc9bvjywyCsHqRIa_RiJ6q-rp6uv0/getUpdates "HTTP/1.1 200 OK"
2026-06-09 20:18:27,938 [INFO] signals.stockity_http: Got 900 raw 1s candles for CRYPTO_IDX (Z-CRY/IDX)
2026-06-09 20:18:27,938 [INFO] signals.stockity_http: Aggregated into 16 1m candles
2026-06-09 20:18:27,938 [INFO] signals.stockity_http: Signal for CRYPTO_IDX: WAIT 54% (score=46, EMA5↓EMA10; RSI0 OS; pinTop)
2026-06-09 20:18:29,307 [INFO] subscription_bot.signaler: NEW signal: USDJPY CALL 68%
2026-06-09 20:18:30,067 [INFO] httpx: HTTP Request: POST https://api.telegram.org/bot8343388239:AAFgeAkc9bvjywyCsHqRIa_RiJ6q-rp6uv0/sendMessage "HTTP/1.1 200 OK"
2026-06-09 20:18:30,098 [INFO] subscription_bot.bot: Signal dispatched to 1/1 subscribers
2026-06-09 20:18:48,888 [INFO] httpx: HTTP Request: POST https://api.telegram.org/bot8343388239:AAFgeAkc9bvjywyCsHqRIa_RiJ6q-rp6uv0/getUpdates "HTTP/1.1 200 OK"
2026-06-09 20:19:19,578 [INFO] httpx: HTTP Request: POST https://api.telegram.org/bot8343388239:AAFgeAkc9bvjywyCsHqRIa_RiJ6q-rp6uv0/getUpdates "HTTP/1.1 200 OK"
2026-06-09 20:19:50,274 [INFO] httpx: HTTP Request: POST https://api.telegram.org/bot8343388239:AAFgeAkc9bvjywyCsHqRIa_RiJ6q-rp6uv0/getUpdates "HTTP/1.1 200 OK"
2026-06-09 20:20:20,971 [INFO] httpx: HTTP Request: POST https://api.telegram.org/bot8343388239:AAFgeAkc9bvjywyCsHqRIa_RiJ6q-rp6uv0/getUpdates "HTTP/1.1 200 OK"
2026-06-09 20:20:51,666 [INFO] httpx: HTTP Request: POST https://api.telegram.org/bot8343388239:AAFgeAkc9bvjywyCsHqRIa_RiJ6q-rp6uv0/getUpdates "HTTP/1.1 200 OK"
2026-06-09 20:21:22,356 [INFO] httpx: HTTP Request: POST https://api.telegram.org/bot8343388239:AAFgeAkc9bvjywyCsHqRIa_RiJ6q-rp6uv0/getUpdates "HTTP/1.1 200 OK"
2026-06-09 20:21:53,049 [INFO] httpx: HTTP Request: POST https://api.telegram.org/bot8343388239:AAFgeAkc9bvjywyCsHqRIa_RiJ6q-rp6uv0/getUpdates "HTTP/1.1 200 OK"
2026-06-09 20:22:24,303 [INFO] subscription_bot.database: Database path: /home/openclaw/projects/1ai-trade-bot/bots/subscription-bot/subscription_bot.db
2026-06-09 20:22:24,303 [INFO] subscription_bot.signaler: DerivSignaler initialized (symbols: R_75, R_100, R_50, 1HZ50V)
2026-06-09 20:22:24,304 [INFO] subscription_bot.database: Database tables ready
2026-06-09 20:22:24,918 [INFO] httpx: HTTP Request: POST https://api.telegram.org/bot8343388239:AAFgeAkc9bvjywyCsHqRIa_RiJ6q-rp6uv0/getMe "HTTP/1.1 200 OK"
2026-06-09 20:22:24,919 [INFO] subscription_bot.signaler: Proactive signaler started
2026-06-09 20:22:24,919 [INFO] subscription_bot.signaler: DerivSignaler started
2026-06-09 20:22:24,920 [INFO] subscription_bot.payment: Tripay webhook listening on :8788
2026-06-09 20:22:24,920 [INFO] subscription_bot.bot: Tripay webhook started
2026-06-09 20:22:24,920 [INFO] subscription_bot.bot: Bot is running!
2026-06-09 20:22:24,920 [INFO] subscription_bot.signaler: Proactive signaler started (interval=300s, min_conf=62%)
2026-06-09 20:22:25,140 [INFO] signals.stockity_http: Got 900 raw 1s candles for CRYPTO_IDX (Z-CRY/IDX)
2026-06-09 20:22:25,140 [INFO] signals.stockity_http: Aggregated into 16 1m candles
2026-06-09 20:22:25,141 [INFO] signals.stockity_http: Signal for CRYPTO_IDX: WAIT 54% (score=46, EMA5↓EMA10; RSI0 OS; pinTop)
2026-06-09 20:22:25,778 [INFO] subscription_bot.signaler: DerivSignaler loop started (interval=300s, symbols=R_75, R_100, R_50, 1HZ50V)
2026-06-09 20:22:25,779 [ERROR] subscription_bot.signaler: DerivSignaler connect error: No module named 'deriv'
2026-06-09 20:22:26,156 [INFO] httpx: HTTP Request: POST https://api.telegram.org/bot8343388239:AAFgeAkc9bvjywyCsHqRIa_RiJ6q-rp6uv0/sendMessage "HTTP/1.1 200 OK"
2026-06-09 20:22:26,347 [INFO] httpx: HTTP Request: POST https://api.telegram.org/bot8343388239:AAFgeAkc9bvjywyCsHqRIa_RiJ6q-rp6uv0/deleteWebhook "HTTP/1.1 200 OK"
2026-06-09 20:22:26,367 [INFO] telegram.ext.Application: Application started
2026-06-09 20:22:56,937 [INFO] httpx: HTTP Request: POST https://api.telegram.org/bot8343388239:AAFgeAkc9bvjywyCsHqRIa_RiJ6q-rp6uv0/getUpdates "HTTP/1.1 200 OK"
2026-06-09 20:23:27,632 [INFO] httpx: HTTP Request: POST https://api.telegram.org/bot8343388239:AAFgeAkc9bvjywyCsHqRIa_RiJ6q-rp6uv0/getUpdates "HTTP/1.1 200 OK"
2026-06-09 20:23:58,325 [INFO] httpx: HTTP Request: POST https://api.telegram.org/bot8343388239:AAFgeAkc9bvjywyCsHqRIa_RiJ6q-rp6uv0/getUpdates "HTTP/1.1 200 OK"
2026-06-09 20:24:29,020 [INFO] httpx: HTTP Request: POST https://api.telegram.org/bot8343388239:AAFgeAkc9bvjywyCsHqRIa_RiJ6q-rp6uv0/getUpdates "HTTP/1.1 200 OK"
2026-06-09 20:24:59,708 [INFO] httpx: HTTP Request: POST https://api.telegram.org/bot8343388239:AAFgeAkc9bvjywyCsHqRIa_RiJ6q-rp6uv0/getUpdates "HTTP/1.1 200 OK"
2026-06-09 20:25:30,397 [INFO] httpx: HTTP Request: POST https://api.telegram.org/bot8343388239:AAFgeAkc9bvjywyCsHqRIa_RiJ6q-rp6uv0/getUpdates "HTTP/1.1 200 OK"
2026-06-09 20:26:01,090 [INFO] httpx: HTTP Request: POST https://api.telegram.org/bot8343388239:AAFgeAkc9bvjywyCsHqRIa_RiJ6q-rp6uv0/getUpdates "HTTP/1.1 200 OK"
2026-06-09 20:26:31,780 [INFO] httpx: HTTP Request: POST https://api.telegram.org/bot8343388239:AAFgeAkc9bvjywyCsHqRIa_RiJ6q-rp6uv0/getUpdates "HTTP/1.1 200 OK"
2026-06-09 20:27:02,483 [INFO] httpx: HTTP Request: POST https://api.telegram.org/bot8343388239:AAFgeAkc9bvjywyCsHqRIa_RiJ6q-rp6uv0/getUpdates "HTTP/1.1 200 OK"
2026-06-09 20:27:25,802 [ERROR] subscription_bot.signaler: DerivSignaler connect error: No module named 'deriv'
2026-06-09 20:27:28,008 [INFO] signals.stockity_http: Got 900 raw 1s candles for CRYPTO_IDX (Z-CRY/IDX)
2026-06-09 20:27:28,009 [INFO] signals.stockity_http: Aggregated into 16 1m candles
2026-06-09 20:27:28,009 [INFO] signals.stockity_http: Signal for CRYPTO_IDX: WAIT 54% (score=46, EMA5↓EMA10; RSI0 OS; pinTop)
2026-06-09 20:27:28,443 [INFO] subscription_bot.signaler: NEW signal: XAUUSD PUT 68%
2026-06-09 20:27:29,206 [INFO] httpx: HTTP Request: POST https://api.telegram.org/bot8343388239:AAFgeAkc9bvjywyCsHqRIa_RiJ6q-rp6uv0/sendMessage "HTTP/1.1 200 OK"
2026-06-09 20:27:29,237 [INFO] subscription_bot.bot: Signal dispatched to 1/1 subscribers
2026-06-09 20:27:29,796 [INFO] subscription_bot.signaler: NEW signal: USDJPY CALL 68%
2026-06-09 20:27:30,182 [INFO] httpx: HTTP Request: POST https://api.telegram.org/bot8343388239:AAFgeAkc9bvjywyCsHqRIa_RiJ6q-rp6uv0/sendMessage "HTTP/1.1 200 OK"
2026-06-09 20:27:30,213 [INFO] subscription_bot.bot: Signal dispatched to 1/1 subscribers
2026-06-09 20:27:33,176 [INFO] httpx: HTTP Request: POST https://api.telegram.org/bot8343388239:AAFgeAkc9bvjywyCsHqRIa_RiJ6q-rp6uv0/getUpdates "HTTP/1.1 200 OK"
2026-06-09 20:28:03,869 [INFO] httpx: HTTP Request: POST https://api.telegram.org/bot8343388239:AAFgeAkc9bvjywyCsHqRIa_RiJ6q-rp6uv0/getUpdates "HTTP/1.1 200 OK"
2026-06-09 20:28:34,563 [INFO] httpx: HTTP Request: POST https://api.telegram.org/bot8343388239:AAFgeAkc9bvjywyCsHqRIa_RiJ6q-rp6uv0/getUpdates "HTTP/1.1 200 OK"
2026-06-09 20:29:05,264 [INFO] httpx: HTTP Request: POST https://api.telegram.org/bot8343388239:AAFgeAkc9bvjywyCsHqRIa_RiJ6q-rp6uv0/getUpdates "HTTP/1.1 200 OK"
2026-06-09 20:29:35,950 [INFO] httpx: HTTP Request: POST https://api.telegram.org/bot8343388239:AAFgeAkc9bvjywyCsHqRIa_RiJ6q-rp6uv0/getUpdates "HTTP/1.1 200 OK"
2026-06-09 20:30:06,643 [INFO] httpx: HTTP Request: POST https://api.telegram.org/bot8343388239:AAFgeAkc9bvjywyCsHqRIa_RiJ6q-rp6uv0/getUpdates "HTTP/1.1 200 OK"
2026-06-09 20:30:37,337 [INFO] httpx: HTTP Request: POST https://api.telegram.org/bot8343388239:AAFgeAkc9bvjywyCsHqRIa_RiJ6q-rp6uv0/getUpdates "HTTP/1.1 200 OK"
2026-06-09 20:31:08,030 [INFO] httpx: HTTP Request: POST https://api.telegram.org/bot8343388239:AAFgeAkc9bvjywyCsHqRIa_RiJ6q-rp6uv0/getUpdates "HTTP/1.1 200 OK"
2026-06-09 20:31:38,725 [INFO] httpx: HTTP Request: POST https://api.telegram.org/bot8343388239:AAFgeAkc9bvjywyCsHqRIa_RiJ6q-rp6uv0/getUpdates "HTTP/1.1 200 OK"
2026-06-09 20:32:09,419 [INFO] httpx: HTTP Request: POST https://api.telegram.org/bot8343388239:AAFgeAkc9bvjywyCsHqRIa_RiJ6q-rp6uv0/getUpdates "HTTP/1.1 200 OK"
2026-06-09 20:32:25,818 [ERROR] subscription_bot.signaler: DerivSignaler connect error: No module named 'deriv'
2026-06-09 20:32:30,582 [INFO] signals.stockity_http: Got 900 raw 1s candles for CRYPTO_IDX (Z-CRY/IDX)
2026-06-09 20:32:30,582 [INFO] signals.stockity_http: Aggregated into 16 1m candles
2026-06-09 20:32:30,582 [INFO] signals.stockity_http: Signal for CRYPTO_IDX: WAIT 57% (score=57, EMA5↓EMA10; RSI0 OS; rangeBot)
2026-06-09 20:32:40,115 [INFO] httpx: HTTP Request: POST https://api.telegram.org/bot8343388239:AAFgeAkc9bvjywyCsHqRIa_RiJ6q-rp6uv0/getUpdates "HTTP/1.1 200 OK"
2026-06-09 20:33:10,808 [INFO] httpx: HTTP Request: POST https://api.telegram.org/bot8343388239:AAFgeAkc9bvjywyCsHqRIa_RiJ6q-rp6uv0/getUpdates "HTTP/1.1 200 OK"
2026-06-09 20:33:41,501 [INFO] httpx: HTTP Request: POST https://api.telegram.org/bot8343388239:AAFgeAkc9bvjywyCsHqRIa_RiJ6q-rp6uv0/getUpdates "HTTP/1.1 200 OK"
2026-06-09 20:34:12,188 [INFO] httpx: HTTP Request: POST https://api.telegram.org/bot8343388239:AAFgeAkc9bvjywyCsHqRIa_RiJ6q-rp6uv0/getUpdates "HTTP/1.1 200 OK"
2026-06-09 20:34:42,875 [INFO] httpx: HTTP Request: POST https://api.telegram.org/bot8343388239:AAFgeAkc9bvjywyCsHqRIa_RiJ6q-rp6uv0/getUpdates "HTTP/1.1 200 OK"
2026-06-09 20:35:13,588 [INFO] httpx: HTTP Request: POST https://api.telegram.org/bot8343388239:AAFgeAkc9bvjywyCsHqRIa_RiJ6q-rp6uv0/getUpdates "HTTP/1.1 200 OK"
2026-06-09 20:35:44,284 [INFO] httpx: HTTP Request: POST https://api.telegram.org/bot8343388239:AAFgeAkc9bvjywyCsHqRIa_RiJ6q-rp6uv0/getUpdates "HTTP/1.1 200 OK"
2026-06-09 20:36:14,974 [INFO] httpx: HTTP Request: POST https://api.telegram.org/bot8343388239:AAFgeAkc9bvjywyCsHqRIa_RiJ6q-rp6uv0/getUpdates "HTTP/1.1 200 OK"
2026-06-09 20:36:45,663 [INFO] httpx: HTTP Request: POST https://api.telegram.org/bot8343388239:AAFgeAkc9bvjywyCsHqRIa_RiJ6q-rp6uv0/getUpdates "HTTP/1.1 200 OK"
2026-06-09 20:37:16,355 [INFO] httpx: HTTP Request: POST https://api.telegram.org/bot8343388239:AAFgeAkc9bvjywyCsHqRIa_RiJ6q-rp6uv0/getUpdates "HTTP/1.1 200 OK"
2026-06-09 20:37:25,826 [ERROR] subscription_bot.signaler: DerivSignaler connect error: No module named 'deriv'
2026-06-09 20:37:33,062 [INFO] signals.stockity_http: Got 900 raw 1s candles for CRYPTO_IDX (Z-CRY/IDX)
2026-06-09 20:37:33,063 [INFO] signals.stockity_http: Aggregated into 16 1m candles
2026-06-09 20:37:33,063 [INFO] signals.stockity_http: Signal for CRYPTO_IDX: WAIT 57% (score=57, EMA5↓EMA10; RSI0 OS; rangeBot)
2026-06-09 20:37:47,042 [INFO] httpx: HTTP Request: POST https://api.telegram.org/bot8343388239:AAFgeAkc9bvjywyCsHqRIa_RiJ6q-rp6uv0/getUpdates "HTTP/1.1 200 OK"
2026-06-09 20:38:17,734 [INFO] httpx: HTTP Request: POST https://api.telegram.org/bot8343388239:AAFgeAkc9bvjywyCsHqRIa_RiJ6q-rp6uv0/getUpdates "HTTP/1.1 200 OK"
2026-06-09 20:38:48,422 [INFO] httpx: HTTP Request: POST https://api.telegram.org/bot8343388239:AAFgeAkc9bvjywyCsHqRIa_RiJ6q-rp6uv0/getUpdates "HTTP/1.1 200 OK"
2026-06-09 20:39:19,110 [INFO] httpx: HTTP Request: POST https://api.telegram.org/bot8343388239:AAFgeAkc9bvjywyCsHqRIa_RiJ6q-rp6uv0/getUpdates "HTTP/1.1 200 OK"
2026-06-09 20:39:49,798 [INFO] httpx: HTTP Request: POST https://api.telegram.org/bot8343388239:AAFgeAkc9bvjywyCsHqRIa_RiJ6q-rp6uv0/getUpdates "HTTP/1.1 200 OK"
2026-06-09 20:40:20,489 [INFO] httpx: HTTP Request: POST https://api.telegram.org/bot8343388239:AAFgeAkc9bvjywyCsHqRIa_RiJ6q-rp6uv0/getUpdates "HTTP/1.1 200 OK"
2026-06-09 20:40:51,178 [INFO] httpx: HTTP Request: POST https://api.telegram.org/bot8343388239:AAFgeAkc9bvjywyCsHqRIa_RiJ6q-rp6uv0/getUpdates "HTTP/1.1 200 OK"
2026-06-09 20:41:21,869 [INFO] httpx: HTTP Request: POST https://api.telegram.org/bot8343388239:AAFgeAkc9bvjywyCsHqRIa_RiJ6q-rp6uv0/getUpdates "HTTP/1.1 200 OK"
2026-06-09 20:41:52,563 [INFO] httpx: HTTP Request: POST https://api.telegram.org/bot8343388239:AAFgeAkc9bvjywyCsHqRIa_RiJ6q-rp6uv0/getUpdates "HTTP/1.1 200 OK"
2026-06-09 20:42:23,265 [INFO] httpx: HTTP Request: POST https://api.telegram.org/bot8343388239:AAFgeAkc9bvjywyCsHqRIa_RiJ6q-rp6uv0/getUpdates "HTTP/1.1 200 OK"
2026-06-09 20:42:25,831 [ERROR] subscription_bot.signaler: DerivSignaler connect error: No module named 'deriv'
2026-06-09 20:42:34,253 [INFO] signals.stockity_http: Got 900 raw 1s candles for CRYPTO_IDX (Z-CRY/IDX)
2026-06-09 20:42:34,254 [INFO] signals.stockity_http: Aggregated into 16 1m candles
2026-06-09 20:42:34,254 [INFO] signals.stockity_http: Signal for CRYPTO_IDX: WAIT 57% (score=57, EMA5↓EMA10; RSI0 OS; rangeBot)
2026-06-09 20:42:53,957 [INFO] httpx: HTTP Request: POST https://api.telegram.org/bot8343388239:AAFgeAkc9bvjywyCsHqRIa_RiJ6q-rp6uv0/getUpdates "HTTP/1.1 200 OK"
2026-06-09 20:43:24,654 [INFO] httpx: HTTP Request: POST https://api.telegram.org/bot8343388239:AAFgeAkc9bvjywyCsHqRIa_RiJ6q-rp6uv0/getUpdates "HTTP/1.1 200 OK"
2026-06-09 20:43:55,346 [INFO] httpx: HTTP Request: POST https://api.telegram.org/bot8343388239:AAFgeAkc9bvjywyCsHqRIa_RiJ6q-rp6uv0/getUpdates "HTTP/1.1 200 OK"
2026-06-09 20:44:26,043 [INFO] httpx: HTTP Request: POST https://api.telegram.org/bot8343388239:AAFgeAkc9bvjywyCsHqRIa_RiJ6q-rp6uv0/getUpdates "HTTP/1.1 200 OK"
2026-06-09 20:44:56,736 [INFO] httpx: HTTP Request: POST https://api.telegram.org/bot8343388239:AAFgeAkc9bvjywyCsHqRIa_RiJ6q-rp6uv0/getUpdates "HTTP/1.1 200 OK"
2026-06-09 20:45:27,424 [INFO] httpx: HTTP Request: POST https://api.telegram.org/bot8343388239:AAFgeAkc9bvjywyCsHqRIa_RiJ6q-rp6uv0/getUpdates "HTTP/1.1 200 OK"
2026-06-09 20:45:58,115 [INFO] httpx: HTTP Request: POST https://api.telegram.org/bot8343388239:AAFgeAkc9bvjywyCsHqRIa_RiJ6q-rp6uv0/getUpdates "HTTP/1.1 200 OK"
2026-06-09 20:46:28,806 [INFO] httpx: HTTP Request: POST https://api.telegram.org/bot8343388239:AAFgeAkc9bvjywyCsHqRIa_RiJ6q-rp6uv0/getUpdates "HTTP/1.1 200 OK"
2026-06-09 20:46:59,499 [INFO] httpx: HTTP Request: POST https://api.telegram.org/bot8343388239:AAFgeAkc9bvjywyCsHqRIa_RiJ6q-rp6uv0/getUpdates "HTTP/1.1 200 OK"
2026-06-09 20:47:25,854 [ERROR] subscription_bot.signaler: DerivSignaler connect error: No module named 'deriv'
2026-06-09 20:47:30,188 [INFO] httpx: HTTP Request: POST https://api.telegram.org/bot8343388239:AAFgeAkc9bvjywyCsHqRIa_RiJ6q-rp6uv0/getUpdates "HTTP/1.1 200 OK"
2026-06-09 20:47:35,852 [INFO] signals.stockity_http: Got 900 raw 1s candles for CRYPTO_IDX (Z-CRY/IDX)
2026-06-09 20:47:35,853 [INFO] signals.stockity_http: Aggregated into 16 1m candles
2026-06-09 20:47:35,853 [INFO] signals.stockity_http: Signal for CRYPTO_IDX: PUT 62% (score=38, EMA5↓EMA10; bearX; RSI0 OS)
2026-06-09 20:47:35,853 [INFO] subscription_bot.signaler: NEW signal: CRYPTO_IDX PUT 62%
2026-06-09 20:47:36,659 [INFO] httpx: HTTP Request: POST https://api.telegram.org/bot8343388239:AAFgeAkc9bvjywyCsHqRIa_RiJ6q-rp6uv0/sendMessage "HTTP/1.1 200 OK"
2026-06-09 20:47:36,690 [INFO] subscription_bot.bot: Signal dispatched to 1/1 subscribers
2026-06-09 20:48:00,879 [INFO] httpx: HTTP Request: POST https://api.telegram.org/bot8343388239:AAFgeAkc9bvjywyCsHqRIa_RiJ6q-rp6uv0/getUpdates "HTTP/1.1 200 OK"
2026-06-09 20:48:31,569 [INFO] httpx: HTTP Request: POST https://api.telegram.org/bot8343388239:AAFgeAkc9bvjywyCsHqRIa_RiJ6q-rp6uv0/getUpdates "HTTP/1.1 200 OK"
2026-06-09 20:49:02,258 [INFO] httpx: HTTP Request: POST https://api.telegram.org/bot8343388239:AAFgeAkc9bvjywyCsHqRIa_RiJ6q-rp6uv0/getUpdates "HTTP/1.1 200 OK"
2026-06-09 20:49:32,952 [INFO] httpx: HTTP Request: POST https://api.telegram.org/bot8343388239:AAFgeAkc9bvjywyCsHqRIa_RiJ6q-rp6uv0/getUpdates "HTTP/1.1 200 OK"
2026-06-09 20:50:03,640 [INFO] httpx: HTTP Request: POST https://api.telegram.org/bot8343388239:AAFgeAkc9bvjywyCsHqRIa_RiJ6q-rp6uv0/getUpdates "HTTP/1.1 200 OK"
2026-06-09 20:50:34,329 [INFO] httpx: HTTP Request: POST https://api.telegram.org/bot8343388239:AAFgeAkc9bvjywyCsHqRIa_RiJ6q-rp6uv0/getUpdates "HTTP/1.1 200 OK"
2026-06-09 20:51:05,023 [INFO] httpx: HTTP Request: POST https://api.telegram.org/bot8343388239:AAFgeAkc9bvjywyCsHqRIa_RiJ6q-rp6uv0/getUpdates "HTTP/1.1 200 OK"
2026-06-09 20:51:35,712 [INFO] httpx: HTTP Request: POST https://api.telegram.org/bot8343388239:AAFgeAkc9bvjywyCsHqRIa_RiJ6q-rp6uv0/getUpdates "HTTP/1.1 200 OK"
2026-06-09 20:52:06,400 [INFO] httpx: HTTP Request: POST https://api.telegram.org/bot8343388239:AAFgeAkc9bvjywyCsHqRIa_RiJ6q-rp6uv0/getUpdates "HTTP/1.1 200 OK"
2026-06-09 20:52:25,874 [ERROR] subscription_bot.signaler: DerivSignaler connect error: No module named 'deriv'
2026-06-09 20:52:37,094 [INFO] httpx: HTTP Request: POST https://api.telegram.org/bot8343388239:AAFgeAkc9bvjywyCsHqRIa_RiJ6q-rp6uv0/getUpdates "HTTP/1.1 200 OK"
2026-06-09 20:52:37,907 [INFO] signals.stockity_http: Got 900 raw 1s candles for CRYPTO_IDX (Z-CRY/IDX)
2026-06-09 20:52:37,907 [INFO] signals.stockity_http: Aggregated into 16 1m candles
2026-06-09 20:52:37,908 [INFO] signals.stockity_http: Signal for CRYPTO_IDX: PUT 62% (score=38, EMA5↓EMA10; bearX; RSI0 OS)
2026-06-09 20:53:07,785 [INFO] httpx: HTTP Request: POST https://api.telegram.org/bot8343388239:AAFgeAkc9bvjywyCsHqRIa_RiJ6q-rp6uv0/getUpdates "HTTP/1.1 200 OK"
2026-06-09 20:53:38,476 [INFO] httpx: HTTP Request: POST https://api.telegram.org/bot8343388239:AAFgeAkc9bvjywyCsHqRIa_RiJ6q-rp6uv0/getUpdates "HTTP/1.1 200 OK"
2026-06-09 20:54:09,170 [INFO] httpx: HTTP Request: POST https://api.telegram.org/bot8343388239:AAFgeAkc9bvjywyCsHqRIa_RiJ6q-rp6uv0/getUpdates "HTTP/1.1 200 OK"
2026-06-09 20:54:39,858 [INFO] httpx: HTTP Request: POST https://api.telegram.org/bot8343388239:AAFgeAkc9bvjywyCsHqRIa_RiJ6q-rp6uv0/getUpdates "HTTP/1.1 200 OK"
2026-06-09 20:55:10,553 [INFO] httpx: HTTP Request: POST https://api.telegram.org/bot8343388239:AAFgeAkc9bvjywyCsHqRIa_RiJ6q-rp6uv0/getUpdates "HTTP/1.1 200 OK"
2026-06-09 20:55:41,241 [INFO] httpx: HTTP Request: POST https://api.telegram.org/bot8343388239:AAFgeAkc9bvjywyCsHqRIa_RiJ6q-rp6uv0/getUpdates "HTTP/1.1 200 OK"
2026-06-09 20:56:11,933 [INFO] httpx: HTTP Request: POST https://api.telegram.org/bot8343388239:AAFgeAkc9bvjywyCsHqRIa_RiJ6q-rp6uv0/getUpdates "HTTP/1.1 200 OK"
2026-06-09 20:56:42,622 [INFO] httpx: HTTP Request: POST https://api.telegram.org/bot8343388239:AAFgeAkc9bvjywyCsHqRIa_RiJ6q-rp6uv0/getUpdates "HTTP/1.1 200 OK"
2026-06-09 20:57:13,320 [INFO] httpx: HTTP Request: POST https://api.telegram.org/bot8343388239:AAFgeAkc9bvjywyCsHqRIa_RiJ6q-rp6uv0/getUpdates "HTTP/1.1 200 OK"
2026-06-09 20:57:25,886 [ERROR] subscription_bot.signaler: DerivSignaler connect error: No module named 'deriv'
2026-06-09 20:57:39,119 [INFO] signals.stockity_http: Got 900 raw 1s candles for CRYPTO_IDX (Z-CRY/IDX)
2026-06-09 20:57:39,120 [INFO] signals.stockity_http: Aggregated into 16 1m candles
2026-06-09 20:57:39,120 [INFO] signals.stockity_http: Signal for CRYPTO_IDX: PUT 62% (score=38, EMA5↓EMA10; bearX; RSI0 OS)
2026-06-09 20:57:44,019 [INFO] httpx: HTTP Request: POST https://api.telegram.org/bot8343388239:AAFgeAkc9bvjywyCsHqRIa_RiJ6q-rp6uv0/getUpdates "HTTP/1.1 200 OK"
2026-06-09 20:58:14,712 [INFO] httpx: HTTP Request: POST https://api.telegram.org/bot8343388239:AAFgeAkc9bvjywyCsHqRIa_RiJ6q-rp6uv0/getUpdates "HTTP/1.1 200 OK"
2026-06-09 20:58:45,403 [INFO] httpx: HTTP Request: POST https://api.telegram.org/bot8343388239:AAFgeAkc9bvjywyCsHqRIa_RiJ6q-rp6uv0/getUpdates "HTTP/1.1 200 OK"
2026-06-09 20:59:16,091 [INFO] httpx: HTTP Request: POST https://api.telegram.org/bot8343388239:AAFgeAkc9bvjywyCsHqRIa_RiJ6q-rp6uv0/getUpdates "HTTP/1.1 200 OK"
2026-06-09 20:59:46,787 [INFO] httpx: HTTP Request: POST https://api.telegram.org/bot8343388239:AAFgeAkc9bvjywyCsHqRIa_RiJ6q-rp6uv0/getUpdates "HTTP/1.1 200 OK"
2026-06-09 21:00:17,474 [INFO] httpx: HTTP Request: POST https://api.telegram.org/bot8343388239:AAFgeAkc9bvjywyCsHqRIa_RiJ6q-rp6uv0/getUpdates "HTTP/1.1 200 OK"
2026-06-09 21:00:48,161 [INFO] httpx: HTTP Request: POST https://api.telegram.org/bot8343388239:AAFgeAkc9bvjywyCsHqRIa_RiJ6q-rp6uv0/getUpdates "HTTP/1.1 200 OK"
2026-06-09 21:01:18,850 [INFO] httpx: HTTP Request: POST https://api.telegram.org/bot8343388239:AAFgeAkc9bvjywyCsHqRIa_RiJ6q-rp6uv0/getUpdates "HTTP/1.1 200 OK"
2026-06-09 21:01:49,548 [INFO] httpx: HTTP Request: POST https://api.telegram.org/bot8343388239:AAFgeAkc9bvjywyCsHqRIa_RiJ6q-rp6uv0/getUpdates "HTTP/1.1 200 OK"
2026-06-09 21:02:20,238 [INFO] httpx: HTTP Request: POST https://api.telegram.org/bot8343388239:AAFgeAkc9bvjywyCsHqRIa_RiJ6q-rp6uv0/getUpdates "HTTP/1.1 200 OK"
2026-06-09 21:02:25,890 [ERROR] subscription_bot.signaler: DerivSignaler connect error: No module named 'deriv'
2026-06-09 21:02:40,701 [INFO] signals.stockity_http: Got 900 raw 1s candles for CRYPTO_IDX (Z-CRY/IDX)
2026-06-09 21:02:40,702 [INFO] signals.stockity_http: Aggregated into 16 1m candles
2026-06-09 21:02:40,702 [INFO] signals.stockity_http: Signal for CRYPTO_IDX: CALL 66% (score=66, EMA5↑EMA10; RSI0 OS; midHi)
2026-06-09 21:02:40,702 [INFO] subscription_bot.signaler: NEW signal: CRYPTO_IDX CALL 66%
2026-06-09 21:02:41,499 [INFO] httpx: HTTP Request: POST https://api.telegram.org/bot8343388239:AAFgeAkc9bvjywyCsHqRIa_RiJ6q-rp6uv0/sendMessage "HTTP/1.1 200 OK"
2026-06-09 21:02:41,531 [INFO] subscription_bot.bot: Signal dispatched to 1/1 subscribers
2026-06-09 21:02:42,494 [INFO] subscription_bot.signaler: NEW signal: GBPUSD CALL 68%
2026-06-09 21:02:42,892 [INFO] httpx: HTTP Request: POST https://api.telegram.org/bot8343388239:AAFgeAkc9bvjywyCsHqRIa_RiJ6q-rp6uv0/sendMessage "HTTP/1.1 200 OK"
2026-06-09 21:02:42,923 [INFO] subscription_bot.bot: Signal dispatched to 1/1 subscribers
2026-06-09 21:02:50,930 [INFO] httpx: HTTP Request: POST https://api.telegram.org/bot8343388239:AAFgeAkc9bvjywyCsHqRIa_RiJ6q-rp6uv0/getUpdates "HTTP/1.1 200 OK"
2026-06-09 21:03:21,620 [INFO] httpx: HTTP Request: POST https://api.telegram.org/bot8343388239:AAFgeAkc9bvjywyCsHqRIa_RiJ6q-rp6uv0/getUpdates "HTTP/1.1 200 OK"
2026-06-09 21:03:52,555 [INFO] httpx: HTTP Request: POST https://api.telegram.org/bot8343388239:AAFgeAkc9bvjywyCsHqRIa_RiJ6q-rp6uv0/getUpdates "HTTP/1.1 200 OK"
2026-06-09 21:04:23,244 [INFO] httpx: HTTP Request: POST https://api.telegram.org/bot8343388239:AAFgeAkc9bvjywyCsHqRIa_RiJ6q-rp6uv0/getUpdates "HTTP/1.1 200 OK"
2026-06-09 21:04:53,934 [INFO] httpx: HTTP Request: POST https://api.telegram.org/bot8343388239:AAFgeAkc9bvjywyCsHqRIa_RiJ6q-rp6uv0/getUpdates "HTTP/1.1 200 OK"
2026-06-09 21:05:24,628 [INFO] httpx: HTTP Request: POST https://api.telegram.org/bot8343388239:AAFgeAkc9bvjywyCsHqRIa_RiJ6q-rp6uv0/getUpdates "HTTP/1.1 200 OK"
2026-06-09 21:05:55,315 [INFO] httpx: HTTP Request: POST https://api.telegram.org/bot8343388239:AAFgeAkc9bvjywyCsHqRIa_RiJ6q-rp6uv0/getUpdates "HTTP/1.1 200 OK"
2026-06-09 21:06:26,017 [INFO] httpx: HTTP Request: POST https://api.telegram.org/bot8343388239:AAFgeAkc9bvjywyCsHqRIa_RiJ6q-rp6uv0/getUpdates "HTTP/1.1 200 OK"
2026-06-09 21:06:56,708 [INFO] httpx: HTTP Request: POST https://api.telegram.org/bot8343388239:AAFgeAkc9bvjywyCsHqRIa_RiJ6q-rp6uv0/getUpdates "HTTP/1.1 200 OK"
2026-06-09 21:07:25,918 [ERROR] subscription_bot.signaler: DerivSignaler connect error: No module named 'deriv'
2026-06-09 21:07:27,396 [INFO] httpx: HTTP Request: POST https://api.telegram.org/bot8343388239:AAFgeAkc9bvjywyCsHqRIa_RiJ6q-rp6uv0/getUpdates "HTTP/1.1 200 OK"
2026-06-09 21:07:43,469 [INFO] signals.stockity_http: Got 900 raw 1s candles for CRYPTO_IDX (Z-CRY/IDX)
2026-06-09 21:07:43,470 [INFO] signals.stockity_http: Aggregated into 16 1m candles
2026-06-09 21:07:43,470 [INFO] signals.stockity_http: Signal for CRYPTO_IDX: CALL 66% (score=66, EMA5↑EMA10; RSI0 OS; midHi)
2026-06-09 21:07:58,084 [INFO] httpx: HTTP Request: POST https://api.telegram.org/bot8343388239:AAFgeAkc9bvjywyCsHqRIa_RiJ6q-rp6uv0/getUpdates "HTTP/1.1 200 OK"
2026-06-09 21:08:28,777 [INFO] httpx: HTTP Request: POST https://api.telegram.org/bot8343388239:AAFgeAkc9bvjywyCsHqRIa_RiJ6q-rp6uv0/getUpdates "HTTP/1.1 200 OK"
2026-06-09 21:08:59,475 [INFO] httpx: HTTP Request: POST https://api.telegram.org/bot8343388239:AAFgeAkc9bvjywyCsHqRIa_RiJ6q-rp6uv0/getUpdates "HTTP/1.1 200 OK"
2026-06-09 21:09:30,164 [INFO] httpx: HTTP Request: POST https://api.telegram.org/bot8343388239:AAFgeAkc9bvjywyCsHqRIa_RiJ6q-rp6uv0/getUpdates "HTTP/1.1 200 OK"
2026-06-09 21:10:00,859 [INFO] httpx: HTTP Request: POST https://api.telegram.org/bot8343388239:AAFgeAkc9bvjywyCsHqRIa_RiJ6q-rp6uv0/getUpdates "HTTP/1.1 200 OK"
2026-06-09 21:10:31,964 [INFO] httpx: HTTP Request: POST https://api.telegram.org/bot8343388239:AAFgeAkc9bvjywyCsHqRIa_RiJ6q-rp6uv0/getUpdates "HTTP/1.1 200 OK"
2026-06-09 21:11:02,660 [INFO] httpx: HTTP Request: POST https://api.telegram.org/bot8343388239:AAFgeAkc9bvjywyCsHqRIa_RiJ6q-rp6uv0/getUpdates "HTTP/1.1 200 OK"
2026-06-09 21:11:33,352 [INFO] httpx: HTTP Request: POST https://api.telegram.org/bot8343388239:AAFgeAkc9bvjywyCsHqRIa_RiJ6q-rp6uv0/getUpdates "HTTP/1.1 200 OK"
2026-06-09 21:12:04,043 [INFO] httpx: HTTP Request: POST https://api.telegram.org/bot8343388239:AAFgeAkc9bvjywyCsHqRIa_RiJ6q-rp6uv0/getUpdates "HTTP/1.1 200 OK"
2026-06-09 21:12:25,942 [ERROR] subscription_bot.signaler: DerivSignaler connect error: No module named 'deriv'
2026-06-09 21:12:34,739 [INFO] httpx: HTTP Request: POST https://api.telegram.org/bot8343388239:AAFgeAkc9bvjywyCsHqRIa_RiJ6q-rp6uv0/getUpdates "HTTP/1.1 200 OK"
2026-06-09 21:12:44,736 [INFO] signals.stockity_http: Got 900 raw 1s candles for CRYPTO_IDX (Z-CRY/IDX)
2026-06-09 21:12:44,736 [INFO] signals.stockity_http: Aggregated into 16 1m candles
2026-06-09 21:12:44,736 [INFO] signals.stockity_http: Signal for CRYPTO_IDX: CALL 66% (score=66, EMA5↑EMA10; RSI0 OS; midHi)
2026-06-09 21:13:05,438 [INFO] httpx: HTTP Request: POST https://api.telegram.org/bot8343388239:AAFgeAkc9bvjywyCsHqRIa_RiJ6q-rp6uv0/getUpdates "HTTP/1.1 200 OK"
2026-06-09 21:13:36,535 [INFO] httpx: HTTP Request: POST https://api.telegram.org/bot8343388239:AAFgeAkc9bvjywyCsHqRIa_RiJ6q-rp6uv0/getUpdates "HTTP/1.1 200 OK"
2026-06-09 21:14:07,231 [INFO] httpx: HTTP Request: POST https://api.telegram.org/bot8343388239:AAFgeAkc9bvjywyCsHqRIa_RiJ6q-rp6uv0/getUpdates "HTTP/1.1 200 OK"
2026-06-09 21:14:37,922 [INFO] httpx: HTTP Request: POST https://api.telegram.org/bot8343388239:AAFgeAkc9bvjywyCsHqRIa_RiJ6q-rp6uv0/getUpdates "HTTP/1.1 200 OK"
2026-06-09 21:15:08,610 [INFO] httpx: HTTP Request: POST https://api.telegram.org/bot8343388239:AAFgeAkc9bvjywyCsHqRIa_RiJ6q-rp6uv0/getUpdates "HTTP/1.1 200 OK"
2026-06-09 21:15:39,299 [INFO] httpx: HTTP Request: POST https://api.telegram.org/bot8343388239:AAFgeAkc9bvjywyCsHqRIa_RiJ6q-rp6uv0/getUpdates "HTTP/1.1 200 OK"
2026-06-09 21:16:09,990 [INFO] httpx: HTTP Request: POST https://api.telegram.org/bot8343388239:AAFgeAkc9bvjywyCsHqRIa_RiJ6q-rp6uv0/getUpdates "HTTP/1.1 200 OK"
2026-06-09 21:16:40,683 [INFO] httpx: HTTP Request: POST https://api.telegram.org/bot8343388239:AAFgeAkc9bvjywyCsHqRIa_RiJ6q-rp6uv0/getUpdates "HTTP/1.1 200 OK"
2026-06-09 21:17:11,377 [INFO] httpx: HTTP Request: POST https://api.telegram.org/bot8343388239:AAFgeAkc9bvjywyCsHqRIa_RiJ6q-rp6uv0/getUpdates "HTTP/1.1 200 OK"
2026-06-09 21:17:25,958 [ERROR] subscription_bot.signaler: DerivSignaler connect error: No module named 'deriv'
2026-06-09 21:17:27,779 [INFO] httpx: HTTP Request: POST https://api.telegram.org/bot8343388239:AAFgeAkc9bvjywyCsHqRIa_RiJ6q-rp6uv0/getUpdates "HTTP/1.1 200 OK"
2026-06-09 21:17:28,539 [INFO] httpx: HTTP Request: POST https://api.telegram.org/bot8343388239:AAFgeAkc9bvjywyCsHqRIa_RiJ6q-rp6uv0/sendMessage "HTTP/1.1 200 OK"
2026-06-09 21:17:30,756 [INFO] httpx: HTTP Request: POST https://api.telegram.org/bot8343388239:AAFgeAkc9bvjywyCsHqRIa_RiJ6q-rp6uv0/getUpdates "HTTP/1.1 200 OK"
2026-06-09 21:17:31,114 [INFO] httpx: HTTP Request: POST https://api.telegram.org/bot8343388239:AAFgeAkc9bvjywyCsHqRIa_RiJ6q-rp6uv0/answerCallbackQuery "HTTP/1.1 200 OK"
2026-06-09 21:17:31,503 [INFO] httpx: HTTP Request: POST https://api.telegram.org/bot8343388239:AAFgeAkc9bvjywyCsHqRIa_RiJ6q-rp6uv0/editMessageText "HTTP/1.1 200 OK"
2026-06-09 21:17:43,737 [INFO] httpx: HTTP Request: POST https://api.telegram.org/bot8343388239:AAFgeAkc9bvjywyCsHqRIa_RiJ6q-rp6uv0/getUpdates "HTTP/1.1 200 OK"
2026-06-09 21:17:44,496 [INFO] httpx: HTTP Request: POST https://api.telegram.org/bot8343388239:AAFgeAkc9bvjywyCsHqRIa_RiJ6q-rp6uv0/sendMessage "HTTP/1.1 200 OK"
2026-06-09 21:17:46,084 [INFO] signals.stockity_http: Got 900 raw 1s candles for CRYPTO_IDX (Z-CRY/IDX)
2026-06-09 21:17:46,085 [INFO] signals.stockity_http: Aggregated into 16 1m candles
2026-06-09 21:17:46,085 [INFO] signals.stockity_http: Signal for CRYPTO_IDX: CALL 68% (score=68, EMA5↑EMA10; RSI0 OS; pinBot)
2026-06-09 21:18:14,429 [INFO] httpx: HTTP Request: POST https://api.telegram.org/bot8343388239:AAFgeAkc9bvjywyCsHqRIa_RiJ6q-rp6uv0/getUpdates "HTTP/1.1 200 OK"
2026-06-09 21:18:45,115 [INFO] httpx: HTTP Request: POST https://api.telegram.org/bot8343388239:AAFgeAkc9bvjywyCsHqRIa_RiJ6q-rp6uv0/getUpdates "HTTP/1.1 200 OK"
2026-06-09 21:19:15,812 [INFO] httpx: HTTP Request: POST https://api.telegram.org/bot8343388239:AAFgeAkc9bvjywyCsHqRIa_RiJ6q-rp6uv0/getUpdates "HTTP/1.1 200 OK"
2026-06-09 21:19:46,501 [INFO] httpx: HTTP Request: POST https://api.telegram.org/bot8343388239:AAFgeAkc9bvjywyCsHqRIa_RiJ6q-rp6uv0/getUpdates "HTTP/1.1 200 OK"
2026-06-09 21:20:17,201 [INFO] httpx: HTTP Request: POST https://api.telegram.org/bot8343388239:AAFgeAkc9bvjywyCsHqRIa_RiJ6q-rp6uv0/getUpdates "HTTP/1.1 200 OK"
2026-06-09 21:20:47,892 [INFO] httpx: HTTP Request: POST https://api.telegram.org/bot8343388239:AAFgeAkc9bvjywyCsHqRIa_RiJ6q-rp6uv0/getUpdates "HTTP/1.1 200 OK"
2026-06-09 21:21:18,582 [INFO] httpx: HTTP Request: POST https://api.telegram.org/bot8343388239:AAFgeAkc9bvjywyCsHqRIa_RiJ6q-rp6uv0/getUpdates "HTTP/1.1 200 OK"
2026-06-09 21:21:49,269 [INFO] httpx: HTTP Request: POST https://api.telegram.org/bot8343388239:AAFgeAkc9bvjywyCsHqRIa_RiJ6q-rp6uv0/getUpdates "HTTP/1.1 200 OK"
2026-06-09 21:22:19,964 [INFO] httpx: HTTP Request: POST https://api.telegram.org/bot8343388239:AAFgeAkc9bvjywyCsHqRIa_RiJ6q-rp6uv0/getUpdates "HTTP/1.1 200 OK"
2026-06-09 21:22:25,962 [ERROR] subscription_bot.signaler: DerivSignaler connect error: No module named 'deriv'
2026-06-09 21:22:48,281 [INFO] signals.stockity_http: Got 900 raw 1s candles for CRYPTO_IDX (Z-CRY/IDX)
2026-06-09 21:22:48,281 [INFO] signals.stockity_http: Aggregated into 16 1m candles
2026-06-09 21:22:48,282 [INFO] signals.stockity_http: Signal for CRYPTO_IDX: CALL 68% (score=68, EMA5↑EMA10; RSI0 OS; pinBot)
2026-06-09 21:22:49,093 [INFO] subscription_bot.signaler: NEW signal: USOIL CALL 68%
2026-06-09 21:22:49,893 [INFO] httpx: HTTP Request: POST https://api.telegram.org/bot8343388239:AAFgeAkc9bvjywyCsHqRIa_RiJ6q-rp6uv0/sendMessage "HTTP/1.1 200 OK"
2026-06-09 21:22:49,925 [INFO] subscription_bot.bot: Signal dispatched to 1/1 subscribers
2026-06-09 21:22:50,657 [INFO] httpx: HTTP Request: POST https://api.telegram.org/bot8343388239:AAFgeAkc9bvjywyCsHqRIa_RiJ6q-rp6uv0/getUpdates "HTTP/1.1 200 OK"
2026-06-09 21:23:21,345 [INFO] httpx: HTTP Request: POST https://api.telegram.org/bot8343388239:AAFgeAkc9bvjywyCsHqRIa_RiJ6q-rp6uv0/getUpdates "HTTP/1.1 200 OK"
2026-06-09 21:23:52,425 [INFO] httpx: HTTP Request: POST https://api.telegram.org/bot8343388239:AAFgeAkc9bvjywyCsHqRIa_RiJ6q-rp6uv0/getUpdates "HTTP/1.1 200 OK"
2026-06-09 21:24:23,121 [INFO] httpx: HTTP Request: POST https://api.telegram.org/bot8343388239:AAFgeAkc9bvjywyCsHqRIa_RiJ6q-rp6uv0/getUpdates "HTTP/1.1 200 OK"
2026-06-09 21:24:53,811 [INFO] httpx: HTTP Request: POST https://api.telegram.org/bot8343388239:AAFgeAkc9bvjywyCsHqRIa_RiJ6q-rp6uv0/getUpdates "HTTP/1.1 200 OK"
2026-06-09 21:25:24,505 [INFO] httpx: HTTP Request: POST https://api.telegram.org/bot8343388239:AAFgeAkc9bvjywyCsHqRIa_RiJ6q-rp6uv0/getUpdates "HTTP/1.1 200 OK"
2026-06-09 21:25:55,194 [INFO] httpx: HTTP Request: POST https://api.telegram.org/bot8343388239:AAFgeAkc9bvjywyCsHqRIa_RiJ6q-rp6uv0/getUpdates "HTTP/1.1 200 OK"
2026-06-09 21:26:25,891 [INFO] httpx: HTTP Request: POST https://api.telegram.org/bot8343388239:AAFgeAkc9bvjywyCsHqRIa_RiJ6q-rp6uv0/getUpdates "HTTP/1.1 200 OK"
2026-06-09 21:26:56,588 [INFO] httpx: HTTP Request: POST https://api.telegram.org/bot8343388239:AAFgeAkc9bvjywyCsHqRIa_RiJ6q-rp6uv0/getUpdates "HTTP/1.1 200 OK"
2026-06-09 21:27:25,990 [ERROR] subscription_bot.signaler: DerivSignaler connect error: No module named 'deriv'
2026-06-09 21:27:27,324 [INFO] httpx: HTTP Request: POST https://api.telegram.org/bot8343388239:AAFgeAkc9bvjywyCsHqRIa_RiJ6q-rp6uv0/getUpdates "HTTP/1.1 200 OK"
2026-06-09 21:27:50,702 [INFO] signals.stockity_http: Got 900 raw 1s candles for CRYPTO_IDX (Z-CRY/IDX)
2026-06-09 21:27:50,702 [INFO] signals.stockity_http: Aggregated into 16 1m candles
2026-06-09 21:27:50,703 [INFO] signals.stockity_http: Signal for CRYPTO_IDX: CALL 68% (score=68, EMA5↑EMA10; RSI0 OS; pinBot)
2026-06-09 21:27:58,012 [INFO] httpx: HTTP Request: POST https://api.telegram.org/bot8343388239:AAFgeAkc9bvjywyCsHqRIa_RiJ6q-rp6uv0/getUpdates "HTTP/1.1 200 OK"
2026-06-09 21:28:28,707 [INFO] httpx: HTTP Request: POST https://api.telegram.org/bot8343388239:AAFgeAkc9bvjywyCsHqRIa_RiJ6q-rp6uv0/getUpdates "HTTP/1.1 200 OK"
2026-06-09 21:28:59,402 [INFO] httpx: HTTP Request: POST https://api.telegram.org/bot8343388239:AAFgeAkc9bvjywyCsHqRIa_RiJ6q-rp6uv0/getUpdates "HTTP/1.1 200 OK"
2026-06-09 21:29:30,093 [INFO] httpx: HTTP Request: POST https://api.telegram.org/bot8343388239:AAFgeAkc9bvjywyCsHqRIa_RiJ6q-rp6uv0/getUpdates "HTTP/1.1 200 OK"
2026-06-09 21:30:00,793 [INFO] httpx: HTTP Request: POST https://api.telegram.org/bot8343388239:AAFgeAkc9bvjywyCsHqRIa_RiJ6q-rp6uv0/getUpdates "HTTP/1.1 200 OK"
2026-06-09 21:30:31,506 [INFO] httpx: HTTP Request: POST https://api.telegram.org/bot8343388239:AAFgeAkc9bvjywyCsHqRIa_RiJ6q-rp6uv0/getUpdates "HTTP/1.1 200 OK"
2026-06-09 21:31:02,208 [INFO] httpx: HTTP Request: POST https://api.telegram.org/bot8343388239:AAFgeAkc9bvjywyCsHqRIa_RiJ6q-rp6uv0/getUpdates "HTTP/1.1 200 OK"
2026-06-09 21:31:32,896 [INFO] httpx: HTTP Request: POST https://api.telegram.org/bot8343388239:AAFgeAkc9bvjywyCsHqRIa_RiJ6q-rp6uv0/getUpdates "HTTP/1.1 200 OK"
2026-06-09 21:32:03,591 [INFO] httpx: HTTP Request: POST https://api.telegram.org/bot8343388239:AAFgeAkc9bvjywyCsHqRIa_RiJ6q-rp6uv0/getUpdates "HTTP/1.1 200 OK"
2026-06-09 21:32:26,010 [ERROR] subscription_bot.signaler: DerivSignaler connect error: No module named 'deriv'
2026-06-09 21:32:34,283 [INFO] httpx: HTTP Request: POST https://api.telegram.org/bot8343388239:AAFgeAkc9bvjywyCsHqRIa_RiJ6q-rp6uv0/getUpdates "HTTP/1.1 200 OK"
2026-06-09 21:32:52,439 [INFO] signals.stockity_http: Got 900 raw 1s candles for CRYPTO_IDX (Z-CRY/IDX)
2026-06-09 21:32:52,440 [INFO] signals.stockity_http: Aggregated into 16 1m candles
2026-06-09 21:32:52,440 [INFO] signals.stockity_http: Signal for CRYPTO_IDX: WAIT 56% (score=56, EMA5↓EMA10; RSI0 OS; pinBot)
2026-06-09 21:33:04,979 [INFO] httpx: HTTP Request: POST https://api.telegram.org/bot8343388239:AAFgeAkc9bvjywyCsHqRIa_RiJ6q-rp6uv0/getUpdates "HTTP/1.1 200 OK"
2026-06-09 21:33:35,695 [INFO] httpx: HTTP Request: POST https://api.telegram.org/bot8343388239:AAFgeAkc9bvjywyCsHqRIa_RiJ6q-rp6uv0/getUpdates "HTTP/1.1 200 OK"
2026-06-09 21:34:06,421 [INFO] httpx: HTTP Request: POST https://api.telegram.org/bot8343388239:AAFgeAkc9bvjywyCsHqRIa_RiJ6q-rp6uv0/getUpdates "HTTP/1.1 200 OK"
2026-06-09 21:34:37,110 [INFO] httpx: HTTP Request: POST https://api.telegram.org/bot8343388239:AAFgeAkc9bvjywyCsHqRIa_RiJ6q-rp6uv0/getUpdates "HTTP/1.1 200 OK"
2026-06-09 21:35:07,803 [INFO] httpx: HTTP Request: POST https://api.telegram.org/bot8343388239:AAFgeAkc9bvjywyCsHqRIa_RiJ6q-rp6uv0/getUpdates "HTTP/1.1 200 OK"
2026-06-09 21:35:38,494 [INFO] httpx: HTTP Request: POST https://api.telegram.org/bot8343388239:AAFgeAkc9bvjywyCsHqRIa_RiJ6q-rp6uv0/getUpdates "HTTP/1.1 200 OK"
2026-06-09 21:36:09,185 [INFO] httpx: HTTP Request: POST https://api.telegram.org/bot8343388239:AAFgeAkc9bvjywyCsHqRIa_RiJ6q-rp6uv0/getUpdates "HTTP/1.1 200 OK"
2026-06-09 21:36:39,881 [INFO] httpx: HTTP Request: POST https://api.telegram.org/bot8343388239:AAFgeAkc9bvjywyCsHqRIa_RiJ6q-rp6uv0/getUpdates "HTTP/1.1 200 OK"
2026-06-09 21:37:10,586 [INFO] httpx: HTTP Request: POST https://api.telegram.org/bot8343388239:AAFgeAkc9bvjywyCsHqRIa_RiJ6q-rp6uv0/getUpdates "HTTP/1.1 200 OK"
2026-06-09 21:37:26,022 [ERROR] subscription_bot.signaler: DerivSignaler connect error: No module named 'deriv'
2026-06-09 21:37:41,282 [INFO] httpx: HTTP Request: POST https://api.telegram.org/bot8343388239:AAFgeAkc9bvjywyCsHqRIa_RiJ6q-rp6uv0/getUpdates "HTTP/1.1 200 OK"
2026-06-09 21:37:54,199 [INFO] signals.stockity_http: Got 900 raw 1s candles for CRYPTO_IDX (Z-CRY/IDX)
2026-06-09 21:37:54,200 [INFO] signals.stockity_http: Aggregated into 16 1m candles
2026-06-09 21:37:54,200 [INFO] signals.stockity_http: Signal for CRYPTO_IDX: WAIT 56% (score=56, EMA5↓EMA10; RSI0 OS; pinBot)
2026-06-09 21:38:11,976 [INFO] httpx: HTTP Request: POST https://api.telegram.org/bot8343388239:AAFgeAkc9bvjywyCsHqRIa_RiJ6q-rp6uv0/getUpdates "HTTP/1.1 200 OK"
2026-06-09 21:38:42,665 [INFO] httpx: HTTP Request: POST https://api.telegram.org/bot8343388239:AAFgeAkc9bvjywyCsHqRIa_RiJ6q-rp6uv0/getUpdates "HTTP/1.1 200 OK"
2026-06-09 21:39:13,354 [INFO] httpx: HTTP Request: POST https://api.telegram.org/bot8343388239:AAFgeAkc9bvjywyCsHqRIa_RiJ6q-rp6uv0/getUpdates "HTTP/1.1 200 OK"
2026-06-09 21:39:44,067 [INFO] httpx: HTTP Request: POST https://api.telegram.org/bot8343388239:AAFgeAkc9bvjywyCsHqRIa_RiJ6q-rp6uv0/getUpdates "HTTP/1.1 200 OK"
2026-06-09 21:40:14,761 [INFO] httpx: HTTP Request: POST https://api.telegram.org/bot8343388239:AAFgeAkc9bvjywyCsHqRIa_RiJ6q-rp6uv0/getUpdates "HTTP/1.1 200 OK"
2026-06-09 21:40:45,450 [INFO] httpx: HTTP Request: POST https://api.telegram.org/bot8343388239:AAFgeAkc9bvjywyCsHqRIa_RiJ6q-rp6uv0/getUpdates "HTTP/1.1 200 OK"
2026-06-09 21:41:16,145 [INFO] httpx: HTTP Request: POST https://api.telegram.org/bot8343388239:AAFgeAkc9bvjywyCsHqRIa_RiJ6q-rp6uv0/getUpdates "HTTP/1.1 200 OK"
2026-06-09 21:41:46,834 [INFO] httpx: HTTP Request: POST https://api.telegram.org/bot8343388239:AAFgeAkc9bvjywyCsHqRIa_RiJ6q-rp6uv0/getUpdates "HTTP/1.1 200 OK"
2026-06-09 21:42:17,527 [INFO] httpx: HTTP Request: POST https://api.telegram.org/bot8343388239:AAFgeAkc9bvjywyCsHqRIa_RiJ6q-rp6uv0/getUpdates "HTTP/1.1 200 OK"
2026-06-09 21:42:26,030 [ERROR] subscription_bot.signaler: DerivSignaler connect error: No module named 'deriv'
2026-06-09 21:42:48,220 [INFO] httpx: HTTP Request: POST https://api.telegram.org/bot8343388239:AAFgeAkc9bvjywyCsHqRIa_RiJ6q-rp6uv0/getUpdates "HTTP/1.1 200 OK"
2026-06-09 21:42:56,950 [INFO] signals.stockity_http: Got 900 raw 1s candles for CRYPTO_IDX (Z-CRY/IDX)
2026-06-09 21:42:56,951 [INFO] signals.stockity_http: Aggregated into 16 1m candles
2026-06-09 21:42:56,951 [INFO] signals.stockity_http: Signal for CRYPTO_IDX: WAIT 56% (score=56, EMA5↓EMA10; RSI0 OS; pinBot)
2026-06-09 21:43:18,914 [INFO] httpx: HTTP Request: POST https://api.telegram.org/bot8343388239:AAFgeAkc9bvjywyCsHqRIa_RiJ6q-rp6uv0/getUpdates "HTTP/1.1 200 OK"
2026-06-09 21:43:49,612 [INFO] httpx: HTTP Request: POST https://api.telegram.org/bot8343388239:AAFgeAkc9bvjywyCsHqRIa_RiJ6q-rp6uv0/getUpdates "HTTP/1.1 200 OK"
2026-06-09 21:44:20,299 [INFO] httpx: HTTP Request: POST https://api.telegram.org/bot8343388239:AAFgeAkc9bvjywyCsHqRIa_RiJ6q-rp6uv0/getUpdates "HTTP/1.1 200 OK"
2026-06-09 21:44:51,001 [INFO] httpx: HTTP Request: POST https://api.telegram.org/bot8343388239:AAFgeAkc9bvjywyCsHqRIa_RiJ6q-rp6uv0/getUpdates "HTTP/1.1 200 OK"
2026-06-09 21:45:21,689 [INFO] httpx: HTTP Request: POST https://api.telegram.org/bot8343388239:AAFgeAkc9bvjywyCsHqRIa_RiJ6q-rp6uv0/getUpdates "HTTP/1.1 200 OK"
2026-06-09 21:45:52,381 [INFO] httpx: HTTP Request: POST https://api.telegram.org/bot8343388239:AAFgeAkc9bvjywyCsHqRIa_RiJ6q-rp6uv0/getUpdates "HTTP/1.1 200 OK"
2026-06-09 21:46:23,073 [INFO] httpx: HTTP Request: POST https://api.telegram.org/bot8343388239:AAFgeAkc9bvjywyCsHqRIa_RiJ6q-rp6uv0/getUpdates "HTTP/1.1 200 OK"
2026-06-09 21:46:53,768 [INFO] httpx: HTTP Request: POST https://api.telegram.org/bot8343388239:AAFgeAkc9bvjywyCsHqRIa_RiJ6q-rp6uv0/getUpdates "HTTP/1.1 200 OK"
2026-06-09 21:47:24,461 [INFO] httpx: HTTP Request: POST https://api.telegram.org/bot8343388239:AAFgeAkc9bvjywyCsHqRIa_RiJ6q-rp6uv0/getUpdates "HTTP/1.1 200 OK"
2026-06-09 21:47:26,031 [ERROR] subscription_bot.signaler: DerivSignaler connect error: No module named 'deriv'
2026-06-09 21:47:55,151 [INFO] httpx: HTTP Request: POST https://api.telegram.org/bot8343388239:AAFgeAkc9bvjywyCsHqRIa_RiJ6q-rp6uv0/getUpdates "HTTP/1.1 200 OK"
2026-06-09 21:47:59,993 [INFO] signals.stockity_http: Got 900 raw 1s candles for CRYPTO_IDX (Z-CRY/IDX)
2026-06-09 21:47:59,993 [INFO] signals.stockity_http: Aggregated into 16 1m candles
2026-06-09 21:47:59,994 [INFO] signals.stockity_http: Signal for CRYPTO_IDX: CALL 71% (score=71, EMA5↑EMA10; bullX; RSI0 OS)
2026-06-09 21:48:25,854 [INFO] httpx: HTTP Request: POST https://api.telegram.org/bot8343388239:AAFgeAkc9bvjywyCsHqRIa_RiJ6q-rp6uv0/getUpdates "HTTP/1.1 200 OK"
2026-06-09 21:48:56,546 [INFO] httpx: HTTP Request: POST https://api.telegram.org/bot8343388239:AAFgeAkc9bvjywyCsHqRIa_RiJ6q-rp6uv0/getUpdates "HTTP/1.1 200 OK"
2026-06-09 21:49:27,238 [INFO] httpx: HTTP Request: POST https://api.telegram.org/bot8343388239:AAFgeAkc9bvjywyCsHqRIa_RiJ6q-rp6uv0/getUpdates "HTTP/1.1 200 OK"
2026-06-09 21:49:57,975 [INFO] httpx: HTTP Request: POST https://api.telegram.org/bot8343388239:AAFgeAkc9bvjywyCsHqRIa_RiJ6q-rp6uv0/getUpdates "HTTP/1.1 200 OK"
2026-06-09 21:50:28,667 [INFO] httpx: HTTP Request: POST https://api.telegram.org/bot8343388239:AAFgeAkc9bvjywyCsHqRIa_RiJ6q-rp6uv0/getUpdates "HTTP/1.1 200 OK"
2026-06-09 21:50:59,355 [INFO] httpx: HTTP Request: POST https://api.telegram.org/bot8343388239:AAFgeAkc9bvjywyCsHqRIa_RiJ6q-rp6uv0/getUpdates "HTTP/1.1 200 OK"
2026-06-09 21:51:30,055 [INFO] httpx: HTTP Request: POST https://api.telegram.org/bot8343388239:AAFgeAkc9bvjywyCsHqRIa_RiJ6q-rp6uv0/getUpdates "HTTP/1.1 200 OK"
2026-06-09 21:52:00,750 [INFO] httpx: HTTP Request: POST https://api.telegram.org/bot8343388239:AAFgeAkc9bvjywyCsHqRIa_RiJ6q-rp6uv0/getUpdates "HTTP/1.1 200 OK"
2026-06-09 21:52:26,057 [ERROR] subscription_bot.signaler: DerivSignaler connect error: No module named 'deriv'
2026-06-09 21:52:31,442 [INFO] httpx: HTTP Request: POST https://api.telegram.org/bot8343388239:AAFgeAkc9bvjywyCsHqRIa_RiJ6q-rp6uv0/getUpdates "HTTP/1.1 200 OK"
2026-06-09 21:53:01,552 [INFO] signals.stockity_http: Got 900 raw 1s candles for CRYPTO_IDX (Z-CRY/IDX)
2026-06-09 21:53:01,552 [INFO] signals.stockity_http: Aggregated into 16 1m candles
2026-06-09 21:53:01,553 [INFO] signals.stockity_http: Signal for CRYPTO_IDX: CALL 71% (score=71, EMA5↑EMA10; bullX; RSI0 OS)
2026-06-09 21:53:02,131 [INFO] httpx: HTTP Request: POST https://api.telegram.org/bot8343388239:AAFgeAkc9bvjywyCsHqRIa_RiJ6q-rp6uv0/getUpdates "HTTP/1.1 200 OK"
2026-06-09 21:53:32,832 [INFO] httpx: HTTP Request: POST https://api.telegram.org/bot8343388239:AAFgeAkc9bvjywyCsHqRIa_RiJ6q-rp6uv0/getUpdates "HTTP/1.1 200 OK"
2026-06-09 21:54:03,522 [INFO] httpx: HTTP Request: POST https://api.telegram.org/bot8343388239:AAFgeAkc9bvjywyCsHqRIa_RiJ6q-rp6uv0/getUpdates "HTTP/1.1 200 OK"
2026-06-09 21:54:34,226 [INFO] httpx: HTTP Request: POST https://api.telegram.org/bot8343388239:AAFgeAkc9bvjywyCsHqRIa_RiJ6q-rp6uv0/getUpdates "HTTP/1.1 200 OK"
2026-06-09 21:55:04,919 [INFO] httpx: HTTP Request: POST https://api.telegram.org/bot8343388239:AAFgeAkc9bvjywyCsHqRIa_RiJ6q-rp6uv0/getUpdates "HTTP/1.1 200 OK"
2026-06-09 21:55:35,607 [INFO] httpx: HTTP Request: POST https://api.telegram.org/bot8343388239:AAFgeAkc9bvjywyCsHqRIa_RiJ6q-rp6uv0/getUpdates "HTTP/1.1 200 OK"
2026-06-09 21:56:06,301 [INFO] httpx: HTTP Request: POST https://api.telegram.org/bot8343388239:AAFgeAkc9bvjywyCsHqRIa_RiJ6q-rp6uv0/getUpdates "HTTP/1.1 200 OK"
2026-06-09 21:56:36,998 [INFO] httpx: HTTP Request: POST https://api.telegram.org/bot8343388239:AAFgeAkc9bvjywyCsHqRIa_RiJ6q-rp6uv0/getUpdates "HTTP/1.1 200 OK"
2026-06-09 21:57:07,693 [INFO] httpx: HTTP Request: POST https://api.telegram.org/bot8343388239:AAFgeAkc9bvjywyCsHqRIa_RiJ6q-rp6uv0/getUpdates "HTTP/1.1 200 OK"
2026-06-09 21:57:26,074 [ERROR] subscription_bot.signaler: DerivSignaler connect error: No module named 'deriv'
2026-06-09 21:57:38,382 [INFO] httpx: HTTP Request: POST https://api.telegram.org/bot8343388239:AAFgeAkc9bvjywyCsHqRIa_RiJ6q-rp6uv0/getUpdates "HTTP/1.1 200 OK"
2026-06-09 21:58:02,827 [INFO] signals.stockity_http: Got 900 raw 1s candles for CRYPTO_IDX (Z-CRY/IDX)
2026-06-09 21:58:02,827 [INFO] signals.stockity_http: Aggregated into 16 1m candles
2026-06-09 21:58:02,827 [INFO] signals.stockity_http: Signal for CRYPTO_IDX: CALL 71% (score=71, EMA5↑EMA10; bullX; RSI0 OS)
2026-06-09 21:58:03,185 [INFO] subscription_bot.signaler: NEW signal: ETHUSD CALL 68%
2026-06-09 21:58:03,953 [INFO] httpx: HTTP Request: POST https://api.telegram.org/bot8343388239:AAFgeAkc9bvjywyCsHqRIa_RiJ6q-rp6uv0/sendMessage "HTTP/1.1 200 OK"
2026-06-09 21:58:03,985 [INFO] subscription_bot.bot: Signal dispatched to 1/1 subscribers
2026-06-09 21:58:09,077 [INFO] httpx: HTTP Request: POST https://api.telegram.org/bot8343388239:AAFgeAkc9bvjywyCsHqRIa_RiJ6q-rp6uv0/getUpdates "HTTP/1.1 200 OK"
2026-06-09 21:58:39,766 [INFO] httpx: HTTP Request: POST https://api.telegram.org/bot8343388239:AAFgeAkc9bvjywyCsHqRIa_RiJ6q-rp6uv0/getUpdates "HTTP/1.1 200 OK"
2026-06-09 21:59:10,455 [INFO] httpx: HTTP Request: POST https://api.telegram.org/bot8343388239:AAFgeAkc9bvjywyCsHqRIa_RiJ6q-rp6uv0/getUpdates "HTTP/1.1 200 OK"
2026-06-09 21:59:41,165 [INFO] httpx: HTTP Request: POST https://api.telegram.org/bot8343388239:AAFgeAkc9bvjywyCsHqRIa_RiJ6q-rp6uv0/getUpdates "HTTP/1.1 200 OK"
2026-06-09 22:00:11,863 [INFO] httpx: HTTP Request: POST https://api.telegram.org/bot8343388239:AAFgeAkc9bvjywyCsHqRIa_RiJ6q-rp6uv0/getUpdates "HTTP/1.1 200 OK"
2026-06-09 22:00:42,554 [INFO] httpx: HTTP Request: POST https://api.telegram.org/bot8343388239:AAFgeAkc9bvjywyCsHqRIa_RiJ6q-rp6uv0/getUpdates "HTTP/1.1 200 OK"
2026-06-09 22:01:13,266 [INFO] httpx: HTTP Request: POST https://api.telegram.org/bot8343388239:AAFgeAkc9bvjywyCsHqRIa_RiJ6q-rp6uv0/getUpdates "HTTP/1.1 200 OK"
2026-06-09 22:01:44,062 [INFO] httpx: HTTP Request: POST https://api.telegram.org/bot8343388239:AAFgeAkc9bvjywyCsHqRIa_RiJ6q-rp6uv0/getUpdates "HTTP/1.1 200 OK"
2026-06-09 22:02:14,759 [INFO] httpx: HTTP Request: POST https://api.telegram.org/bot8343388239:AAFgeAkc9bvjywyCsHqRIa_RiJ6q-rp6uv0/getUpdates "HTTP/1.1 200 OK"
2026-06-09 22:02:26,086 [ERROR] subscription_bot.signaler: DerivSignaler connect error: No module named 'deriv'
2026-06-09 22:02:45,450 [INFO] httpx: HTTP Request: POST https://api.telegram.org/bot8343388239:AAFgeAkc9bvjywyCsHqRIa_RiJ6q-rp6uv0/getUpdates "HTTP/1.1 200 OK"
2026-06-09 22:03:06,215 [INFO] signals.stockity_http: Got 900 raw 1s candles for CRYPTO_IDX (Z-CRY/IDX)
2026-06-09 22:03:06,215 [INFO] signals.stockity_http: Aggregated into 16 1m candles
2026-06-09 22:03:06,215 [INFO] signals.stockity_http: Signal for CRYPTO_IDX: CALL 62% (score=62, EMA5↑EMA10; RSI0 OS; midLo)
2026-06-09 22:03:06,216 [INFO] subscription_bot.signaler: NEW signal: CRYPTO_IDX CALL 62%
2026-06-09 22:03:06,980 [INFO] httpx: HTTP Request: POST https://api.telegram.org/bot8343388239:AAFgeAkc9bvjywyCsHqRIa_RiJ6q-rp6uv0/sendMessage "HTTP/1.1 200 OK"
2026-06-09 22:03:07,011 [INFO] subscription_bot.bot: Signal dispatched to 1/1 subscribers
2026-06-09 22:03:16,142 [INFO] httpx: HTTP Request: POST https://api.telegram.org/bot8343388239:AAFgeAkc9bvjywyCsHqRIa_RiJ6q-rp6uv0/getUpdates "HTTP/1.1 200 OK"
2026-06-09 22:03:46,845 [INFO] httpx: HTTP Request: POST https://api.telegram.org/bot8343388239:AAFgeAkc9bvjywyCsHqRIa_RiJ6q-rp6uv0/getUpdates "HTTP/1.1 200 OK"
2026-06-09 22:04:17,537 [INFO] httpx: HTTP Request: POST https://api.telegram.org/bot8343388239:AAFgeAkc9bvjywyCsHqRIa_RiJ6q-rp6uv0/getUpdates "HTTP/1.1 200 OK"
2026-06-09 22:04:48,231 [INFO] httpx: HTTP Request: POST https://api.telegram.org/bot8343388239:AAFgeAkc9bvjywyCsHqRIa_RiJ6q-rp6uv0/getUpdates "HTTP/1.1 200 OK"
2026-06-09 22:05:18,923 [INFO] httpx: HTTP Request: POST https://api.telegram.org/bot8343388239:AAFgeAkc9bvjywyCsHqRIa_RiJ6q-rp6uv0/getUpdates "HTTP/1.1 200 OK"
2026-06-09 22:05:49,620 [INFO] httpx: HTTP Request: POST https://api.telegram.org/bot8343388239:AAFgeAkc9bvjywyCsHqRIa_RiJ6q-rp6uv0/getUpdates "HTTP/1.1 200 OK"
2026-06-09 22:06:20,308 [INFO] httpx: HTTP Request: POST https://api.telegram.org/bot8343388239:AAFgeAkc9bvjywyCsHqRIa_RiJ6q-rp6uv0/getUpdates "HTTP/1.1 200 OK"
2026-06-09 22:06:50,996 [INFO] httpx: HTTP Request: POST https://api.telegram.org/bot8343388239:AAFgeAkc9bvjywyCsHqRIa_RiJ6q-rp6uv0/getUpdates "HTTP/1.1 200 OK"
2026-06-09 22:07:21,702 [INFO] httpx: HTTP Request: POST https://api.telegram.org/bot8343388239:AAFgeAkc9bvjywyCsHqRIa_RiJ6q-rp6uv0/getUpdates "HTTP/1.1 200 OK"
2026-06-09 22:07:26,090 [ERROR] subscription_bot.signaler: DerivSignaler connect error: No module named 'deriv'
2026-06-09 22:07:52,391 [INFO] httpx: HTTP Request: POST https://api.telegram.org/bot8343388239:AAFgeAkc9bvjywyCsHqRIa_RiJ6q-rp6uv0/getUpdates "HTTP/1.1 200 OK"
2026-06-09 22:08:09,363 [INFO] signals.stockity_http: Got 900 raw 1s candles for CRYPTO_IDX (Z-CRY/IDX)
2026-06-09 22:08:09,364 [INFO] signals.stockity_http: Aggregated into 16 1m candles
2026-06-09 22:08:09,364 [INFO] signals.stockity_http: Signal for CRYPTO_IDX: CALL 62% (score=62, EMA5↑EMA10; RSI0 OS; midLo)
2026-06-09 22:08:23,083 [INFO] httpx: HTTP Request: POST https://api.telegram.org/bot8343388239:AAFgeAkc9bvjywyCsHqRIa_RiJ6q-rp6uv0/getUpdates "HTTP/1.1 200 OK"
2026-06-09 22:08:53,771 [INFO] httpx: HTTP Request: POST https://api.telegram.org/bot8343388239:AAFgeAkc9bvjywyCsHqRIa_RiJ6q-rp6uv0/getUpdates "HTTP/1.1 200 OK"
2026-06-09 22:09:24,464 [INFO] httpx: HTTP Request: POST https://api.telegram.org/bot8343388239:AAFgeAkc9bvjywyCsHqRIa_RiJ6q-rp6uv0/getUpdates "HTTP/1.1 200 OK"
2026-06-09 22:09:55,163 [INFO] httpx: HTTP Request: POST https://api.telegram.org/bot8343388239:AAFgeAkc9bvjywyCsHqRIa_RiJ6q-rp6uv0/getUpdates "HTTP/1.1 200 OK"
2026-06-09 22:10:25,862 [INFO] httpx: HTTP Request: POST https://api.telegram.org/bot8343388239:AAFgeAkc9bvjywyCsHqRIa_RiJ6q-rp6uv0/getUpdates "HTTP/1.1 200 OK"
2026-06-09 22:10:56,561 [INFO] httpx: HTTP Request: POST https://api.telegram.org/bot8343388239:AAFgeAkc9bvjywyCsHqRIa_RiJ6q-rp6uv0/getUpdates "HTTP/1.1 200 OK"
2026-06-09 22:11:27,248 [INFO] httpx: HTTP Request: POST https://api.telegram.org/bot8343388239:AAFgeAkc9bvjywyCsHqRIa_RiJ6q-rp6uv0/getUpdates "HTTP/1.1 200 OK"
2026-06-09 22:11:57,944 [INFO] httpx: HTTP Request: POST https://api.telegram.org/bot8343388239:AAFgeAkc9bvjywyCsHqRIa_RiJ6q-rp6uv0/getUpdates "HTTP/1.1 200 OK"
2026-06-09 22:12:26,118 [ERROR] subscription_bot.signaler: DerivSignaler connect error: No module named 'deriv'
2026-06-09 22:12:28,632 [INFO] httpx: HTTP Request: POST https://api.telegram.org/bot8343388239:AAFgeAkc9bvjywyCsHqRIa_RiJ6q-rp6uv0/getUpdates "HTTP/1.1 200 OK"
2026-06-09 22:12:59,325 [INFO] httpx: HTTP Request: POST https://api.telegram.org/bot8343388239:AAFgeAkc9bvjywyCsHqRIa_RiJ6q-rp6uv0/getUpdates "HTTP/1.1 200 OK"
2026-06-09 22:13:10,535 [INFO] signals.stockity_http: Got 900 raw 1s candles for CRYPTO_IDX (Z-CRY/IDX)
2026-06-09 22:13:10,536 [INFO] signals.stockity_http: Aggregated into 16 1m candles
2026-06-09 22:13:10,536 [INFO] signals.stockity_http: Signal for CRYPTO_IDX: CALL 62% (score=62, EMA5↑EMA10; RSI0 OS; midLo)
2026-06-09 22:13:30,018 [INFO] httpx: HTTP Request: POST https://api.telegram.org/bot8343388239:AAFgeAkc9bvjywyCsHqRIa_RiJ6q-rp6uv0/getUpdates "HTTP/1.1 200 OK"
2026-06-09 22:14:00,708 [INFO] httpx: HTTP Request: POST https://api.telegram.org/bot8343388239:AAFgeAkc9bvjywyCsHqRIa_RiJ6q-rp6uv0/getUpdates "HTTP/1.1 200 OK"
2026-06-09 22:14:31,419 [INFO] httpx: HTTP Request: POST https://api.telegram.org/bot8343388239:AAFgeAkc9bvjywyCsHqRIa_RiJ6q-rp6uv0/getUpdates "HTTP/1.1 200 OK"
2026-06-09 22:15:02,118 [INFO] httpx: HTTP Request: POST https://api.telegram.org/bot8343388239:AAFgeAkc9bvjywyCsHqRIa_RiJ6q-rp6uv0/getUpdates "HTTP/1.1 200 OK"
2026-06-09 22:15:32,812 [INFO] httpx: HTTP Request: POST https://api.telegram.org/bot8343388239:AAFgeAkc9bvjywyCsHqRIa_RiJ6q-rp6uv0/getUpdates "HTTP/1.1 200 OK"
2026-06-09 22:16:03,517 [INFO] httpx: HTTP Request: POST https://api.telegram.org/bot8343388239:AAFgeAkc9bvjywyCsHqRIa_RiJ6q-rp6uv0/getUpdates "HTTP/1.1 200 OK"
2026-06-09 22:16:34,206 [INFO] httpx: HTTP Request: POST https://api.telegram.org/bot8343388239:AAFgeAkc9bvjywyCsHqRIa_RiJ6q-rp6uv0/getUpdates "HTTP/1.1 200 OK"
2026-06-09 22:17:04,893 [INFO] httpx: HTTP Request: POST https://api.telegram.org/bot8343388239:AAFgeAkc9bvjywyCsHqRIa_RiJ6q-rp6uv0/getUpdates "HTTP/1.1 200 OK"
2026-06-09 22:17:26,139 [ERROR] subscription_bot.signaler: DerivSignaler connect error: No module named 'deriv'
2026-06-09 22:17:35,586 [INFO] httpx: HTTP Request: POST https://api.telegram.org/bot8343388239:AAFgeAkc9bvjywyCsHqRIa_RiJ6q-rp6uv0/getUpdates "HTTP/1.1 200 OK"
2026-06-09 22:18:06,284 [INFO] httpx: HTTP Request: POST https://api.telegram.org/bot8343388239:AAFgeAkc9bvjywyCsHqRIa_RiJ6q-rp6uv0/getUpdates "HTTP/1.1 200 OK"
2026-06-09 22:18:11,916 [INFO] signals.stockity_http: Got 900 raw 1s candles for CRYPTO_IDX (Z-CRY/IDX)
2026-06-09 22:18:11,917 [INFO] signals.stockity_http: Aggregated into 16 1m candles
2026-06-09 22:18:11,917 [INFO] signals.stockity_http: Signal for CRYPTO_IDX: WAIT 52% (score=48, EMA5↓EMA10; RSI0 OS; pinTop)
2026-06-09 22:18:12,773 [INFO] subscription_bot.signaler: NEW signal: EURUSD PUT 68%
2026-06-09 22:18:13,555 [INFO] httpx: HTTP Request: POST https://api.telegram.org/bot8343388239:AAFgeAkc9bvjywyCsHqRIa_RiJ6q-rp6uv0/sendMessage "HTTP/1.1 200 OK"
2026-06-09 22:18:13,586 [INFO] subscription_bot.bot: Signal dispatched to 1/1 subscribers
2026-06-09 22:18:36,981 [INFO] httpx: HTTP Request: POST https://api.telegram.org/bot8343388239:AAFgeAkc9bvjywyCsHqRIa_RiJ6q-rp6uv0/getUpdates "HTTP/1.1 200 OK"
2026-06-09 22:19:07,676 [INFO] httpx: HTTP Request: POST https://api.telegram.org/bot8343388239:AAFgeAkc9bvjywyCsHqRIa_RiJ6q-rp6uv0/getUpdates "HTTP/1.1 200 OK"
2026-06-09 22:19:38,775 [INFO] httpx: HTTP Request: POST https://api.telegram.org/bot8343388239:AAFgeAkc9bvjywyCsHqRIa_RiJ6q-rp6uv0/getUpdates "HTTP/1.1 200 OK"
2026-06-09 22:20:09,465 [INFO] httpx: HTTP Request: POST https://api.telegram.org/bot8343388239:AAFgeAkc9bvjywyCsHqRIa_RiJ6q-rp6uv0/getUpdates "HTTP/1.1 200 OK"
2026-06-09 22:20:40,158 [INFO] httpx: HTTP Request: POST https://api.telegram.org/bot8343388239:AAFgeAkc9bvjywyCsHqRIa_RiJ6q-rp6uv0/getUpdates "HTTP/1.1 200 OK"
2026-06-09 22:21:10,877 [INFO] httpx: HTTP Request: POST https://api.telegram.org/bot8343388239:AAFgeAkc9bvjywyCsHqRIa_RiJ6q-rp6uv0/getUpdates "HTTP/1.1 200 OK"
2026-06-09 22:21:41,567 [INFO] httpx: HTTP Request: POST https://api.telegram.org/bot8343388239:AAFgeAkc9bvjywyCsHqRIa_RiJ6q-rp6uv0/getUpdates "HTTP/1.1 200 OK"
2026-06-09 22:22:12,281 [INFO] httpx: HTTP Request: POST https://api.telegram.org/bot8343388239:AAFgeAkc9bvjywyCsHqRIa_RiJ6q-rp6uv0/getUpdates "HTTP/1.1 200 OK"
2026-06-09 22:22:26,154 [ERROR] subscription_bot.signaler: DerivSignaler connect error: No module named 'deriv'
2026-06-09 22:22:43,382 [INFO] httpx: HTTP Request: POST https://api.telegram.org/bot8343388239:AAFgeAkc9bvjywyCsHqRIa_RiJ6q-rp6uv0/getUpdates "HTTP/1.1 200 OK"
2026-06-09 22:23:14,608 [INFO] signals.stockity_http: Got 900 raw 1s candles for CRYPTO_IDX (Z-CRY/IDX)
2026-06-09 22:23:14,609 [INFO] signals.stockity_http: Aggregated into 16 1m candles
2026-06-09 22:23:14,609 [INFO] signals.stockity_http: Signal for CRYPTO_IDX: WAIT 52% (score=48, EMA5↓EMA10; RSI0 OS; pinTop)
2026-06-09 22:23:14,610 [INFO] httpx: HTTP Request: POST https://api.telegram.org/bot8343388239:AAFgeAkc9bvjywyCsHqRIa_RiJ6q-rp6uv0/getUpdates "HTTP/1.1 200 OK"
2026-06-09 22:23:45,338 [INFO] httpx: HTTP Request: POST https://api.telegram.org/bot8343388239:AAFgeAkc9bvjywyCsHqRIa_RiJ6q-rp6uv0/getUpdates "HTTP/1.1 200 OK"
2026-06-09 22:24:16,043 [INFO] httpx: HTTP Request: POST https://api.telegram.org/bot8343388239:AAFgeAkc9bvjywyCsHqRIa_RiJ6q-rp6uv0/getUpdates "HTTP/1.1 200 OK"
2026-06-09 22:24:47,112 [INFO] httpx: HTTP Request: POST https://api.telegram.org/bot8343388239:AAFgeAkc9bvjywyCsHqRIa_RiJ6q-rp6uv0/getUpdates "HTTP/1.1 200 OK"
2026-06-09 22:25:17,802 [INFO] httpx: HTTP Request: POST https://api.telegram.org/bot8343388239:AAFgeAkc9bvjywyCsHqRIa_RiJ6q-rp6uv0/getUpdates "HTTP/1.1 200 OK"
2026-06-09 22:25:48,510 [INFO] httpx: HTTP Request: POST https://api.telegram.org/bot8343388239:AAFgeAkc9bvjywyCsHqRIa_RiJ6q-rp6uv0/getUpdates "HTTP/1.1 200 OK"
2026-06-09 22:26:19,199 [INFO] httpx: HTTP Request: POST https://api.telegram.org/bot8343388239:AAFgeAkc9bvjywyCsHqRIa_RiJ6q-rp6uv0/getUpdates "HTTP/1.1 200 OK"
2026-06-09 22:26:49,896 [INFO] httpx: HTTP Request: POST https://api.telegram.org/bot8343388239:AAFgeAkc9bvjywyCsHqRIa_RiJ6q-rp6uv0/getUpdates "HTTP/1.1 200 OK"
2026-06-09 22:27:20,591 [INFO] httpx: HTTP Request: POST https://api.telegram.org/bot8343388239:AAFgeAkc9bvjywyCsHqRIa_RiJ6q-rp6uv0/getUpdates "HTTP/1.1 200 OK"
2026-06-09 22:27:26,158 [ERROR] subscription_bot.signaler: DerivSignaler connect error: No module named 'deriv'
2026-06-09 22:27:51,286 [INFO] httpx: HTTP Request: POST https://api.telegram.org/bot8343388239:AAFgeAkc9bvjywyCsHqRIa_RiJ6q-rp6uv0/getUpdates "HTTP/1.1 200 OK"
2026-06-09 22:28:15,985 [INFO] signals.stockity_http: Got 900 raw 1s candles for CRYPTO_IDX (Z-CRY/IDX)
2026-06-09 22:28:15,986 [INFO] signals.stockity_http: Aggregated into 16 1m candles
2026-06-09 22:28:15,986 [INFO] signals.stockity_http: Signal for CRYPTO_IDX: WAIT 52% (score=48, EMA5↓EMA10; RSI0 OS; pinTop)
2026-06-09 22:28:21,979 [INFO] httpx: HTTP Request: POST https://api.telegram.org/bot8343388239:AAFgeAkc9bvjywyCsHqRIa_RiJ6q-rp6uv0/getUpdates "HTTP/1.1 200 OK"
2026-06-09 22:28:52,672 [INFO] httpx: HTTP Request: POST https://api.telegram.org/bot8343388239:AAFgeAkc9bvjywyCsHqRIa_RiJ6q-rp6uv0/getUpdates "HTTP/1.1 200 OK"
2026-06-09 22:29:23,370 [INFO] httpx: HTTP Request: POST https://api.telegram.org/bot8343388239:AAFgeAkc9bvjywyCsHqRIa_RiJ6q-rp6uv0/getUpdates "HTTP/1.1 200 OK"
2026-06-09 22:29:54,061 [INFO] httpx: HTTP Request: POST https://api.telegram.org/bot8343388239:AAFgeAkc9bvjywyCsHqRIa_RiJ6q-rp6uv0/getUpdates "HTTP/1.1 200 OK"
2026-06-09 22:30:24,752 [INFO] httpx: HTTP Request: POST https://api.telegram.org/bot8343388239:AAFgeAkc9bvjywyCsHqRIa_RiJ6q-rp6uv0/getUpdates "HTTP/1.1 200 OK"
2026-06-09 22:30:55,442 [INFO] httpx: HTTP Request: POST https://api.telegram.org/bot8343388239:AAFgeAkc9bvjywyCsHqRIa_RiJ6q-rp6uv0/getUpdates "HTTP/1.1 200 OK"
2026-06-09 22:31:26,548 [INFO] httpx: HTTP Request: POST https://api.telegram.org/bot8343388239:AAFgeAkc9bvjywyCsHqRIa_RiJ6q-rp6uv0/getUpdates "HTTP/1.1 200 OK"
2026-06-09 22:31:57,240 [INFO] httpx: HTTP Request: POST https://api.telegram.org/bot8343388239:AAFgeAkc9bvjywyCsHqRIa_RiJ6q-rp6uv0/getUpdates "HTTP/1.1 200 OK"
2026-06-09 22:32:26,187 [ERROR] subscription_bot.signaler: DerivSignaler connect error: No module named 'deriv'
2026-06-09 22:32:27,931 [INFO] httpx: HTTP Request: POST https://api.telegram.org/bot8343388239:AAFgeAkc9bvjywyCsHqRIa_RiJ6q-rp6uv0/getUpdates "HTTP/1.1 200 OK"
2026-06-09 22:32:58,620 [INFO] httpx: HTTP Request: POST https://api.telegram.org/bot8343388239:AAFgeAkc9bvjywyCsHqRIa_RiJ6q-rp6uv0/getUpdates "HTTP/1.1 200 OK"
2026-06-09 22:33:17,402 [INFO] signals.stockity_http: Got 900 raw 1s candles for CRYPTO_IDX (Z-CRY/IDX)
2026-06-09 22:33:17,402 [INFO] signals.stockity_http: Aggregated into 16 1m candles
2026-06-09 22:33:17,402 [INFO] signals.stockity_http: Signal for CRYPTO_IDX: WAIT 56% (score=44, EMA5↓EMA10; bearX; RSI0 OS)
2026-06-09 22:33:29,312 [INFO] httpx: HTTP Request: POST https://api.telegram.org/bot8343388239:AAFgeAkc9bvjywyCsHqRIa_RiJ6q-rp6uv0/getUpdates "HTTP/1.1 200 OK"
2026-06-09 22:34:00,007 [INFO] httpx: HTTP Request: POST https://api.telegram.org/bot8343388239:AAFgeAkc9bvjywyCsHqRIa_RiJ6q-rp6uv0/getUpdates "HTTP/1.1 200 OK"
2026-06-09 22:34:30,696 [INFO] httpx: HTTP Request: POST https://api.telegram.org/bot8343388239:AAFgeAkc9bvjywyCsHqRIa_RiJ6q-rp6uv0/getUpdates "HTTP/1.1 200 OK"
2026-06-09 22:35:01,389 [INFO] httpx: HTTP Request: POST https://api.telegram.org/bot8343388239:AAFgeAkc9bvjywyCsHqRIa_RiJ6q-rp6uv0/getUpdates "HTTP/1.1 200 OK"
2026-06-09 22:35:32,075 [INFO] httpx: HTTP Request: POST https://api.telegram.org/bot8343388239:AAFgeAkc9bvjywyCsHqRIa_RiJ6q-rp6uv0/getUpdates "HTTP/1.1 200 OK"
2026-06-09 22:36:02,773 [INFO] httpx: HTTP Request: POST https://api.telegram.org/bot8343388239:AAFgeAkc9bvjywyCsHqRIa_RiJ6q-rp6uv0/getUpdates "HTTP/1.1 200 OK"
2026-06-09 22:36:33,466 [INFO] httpx: HTTP Request: POST https://api.telegram.org/bot8343388239:AAFgeAkc9bvjywyCsHqRIa_RiJ6q-rp6uv0/getUpdates "HTTP/1.1 200 OK"
2026-06-09 22:37:04,158 [INFO] httpx: HTTP Request: POST https://api.telegram.org/bot8343388239:AAFgeAkc9bvjywyCsHqRIa_RiJ6q-rp6uv0/getUpdates "HTTP/1.1 200 OK"
2026-06-09 22:37:26,210 [ERROR] subscription_bot.signaler: DerivSignaler connect error: No module named 'deriv'
2026-06-09 22:37:34,848 [INFO] httpx: HTTP Request: POST https://api.telegram.org/bot8343388239:AAFgeAkc9bvjywyCsHqRIa_RiJ6q-rp6uv0/getUpdates "HTTP/1.1 200 OK"
2026-06-09 22:38:05,547 [INFO] httpx: HTTP Request: POST https://api.telegram.org/bot8343388239:AAFgeAkc9bvjywyCsHqRIa_RiJ6q-rp6uv0/getUpdates "HTTP/1.1 200 OK"
2026-06-09 22:38:18,700 [INFO] signals.stockity_http: Got 900 raw 1s candles for CRYPTO_IDX (Z-CRY/IDX)
2026-06-09 22:38:18,701 [INFO] signals.stockity_http: Aggregated into 16 1m candles
2026-06-09 22:38:18,701 [INFO] signals.stockity_http: Signal for CRYPTO_IDX: WAIT 56% (score=44, EMA5↓EMA10; bearX; RSI0 OS)
2026-06-09 22:38:36,245 [INFO] httpx: HTTP Request: POST https://api.telegram.org/bot8343388239:AAFgeAkc9bvjywyCsHqRIa_RiJ6q-rp6uv0/getUpdates "HTTP/1.1 200 OK"
2026-06-09 22:39:06,948 [INFO] httpx: HTTP Request: POST https://api.telegram.org/bot8343388239:AAFgeAkc9bvjywyCsHqRIa_RiJ6q-rp6uv0/getUpdates "HTTP/1.1 200 OK"
2026-06-09 22:39:37,636 [INFO] httpx: HTTP Request: POST https://api.telegram.org/bot8343388239:AAFgeAkc9bvjywyCsHqRIa_RiJ6q-rp6uv0/getUpdates "HTTP/1.1 200 OK"
2026-06-09 22:40:08,329 [INFO] httpx: HTTP Request: POST https://api.telegram.org/bot8343388239:AAFgeAkc9bvjywyCsHqRIa_RiJ6q-rp6uv0/getUpdates "HTTP/1.1 200 OK"
2026-06-09 22:40:39,019 [INFO] httpx: HTTP Request: POST https://api.telegram.org/bot8343388239:AAFgeAkc9bvjywyCsHqRIa_RiJ6q-rp6uv0/getUpdates "HTTP/1.1 200 OK"
2026-06-09 22:41:09,715 [INFO] httpx: HTTP Request: POST https://api.telegram.org/bot8343388239:AAFgeAkc9bvjywyCsHqRIa_RiJ6q-rp6uv0/getUpdates "HTTP/1.1 200 OK"
2026-06-09 22:41:40,405 [INFO] httpx: HTTP Request: POST https://api.telegram.org/bot8343388239:AAFgeAkc9bvjywyCsHqRIa_RiJ6q-rp6uv0/getUpdates "HTTP/1.1 200 OK"
2026-06-09 22:42:11,098 [INFO] httpx: HTTP Request: POST https://api.telegram.org/bot8343388239:AAFgeAkc9bvjywyCsHqRIa_RiJ6q-rp6uv0/getUpdates "HTTP/1.1 200 OK"
2026-06-09 22:42:26,226 [ERROR] subscription_bot.signaler: DerivSignaler connect error: No module named 'deriv'
2026-06-09 22:42:41,790 [INFO] httpx: HTTP Request: POST https://api.telegram.org/bot8343388239:AAFgeAkc9bvjywyCsHqRIa_RiJ6q-rp6uv0/getUpdates "HTTP/1.1 200 OK"
2026-06-09 22:43:12,482 [INFO] httpx: HTTP Request: POST https://api.telegram.org/bot8343388239:AAFgeAkc9bvjywyCsHqRIa_RiJ6q-rp6uv0/getUpdates "HTTP/1.1 200 OK"
2026-06-09 22:43:21,656 [INFO] signals.stockity_http: Got 900 raw 1s candles for CRYPTO_IDX (Z-CRY/IDX)
2026-06-09 22:43:21,656 [INFO] signals.stockity_http: Aggregated into 16 1m candles
2026-06-09 22:43:21,656 [INFO] signals.stockity_http: Signal for CRYPTO_IDX: WAIT 56% (score=44, EMA5↓EMA10; bearX; RSI0 OS)
2026-06-09 22:43:43,171 [INFO] httpx: HTTP Request: POST https://api.telegram.org/bot8343388239:AAFgeAkc9bvjywyCsHqRIa_RiJ6q-rp6uv0/getUpdates "HTTP/1.1 200 OK"
2026-06-09 22:44:13,860 [INFO] httpx: HTTP Request: POST https://api.telegram.org/bot8343388239:AAFgeAkc9bvjywyCsHqRIa_RiJ6q-rp6uv0/getUpdates "HTTP/1.1 200 OK"
2026-06-09 22:44:44,551 [INFO] httpx: HTTP Request: POST https://api.telegram.org/bot8343388239:AAFgeAkc9bvjywyCsHqRIa_RiJ6q-rp6uv0/getUpdates "HTTP/1.1 200 OK"
2026-06-09 22:45:15,242 [INFO] httpx: HTTP Request: POST https://api.telegram.org/bot8343388239:AAFgeAkc9bvjywyCsHqRIa_RiJ6q-rp6uv0/getUpdates "HTTP/1.1 200 OK"
2026-06-09 22:45:45,933 [INFO] httpx: HTTP Request: POST https://api.telegram.org/bot8343388239:AAFgeAkc9bvjywyCsHqRIa_RiJ6q-rp6uv0/getUpdates "HTTP/1.1 200 OK"
2026-06-09 22:46:16,623 [INFO] httpx: HTTP Request: POST https://api.telegram.org/bot8343388239:AAFgeAkc9bvjywyCsHqRIa_RiJ6q-rp6uv0/getUpdates "HTTP/1.1 200 OK"
2026-06-09 22:46:47,317 [INFO] httpx: HTTP Request: POST https://api.telegram.org/bot8343388239:AAFgeAkc9bvjywyCsHqRIa_RiJ6q-rp6uv0/getUpdates "HTTP/1.1 200 OK"
2026-06-09 22:47:18,005 [INFO] httpx: HTTP Request: POST https://api.telegram.org/bot8343388239:AAFgeAkc9bvjywyCsHqRIa_RiJ6q-rp6uv0/getUpdates "HTTP/1.1 200 OK"
2026-06-09 22:47:26,234 [ERROR] subscription_bot.signaler: DerivSignaler connect error: No module named 'deriv'
2026-06-09 22:47:48,694 [INFO] httpx: HTTP Request: POST https://api.telegram.org/bot8343388239:AAFgeAkc9bvjywyCsHqRIa_RiJ6q-rp6uv0/getUpdates "HTTP/1.1 200 OK"
2026-06-09 22:48:19,384 [INFO] httpx: HTTP Request: POST https://api.telegram.org/bot8343388239:AAFgeAkc9bvjywyCsHqRIa_RiJ6q-rp6uv0/getUpdates "HTTP/1.1 200 OK"
2026-06-09 22:48:23,036 [INFO] signals.stockity_http: Got 900 raw 1s candles for CRYPTO_IDX (Z-CRY/IDX)
2026-06-09 22:48:23,036 [INFO] signals.stockity_http: Aggregated into 16 1m candles
2026-06-09 22:48:23,036 [INFO] signals.stockity_http: Signal for CRYPTO_IDX: WAIT 54% (score=46, EMA5↓EMA10; RSI0 OS; pinTop)
2026-06-09 22:48:50,073 [INFO] httpx: HTTP Request: POST https://api.telegram.org/bot8343388239:AAFgeAkc9bvjywyCsHqRIa_RiJ6q-rp6uv0/getUpdates "HTTP/1.1 200 OK"
2026-06-09 22:49:20,766 [INFO] httpx: HTTP Request: POST https://api.telegram.org/bot8343388239:AAFgeAkc9bvjywyCsHqRIa_RiJ6q-rp6uv0/getUpdates "HTTP/1.1 200 OK"
2026-06-09 22:49:51,458 [INFO] httpx: HTTP Request: POST https://api.telegram.org/bot8343388239:AAFgeAkc9bvjywyCsHqRIa_RiJ6q-rp6uv0/getUpdates "HTTP/1.1 200 OK"
2026-06-09 22:50:22,162 [INFO] httpx: HTTP Request: POST https://api.telegram.org/bot8343388239:AAFgeAkc9bvjywyCsHqRIa_RiJ6q-rp6uv0/getUpdates "HTTP/1.1 200 OK"
2026-06-09 22:50:52,852 [INFO] httpx: HTTP Request: POST https://api.telegram.org/bot8343388239:AAFgeAkc9bvjywyCsHqRIa_RiJ6q-rp6uv0/getUpdates "HTTP/1.1 200 OK"
2026-06-09 22:51:23,540 [INFO] httpx: HTTP Request: POST https://api.telegram.org/bot8343388239:AAFgeAkc9bvjywyCsHqRIa_RiJ6q-rp6uv0/getUpdates "HTTP/1.1 200 OK"
2026-06-09 22:51:54,235 [INFO] httpx: HTTP Request: POST https://api.telegram.org/bot8343388239:AAFgeAkc9bvjywyCsHqRIa_RiJ6q-rp6uv0/getUpdates "HTTP/1.1 200 OK"
2026-06-09 22:52:24,926 [INFO] httpx: HTTP Request: POST https://api.telegram.org/bot8343388239:AAFgeAkc9bvjywyCsHqRIa_RiJ6q-rp6uv0/getUpdates "HTTP/1.1 200 OK"
2026-06-09 22:52:26,235 [ERROR] subscription_bot.signaler: DerivSignaler connect error: No module named 'deriv'
2026-06-09 22:52:55,629 [INFO] httpx: HTTP Request: POST https://api.telegram.org/bot8343388239:AAFgeAkc9bvjywyCsHqRIa_RiJ6q-rp6uv0/getUpdates "HTTP/1.1 200 OK"
2026-06-09 22:53:24,274 [INFO] signals.stockity_http: Got 900 raw 1s candles for CRYPTO_IDX (Z-CRY/IDX)
2026-06-09 22:53:24,274 [INFO] signals.stockity_http: Aggregated into 16 1m candles
2026-06-09 22:53:24,275 [INFO] signals.stockity_http: Signal for CRYPTO_IDX: WAIT 54% (score=46, EMA5↓EMA10; RSI0 OS; pinTop)
2026-06-09 22:53:26,323 [INFO] httpx: HTTP Request: POST https://api.telegram.org/bot8343388239:AAFgeAkc9bvjywyCsHqRIa_RiJ6q-rp6uv0/getUpdates "HTTP/1.1 200 OK"
2026-06-09 22:53:57,020 [INFO] httpx: HTTP Request: POST https://api.telegram.org/bot8343388239:AAFgeAkc9bvjywyCsHqRIa_RiJ6q-rp6uv0/getUpdates "HTTP/1.1 200 OK"
2026-06-09 22:54:27,712 [INFO] httpx: HTTP Request: POST https://api.telegram.org/bot8343388239:AAFgeAkc9bvjywyCsHqRIa_RiJ6q-rp6uv0/getUpdates "HTTP/1.1 200 OK"
2026-06-09 22:54:58,399 [INFO] httpx: HTTP Request: POST https://api.telegram.org/bot8343388239:AAFgeAkc9bvjywyCsHqRIa_RiJ6q-rp6uv0/getUpdates "HTTP/1.1 200 OK"
2026-06-09 22:55:29,087 [INFO] httpx: HTTP Request: POST https://api.telegram.org/bot8343388239:AAFgeAkc9bvjywyCsHqRIa_RiJ6q-rp6uv0/getUpdates "HTTP/1.1 200 OK"
2026-06-09 22:55:59,777 [INFO] httpx: HTTP Request: POST https://api.telegram.org/bot8343388239:AAFgeAkc9bvjywyCsHqRIa_RiJ6q-rp6uv0/getUpdates "HTTP/1.1 200 OK"
2026-06-09 22:56:30,469 [INFO] httpx: HTTP Request: POST https://api.telegram.org/bot8343388239:AAFgeAkc9bvjywyCsHqRIa_RiJ6q-rp6uv0/getUpdates "HTTP/1.1 200 OK"
2026-06-09 22:57:01,162 [INFO] httpx: HTTP Request: POST https://api.telegram.org/bot8343388239:AAFgeAkc9bvjywyCsHqRIa_RiJ6q-rp6uv0/getUpdates "HTTP/1.1 200 OK"
2026-06-09 22:57:26,259 [ERROR] subscription_bot.signaler: DerivSignaler connect error: No module named 'deriv'
2026-06-09 22:57:31,850 [INFO] httpx: HTTP Request: POST https://api.telegram.org/bot8343388239:AAFgeAkc9bvjywyCsHqRIa_RiJ6q-rp6uv0/getUpdates "HTTP/1.1 200 OK"
2026-06-09 22:58:02,548 [INFO] httpx: HTTP Request: POST https://api.telegram.org/bot8343388239:AAFgeAkc9bvjywyCsHqRIa_RiJ6q-rp6uv0/getUpdates "HTTP/1.1 200 OK"
2026-06-09 22:58:25,749 [INFO] signals.stockity_http: Got 900 raw 1s candles for CRYPTO_IDX (Z-CRY/IDX)
2026-06-09 22:58:25,749 [INFO] signals.stockity_http: Aggregated into 16 1m candles
2026-06-09 22:58:25,750 [INFO] signals.stockity_http: Signal for CRYPTO_IDX: WAIT 54% (score=46, EMA5↓EMA10; RSI0 OS; pinTop)
2026-06-09 22:58:33,237 [INFO] httpx: HTTP Request: POST https://api.telegram.org/bot8343388239:AAFgeAkc9bvjywyCsHqRIa_RiJ6q-rp6uv0/getUpdates "HTTP/1.1 200 OK"
2026-06-09 22:59:03,940 [INFO] httpx: HTTP Request: POST https://api.telegram.org/bot8343388239:AAFgeAkc9bvjywyCsHqRIa_RiJ6q-rp6uv0/getUpdates "HTTP/1.1 200 OK"
2026-06-09 22:59:34,628 [INFO] httpx: HTTP Request: POST https://api.telegram.org/bot8343388239:AAFgeAkc9bvjywyCsHqRIa_RiJ6q-rp6uv0/getUpdates "HTTP/1.1 200 OK"
2026-06-09 23:00:05,321 [INFO] httpx: HTTP Request: POST https://api.telegram.org/bot8343388239:AAFgeAkc9bvjywyCsHqRIa_RiJ6q-rp6uv0/getUpdates "HTTP/1.1 200 OK"
2026-06-09 23:00:36,012 [INFO] httpx: HTTP Request: POST https://api.telegram.org/bot8343388239:AAFgeAkc9bvjywyCsHqRIa_RiJ6q-rp6uv0/getUpdates "HTTP/1.1 200 OK"
2026-06-09 23:01:06,708 [INFO] httpx: HTTP Request: POST https://api.telegram.org/bot8343388239:AAFgeAkc9bvjywyCsHqRIa_RiJ6q-rp6uv0/getUpdates "HTTP/1.1 200 OK"
2026-06-09 23:01:37,405 [INFO] httpx: HTTP Request: POST https://api.telegram.org/bot8343388239:AAFgeAkc9bvjywyCsHqRIa_RiJ6q-rp6uv0/getUpdates "HTTP/1.1 200 OK"
2026-06-09 23:02:08,110 [INFO] httpx: HTTP Request: POST https://api.telegram.org/bot8343388239:AAFgeAkc9bvjywyCsHqRIa_RiJ6q-rp6uv0/getUpdates "HTTP/1.1 200 OK"
2026-06-09 23:02:26,278 [ERROR] subscription_bot.signaler: DerivSignaler connect error: No module named 'deriv'
2026-06-09 23:02:38,798 [INFO] httpx: HTTP Request: POST https://api.telegram.org/bot8343388239:AAFgeAkc9bvjywyCsHqRIa_RiJ6q-rp6uv0/getUpdates "HTTP/1.1 200 OK"
2026-06-09 23:03:09,490 [INFO] httpx: HTTP Request: POST https://api.telegram.org/bot8343388239:AAFgeAkc9bvjywyCsHqRIa_RiJ6q-rp6uv0/getUpdates "HTTP/1.1 200 OK"
2026-06-09 23:03:27,821 [INFO] signals.stockity_http: Got 900 raw 1s candles for CRYPTO_IDX (Z-CRY/IDX)
2026-06-09 23:03:27,821 [INFO] signals.stockity_http: Aggregated into 16 1m candles
2026-06-09 23:03:27,822 [INFO] signals.stockity_http: Signal for CRYPTO_IDX: WAIT 50% (score=50, EMA5↓EMA10; RSI0 OS; midLo)
2026-06-09 23:03:40,181 [INFO] httpx: HTTP Request: POST https://api.telegram.org/bot8343388239:AAFgeAkc9bvjywyCsHqRIa_RiJ6q-rp6uv0/getUpdates "HTTP/1.1 200 OK"
2026-06-09 23:04:10,880 [INFO] httpx: HTTP Request: POST https://api.telegram.org/bot8343388239:AAFgeAkc9bvjywyCsHqRIa_RiJ6q-rp6uv0/getUpdates "HTTP/1.1 200 OK"
2026-06-09 23:04:41,570 [INFO] httpx: HTTP Request: POST https://api.telegram.org/bot8343388239:AAFgeAkc9bvjywyCsHqRIa_RiJ6q-rp6uv0/getUpdates "HTTP/1.1 200 OK"
2026-06-09 23:05:12,283 [INFO] httpx: HTTP Request: POST https://api.telegram.org/bot8343388239:AAFgeAkc9bvjywyCsHqRIa_RiJ6q-rp6uv0/getUpdates "HTTP/1.1 200 OK"
2026-06-09 23:05:42,974 [INFO] httpx: HTTP Request: POST https://api.telegram.org/bot8343388239:AAFgeAkc9bvjywyCsHqRIa_RiJ6q-rp6uv0/getUpdates "HTTP/1.1 200 OK"
2026-06-09 23:06:13,665 [INFO] httpx: HTTP Request: POST https://api.telegram.org/bot8343388239:AAFgeAkc9bvjywyCsHqRIa_RiJ6q-rp6uv0/getUpdates "HTTP/1.1 200 OK"
2026-06-09 23:06:44,359 [INFO] httpx: HTTP Request: POST https://api.telegram.org/bot8343388239:AAFgeAkc9bvjywyCsHqRIa_RiJ6q-rp6uv0/getUpdates "HTTP/1.1 200 OK"
2026-06-09 23:07:15,050 [INFO] httpx: HTTP Request: POST https://api.telegram.org/bot8343388239:AAFgeAkc9bvjywyCsHqRIa_RiJ6q-rp6uv0/getUpdates "HTTP/1.1 200 OK"
2026-06-09 23:07:26,286 [ERROR] subscription_bot.signaler: DerivSignaler connect error: No module named 'deriv'
2026-06-09 23:07:45,742 [INFO] httpx: HTTP Request: POST https://api.telegram.org/bot8343388239:AAFgeAkc9bvjywyCsHqRIa_RiJ6q-rp6uv0/getUpdates "HTTP/1.1 200 OK"
2026-06-09 23:08:16,430 [INFO] httpx: HTTP Request: POST https://api.telegram.org/bot8343388239:AAFgeAkc9bvjywyCsHqRIa_RiJ6q-rp6uv0/getUpdates "HTTP/1.1 200 OK"
2026-06-09 23:08:29,197 [INFO] signals.stockity_http: Got 900 raw 1s candles for CRYPTO_IDX (Z-CRY/IDX)
2026-06-09 23:08:29,197 [INFO] signals.stockity_http: Aggregated into 16 1m candles
2026-06-09 23:08:29,197 [INFO] signals.stockity_http: Signal for CRYPTO_IDX: WAIT 50% (score=50, EMA5↓EMA10; RSI0 OS; midLo)
2026-06-09 23:08:47,127 [INFO] httpx: HTTP Request: POST https://api.telegram.org/bot8343388239:AAFgeAkc9bvjywyCsHqRIa_RiJ6q-rp6uv0/getUpdates "HTTP/1.1 200 OK"
2026-06-09 23:09:17,818 [INFO] httpx: HTTP Request: POST https://api.telegram.org/bot8343388239:AAFgeAkc9bvjywyCsHqRIa_RiJ6q-rp6uv0/getUpdates "HTTP/1.1 200 OK"
2026-06-09 23:09:48,511 [INFO] httpx: HTTP Request: POST https://api.telegram.org/bot8343388239:AAFgeAkc9bvjywyCsHqRIa_RiJ6q-rp6uv0/getUpdates "HTTP/1.1 200 OK"
2026-06-09 23:10:19,203 [INFO] httpx: HTTP Request: POST https://api.telegram.org/bot8343388239:AAFgeAkc9bvjywyCsHqRIa_RiJ6q-rp6uv0/getUpdates "HTTP/1.1 200 OK"
2026-06-09 23:10:49,902 [INFO] httpx: HTTP Request: POST https://api.telegram.org/bot8343388239:AAFgeAkc9bvjywyCsHqRIa_RiJ6q-rp6uv0/getUpdates "HTTP/1.1 200 OK"
2026-06-09 23:11:20,593 [INFO] httpx: HTTP Request: POST https://api.telegram.org/bot8343388239:AAFgeAkc9bvjywyCsHqRIa_RiJ6q-rp6uv0/getUpdates "HTTP/1.1 200 OK"
2026-06-09 23:11:51,285 [INFO] httpx: HTTP Request: POST https://api.telegram.org/bot8343388239:AAFgeAkc9bvjywyCsHqRIa_RiJ6q-rp6uv0/getUpdates "HTTP/1.1 200 OK"
2026-06-09 23:12:21,978 [INFO] httpx: HTTP Request: POST https://api.telegram.org/bot8343388239:AAFgeAkc9bvjywyCsHqRIa_RiJ6q-rp6uv0/getUpdates "HTTP/1.1 200 OK"
2026-06-09 23:12:26,290 [ERROR] subscription_bot.signaler: DerivSignaler connect error: No module named 'deriv'
2026-06-09 23:12:52,666 [INFO] httpx: HTTP Request: POST https://api.telegram.org/bot8343388239:AAFgeAkc9bvjywyCsHqRIa_RiJ6q-rp6uv0/getUpdates "HTTP/1.1 200 OK"
2026-06-09 23:13:23,352 [INFO] httpx: HTTP Request: POST https://api.telegram.org/bot8343388239:AAFgeAkc9bvjywyCsHqRIa_RiJ6q-rp6uv0/getUpdates "HTTP/1.1 200 OK"
2026-06-09 23:13:30,447 [INFO] signals.stockity_http: Got 900 raw 1s candles for CRYPTO_IDX (Z-CRY/IDX)
2026-06-09 23:13:30,448 [INFO] signals.stockity_http: Aggregated into 16 1m candles
2026-06-09 23:13:30,448 [INFO] signals.stockity_http: Signal for CRYPTO_IDX: WAIT 50% (score=50, EMA5↓EMA10; RSI0 OS; midLo)
2026-06-09 23:13:54,044 [INFO] httpx: HTTP Request: POST https://api.telegram.org/bot8343388239:AAFgeAkc9bvjywyCsHqRIa_RiJ6q-rp6uv0/getUpdates "HTTP/1.1 200 OK"
2026-06-09 23:14:24,733 [INFO] httpx: HTTP Request: POST https://api.telegram.org/bot8343388239:AAFgeAkc9bvjywyCsHqRIa_RiJ6q-rp6uv0/getUpdates "HTTP/1.1 200 OK"
2026-06-09 23:14:55,430 [INFO] httpx: HTTP Request: POST https://api.telegram.org/bot8343388239:AAFgeAkc9bvjywyCsHqRIa_RiJ6q-rp6uv0/getUpdates "HTTP/1.1 200 OK"
2026-06-09 23:15:26,120 [INFO] httpx: HTTP Request: POST https://api.telegram.org/bot8343388239:AAFgeAkc9bvjywyCsHqRIa_RiJ6q-rp6uv0/getUpdates "HTTP/1.1 200 OK"
2026-06-09 23:15:56,809 [INFO] httpx: HTTP Request: POST https://api.telegram.org/bot8343388239:AAFgeAkc9bvjywyCsHqRIa_RiJ6q-rp6uv0/getUpdates "HTTP/1.1 200 OK"
2026-06-09 23:16:27,499 [INFO] httpx: HTTP Request: POST https://api.telegram.org/bot8343388239:AAFgeAkc9bvjywyCsHqRIa_RiJ6q-rp6uv0/getUpdates "HTTP/1.1 200 OK"
2026-06-09 23:16:58,194 [INFO] httpx: HTTP Request: POST https://api.telegram.org/bot8343388239:AAFgeAkc9bvjywyCsHqRIa_RiJ6q-rp6uv0/getUpdates "HTTP/1.1 200 OK"
2026-06-09 23:17:26,318 [ERROR] subscription_bot.signaler: DerivSignaler connect error: No module named 'deriv'
2026-06-09 23:17:28,891 [INFO] httpx: HTTP Request: POST https://api.telegram.org/bot8343388239:AAFgeAkc9bvjywyCsHqRIa_RiJ6q-rp6uv0/getUpdates "HTTP/1.1 200 OK"
2026-06-09 23:17:59,579 [INFO] httpx: HTTP Request: POST https://api.telegram.org/bot8343388239:AAFgeAkc9bvjywyCsHqRIa_RiJ6q-rp6uv0/getUpdates "HTTP/1.1 200 OK"
2026-06-09 23:18:30,269 [INFO] httpx: HTTP Request: POST https://api.telegram.org/bot8343388239:AAFgeAkc9bvjywyCsHqRIa_RiJ6q-rp6uv0/getUpdates "HTTP/1.1 200 OK"
2026-06-09 23:18:32,303 [INFO] signals.stockity_http: Got 900 raw 1s candles for CRYPTO_IDX (Z-CRY/IDX)
2026-06-09 23:18:32,303 [INFO] signals.stockity_http: Aggregated into 16 1m candles
2026-06-09 23:18:32,303 [INFO] signals.stockity_http: Signal for CRYPTO_IDX: WAIT 59% (score=59, EMA5↑EMA10; RSI0 OS; rangeTop)
2026-06-09 23:19:00,962 [INFO] httpx: HTTP Request: POST https://api.telegram.org/bot8343388239:AAFgeAkc9bvjywyCsHqRIa_RiJ6q-rp6uv0/getUpdates "HTTP/1.1 200 OK"
2026-06-09 23:19:31,656 [INFO] httpx: HTTP Request: POST https://api.telegram.org/bot8343388239:AAFgeAkc9bvjywyCsHqRIa_RiJ6q-rp6uv0/getUpdates "HTTP/1.1 200 OK"
2026-06-09 23:20:02,344 [INFO] httpx: HTTP Request: POST https://api.telegram.org/bot8343388239:AAFgeAkc9bvjywyCsHqRIa_RiJ6q-rp6uv0/getUpdates "HTTP/1.1 200 OK"
2026-06-09 23:20:33,035 [INFO] httpx: HTTP Request: POST https://api.telegram.org/bot8343388239:AAFgeAkc9bvjywyCsHqRIa_RiJ6q-rp6uv0/getUpdates "HTTP/1.1 200 OK"
2026-06-09 23:21:03,726 [INFO] httpx: HTTP Request: POST https://api.telegram.org/bot8343388239:AAFgeAkc9bvjywyCsHqRIa_RiJ6q-rp6uv0/getUpdates "HTTP/1.1 200 OK"
2026-06-09 23:21:34,422 [INFO] httpx: HTTP Request: POST https://api.telegram.org/bot8343388239:AAFgeAkc9bvjywyCsHqRIa_RiJ6q-rp6uv0/getUpdates "HTTP/1.1 200 OK"
2026-06-09 23:22:05,112 [INFO] httpx: HTTP Request: POST https://api.telegram.org/bot8343388239:AAFgeAkc9bvjywyCsHqRIa_RiJ6q-rp6uv0/getUpdates "HTTP/1.1 200 OK"
2026-06-09 23:22:26,338 [ERROR] subscription_bot.signaler: DerivSignaler connect error: No module named 'deriv'
2026-06-09 23:22:35,801 [INFO] httpx: HTTP Request: POST https://api.telegram.org/bot8343388239:AAFgeAkc9bvjywyCsHqRIa_RiJ6q-rp6uv0/getUpdates "HTTP/1.1 200 OK"
2026-06-09 23:23:06,496 [INFO] httpx: HTTP Request: POST https://api.telegram.org/bot8343388239:AAFgeAkc9bvjywyCsHqRIa_RiJ6q-rp6uv0/getUpdates "HTTP/1.1 200 OK"
2026-06-09 23:23:33,586 [INFO] signals.stockity_http: Got 900 raw 1s candles for CRYPTO_IDX (Z-CRY/IDX)
2026-06-09 23:23:33,586 [INFO] signals.stockity_http: Aggregated into 16 1m candles
2026-06-09 23:23:33,587 [INFO] signals.stockity_http: Signal for CRYPTO_IDX: WAIT 59% (score=59, EMA5↑EMA10; RSI0 OS; rangeTop)
2026-06-09 23:23:37,185 [INFO] httpx: HTTP Request: POST https://api.telegram.org/bot8343388239:AAFgeAkc9bvjywyCsHqRIa_RiJ6q-rp6uv0/getUpdates "HTTP/1.1 200 OK"
2026-06-09 23:24:07,875 [INFO] httpx: HTTP Request: POST https://api.telegram.org/bot8343388239:AAFgeAkc9bvjywyCsHqRIa_RiJ6q-rp6uv0/getUpdates "HTTP/1.1 200 OK"
2026-06-09 23:24:38,565 [INFO] httpx: HTTP Request: POST https://api.telegram.org/bot8343388239:AAFgeAkc9bvjywyCsHqRIa_RiJ6q-rp6uv0/getUpdates "HTTP/1.1 200 OK"
2026-06-09 23:25:09,258 [INFO] httpx: HTTP Request: POST https://api.telegram.org/bot8343388239:AAFgeAkc9bvjywyCsHqRIa_RiJ6q-rp6uv0/getUpdates "HTTP/1.1 200 OK"
2026-06-09 23:25:40,332 [INFO] httpx: HTTP Request: POST https://api.telegram.org/bot8343388239:AAFgeAkc9bvjywyCsHqRIa_RiJ6q-rp6uv0/getUpdates "HTTP/1.1 200 OK"
2026-06-09 23:26:11,023 [INFO] httpx: HTTP Request: POST https://api.telegram.org/bot8343388239:AAFgeAkc9bvjywyCsHqRIa_RiJ6q-rp6uv0/getUpdates "HTTP/1.1 200 OK"
2026-06-09 23:26:41,721 [INFO] httpx: HTTP Request: POST https://api.telegram.org/bot8343388239:AAFgeAkc9bvjywyCsHqRIa_RiJ6q-rp6uv0/getUpdates "HTTP/1.1 200 OK"
2026-06-09 23:27:12,414 [INFO] httpx: HTTP Request: POST https://api.telegram.org/bot8343388239:AAFgeAkc9bvjywyCsHqRIa_RiJ6q-rp6uv0/getUpdates "HTTP/1.1 200 OK"
2026-06-09 23:27:26,351 [ERROR] subscription_bot.signaler: DerivSignaler connect error: No module named 'deriv'
2026-06-09 23:27:43,111 [INFO] httpx: HTTP Request: POST https://api.telegram.org/bot8343388239:AAFgeAkc9bvjywyCsHqRIa_RiJ6q-rp6uv0/getUpdates "HTTP/1.1 200 OK"
2026-06-09 23:28:13,801 [INFO] httpx: HTTP Request: POST https://api.telegram.org/bot8343388239:AAFgeAkc9bvjywyCsHqRIa_RiJ6q-rp6uv0/getUpdates "HTTP/1.1 200 OK"
2026-06-09 23:28:34,941 [INFO] signals.stockity_http: Got 900 raw 1s candles for CRYPTO_IDX (Z-CRY/IDX)
2026-06-09 23:28:34,942 [INFO] signals.stockity_http: Aggregated into 16 1m candles
2026-06-09 23:28:34,942 [INFO] signals.stockity_http: Signal for CRYPTO_IDX: WAIT 59% (score=59, EMA5↑EMA10; RSI0 OS; rangeTop)
2026-06-09 23:28:35,311 [INFO] subscription_bot.signaler: NEW signal: ETHUSD CALL 68%
2026-06-09 23:28:36,140 [INFO] httpx: HTTP Request: POST https://api.telegram.org/bot8343388239:AAFgeAkc9bvjywyCsHqRIa_RiJ6q-rp6uv0/sendMessage "HTTP/1.1 200 OK"
2026-06-09 23:28:36,171 [INFO] subscription_bot.bot: Signal dispatched to 1/1 subscribers
2026-06-09 23:28:44,493 [INFO] httpx: HTTP Request: POST https://api.telegram.org/bot8343388239:AAFgeAkc9bvjywyCsHqRIa_RiJ6q-rp6uv0/getUpdates "HTTP/1.1 200 OK"
2026-06-09 23:29:15,186 [INFO] httpx: HTTP Request: POST https://api.telegram.org/bot8343388239:AAFgeAkc9bvjywyCsHqRIa_RiJ6q-rp6uv0/getUpdates "HTTP/1.1 200 OK"
2026-06-09 23:29:45,880 [INFO] httpx: HTTP Request: POST https://api.telegram.org/bot8343388239:AAFgeAkc9bvjywyCsHqRIa_RiJ6q-rp6uv0/getUpdates "HTTP/1.1 200 OK"
2026-06-09 23:30:16,572 [INFO] httpx: HTTP Request: POST https://api.telegram.org/bot8343388239:AAFgeAkc9bvjywyCsHqRIa_RiJ6q-rp6uv0/getUpdates "HTTP/1.1 200 OK"
2026-06-09 23:30:47,263 [INFO] httpx: HTTP Request: POST https://api.telegram.org/bot8343388239:AAFgeAkc9bvjywyCsHqRIa_RiJ6q-rp6uv0/getUpdates "HTTP/1.1 200 OK"
2026-06-09 23:31:17,952 [INFO] httpx: HTTP Request: POST https://api.telegram.org/bot8343388239:AAFgeAkc9bvjywyCsHqRIa_RiJ6q-rp6uv0/getUpdates "HTTP/1.1 200 OK"
2026-06-09 23:31:48,643 [INFO] httpx: HTTP Request: POST https://api.telegram.org/bot8343388239:AAFgeAkc9bvjywyCsHqRIa_RiJ6q-rp6uv0/getUpdates "HTTP/1.1 200 OK"
2026-06-09 23:32:19,337 [INFO] httpx: HTTP Request: POST https://api.telegram.org/bot8343388239:AAFgeAkc9bvjywyCsHqRIa_RiJ6q-rp6uv0/getUpdates "HTTP/1.1 200 OK"
2026-06-09 23:32:26,358 [ERROR] subscription_bot.signaler: DerivSignaler connect error: No module named 'deriv'
2026-06-09 23:32:50,028 [INFO] httpx: HTTP Request: POST https://api.telegram.org/bot8343388239:AAFgeAkc9bvjywyCsHqRIa_RiJ6q-rp6uv0/getUpdates "HTTP/1.1 200 OK"
2026-06-09 23:33:20,726 [INFO] httpx: HTTP Request: POST https://api.telegram.org/bot8343388239:AAFgeAkc9bvjywyCsHqRIa_RiJ6q-rp6uv0/getUpdates "HTTP/1.1 200 OK"
2026-06-09 23:33:37,625 [INFO] signals.stockity_http: Got 900 raw 1s candles for CRYPTO_IDX (Z-CRY/IDX)
2026-06-09 23:33:37,626 [INFO] signals.stockity_http: Aggregated into 16 1m candles
2026-06-09 23:33:37,626 [INFO] signals.stockity_http: Signal for CRYPTO_IDX: PUT 60% (score=40, EMA5↓EMA10; bearX; RSI0 OS)
2026-06-09 23:33:37,626 [INFO] subscription_bot.signaler: NEW signal: CRYPTO_IDX PUT 60%
2026-06-09 23:33:38,414 [INFO] httpx: HTTP Request: POST https://api.telegram.org/bot8343388239:AAFgeAkc9bvjywyCsHqRIa_RiJ6q-rp6uv0/sendMessage "HTTP/1.1 200 OK"
2026-06-09 23:33:38,445 [INFO] subscription_bot.bot: Signal dispatched to 1/1 subscribers
2026-06-09 23:33:51,426 [INFO] httpx: HTTP Request: POST https://api.telegram.org/bot8343388239:AAFgeAkc9bvjywyCsHqRIa_RiJ6q-rp6uv0/getUpdates "HTTP/1.1 200 OK"
2026-06-09 23:34:22,124 [INFO] httpx: HTTP Request: POST https://api.telegram.org/bot8343388239:AAFgeAkc9bvjywyCsHqRIa_RiJ6q-rp6uv0/getUpdates "HTTP/1.1 200 OK"
2026-06-09 23:34:52,818 [INFO] httpx: HTTP Request: POST https://api.telegram.org/bot8343388239:AAFgeAkc9bvjywyCsHqRIa_RiJ6q-rp6uv0/getUpdates "HTTP/1.1 200 OK"
2026-06-09 23:35:23,515 [INFO] httpx: HTTP Request: POST https://api.telegram.org/bot8343388239:AAFgeAkc9bvjywyCsHqRIa_RiJ6q-rp6uv0/getUpdates "HTTP/1.1 200 OK"
2026-06-09 23:35:54,206 [INFO] httpx: HTTP Request: POST https://api.telegram.org/bot8343388239:AAFgeAkc9bvjywyCsHqRIa_RiJ6q-rp6uv0/getUpdates "HTTP/1.1 200 OK"
2026-06-09 23:36:24,897 [INFO] httpx: HTTP Request: POST https://api.telegram.org/bot8343388239:AAFgeAkc9bvjywyCsHqRIa_RiJ6q-rp6uv0/getUpdates "HTTP/1.1 200 OK"
2026-06-09 23:36:55,594 [INFO] httpx: HTTP Request: POST https://api.telegram.org/bot8343388239:AAFgeAkc9bvjywyCsHqRIa_RiJ6q-rp6uv0/getUpdates "HTTP/1.1 200 OK"
2026-06-09 23:37:26,289 [INFO] httpx: HTTP Request: POST https://api.telegram.org/bot8343388239:AAFgeAkc9bvjywyCsHqRIa_RiJ6q-rp6uv0/getUpdates "HTTP/1.1 200 OK"
2026-06-09 23:37:26,358 [ERROR] subscription_bot.signaler: DerivSignaler connect error: No module named 'deriv'
2026-06-09 23:37:57,396 [INFO] httpx: HTTP Request: POST https://api.telegram.org/bot8343388239:AAFgeAkc9bvjywyCsHqRIa_RiJ6q-rp6uv0/getUpdates "HTTP/1.1 200 OK"
2026-06-09 23:38:28,095 [INFO] httpx: HTTP Request: POST https://api.telegram.org/bot8343388239:AAFgeAkc9bvjywyCsHqRIa_RiJ6q-rp6uv0/getUpdates "HTTP/1.1 200 OK"
2026-06-09 23:38:39,920 [INFO] signals.stockity_http: Got 900 raw 1s candles for CRYPTO_IDX (Z-CRY/IDX)
2026-06-09 23:38:39,921 [INFO] signals.stockity_http: Aggregated into 16 1m candles
2026-06-09 23:38:39,921 [INFO] signals.stockity_http: Signal for CRYPTO_IDX: PUT 60% (score=40, EMA5↓EMA10; bearX; RSI0 OS)
2026-06-09 23:38:40,426 [INFO] subscription_bot.signaler: NEW signal: XAUUSD CALL 68%
2026-06-09 23:38:41,220 [INFO] httpx: HTTP Request: POST https://api.telegram.org/bot8343388239:AAFgeAkc9bvjywyCsHqRIa_RiJ6q-rp6uv0/sendMessage "HTTP/1.1 200 OK"
2026-06-09 23:38:41,251 [INFO] subscription_bot.bot: Signal dispatched to 1/1 subscribers
2026-06-09 23:38:58,788 [INFO] httpx: HTTP Request: POST https://api.telegram.org/bot8343388239:AAFgeAkc9bvjywyCsHqRIa_RiJ6q-rp6uv0/getUpdates "HTTP/1.1 200 OK"
2026-06-09 23:39:29,501 [INFO] httpx: HTTP Request: POST https://api.telegram.org/bot8343388239:AAFgeAkc9bvjywyCsHqRIa_RiJ6q-rp6uv0/getUpdates "HTTP/1.1 200 OK"
2026-06-09 23:40:00,194 [INFO] httpx: HTTP Request: POST https://api.telegram.org/bot8343388239:AAFgeAkc9bvjywyCsHqRIa_RiJ6q-rp6uv0/getUpdates "HTTP/1.1 200 OK"
2026-06-09 23:40:30,893 [INFO] httpx: HTTP Request: POST https://api.telegram.org/bot8343388239:AAFgeAkc9bvjywyCsHqRIa_RiJ6q-rp6uv0/getUpdates "HTTP/1.1 200 OK"
2026-06-09 23:41:01,591 [INFO] httpx: HTTP Request: POST https://api.telegram.org/bot8343388239:AAFgeAkc9bvjywyCsHqRIa_RiJ6q-rp6uv0/getUpdates "HTTP/1.1 200 OK"
2026-06-09 23:41:32,282 [INFO] httpx: HTTP Request: POST https://api.telegram.org/bot8343388239:AAFgeAkc9bvjywyCsHqRIa_RiJ6q-rp6uv0/getUpdates "HTTP/1.1 200 OK"
2026-06-09 23:42:02,983 [INFO] httpx: HTTP Request: POST https://api.telegram.org/bot8343388239:AAFgeAkc9bvjywyCsHqRIa_RiJ6q-rp6uv0/getUpdates "HTTP/1.1 200 OK"
2026-06-09 23:42:26,382 [ERROR] subscription_bot.signaler: DerivSignaler connect error: No module named 'deriv'
2026-06-09 23:42:33,677 [INFO] httpx: HTTP Request: POST https://api.telegram.org/bot8343388239:AAFgeAkc9bvjywyCsHqRIa_RiJ6q-rp6uv0/getUpdates "HTTP/1.1 200 OK"
2026-06-09 23:43:04,378 [INFO] httpx: HTTP Request: POST https://api.telegram.org/bot8343388239:AAFgeAkc9bvjywyCsHqRIa_RiJ6q-rp6uv0/getUpdates "HTTP/1.1 200 OK"
2026-06-09 23:43:35,070 [INFO] httpx: HTTP Request: POST https://api.telegram.org/bot8343388239:AAFgeAkc9bvjywyCsHqRIa_RiJ6q-rp6uv0/getUpdates "HTTP/1.1 200 OK"
2026-06-09 23:43:42,017 [INFO] signals.stockity_http: Got 900 raw 1s candles for CRYPTO_IDX (Z-CRY/IDX)
2026-06-09 23:43:42,017 [INFO] signals.stockity_http: Aggregated into 16 1m candles
2026-06-09 23:43:42,018 [INFO] signals.stockity_http: Signal for CRYPTO_IDX: PUT 60% (score=40, EMA5↓EMA10; bearX; RSI0 OS)
2026-06-09 23:44:05,761 [INFO] httpx: HTTP Request: POST https://api.telegram.org/bot8343388239:AAFgeAkc9bvjywyCsHqRIa_RiJ6q-rp6uv0/getUpdates "HTTP/1.1 200 OK"
2026-06-09 23:44:36,457 [INFO] httpx: HTTP Request: POST https://api.telegram.org/bot8343388239:AAFgeAkc9bvjywyCsHqRIa_RiJ6q-rp6uv0/getUpdates "HTTP/1.1 200 OK"
2026-06-09 23:45:07,163 [INFO] httpx: HTTP Request: POST https://api.telegram.org/bot8343388239:AAFgeAkc9bvjywyCsHqRIa_RiJ6q-rp6uv0/getUpdates "HTTP/1.1 200 OK"
2026-06-09 23:45:37,856 [INFO] httpx: HTTP Request: POST https://api.telegram.org/bot8343388239:AAFgeAkc9bvjywyCsHqRIa_RiJ6q-rp6uv0/getUpdates "HTTP/1.1 200 OK"
2026-06-09 23:46:08,556 [INFO] httpx: HTTP Request: POST https://api.telegram.org/bot8343388239:AAFgeAkc9bvjywyCsHqRIa_RiJ6q-rp6uv0/getUpdates "HTTP/1.1 200 OK"
2026-06-09 23:46:39,248 [INFO] httpx: HTTP Request: POST https://api.telegram.org/bot8343388239:AAFgeAkc9bvjywyCsHqRIa_RiJ6q-rp6uv0/getUpdates "HTTP/1.1 200 OK"
2026-06-09 23:47:09,943 [INFO] httpx: HTTP Request: POST https://api.telegram.org/bot8343388239:AAFgeAkc9bvjywyCsHqRIa_RiJ6q-rp6uv0/getUpdates "HTTP/1.1 200 OK"
2026-06-09 23:47:26,398 [ERROR] subscription_bot.signaler: DerivSignaler connect error: No module named 'deriv'
2026-06-09 23:47:40,635 [INFO] httpx: HTTP Request: POST https://api.telegram.org/bot8343388239:AAFgeAkc9bvjywyCsHqRIa_RiJ6q-rp6uv0/getUpdates "HTTP/1.1 200 OK"
2026-06-09 23:48:11,329 [INFO] httpx: HTTP Request: POST https://api.telegram.org/bot8343388239:AAFgeAkc9bvjywyCsHqRIa_RiJ6q-rp6uv0/getUpdates "HTTP/1.1 200 OK"
2026-06-09 23:48:42,021 [INFO] httpx: HTTP Request: POST https://api.telegram.org/bot8343388239:AAFgeAkc9bvjywyCsHqRIa_RiJ6q-rp6uv0/getUpdates "HTTP/1.1 200 OK"
2026-06-09 23:48:43,440 [INFO] signals.stockity_http: Got 900 raw 1s candles for CRYPTO_IDX (Z-CRY/IDX)
2026-06-09 23:48:43,441 [INFO] signals.stockity_http: Aggregated into 16 1m candles
2026-06-09 23:48:43,441 [INFO] signals.stockity_http: Signal for CRYPTO_IDX: WAIT 50% (score=50, EMA5↓EMA10; RSI0 OS; midLo)
2026-06-09 23:48:44,050 [INFO] subscription_bot.signaler: NEW signal: USOIL CALL 68%
2026-06-09 23:48:44,823 [INFO] httpx: HTTP Request: POST https://api.telegram.org/bot8343388239:AAFgeAkc9bvjywyCsHqRIa_RiJ6q-rp6uv0/sendMessage "HTTP/1.1 200 OK"
2026-06-09 23:48:44,856 [INFO] subscription_bot.bot: Signal dispatched to 1/1 subscribers
2026-06-09 23:49:12,715 [INFO] httpx: HTTP Request: POST https://api.telegram.org/bot8343388239:AAFgeAkc9bvjywyCsHqRIa_RiJ6q-rp6uv0/getUpdates "HTTP/1.1 200 OK"
2026-06-09 23:49:43,409 [INFO] httpx: HTTP Request: POST https://api.telegram.org/bot8343388239:AAFgeAkc9bvjywyCsHqRIa_RiJ6q-rp6uv0/getUpdates "HTTP/1.1 200 OK"
2026-06-09 23:50:14,109 [INFO] httpx: HTTP Request: POST https://api.telegram.org/bot8343388239:AAFgeAkc9bvjywyCsHqRIa_RiJ6q-rp6uv0/getUpdates "HTTP/1.1 200 OK"
2026-06-09 23:50:44,806 [INFO] httpx: HTTP Request: POST https://api.telegram.org/bot8343388239:AAFgeAkc9bvjywyCsHqRIa_RiJ6q-rp6uv0/getUpdates "HTTP/1.1 200 OK"
2026-06-09 23:51:15,499 [INFO] httpx: HTTP Request: POST https://api.telegram.org/bot8343388239:AAFgeAkc9bvjywyCsHqRIa_RiJ6q-rp6uv0/getUpdates "HTTP/1.1 200 OK"
2026-06-09 23:51:46,193 [INFO] httpx: HTTP Request: POST https://api.telegram.org/bot8343388239:AAFgeAkc9bvjywyCsHqRIa_RiJ6q-rp6uv0/getUpdates "HTTP/1.1 200 OK"
2026-06-09 23:52:16,886 [INFO] httpx: HTTP Request: POST https://api.telegram.org/bot8343388239:AAFgeAkc9bvjywyCsHqRIa_RiJ6q-rp6uv0/getUpdates "HTTP/1.1 200 OK"
2026-06-09 23:52:26,406 [ERROR] subscription_bot.signaler: DerivSignaler connect error: No module named 'deriv'
2026-06-09 23:52:47,580 [INFO] httpx: HTTP Request: POST https://api.telegram.org/bot8343388239:AAFgeAkc9bvjywyCsHqRIa_RiJ6q-rp6uv0/getUpdates "HTTP/1.1 200 OK"
2026-06-09 23:53:18,276 [INFO] httpx: HTTP Request: POST https://api.telegram.org/bot8343388239:AAFgeAkc9bvjywyCsHqRIa_RiJ6q-rp6uv0/getUpdates "HTTP/1.1 200 OK"
2026-06-09 23:53:45,465 [INFO] signals.stockity_http: Got 900 raw 1s candles for CRYPTO_IDX (Z-CRY/IDX)
2026-06-09 23:53:45,466 [INFO] signals.stockity_http: Aggregated into 16 1m candles
2026-06-09 23:53:45,466 [INFO] signals.stockity_http: Signal for CRYPTO_IDX: WAIT 50% (score=50, EMA5↓EMA10; RSI0 OS; midLo)
2026-06-09 23:53:46,876 [INFO] subscription_bot.signaler: NEW signal: ETHUSD PUT 68%
2026-06-09 23:53:47,650 [INFO] httpx: HTTP Request: POST https://api.telegram.org/bot8343388239:AAFgeAkc9bvjywyCsHqRIa_RiJ6q-rp6uv0/sendMessage "HTTP/1.1 200 OK"
2026-06-09 23:53:47,681 [INFO] subscription_bot.bot: Signal dispatched to 1/1 subscribers
2026-06-09 23:53:48,972 [INFO] httpx: HTTP Request: POST https://api.telegram.org/bot8343388239:AAFgeAkc9bvjywyCsHqRIa_RiJ6q-rp6uv0/getUpdates "HTTP/1.1 200 OK"
2026-06-09 23:54:19,679 [INFO] httpx: HTTP Request: POST https://api.telegram.org/bot8343388239:AAFgeAkc9bvjywyCsHqRIa_RiJ6q-rp6uv0/getUpdates "HTTP/1.1 200 OK"
2026-06-09 23:54:50,384 [INFO] httpx: HTTP Request: POST https://api.telegram.org/bot8343388239:AAFgeAkc9bvjywyCsHqRIa_RiJ6q-rp6uv0/getUpdates "HTTP/1.1 200 OK"
2026-06-09 23:55:21,882 [INFO] httpx: HTTP Request: POST https://api.telegram.org/bot8343388239:AAFgeAkc9bvjywyCsHqRIa_RiJ6q-rp6uv0/getUpdates "HTTP/1.1 200 OK"
2026-06-09 23:55:52,586 [INFO] httpx: HTTP Request: POST https://api.telegram.org/bot8343388239:AAFgeAkc9bvjywyCsHqRIa_RiJ6q-rp6uv0/getUpdates "HTTP/1.1 200 OK"
2026-06-09 23:56:23,300 [INFO] httpx: HTTP Request: POST https://api.telegram.org/bot8343388239:AAFgeAkc9bvjywyCsHqRIa_RiJ6q-rp6uv0/getUpdates "HTTP/1.1 200 OK"
2026-06-09 23:56:53,989 [INFO] httpx: HTTP Request: POST https://api.telegram.org/bot8343388239:AAFgeAkc9bvjywyCsHqRIa_RiJ6q-rp6uv0/getUpdates "HTTP/1.1 200 OK"
2026-06-09 23:57:24,683 [INFO] httpx: HTTP Request: POST https://api.telegram.org/bot8343388239:AAFgeAkc9bvjywyCsHqRIa_RiJ6q-rp6uv0/getUpdates "HTTP/1.1 200 OK"
2026-06-09 23:57:26,408 [ERROR] subscription_bot.signaler: DerivSignaler connect error: No module named 'deriv'
2026-06-09 23:57:55,382 [INFO] httpx: HTTP Request: POST https://api.telegram.org/bot8343388239:AAFgeAkc9bvjywyCsHqRIa_RiJ6q-rp6uv0/getUpdates "HTTP/1.1 200 OK"
2026-06-09 23:58:26,080 [INFO] httpx: HTTP Request: POST https://api.telegram.org/bot8343388239:AAFgeAkc9bvjywyCsHqRIa_RiJ6q-rp6uv0/getUpdates "HTTP/1.1 200 OK"
2026-06-09 23:58:48,962 [INFO] signals.stockity_http: Got 900 raw 1s candles for CRYPTO_IDX (Z-CRY/IDX)
2026-06-09 23:58:48,962 [INFO] signals.stockity_http: Aggregated into 16 1m candles
2026-06-09 23:58:48,965 [INFO] signals.stockity_http: Signal for CRYPTO_IDX: WAIT 50% (score=50, EMA5↓EMA10; RSI0 OS; midLo)
2026-06-09 23:58:56,777 [INFO] httpx: HTTP Request: POST https://api.telegram.org/bot8343388239:AAFgeAkc9bvjywyCsHqRIa_RiJ6q-rp6uv0/getUpdates "HTTP/1.1 200 OK"
2026-06-09 23:59:27,867 [INFO] httpx: HTTP Request: POST https://api.telegram.org/bot8343388239:AAFgeAkc9bvjywyCsHqRIa_RiJ6q-rp6uv0/getUpdates "HTTP/1.1 200 OK"
2026-06-09 23:59:58,557 [INFO] httpx: HTTP Request: POST https://api.telegram.org/bot8343388239:AAFgeAkc9bvjywyCsHqRIa_RiJ6q-rp6uv0/getUpdates "HTTP/1.1 200 OK"
2026-06-10 00:00:29,247 [INFO] httpx: HTTP Request: POST https://api.telegram.org/bot8343388239:AAFgeAkc9bvjywyCsHqRIa_RiJ6q-rp6uv0/getUpdates "HTTP/1.1 200 OK"
2026-06-10 00:00:59,947 [INFO] httpx: HTTP Request: POST https://api.telegram.org/bot8343388239:AAFgeAkc9bvjywyCsHqRIa_RiJ6q-rp6uv0/getUpdates "HTTP/1.1 200 OK"
2026-06-10 00:01:30,654 [INFO] httpx: HTTP Request: POST https://api.telegram.org/bot8343388239:AAFgeAkc9bvjywyCsHqRIa_RiJ6q-rp6uv0/getUpdates "HTTP/1.1 200 OK"
2026-06-10 00:02:01,347 [INFO] httpx: HTTP Request: POST https://api.telegram.org/bot8343388239:AAFgeAkc9bvjywyCsHqRIa_RiJ6q-rp6uv0/getUpdates "HTTP/1.1 200 OK"
2026-06-10 00:02:26,434 [ERROR] subscription_bot.signaler: DerivSignaler connect error: No module named 'deriv'
2026-06-10 00:02:32,044 [INFO] httpx: HTTP Request: POST https://api.telegram.org/bot8343388239:AAFgeAkc9bvjywyCsHqRIa_RiJ6q-rp6uv0/getUpdates "HTTP/1.1 200 OK"
2026-06-10 00:03:02,746 [INFO] httpx: HTTP Request: POST https://api.telegram.org/bot8343388239:AAFgeAkc9bvjywyCsHqRIa_RiJ6q-rp6uv0/getUpdates "HTTP/1.1 200 OK"
2026-06-10 00:03:33,462 [INFO] httpx: HTTP Request: POST https://api.telegram.org/bot8343388239:AAFgeAkc9bvjywyCsHqRIa_RiJ6q-rp6uv0/getUpdates "HTTP/1.1 200 OK"
2026-06-10 00:03:50,852 [INFO] signals.stockity_http: Got 900 raw 1s candles for CRYPTO_IDX (Z-CRY/IDX)
2026-06-10 00:03:50,852 [INFO] signals.stockity_http: Aggregated into 16 1m candles
2026-06-10 00:03:50,852 [INFO] signals.stockity_http: Signal for CRYPTO_IDX: CALL 65% (score=65, EMA5↑EMA10; RSI0 OS; pinBot)
2026-06-10 00:03:50,852 [INFO] subscription_bot.signaler: NEW signal: CRYPTO_IDX CALL 65%
2026-06-10 00:03:51,615 [INFO] httpx: HTTP Request: POST https://api.telegram.org/bot8343388239:AAFgeAkc9bvjywyCsHqRIa_RiJ6q-rp6uv0/sendMessage "HTTP/1.1 200 OK"
2026-06-10 00:03:51,646 [INFO] subscription_bot.bot: Signal dispatched to 1/1 subscribers
2026-06-10 00:04:04,165 [INFO] httpx: HTTP Request: POST https://api.telegram.org/bot8343388239:AAFgeAkc9bvjywyCsHqRIa_RiJ6q-rp6uv0/getUpdates "HTTP/1.1 200 OK"
2026-06-10 00:04:34,861 [INFO] httpx: HTTP Request: POST https://api.telegram.org/bot8343388239:AAFgeAkc9bvjywyCsHqRIa_RiJ6q-rp6uv0/getUpdates "HTTP/1.1 200 OK"
2026-06-10 00:05:05,552 [INFO] httpx: HTTP Request: POST https://api.telegram.org/bot8343388239:AAFgeAkc9bvjywyCsHqRIa_RiJ6q-rp6uv0/getUpdates "HTTP/1.1 200 OK"
2026-06-10 00:05:36,242 [INFO] httpx: HTTP Request: POST https://api.telegram.org/bot8343388239:AAFgeAkc9bvjywyCsHqRIa_RiJ6q-rp6uv0/getUpdates "HTTP/1.1 200 OK"
2026-06-10 00:06:06,939 [INFO] httpx: HTTP Request: POST https://api.telegram.org/bot8343388239:AAFgeAkc9bvjywyCsHqRIa_RiJ6q-rp6uv0/getUpdates "HTTP/1.1 200 OK"
2026-06-10 00:06:37,632 [INFO] httpx: HTTP Request: POST https://api.telegram.org/bot8343388239:AAFgeAkc9bvjywyCsHqRIa_RiJ6q-rp6uv0/getUpdates "HTTP/1.1 200 OK"
2026-06-10 00:07:08,327 [INFO] httpx: HTTP Request: POST https://api.telegram.org/bot8343388239:AAFgeAkc9bvjywyCsHqRIa_RiJ6q-rp6uv0/getUpdates "HTTP/1.1 200 OK"
2026-06-10 00:07:26,450 [ERROR] subscription_bot.signaler: DerivSignaler connect error: No module named 'deriv'
2026-06-10 00:07:39,425 [INFO] httpx: HTTP Request: POST https://api.telegram.org/bot8343388239:AAFgeAkc9bvjywyCsHqRIa_RiJ6q-rp6uv0/getUpdates "HTTP/1.1 200 OK"
2026-06-10 00:08:10,134 [INFO] httpx: HTTP Request: POST https://api.telegram.org/bot8343388239:AAFgeAkc9bvjywyCsHqRIa_RiJ6q-rp6uv0/getUpdates "HTTP/1.1 200 OK"
2026-06-10 00:08:40,857 [INFO] httpx: HTTP Request: POST https://api.telegram.org/bot8343388239:AAFgeAkc9bvjywyCsHqRIa_RiJ6q-rp6uv0/getUpdates "HTTP/1.1 200 OK"
2026-06-10 00:08:52,933 [INFO] signals.stockity_http: Got 900 raw 1s candles for CRYPTO_IDX (Z-CRY/IDX)
2026-06-10 00:08:52,933 [INFO] signals.stockity_http: Aggregated into 16 1m candles
2026-06-10 00:08:52,934 [INFO] signals.stockity_http: Signal for CRYPTO_IDX: CALL 65% (score=65, EMA5↑EMA10; RSI0 OS; pinBot)
2026-06-10 00:09:11,552 [INFO] httpx: HTTP Request: POST https://api.telegram.org/bot8343388239:AAFgeAkc9bvjywyCsHqRIa_RiJ6q-rp6uv0/getUpdates "HTTP/1.1 200 OK"
2026-06-10 00:09:42,246 [INFO] httpx: HTTP Request: POST https://api.telegram.org/bot8343388239:AAFgeAkc9bvjywyCsHqRIa_RiJ6q-rp6uv0/getUpdates "HTTP/1.1 200 OK"
2026-06-10 00:10:12,969 [INFO] httpx: HTTP Request: POST https://api.telegram.org/bot8343388239:AAFgeAkc9bvjywyCsHqRIa_RiJ6q-rp6uv0/getUpdates "HTTP/1.1 200 OK"
2026-06-10 00:10:43,663 [INFO] httpx: HTTP Request: POST https://api.telegram.org/bot8343388239:AAFgeAkc9bvjywyCsHqRIa_RiJ6q-rp6uv0/getUpdates "HTTP/1.1 200 OK"
2026-06-10 00:11:14,359 [INFO] httpx: HTTP Request: POST https://api.telegram.org/bot8343388239:AAFgeAkc9bvjywyCsHqRIa_RiJ6q-rp6uv0/getUpdates "HTTP/1.1 200 OK"
2026-06-10 00:11:45,055 [INFO] httpx: HTTP Request: POST https://api.telegram.org/bot8343388239:AAFgeAkc9bvjywyCsHqRIa_RiJ6q-rp6uv0/getUpdates "HTTP/1.1 200 OK"
2026-06-10 00:12:15,750 [INFO] httpx: HTTP Request: POST https://api.telegram.org/bot8343388239:AAFgeAkc9bvjywyCsHqRIa_RiJ6q-rp6uv0/getUpdates "HTTP/1.1 200 OK"
2026-06-10 00:12:26,458 [ERROR] subscription_bot.signaler: DerivSignaler connect error: No module named 'deriv'
2026-06-10 00:12:46,439 [INFO] httpx: HTTP Request: POST https://api.telegram.org/bot8343388239:AAFgeAkc9bvjywyCsHqRIa_RiJ6q-rp6uv0/getUpdates "HTTP/1.1 200 OK"
2026-06-10 00:13:17,134 [INFO] httpx: HTTP Request: POST https://api.telegram.org/bot8343388239:AAFgeAkc9bvjywyCsHqRIa_RiJ6q-rp6uv0/getUpdates "HTTP/1.1 200 OK"
2026-06-10 00:13:47,825 [INFO] httpx: HTTP Request: POST https://api.telegram.org/bot8343388239:AAFgeAkc9bvjywyCsHqRIa_RiJ6q-rp6uv0/getUpdates "HTTP/1.1 200 OK"
2026-06-10 00:13:54,193 [INFO] signals.stockity_http: Got 900 raw 1s candles for CRYPTO_IDX (Z-CRY/IDX)
2026-06-10 00:13:54,194 [INFO] signals.stockity_http: Aggregated into 16 1m candles
2026-06-10 00:13:54,194 [INFO] signals.stockity_http: Signal for CRYPTO_IDX: CALL 65% (score=65, EMA5↑EMA10; RSI0 OS; pinBot)
2026-06-10 00:14:18,525 [INFO] httpx: HTTP Request: POST https://api.telegram.org/bot8343388239:AAFgeAkc9bvjywyCsHqRIa_RiJ6q-rp6uv0/getUpdates "HTTP/1.1 200 OK"
2026-06-10 00:14:49,222 [INFO] httpx: HTTP Request: POST https://api.telegram.org/bot8343388239:AAFgeAkc9bvjywyCsHqRIa_RiJ6q-rp6uv0/getUpdates "HTTP/1.1 200 OK"
2026-06-10 00:15:19,916 [INFO] httpx: HTTP Request: POST https://api.telegram.org/bot8343388239:AAFgeAkc9bvjywyCsHqRIa_RiJ6q-rp6uv0/getUpdates "HTTP/1.1 200 OK"
2026-06-10 00:15:50,612 [INFO] httpx: HTTP Request: POST https://api.telegram.org/bot8343388239:AAFgeAkc9bvjywyCsHqRIa_RiJ6q-rp6uv0/getUpdates "HTTP/1.1 200 OK"
2026-06-10 00:16:21,310 [INFO] httpx: HTTP Request: POST https://api.telegram.org/bot8343388239:AAFgeAkc9bvjywyCsHqRIa_RiJ6q-rp6uv0/getUpdates "HTTP/1.1 200 OK"
2026-06-10 00:16:52,009 [INFO] httpx: HTTP Request: POST https://api.telegram.org/bot8343388239:AAFgeAkc9bvjywyCsHqRIa_RiJ6q-rp6uv0/getUpdates "HTTP/1.1 200 OK"
2026-06-10 00:17:22,710 [INFO] httpx: HTTP Request: POST https://api.telegram.org/bot8343388239:AAFgeAkc9bvjywyCsHqRIa_RiJ6q-rp6uv0/getUpdates "HTTP/1.1 200 OK"
2026-06-10 00:17:26,462 [ERROR] subscription_bot.signaler: DerivSignaler connect error: No module named 'deriv'
2026-06-10 00:17:53,402 [INFO] httpx: HTTP Request: POST https://api.telegram.org/bot8343388239:AAFgeAkc9bvjywyCsHqRIa_RiJ6q-rp6uv0/getUpdates "HTTP/1.1 200 OK"
2026-06-10 00:18:24,102 [INFO] httpx: HTTP Request: POST https://api.telegram.org/bot8343388239:AAFgeAkc9bvjywyCsHqRIa_RiJ6q-rp6uv0/getUpdates "HTTP/1.1 200 OK"
2026-06-10 00:18:54,795 [INFO] httpx: HTTP Request: POST https://api.telegram.org/bot8343388239:AAFgeAkc9bvjywyCsHqRIa_RiJ6q-rp6uv0/getUpdates "HTTP/1.1 200 OK"
2026-06-10 00:18:55,753 [INFO] signals.stockity_http: Got 900 raw 1s candles for CRYPTO_IDX (Z-CRY/IDX)
2026-06-10 00:18:55,753 [INFO] signals.stockity_http: Aggregated into 16 1m candles
2026-06-10 00:18:55,753 [INFO] signals.stockity_http: Signal for CRYPTO_IDX: WAIT 57% (score=57, EMA5↓EMA10; RSI0 OS; rangeBot)
2026-06-10 00:19:25,493 [INFO] httpx: HTTP Request: POST https://api.telegram.org/bot8343388239:AAFgeAkc9bvjywyCsHqRIa_RiJ6q-rp6uv0/getUpdates "HTTP/1.1 200 OK"
2026-06-10 00:19:56,191 [INFO] httpx: HTTP Request: POST https://api.telegram.org/bot8343388239:AAFgeAkc9bvjywyCsHqRIa_RiJ6q-rp6uv0/getUpdates "HTTP/1.1 200 OK"
2026-06-10 00:20:26,880 [INFO] httpx: HTTP Request: POST https://api.telegram.org/bot8343388239:AAFgeAkc9bvjywyCsHqRIa_RiJ6q-rp6uv0/getUpdates "HTTP/1.1 200 OK"
2026-06-10 00:20:57,582 [INFO] httpx: HTTP Request: POST https://api.telegram.org/bot8343388239:AAFgeAkc9bvjywyCsHqRIa_RiJ6q-rp6uv0/getUpdates "HTTP/1.1 200 OK"
2026-06-10 00:21:28,279 [INFO] httpx: HTTP Request: POST https://api.telegram.org/bot8343388239:AAFgeAkc9bvjywyCsHqRIa_RiJ6q-rp6uv0/getUpdates "HTTP/1.1 200 OK"
2026-06-10 00:21:58,969 [INFO] httpx: HTTP Request: POST https://api.telegram.org/bot8343388239:AAFgeAkc9bvjywyCsHqRIa_RiJ6q-rp6uv0/getUpdates "HTTP/1.1 200 OK"
2026-06-10 00:22:26,489 [ERROR] subscription_bot.signaler: DerivSignaler connect error: No module named 'deriv'
2026-06-10 00:22:29,668 [INFO] httpx: HTTP Request: POST https://api.telegram.org/bot8343388239:AAFgeAkc9bvjywyCsHqRIa_RiJ6q-rp6uv0/getUpdates "HTTP/1.1 200 OK"
2026-06-10 00:23:00,369 [INFO] httpx: HTTP Request: POST https://api.telegram.org/bot8343388239:AAFgeAkc9bvjywyCsHqRIa_RiJ6q-rp6uv0/getUpdates "HTTP/1.1 200 OK"
2026-06-10 00:23:31,069 [INFO] httpx: HTTP Request: POST https://api.telegram.org/bot8343388239:AAFgeAkc9bvjywyCsHqRIa_RiJ6q-rp6uv0/getUpdates "HTTP/1.1 200 OK"
2026-06-10 00:23:57,077 [INFO] signals.stockity_http: Got 900 raw 1s candles for CRYPTO_IDX (Z-CRY/IDX)
2026-06-10 00:23:57,078 [INFO] signals.stockity_http: Aggregated into 16 1m candles
2026-06-10 00:23:57,078 [INFO] signals.stockity_http: Signal for CRYPTO_IDX: WAIT 57% (score=57, EMA5↓EMA10; RSI0 OS; rangeBot)
2026-06-10 00:24:01,776 [INFO] httpx: HTTP Request: POST https://api.telegram.org/bot8343388239:AAFgeAkc9bvjywyCsHqRIa_RiJ6q-rp6uv0/getUpdates "HTTP/1.1 200 OK"
2026-06-10 00:24:32,474 [INFO] httpx: HTTP Request: POST https://api.telegram.org/bot8343388239:AAFgeAkc9bvjywyCsHqRIa_RiJ6q-rp6uv0/getUpdates "HTTP/1.1 200 OK"
2026-06-10 00:25:03,184 [INFO] httpx: HTTP Request: POST https://api.telegram.org/bot8343388239:AAFgeAkc9bvjywyCsHqRIa_RiJ6q-rp6uv0/getUpdates "HTTP/1.1 200 OK"
2026-06-10 00:25:33,873 [INFO] httpx: HTTP Request: POST https://api.telegram.org/bot8343388239:AAFgeAkc9bvjywyCsHqRIa_RiJ6q-rp6uv0/getUpdates "HTTP/1.1 200 OK"
2026-06-10 00:26:04,566 [INFO] httpx: HTTP Request: POST https://api.telegram.org/bot8343388239:AAFgeAkc9bvjywyCsHqRIa_RiJ6q-rp6uv0/getUpdates "HTTP/1.1 200 OK"
2026-06-10 00:26:35,630 [INFO] httpx: HTTP Request: POST https://api.telegram.org/bot8343388239:AAFgeAkc9bvjywyCsHqRIa_RiJ6q-rp6uv0/getUpdates "HTTP/1.1 200 OK"
2026-06-10 00:27:06,320 [INFO] httpx: HTTP Request: POST https://api.telegram.org/bot8343388239:AAFgeAkc9bvjywyCsHqRIa_RiJ6q-rp6uv0/getUpdates "HTTP/1.1 200 OK"
2026-06-10 00:27:26,510 [ERROR] subscription_bot.signaler: DerivSignaler connect error: No module named 'deriv'
2026-06-10 00:27:37,008 [INFO] httpx: HTTP Request: POST https://api.telegram.org/bot8343388239:AAFgeAkc9bvjywyCsHqRIa_RiJ6q-rp6uv0/getUpdates "HTTP/1.1 200 OK"
2026-06-10 00:28:07,696 [INFO] httpx: HTTP Request: POST https://api.telegram.org/bot8343388239:AAFgeAkc9bvjywyCsHqRIa_RiJ6q-rp6uv0/getUpdates "HTTP/1.1 200 OK"
2026-06-10 00:28:38,384 [INFO] httpx: HTTP Request: POST https://api.telegram.org/bot8343388239:AAFgeAkc9bvjywyCsHqRIa_RiJ6q-rp6uv0/getUpdates "HTTP/1.1 200 OK"
2026-06-10 00:28:59,429 [INFO] signals.stockity_http: Got 900 raw 1s candles for CRYPTO_IDX (Z-CRY/IDX)
2026-06-10 00:28:59,429 [INFO] signals.stockity_http: Aggregated into 16 1m candles
2026-06-10 00:28:59,429 [INFO] signals.stockity_http: Signal for CRYPTO_IDX: WAIT 57% (score=57, EMA5↓EMA10; RSI0 OS; rangeBot)
2026-06-10 00:29:00,043 [INFO] subscription_bot.signaler: NEW signal: USOIL PUT 68%
2026-06-10 00:29:00,822 [INFO] httpx: HTTP Request: POST https://api.telegram.org/bot8343388239:AAFgeAkc9bvjywyCsHqRIa_RiJ6q-rp6uv0/sendMessage "HTTP/1.1 200 OK"
2026-06-10 00:29:00,853 [INFO] subscription_bot.bot: Signal dispatched to 1/1 subscribers
2026-06-10 00:29:09,077 [INFO] httpx: HTTP Request: POST https://api.telegram.org/bot8343388239:AAFgeAkc9bvjywyCsHqRIa_RiJ6q-rp6uv0/getUpdates "HTTP/1.1 200 OK"
2026-06-10 00:29:39,766 [INFO] httpx: HTTP Request: POST https://api.telegram.org/bot8343388239:AAFgeAkc9bvjywyCsHqRIa_RiJ6q-rp6uv0/getUpdates "HTTP/1.1 200 OK"
2026-06-10 00:30:10,455 [INFO] httpx: HTTP Request: POST https://api.telegram.org/bot8343388239:AAFgeAkc9bvjywyCsHqRIa_RiJ6q-rp6uv0/getUpdates "HTTP/1.1 200 OK"
2026-06-10 00:30:41,146 [INFO] httpx: HTTP Request: POST https://api.telegram.org/bot8343388239:AAFgeAkc9bvjywyCsHqRIa_RiJ6q-rp6uv0/getUpdates "HTTP/1.1 200 OK"
2026-06-10 00:31:11,835 [INFO] httpx: HTTP Request: POST https://api.telegram.org/bot8343388239:AAFgeAkc9bvjywyCsHqRIa_RiJ6q-rp6uv0/getUpdates "HTTP/1.1 200 OK"
2026-06-10 00:31:42,524 [INFO] httpx: HTTP Request: POST https://api.telegram.org/bot8343388239:AAFgeAkc9bvjywyCsHqRIa_RiJ6q-rp6uv0/getUpdates "HTTP/1.1 200 OK"
2026-06-10 00:32:13,215 [INFO] httpx: HTTP Request: POST https://api.telegram.org/bot8343388239:AAFgeAkc9bvjywyCsHqRIa_RiJ6q-rp6uv0/getUpdates "HTTP/1.1 200 OK"
2026-06-10 00:32:26,522 [ERROR] subscription_bot.signaler: DerivSignaler connect error: No module named 'deriv'
2026-06-10 00:32:43,904 [INFO] httpx: HTTP Request: POST https://api.telegram.org/bot8343388239:AAFgeAkc9bvjywyCsHqRIa_RiJ6q-rp6uv0/getUpdates "HTTP/1.1 200 OK"
2026-06-10 00:33:14,594 [INFO] httpx: HTTP Request: POST https://api.telegram.org/bot8343388239:AAFgeAkc9bvjywyCsHqRIa_RiJ6q-rp6uv0/getUpdates "HTTP/1.1 200 OK"
2026-06-10 00:33:45,281 [INFO] httpx: HTTP Request: POST https://api.telegram.org/bot8343388239:AAFgeAkc9bvjywyCsHqRIa_RiJ6q-rp6uv0/getUpdates "HTTP/1.1 200 OK"
2026-06-10 00:34:01,669 [INFO] signals.stockity_http: Got 900 raw 1s candles for CRYPTO_IDX (Z-CRY/IDX)
2026-06-10 00:34:01,669 [INFO] signals.stockity_http: Aggregated into 16 1m candles
2026-06-10 00:34:01,670 [INFO] signals.stockity_http: Signal for CRYPTO_IDX: WAIT 52% (score=52, EMA5↓EMA10; RSI0 OS)
2026-06-10 00:34:15,970 [INFO] httpx: HTTP Request: POST https://api.telegram.org/bot8343388239:AAFgeAkc9bvjywyCsHqRIa_RiJ6q-rp6uv0/getUpdates "HTTP/1.1 200 OK"
2026-06-10 00:34:46,659 [INFO] httpx: HTTP Request: POST https://api.telegram.org/bot8343388239:AAFgeAkc9bvjywyCsHqRIa_RiJ6q-rp6uv0/getUpdates "HTTP/1.1 200 OK"
2026-06-10 00:35:17,350 [INFO] httpx: HTTP Request: POST https://api.telegram.org/bot8343388239:AAFgeAkc9bvjywyCsHqRIa_RiJ6q-rp6uv0/getUpdates "HTTP/1.1 200 OK"
2026-06-10 00:35:48,040 [INFO] httpx: HTTP Request: POST https://api.telegram.org/bot8343388239:AAFgeAkc9bvjywyCsHqRIa_RiJ6q-rp6uv0/getUpdates "HTTP/1.1 200 OK"
2026-06-10 00:36:18,727 [INFO] httpx: HTTP Request: POST https://api.telegram.org/bot8343388239:AAFgeAkc9bvjywyCsHqRIa_RiJ6q-rp6uv0/getUpdates "HTTP/1.1 200 OK"
2026-06-10 00:36:49,416 [INFO] httpx: HTTP Request: POST https://api.telegram.org/bot8343388239:AAFgeAkc9bvjywyCsHqRIa_RiJ6q-rp6uv0/getUpdates "HTTP/1.1 200 OK"
2026-06-10 00:37:20,105 [INFO] httpx: HTTP Request: POST https://api.telegram.org/bot8343388239:AAFgeAkc9bvjywyCsHqRIa_RiJ6q-rp6uv0/getUpdates "HTTP/1.1 200 OK"
2026-06-10 00:37:26,526 [ERROR] subscription_bot.signaler: DerivSignaler connect error: No module named 'deriv'
2026-06-10 00:37:50,793 [INFO] httpx: HTTP Request: POST https://api.telegram.org/bot8343388239:AAFgeAkc9bvjywyCsHqRIa_RiJ6q-rp6uv0/getUpdates "HTTP/1.1 200 OK"
2026-06-10 00:38:21,481 [INFO] httpx: HTTP Request: POST https://api.telegram.org/bot8343388239:AAFgeAkc9bvjywyCsHqRIa_RiJ6q-rp6uv0/getUpdates "HTTP/1.1 200 OK"
2026-06-10 00:38:52,169 [INFO] httpx: HTTP Request: POST https://api.telegram.org/bot8343388239:AAFgeAkc9bvjywyCsHqRIa_RiJ6q-rp6uv0/getUpdates "HTTP/1.1 200 OK"
2026-06-10 00:39:04,025 [INFO] signals.stockity_http: Got 900 raw 1s candles for CRYPTO_IDX (Z-CRY/IDX)
2026-06-10 00:39:04,025 [INFO] signals.stockity_http: Aggregated into 16 1m candles
2026-06-10 00:39:04,025 [INFO] signals.stockity_http: Signal for CRYPTO_IDX: WAIT 52% (score=52, EMA5↓EMA10; RSI0 OS)
2026-06-10 00:39:22,864 [INFO] httpx: HTTP Request: POST https://api.telegram.org/bot8343388239:AAFgeAkc9bvjywyCsHqRIa_RiJ6q-rp6uv0/getUpdates "HTTP/1.1 200 OK"
2026-06-10 00:39:53,561 [INFO] httpx: HTTP Request: POST https://api.telegram.org/bot8343388239:AAFgeAkc9bvjywyCsHqRIa_RiJ6q-rp6uv0/getUpdates "HTTP/1.1 200 OK"
2026-06-10 00:40:24,250 [INFO] httpx: HTTP Request: POST https://api.telegram.org/bot8343388239:AAFgeAkc9bvjywyCsHqRIa_RiJ6q-rp6uv0/getUpdates "HTTP/1.1 200 OK"
2026-06-10 00:40:54,939 [INFO] httpx: HTTP Request: POST https://api.telegram.org/bot8343388239:AAFgeAkc9bvjywyCsHqRIa_RiJ6q-rp6uv0/getUpdates "HTTP/1.1 200 OK"
2026-06-10 00:41:25,628 [INFO] httpx: HTTP Request: POST https://api.telegram.org/bot8343388239:AAFgeAkc9bvjywyCsHqRIa_RiJ6q-rp6uv0/getUpdates "HTTP/1.1 200 OK"
2026-06-10 00:41:56,319 [INFO] httpx: HTTP Request: POST https://api.telegram.org/bot8343388239:AAFgeAkc9bvjywyCsHqRIa_RiJ6q-rp6uv0/getUpdates "HTTP/1.1 200 OK"
2026-06-10 00:42:26,554 [ERROR] subscription_bot.signaler: DerivSignaler connect error: No module named 'deriv'
2026-06-10 00:42:27,007 [INFO] httpx: HTTP Request: POST https://api.telegram.org/bot8343388239:AAFgeAkc9bvjywyCsHqRIa_RiJ6q-rp6uv0/getUpdates "HTTP/1.1 200 OK"
2026-06-10 00:42:57,697 [INFO] httpx: HTTP Request: POST https://api.telegram.org/bot8343388239:AAFgeAkc9bvjywyCsHqRIa_RiJ6q-rp6uv0/getUpdates "HTTP/1.1 200 OK"
2026-06-10 00:43:28,393 [INFO] httpx: HTTP Request: POST https://api.telegram.org/bot8343388239:AAFgeAkc9bvjywyCsHqRIa_RiJ6q-rp6uv0/getUpdates "HTTP/1.1 200 OK"
2026-06-10 00:43:59,077 [INFO] httpx: HTTP Request: POST https://api.telegram.org/bot8343388239:AAFgeAkc9bvjywyCsHqRIa_RiJ6q-rp6uv0/getUpdates "HTTP/1.1 200 OK"
2026-06-10 00:44:05,721 [INFO] signals.stockity_http: Got 900 raw 1s candles for CRYPTO_IDX (Z-CRY/IDX)
2026-06-10 00:44:05,722 [INFO] signals.stockity_http: Aggregated into 16 1m candles
2026-06-10 00:44:05,722 [INFO] signals.stockity_http: Signal for CRYPTO_IDX: WAIT 52% (score=52, EMA5↓EMA10; RSI0 OS)
2026-06-10 00:44:07,459 [INFO] subscription_bot.signaler: NEW signal: USOIL CALL 68%
2026-06-10 00:44:08,259 [INFO] httpx: HTTP Request: POST https://api.telegram.org/bot8343388239:AAFgeAkc9bvjywyCsHqRIa_RiJ6q-rp6uv0/sendMessage "HTTP/1.1 200 OK"
2026-06-10 00:44:08,291 [INFO] subscription_bot.bot: Signal dispatched to 1/1 subscribers
2026-06-10 00:44:29,763 [INFO] httpx: HTTP Request: POST https://api.telegram.org/bot8343388239:AAFgeAkc9bvjywyCsHqRIa_RiJ6q-rp6uv0/getUpdates "HTTP/1.1 200 OK"
2026-06-10 00:45:00,449 [INFO] httpx: HTTP Request: POST https://api.telegram.org/bot8343388239:AAFgeAkc9bvjywyCsHqRIa_RiJ6q-rp6uv0/getUpdates "HTTP/1.1 200 OK"
2026-06-10 00:45:31,135 [INFO] httpx: HTTP Request: POST https://api.telegram.org/bot8343388239:AAFgeAkc9bvjywyCsHqRIa_RiJ6q-rp6uv0/getUpdates "HTTP/1.1 200 OK"
2026-06-10 00:46:01,822 [INFO] httpx: HTTP Request: POST https://api.telegram.org/bot8343388239:AAFgeAkc9bvjywyCsHqRIa_RiJ6q-rp6uv0/getUpdates "HTTP/1.1 200 OK"
2026-06-10 00:46:32,509 [INFO] httpx: HTTP Request: POST https://api.telegram.org/bot8343388239:AAFgeAkc9bvjywyCsHqRIa_RiJ6q-rp6uv0/getUpdates "HTTP/1.1 200 OK"
2026-06-10 00:47:03,195 [INFO] httpx: HTTP Request: POST https://api.telegram.org/bot8343388239:AAFgeAkc9bvjywyCsHqRIa_RiJ6q-rp6uv0/getUpdates "HTTP/1.1 200 OK"
2026-06-10 00:47:26,575 [ERROR] subscription_bot.signaler: DerivSignaler connect error: No module named 'deriv'
2026-06-10 00:47:33,881 [INFO] httpx: HTTP Request: POST https://api.telegram.org/bot8343388239:AAFgeAkc9bvjywyCsHqRIa_RiJ6q-rp6uv0/getUpdates "HTTP/1.1 200 OK"
2026-06-10 00:48:04,567 [INFO] httpx: HTTP Request: POST https://api.telegram.org/bot8343388239:AAFgeAkc9bvjywyCsHqRIa_RiJ6q-rp6uv0/getUpdates "HTTP/1.1 200 OK"
2026-06-10 00:48:35,254 [INFO] httpx: HTTP Request: POST https://api.telegram.org/bot8343388239:AAFgeAkc9bvjywyCsHqRIa_RiJ6q-rp6uv0/getUpdates "HTTP/1.1 200 OK"
2026-06-10 00:49:05,943 [INFO] httpx: HTTP Request: POST https://api.telegram.org/bot8343388239:AAFgeAkc9bvjywyCsHqRIa_RiJ6q-rp6uv0/getUpdates "HTTP/1.1 200 OK"
2026-06-10 00:49:09,192 [INFO] signals.stockity_http: Got 900 raw 1s candles for CRYPTO_IDX (Z-CRY/IDX)
2026-06-10 00:49:09,192 [INFO] signals.stockity_http: Aggregated into 16 1m candles
2026-06-10 00:49:09,192 [INFO] signals.stockity_http: Signal for CRYPTO_IDX: CALL 66% (score=66, EMA5↑EMA10; RSI0 OS; midHi)
2026-06-10 00:49:36,632 [INFO] httpx: HTTP Request: POST https://api.telegram.org/bot8343388239:AAFgeAkc9bvjywyCsHqRIa_RiJ6q-rp6uv0/getUpdates "HTTP/1.1 200 OK"
2026-06-10 00:50:07,320 [INFO] httpx: HTTP Request: POST https://api.telegram.org/bot8343388239:AAFgeAkc9bvjywyCsHqRIa_RiJ6q-rp6uv0/getUpdates "HTTP/1.1 200 OK"
2026-06-10 00:50:38,408 [INFO] httpx: HTTP Request: POST https://api.telegram.org/bot8343388239:AAFgeAkc9bvjywyCsHqRIa_RiJ6q-rp6uv0/getUpdates "HTTP/1.1 200 OK"
2026-06-10 00:51:09,097 [INFO] httpx: HTTP Request: POST https://api.telegram.org/bot8343388239:AAFgeAkc9bvjywyCsHqRIa_RiJ6q-rp6uv0/getUpdates "HTTP/1.1 200 OK"
2026-06-10 00:51:39,784 [INFO] httpx: HTTP Request: POST https://api.telegram.org/bot8343388239:AAFgeAkc9bvjywyCsHqRIa_RiJ6q-rp6uv0/getUpdates "HTTP/1.1 200 OK"
2026-06-10 00:52:10,470 [INFO] httpx: HTTP Request: POST https://api.telegram.org/bot8343388239:AAFgeAkc9bvjywyCsHqRIa_RiJ6q-rp6uv0/getUpdates "HTTP/1.1 200 OK"
2026-06-10 00:52:26,590 [ERROR] subscription_bot.signaler: DerivSignaler connect error: No module named 'deriv'
2026-06-10 00:52:41,158 [INFO] httpx: HTTP Request: POST https://api.telegram.org/bot8343388239:AAFgeAkc9bvjywyCsHqRIa_RiJ6q-rp6uv0/getUpdates "HTTP/1.1 200 OK"
2026-06-10 00:53:11,847 [INFO] httpx: HTTP Request: POST https://api.telegram.org/bot8343388239:AAFgeAkc9bvjywyCsHqRIa_RiJ6q-rp6uv0/getUpdates "HTTP/1.1 200 OK"
2026-06-10 00:53:42,534 [INFO] httpx: HTTP Request: POST https://api.telegram.org/bot8343388239:AAFgeAkc9bvjywyCsHqRIa_RiJ6q-rp6uv0/getUpdates "HTTP/1.1 200 OK"
2026-06-10 00:54:11,619 [INFO] signals.stockity_http: Got 900 raw 1s candles for CRYPTO_IDX (Z-CRY/IDX)
2026-06-10 00:54:11,620 [INFO] signals.stockity_http: Aggregated into 16 1m candles
2026-06-10 00:54:11,620 [INFO] signals.stockity_http: Signal for CRYPTO_IDX: CALL 66% (score=66, EMA5↑EMA10; RSI0 OS; midHi)
2026-06-10 00:54:13,234 [INFO] httpx: HTTP Request: POST https://api.telegram.org/bot8343388239:AAFgeAkc9bvjywyCsHqRIa_RiJ6q-rp6uv0/getUpdates "HTTP/1.1 200 OK"
2026-06-10 00:54:43,926 [INFO] httpx: HTTP Request: POST https://api.telegram.org/bot8343388239:AAFgeAkc9bvjywyCsHqRIa_RiJ6q-rp6uv0/getUpdates "HTTP/1.1 200 OK"
2026-06-10 00:55:14,613 [INFO] httpx: HTTP Request: POST https://api.telegram.org/bot8343388239:AAFgeAkc9bvjywyCsHqRIa_RiJ6q-rp6uv0/getUpdates "HTTP/1.1 200 OK"
2026-06-10 00:55:45,302 [INFO] httpx: HTTP Request: POST https://api.telegram.org/bot8343388239:AAFgeAkc9bvjywyCsHqRIa_RiJ6q-rp6uv0/getUpdates "HTTP/1.1 200 OK"
2026-06-10 00:56:15,992 [INFO] httpx: HTTP Request: POST https://api.telegram.org/bot8343388239:AAFgeAkc9bvjywyCsHqRIa_RiJ6q-rp6uv0/getUpdates "HTTP/1.1 200 OK"
2026-06-10 00:56:46,682 [INFO] httpx: HTTP Request: POST https://api.telegram.org/bot8343388239:AAFgeAkc9bvjywyCsHqRIa_RiJ6q-rp6uv0/getUpdates "HTTP/1.1 200 OK"
2026-06-10 00:57:17,369 [INFO] httpx: HTTP Request: POST https://api.telegram.org/bot8343388239:AAFgeAkc9bvjywyCsHqRIa_RiJ6q-rp6uv0/getUpdates "HTTP/1.1 200 OK"
2026-06-10 00:57:26,598 [ERROR] subscription_bot.signaler: DerivSignaler connect error: No module named 'deriv'
2026-06-10 00:57:48,057 [INFO] httpx: HTTP Request: POST https://api.telegram.org/bot8343388239:AAFgeAkc9bvjywyCsHqRIa_RiJ6q-rp6uv0/getUpdates "HTTP/1.1 200 OK"
2026-06-10 00:58:18,749 [INFO] httpx: HTTP Request: POST https://api.telegram.org/bot8343388239:AAFgeAkc9bvjywyCsHqRIa_RiJ6q-rp6uv0/getUpdates "HTTP/1.1 200 OK"
2026-06-10 00:58:49,436 [INFO] httpx: HTTP Request: POST https://api.telegram.org/bot8343388239:AAFgeAkc9bvjywyCsHqRIa_RiJ6q-rp6uv0/getUpdates "HTTP/1.1 200 OK"
2026-06-10 00:59:13,298 [INFO] signals.stockity_http: Got 900 raw 1s candles for CRYPTO_IDX (Z-CRY/IDX)
2026-06-10 00:59:13,298 [INFO] signals.stockity_http: Aggregated into 16 1m candles
2026-06-10 00:59:13,298 [INFO] signals.stockity_http: Signal for CRYPTO_IDX: CALL 66% (score=66, EMA5↑EMA10; RSI0 OS; midHi)
2026-06-10 00:59:20,125 [INFO] httpx: HTTP Request: POST https://api.telegram.org/bot8343388239:AAFgeAkc9bvjywyCsHqRIa_RiJ6q-rp6uv0/getUpdates "HTTP/1.1 200 OK"
2026-06-10 00:59:50,813 [INFO] httpx: HTTP Request: POST https://api.telegram.org/bot8343388239:AAFgeAkc9bvjywyCsHqRIa_RiJ6q-rp6uv0/getUpdates "HTTP/1.1 200 OK"
2026-06-10 01:00:21,501 [INFO] httpx: HTTP Request: POST https://api.telegram.org/bot8343388239:AAFgeAkc9bvjywyCsHqRIa_RiJ6q-rp6uv0/getUpdates "HTTP/1.1 200 OK"
2026-06-10 01:00:52,190 [INFO] httpx: HTTP Request: POST https://api.telegram.org/bot8343388239:AAFgeAkc9bvjywyCsHqRIa_RiJ6q-rp6uv0/getUpdates "HTTP/1.1 200 OK"
2026-06-10 01:01:22,886 [INFO] httpx: HTTP Request: POST https://api.telegram.org/bot8343388239:AAFgeAkc9bvjywyCsHqRIa_RiJ6q-rp6uv0/getUpdates "HTTP/1.1 200 OK"
2026-06-10 01:01:53,574 [INFO] httpx: HTTP Request: POST https://api.telegram.org/bot8343388239:AAFgeAkc9bvjywyCsHqRIa_RiJ6q-rp6uv0/getUpdates "HTTP/1.1 200 OK"
2026-06-10 01:02:24,261 [INFO] httpx: HTTP Request: POST https://api.telegram.org/bot8343388239:AAFgeAkc9bvjywyCsHqRIa_RiJ6q-rp6uv0/getUpdates "HTTP/1.1 200 OK"
2026-06-10 01:02:26,602 [ERROR] subscription_bot.signaler: DerivSignaler connect error: No module named 'deriv'
2026-06-10 01:02:54,949 [INFO] httpx: HTTP Request: POST https://api.telegram.org/bot8343388239:AAFgeAkc9bvjywyCsHqRIa_RiJ6q-rp6uv0/getUpdates "HTTP/1.1 200 OK"
2026-06-10 01:03:25,636 [INFO] httpx: HTTP Request: POST https://api.telegram.org/bot8343388239:AAFgeAkc9bvjywyCsHqRIa_RiJ6q-rp6uv0/getUpdates "HTTP/1.1 200 OK"
2026-06-10 01:03:56,324 [INFO] httpx: HTTP Request: POST https://api.telegram.org/bot8343388239:AAFgeAkc9bvjywyCsHqRIa_RiJ6q-rp6uv0/getUpdates "HTTP/1.1 200 OK"
2026-06-10 01:04:14,828 [INFO] signals.stockity_http: Got 900 raw 1s candles for CRYPTO_IDX (Z-CRY/IDX)
2026-06-10 01:04:14,828 [INFO] signals.stockity_http: Aggregated into 16 1m candles
2026-06-10 01:04:14,829 [INFO] signals.stockity_http: Signal for CRYPTO_IDX: WAIT 57% (score=57, EMA5↓EMA10; RSI0 OS; rangeBot)
2026-06-10 01:04:27,022 [INFO] httpx: HTTP Request: POST https://api.telegram.org/bot8343388239:AAFgeAkc9bvjywyCsHqRIa_RiJ6q-rp6uv0/getUpdates "HTTP/1.1 200 OK"
2026-06-10 01:04:57,712 [INFO] httpx: HTTP Request: POST https://api.telegram.org/bot8343388239:AAFgeAkc9bvjywyCsHqRIa_RiJ6q-rp6uv0/getUpdates "HTTP/1.1 200 OK"
2026-06-10 01:05:28,401 [INFO] httpx: HTTP Request: POST https://api.telegram.org/bot8343388239:AAFgeAkc9bvjywyCsHqRIa_RiJ6q-rp6uv0/getUpdates "HTTP/1.1 200 OK"
2026-06-10 01:05:59,091 [INFO] httpx: HTTP Request: POST https://api.telegram.org/bot8343388239:AAFgeAkc9bvjywyCsHqRIa_RiJ6q-rp6uv0/getUpdates "HTTP/1.1 200 OK"
2026-06-10 01:06:29,778 [INFO] httpx: HTTP Request: POST https://api.telegram.org/bot8343388239:AAFgeAkc9bvjywyCsHqRIa_RiJ6q-rp6uv0/getUpdates "HTTP/1.1 200 OK"
2026-06-10 01:07:00,471 [INFO] httpx: HTTP Request: POST https://api.telegram.org/bot8343388239:AAFgeAkc9bvjywyCsHqRIa_RiJ6q-rp6uv0/getUpdates "HTTP/1.1 200 OK"
2026-06-10 01:07:26,630 [ERROR] subscription_bot.signaler: DerivSignaler connect error: No module named 'deriv'
2026-06-10 01:07:31,159 [INFO] httpx: HTTP Request: POST https://api.telegram.org/bot8343388239:AAFgeAkc9bvjywyCsHqRIa_RiJ6q-rp6uv0/getUpdates "HTTP/1.1 200 OK"
2026-06-10 01:08:01,848 [INFO] httpx: HTTP Request: POST https://api.telegram.org/bot8343388239:AAFgeAkc9bvjywyCsHqRIa_RiJ6q-rp6uv0/getUpdates "HTTP/1.1 200 OK"
2026-06-10 01:08:32,535 [INFO] httpx: HTTP Request: POST https://api.telegram.org/bot8343388239:AAFgeAkc9bvjywyCsHqRIa_RiJ6q-rp6uv0/getUpdates "HTTP/1.1 200 OK"
2026-06-10 01:09:03,223 [INFO] httpx: HTTP Request: POST https://api.telegram.org/bot8343388239:AAFgeAkc9bvjywyCsHqRIa_RiJ6q-rp6uv0/getUpdates "HTTP/1.1 200 OK"
2026-06-10 01:09:16,447 [INFO] signals.stockity_http: Got 900 raw 1s candles for CRYPTO_IDX (Z-CRY/IDX)
2026-06-10 01:09:16,447 [INFO] signals.stockity_http: Aggregated into 16 1m candles
2026-06-10 01:09:16,448 [INFO] signals.stockity_http: Signal for CRYPTO_IDX: WAIT 57% (score=57, EMA5↓EMA10; RSI0 OS; rangeBot)
2026-06-10 01:09:17,361 [INFO] subscription_bot.signaler: NEW signal: XAUUSD CALL 68%
2026-06-10 01:09:18,123 [INFO] httpx: HTTP Request: POST https://api.telegram.org/bot8343388239:AAFgeAkc9bvjywyCsHqRIa_RiJ6q-rp6uv0/sendMessage "HTTP/1.1 200 OK"
2026-06-10 01:09:18,154 [INFO] subscription_bot.bot: Signal dispatched to 1/1 subscribers
2026-06-10 01:09:33,910 [INFO] httpx: HTTP Request: POST https://api.telegram.org/bot8343388239:AAFgeAkc9bvjywyCsHqRIa_RiJ6q-rp6uv0/getUpdates "HTTP/1.1 200 OK"
2026-06-10 01:10:04,603 [INFO] httpx: HTTP Request: POST https://api.telegram.org/bot8343388239:AAFgeAkc9bvjywyCsHqRIa_RiJ6q-rp6uv0/getUpdates "HTTP/1.1 200 OK"
2026-06-10 01:10:35,295 [INFO] httpx: HTTP Request: POST https://api.telegram.org/bot8343388239:AAFgeAkc9bvjywyCsHqRIa_RiJ6q-rp6uv0/getUpdates "HTTP/1.1 200 OK"
2026-06-10 01:11:05,985 [INFO] httpx: HTTP Request: POST https://api.telegram.org/bot8343388239:AAFgeAkc9bvjywyCsHqRIa_RiJ6q-rp6uv0/getUpdates "HTTP/1.1 200 OK"
2026-06-10 01:11:36,673 [INFO] httpx: HTTP Request: POST https://api.telegram.org/bot8343388239:AAFgeAkc9bvjywyCsHqRIa_RiJ6q-rp6uv0/getUpdates "HTTP/1.1 200 OK"
2026-06-10 01:12:07,365 [INFO] httpx: HTTP Request: POST https://api.telegram.org/bot8343388239:AAFgeAkc9bvjywyCsHqRIa_RiJ6q-rp6uv0/getUpdates "HTTP/1.1 200 OK"
2026-06-10 01:12:26,646 [ERROR] subscription_bot.signaler: DerivSignaler connect error: No module named 'deriv'
2026-06-10 01:12:38,058 [INFO] httpx: HTTP Request: POST https://api.telegram.org/bot8343388239:AAFgeAkc9bvjywyCsHqRIa_RiJ6q-rp6uv0/getUpdates "HTTP/1.1 200 OK"
2026-06-10 01:13:08,748 [INFO] httpx: HTTP Request: POST https://api.telegram.org/bot8343388239:AAFgeAkc9bvjywyCsHqRIa_RiJ6q-rp6uv0/getUpdates "HTTP/1.1 200 OK"
2026-06-10 01:13:39,443 [INFO] httpx: HTTP Request: POST https://api.telegram.org/bot8343388239:AAFgeAkc9bvjywyCsHqRIa_RiJ6q-rp6uv0/getUpdates "HTTP/1.1 200 OK"
2026-06-10 01:14:10,132 [INFO] httpx: HTTP Request: POST https://api.telegram.org/bot8343388239:AAFgeAkc9bvjywyCsHqRIa_RiJ6q-rp6uv0/getUpdates "HTTP/1.1 200 OK"
2026-06-10 01:14:19,017 [INFO] signals.stockity_http: Got 900 raw 1s candles for CRYPTO_IDX (Z-CRY/IDX)
2026-06-10 01:14:19,018 [INFO] signals.stockity_http: Aggregated into 16 1m candles
2026-06-10 01:14:19,018 [INFO] signals.stockity_http: Signal for CRYPTO_IDX: WAIT 57% (score=57, EMA5↓EMA10; RSI0 OS; rangeBot)
2026-06-10 01:14:20,379 [INFO] subscription_bot.signaler: NEW signal: EURUSD CALL 68%
2026-06-10 01:14:21,191 [INFO] httpx: HTTP Request: POST https://api.telegram.org/bot8343388239:AAFgeAkc9bvjywyCsHqRIa_RiJ6q-rp6uv0/sendMessage "HTTP/1.1 200 OK"
2026-06-10 01:14:21,223 [INFO] subscription_bot.bot: Signal dispatched to 1/1 subscribers
2026-06-10 01:14:40,826 [INFO] httpx: HTTP Request: POST https://api.telegram.org/bot8343388239:AAFgeAkc9bvjywyCsHqRIa_RiJ6q-rp6uv0/getUpdates "HTTP/1.1 200 OK"
2026-06-10 01:15:11,516 [INFO] httpx: HTTP Request: POST https://api.telegram.org/bot8343388239:AAFgeAkc9bvjywyCsHqRIa_RiJ6q-rp6uv0/getUpdates "HTTP/1.1 200 OK"
2026-06-10 01:15:42,206 [INFO] httpx: HTTP Request: POST https://api.telegram.org/bot8343388239:AAFgeAkc9bvjywyCsHqRIa_RiJ6q-rp6uv0/getUpdates "HTTP/1.1 200 OK"
